customer_id,churn_probability,customer_lifetime_value,days_since_last_purchase,return_rate,avg_review_rating,favorite_category
100166,0.604980197854173,55023.69800569801,65.0,0.0,3.5,Electronics
105836,0.6038183580780812,51085.206241033,15.0,0.0952380952380952,4.1692307692307695,Electronics
105271,0.6281456406420624,43506.3409090909,19.0,0.0909090909090909,3.65,Electronics
101719,0.6706423358126169,40520.96872946331,155.0,0.125,4.026315789473684,Electronics
103758,0.6171174946428547,39572.30686046512,5.0,0.3076923076923077,4.14,Electronics
100244,0.6411071129479806,38881.76935028248,87.0,0.125,3.6833333333333336,Electronics
100914,0.7096825178041892,36204.03050397878,140.0,0.125,2.9799999999999995,Electronics
100175,0.6131775742444158,35640.74883913765,50.0,0.1818181818181818,3.914285714285714,Electronics
100227,0.6997657962140561,35279.52848484848,114.0,0.2,3.3833333333333333,Electronics
101576,0.6304367459601562,33562.112865497074,76.0,0.0,3.825,Electronics
100184,0.6778204938293659,33247.510186199346,259.0,0.1153846153846153,4.370588235294117,Electronics
102452,0.6204175688794656,32545.21097694841,100.0,0.0952380952380952,3.263636363636364,Electronics
101437,0.6656254306614499,32410.384680851064,307.0,0.0476190476190476,3.675,Electronics
104466,0.6796283556458096,32206.60984042553,53.0,0.2857142857142857,3.375,Toys & Games
105183,0.704535836516935,32162.69196428572,24.0,0.0625,3.38,Electronics
100684,0.6974900854689647,31373.748904709744,97.0,0.0434782608695652,3.85,Electronics
100655,0.7089462530055445,31309.974436090222,118.0,0.125,3.466666666666667,Home & Kitchen
101895,0.6332465539198142,31220.40352112676,129.0,0.1111111111111111,3.892857142857143,Electronics
104312,0.6621693299739058,31093.21082802548,48.0,0.2857142857142857,3.922222222222222,Electronics
102745,0.6299733410951981,30486.14030023095,3.0,0.2307692307692307,3.8,Electronics
101257,0.664609282151799,30234.79557165861,0.0,0.1875,4.025,Electronics
100911,0.6355565648150597,29471.91141439206,102.0,0.3,3.15,Electronics
101685,0.6165004881926126,29238.60888888889,101.0,0.0,3.2,Electronics
104267,0.6033039250079711,28952.169345238093,75.0,0.0,3.35,Electronics
100990,0.6830154071692535,28232.984110787173,97.0,0.2857142857142857,3.0,Electronics
103799,0.6414582570011915,28115.03031496063,75.0,0.0769230769230769,3.641666666666667,Electronics
103551,0.6930155158013294,27940.63406352683,27.0,0.0869565217391304,3.85,Electronics
103901,0.6329292807175264,27482.671973466007,204.0,0.4166666666666667,3.8,Electronics
103705,0.6483093134433565,27272.09638554217,88.0,0.1428571428571428,3.4909090909090907,Electronics
105982,0.7069876118448348,26769.947535596937,87.0,0.1818181818181818,3.769230769230769,Electronics
104578,0.6457904938911512,26603.262869660462,70.0,0.0454545454545454,4.388888888888889,Electronics
104931,0.7073461295110863,26442.181400437632,51.0,0.2857142857142857,2.62,Electronics
100186,0.7256707675152814,25822.54847856155,340.0,0.1,3.4250000000000003,Electronics
102091,0.6347520087992912,25518.385384615383,81.0,0.1111111111111111,4.483333333333333,Electronics
104897,0.7669823267958213,25351.81659364732,245.0,0.1304347826086956,3.74375,Electronics
101390,0.7008606546833497,25285.19695121951,88.0,0.2222222222222222,3.233333333333333,Electronics
100270,0.613523428564764,25224.05162037037,118.0,0.2222222222222222,3.857142857142857,Fashion
100146,0.6537704427882276,24751.80195035461,42.0,0.4,3.733333333333333,Home & Kitchen
105451,0.6981201744402753,24424.81543134873,198.0,0.125,4.111111111111111,Electronics
104248,0.6487128738178087,24335.99413043478,121.0,0.1666666666666666,4.116666666666666,Fashion
100997,0.6717081753802892,24201.243044906903,48.0,0.1052631578947368,3.744444444444445,Electronics
105533,0.7038720809773824,24190.201095290253,152.0,0.0833333333333333,4.05625,Electronics
101234,0.6024738119131772,24094.15551643193,29.0,0.1111111111111111,3.26,Electronics
100312,0.6628134625079285,23926.52424242424,24.0,0.5,2.2333333333333334,Electronics
100834,0.6030780908134088,23505.023837209304,57.0,0.0,5.0,Electronics
102863,0.6913696177929212,23333.37797202797,32.0,0.1739130434782608,3.64,Fashion
104504,0.6076208633201765,23295.712903225805,78.0,0.4,4.45,Fashion
104507,0.6797909894990147,23283.40639044944,39.0,0.1111111111111111,3.9166666666666665,Electronics
102334,0.7621991421707561,22781.63344051447,113.0,0.4444444444444444,3.05,Electronics
102325,0.6615546968078312,22663.89439528024,2.0,0.1666666666666666,3.3,Electronics
103284,0.6472031984584393,22422.54816053512,6.0,0.1428571428571428,3.4,Sports & Outdoors
105419,0.7525608473950673,22313.15137254902,39.0,0.2222222222222222,2.875,Electronics
103015,0.7562710742754026,21990.17925445705,52.0,0.2,3.442857142857143,Electronics
104090,0.6030770069132175,21842.066125541125,60.0,0.125,4.475,Electronics
101279,0.7041795570923824,21735.57374245473,195.0,0.125,3.94,Electronics
100619,0.6523440637885025,21586.179882154884,402.0,0.0,3.6333333333333337,Electronics
105810,0.6560259398584889,21454.913658536585,58.0,0.0,2.7,Electronics
105313,0.7291175324640448,21397.696381093057,306.0,0.1538461538461538,4.516666666666667,Electronics
102705,0.7007609713242917,21374.667183622827,17.0,0.0666666666666666,2.7142857142857144,Electronics
105327,0.7180164444507021,21340.587727272727,70.0,0.0,3.125,Electronics
105348,0.6514703374123633,21197.12365269461,61.0,0.0909090909090909,4.525,Electronics
104389,0.6922503276948017,21027.007164179107,65.0,0.1333333333333333,3.7,Home & Kitchen
104196,0.6220425982107561,20835.683187294635,19.0,0.3,4.292857142857143,Electronics
104664,0.6553317441040588,20741.141357234315,4.0,0.0,3.4571428571428577,Electronics
103666,0.6483478057223239,20504.774178832115,173.0,0.0769230769230769,4.314285714285714,Electronics
101326,0.7401941249652922,20427.84620811288,284.0,0.1428571428571428,3.1,Electronics
103394,0.6222182495825552,20385.99045346062,53.0,0.2222222222222222,4.166666666666667,Electronics
103532,0.6063286765131057,20313.37150837989,122.0,0.0,4.45,Electronics
101044,0.7462373706998021,20267.75438116101,88.0,0.3571428571428571,3.477777777777778,Electronics
101449,0.6161051175971453,20227.994240837696,33.0,0.125,3.3,Fashion
101700,0.6496450285341748,19986.498151750973,71.0,0.1,3.333333333333333,Electronics
100286,0.6868822016561414,19902.88146417445,153.0,0.0,3.5,Electronics
103965,0.7189328031936775,19896.93040089087,21.0,0.2,3.2875,Electronics
105426,0.605141240588903,19785.72721417069,33.0,0.125,4.109090909090909,Electronics
102832,0.6103052341687877,19696.536186770427,5.0,0.25,3.8,Electronics
103289,0.7349730491780714,19679.478834355832,184.0,0.25,2.75,Electronics
102316,0.6262108169182277,19542.00836820084,120.0,0.0,3.5,Electronics
100430,0.647057400841075,18959.63251655629,57.0,0.0,3.433333333333333,Electronics
105828,0.6043098909204463,18883.99482071713,80.0,0.0,3.2,Sports & Outdoors
102521,0.6711532649748342,18829.025088967974,3.0,0.0,3.5250000000000004,Toys & Games
103123,0.6546359114524404,18795.143804034586,30.0,0.1666666666666666,3.516666666666667,Sports & Outdoors
104144,0.7211296055990115,18775.3121577218,278.0,0.0434782608695652,4.083333333333333,Home & Kitchen
100342,0.6753563442097402,18733.762924424973,330.0,0.0666666666666666,3.9333333333333336,Electronics
105707,0.7307339298405797,18721.96149312377,83.0,0.3125,3.2875,Sports & Outdoors
101776,0.6758830382836623,18716.5643483023,48.0,0.1666666666666666,3.1666666666666665,Electronics
105154,0.72912424330743,18525.233187294634,4.0,0.2,3.4285714285714284,Electronics
102191,0.6636985975517377,18502.050074074075,157.0,0.0,4.077777777777778,Sports & Outdoors
100304,0.6601208016787623,18461.91987951807,220.0,0.1,4.222222222222222,Electronics
103274,0.7079325174197288,18411.83893510816,176.0,0.1428571428571428,4.025,Electronics
101128,0.627997716688197,18362.594304490693,21.0,0.1176470588235294,3.8333333333333335,Fashion
102110,0.6099444659590862,18290.40259515571,153.0,0.0,3.8333333333333335,Electronics
100905,0.6691188518825852,18286.90969387755,95.0,0.1904761904761904,3.858333333333333,Fashion
102846,0.6303333848408452,18197.288828337874,314.0,0.3076923076923077,3.857142857142857,Electronics
100315,0.6998422673548539,18083.736206896552,160.0,0.0588235294117647,3.963636363636364,Home & Kitchen
105040,0.6907822796180849,18073.794341943416,194.0,0.0689655172413793,3.5500000000000003,Home & Kitchen
102291,0.7421084162706935,17860.90255102041,88.0,0.375,3.2166666666666663,Electronics
102637,0.636440945493415,17853.187745098036,60.0,0.2,4.125,Home & Kitchen
100037,0.7478541107877723,17803.299591836734,114.0,0.1666666666666666,3.1,Electronics
101278,0.7444638466765493,17724.817938931297,154.0,0.0869565217391304,3.815384615384616,Home & Kitchen
103327,0.6207613551271328,17685.853979238753,78.0,0.0909090909090909,3.8875,Fashion
105008,0.6499758665273775,17665.374285714286,78.0,0.0,4.033333333333334,Electronics
102169,0.7074056360181983,17609.124542682926,154.0,0.3333333333333333,3.5,Fashion
103893,0.6741864231539964,17318.197354948803,123.0,0.0,3.5666666666666664,Electronics
101572,0.6116392961318121,17294.471682098767,26.0,0.2,3.34,Electronics
100409,0.6339615127713515,17065.69350649351,83.0,0.0,3.966666666666667,Fashion
100705,0.6454247285699867,17060.131982475355,116.0,0.0,3.5200000000000005,Electronics
105910,0.6751330637508596,17028.551451800235,86.0,0.0869565217391304,3.745454545454545,Home & Kitchen
100648,0.6512717669952736,17013.472890733057,189.0,0.0434782608695652,4.357142857142857,Sports & Outdoors
100259,0.81375093147158,16892.593318965515,106.0,0.125,3.15,Electronics
101745,0.6027172128491224,16890.49602122016,3.0,0.0,2.9714285714285715,Home & Kitchen
105645,0.6764229430194675,16726.585217391304,156.0,0.3333333333333333,4.1000000000000005,Electronics
100068,0.6677858667034543,16712.79430449069,377.0,0.1428571428571428,3.8125,Electronics
100155,0.7027201991489066,16620.18037037037,130.0,0.25,3.1,Electronics
100926,0.712680623294804,16617.136682242988,36.0,0.1,3.333333333333333,Home & Kitchen
101880,0.6698924579155825,16556.431465517242,118.0,0.5,3.55,Electronics
101965,0.644943489719318,16545.76952861953,13.0,0.0,2.2,Electronics
103111,0.6556539063470095,16443.353943044905,48.0,0.125,3.864705882352941,Fashion
101247,0.6115464630747425,16408.796393442623,4.0,0.1,3.6,Grocery
104099,0.6647601549611173,16384.030449069003,3.0,0.2105263157894736,4.133333333333334,Home & Kitchen
101227,0.7079501573104277,16342.566777777776,75.0,0.0,3.62,Sports & Outdoors
101996,0.6092640886364314,16316.417277486911,1.0,0.2,3.3,Home & Kitchen
104465,0.7969227554299562,16287.758562992123,149.0,0.1666666666666666,3.71,Beauty & Personal Care
105789,0.7048325079892295,16263.593985637342,133.0,0.0,4.7,Electronics
104020,0.8139747441178183,16209.83832923833,122.0,0.125,3.1333333333333333,Electronics
104799,0.6006306288362803,16122.912727272727,85.0,0.0,3.3,Electronics
101261,0.6767113668522388,16062.390690032857,150.0,0.0714285714285714,3.907692307692308,Home & Kitchen
101960,0.6594944317217866,16030.952879581151,152.0,0.2727272727272727,4.16,Home & Kitchen
101013,0.6520028539079175,16030.199085365855,112.0,0.0,3.6,Fashion
102215,0.6883636908542168,16007.433482142858,40.0,0.0714285714285714,3.65,Home & Kitchen
102916,0.6861191614460661,15961.468091697649,66.0,0.1153846153846153,3.50625,Home & Kitchen
105891,0.6509337453274746,15906.791949616649,72.0,0.1538461538461538,3.91875,Fashion
102442,0.6834650110228767,15833.473520923522,101.0,0.0869565217391304,3.7714285714285714,Fashion
101690,0.6633787049829958,15771.803831417626,89.0,0.6666666666666666,2.8,Electronics
105069,0.6501299810429972,15746.054374999998,79.0,0.0909090909090909,3.4000000000000004,Home & Kitchen
105674,0.6032702658938974,15737.583333333336,0.0,0.1428571428571428,3.625,Electronics
100549,0.7049923350591757,15644.400980392156,37.0,0.0,3.6,Fashion
105197,0.6916486007912898,15597.326304801669,153.0,0.0769230769230769,3.675,Sports & Outdoors
101778,0.6795906880942941,15507.750602409638,68.0,0.0833333333333333,3.7176470588235295,Home & Kitchen
104967,0.6789273889661289,15446.304825174826,20.0,0.0666666666666666,4.15,Electronics
100427,0.6603993885388175,15441.7147864184,38.0,0.1363636363636363,4.258333333333334,Home & Kitchen
105872,0.6869060033791676,15408.812814895948,171.0,0.1666666666666666,4.064705882352941,Home & Kitchen
101966,0.6247708899547159,15380.91282051282,4.0,0.3333333333333333,3.1333333333333333,Sports & Outdoors
102160,0.6452137948963264,15222.69708737864,31.0,0.0,3.5875,Books
100524,0.633676117308324,15197.890277777777,112.0,0.3333333333333333,3.95,Electronics
103682,0.6312983974651715,15175.698416886544,16.0,0.0,3.242857142857143,Home & Kitchen
103892,0.6197748932156175,15123.38921139102,131.0,0.032258064516129,4.322727272727272,Sports & Outdoors
100455,0.6747359861856219,14972.991196013289,52.0,0.0,3.7,Fashion
102185,0.6564338314984499,14952.812885154062,111.0,0.0,3.825,Beauty & Personal Care
102859,0.8398110617853984,14915.977071823205,210.0,0.125,2.85,Electronics
100055,0.6849641391434566,14852.319801980197,88.0,0.0,3.675,Sports & Outdoors
104096,0.6339438598059901,14833.060211267604,23.0,0.0,3.65,Fashion
101926,0.7853555263637564,14830.385761226724,67.0,0.1818181818181818,3.333333333333333,Electronics
102362,0.726980439391125,14811.070287539937,129.0,0.0,3.4,Home & Kitchen
105788,0.6816610505552254,14784.830722891567,192.0,0.0,3.65,Electronics
103315,0.7403264047306396,14776.207447973711,157.0,0.1923076923076923,3.8,Sports & Outdoors
103090,0.6813220238139089,14767.908628841607,19.0,0.2,3.9333333333333336,Electronics
104543,0.67554744024647,14703.810841836734,56.0,0.1666666666666666,4.086666666666667,Toys & Games
101561,0.6825870150426231,14696.167139737989,161.0,0.0769230769230769,4.3100000000000005,Sports & Outdoors
101634,0.6303995501939282,14640.261925042589,125.0,0.0,3.733333333333333,Sports & Outdoors
100875,0.727347676450394,14545.038539042822,14.0,0.0,2.65,Electronics
102806,0.6096497102877128,14534.772620904836,99.0,0.0,4.322222222222222,Fashion
105725,0.6459918188900268,14472.594990548205,108.0,0.0,4.133333333333334,Home & Kitchen
101471,0.7129618234220232,14430.137075575029,133.0,0.0714285714285714,4.00625,Home & Kitchen
103415,0.7473211211907466,14402.96924119241,150.0,0.25,3.6,Electronics
100698,0.7573616325912105,14393.124044585988,38.0,0.0,3.366666666666667,Fashion
104027,0.6383194387578518,14392.79987745098,303.0,0.05,4.0285714285714285,Home & Kitchen
102018,0.6852565157941995,14369.929537953796,23.0,0.0,3.28,Toys & Games
100981,0.7787072014754355,14366.622401433691,278.0,0.25,2.2,Electronics
100260,0.6485415888017683,14365.12421630094,72.0,0.05,3.4200000000000004,Sports & Outdoors
100343,0.608257490358486,14279.98837209302,64.0,0.2631578947368421,4.0,Fashion
105360,0.640723617549786,14165.95493670886,174.0,0.0,4.4,Home & Kitchen
105290,0.6481033298210497,14162.351745810054,33.0,0.0,4.55,Electronics
101630,0.6524110525905307,14160.99591078067,25.0,0.125,4.575,Electronics
103592,0.6609432239914441,14138.80846153846,13.0,0.2,3.25,Electronics
104211,0.6392537398032246,14121.5237006237,30.0,0.0,3.65,Fashion
104963,0.8125422145649084,13995.503846153844,252.0,0.0,3.6818181818181817,Home & Kitchen
102204,0.6813526713277609,13954.366408450704,57.0,0.15,4.172727272727273,Home & Kitchen
101250,0.6698827752932298,13942.384714285714,106.0,0.0,4.25,Home & Kitchen
102873,0.7609008242985279,13772.081203007518,37.0,0.1428571428571428,3.3,Fashion
103582,0.7339517458991152,13760.943130990414,52.0,0.0,3.6,Home & Kitchen
101908,0.703780461951646,13759.53947368421,14.0,0.1111111111111111,3.2857142857142856,Home & Kitchen
104231,0.7324537944513856,13748.244525547449,37.0,0.1111111111111111,3.4200000000000004,Fashion
105282,0.70072908646177,13742.058425414363,221.0,0.0,4.2,Electronics
103002,0.6253033528793507,13630.478777472526,100.0,0.0714285714285714,3.7285714285714286,Home & Kitchen
102488,0.6974222508050469,13611.215000000002,54.0,0.0,3.7,Home & Kitchen
102294,0.6888690437342849,13607.860905349791,113.0,0.1666666666666666,3.775,Beauty & Personal Care
102983,0.6460219425279622,13509.593769470406,130.0,0.0,4.1375,Fashion
102695,0.6373812305417259,13508.035643564355,45.0,0.0,3.6,Fashion
100246,0.6353187177556966,13498.077586206897,51.0,0.0,2.7,Fashion
105723,0.6066549169373242,13490.829411764706,131.0,0.1111111111111111,4.3,Home & Kitchen
100488,0.8128536875338327,13386.383075221238,127.0,0.3,3.325,Fashion
104323,0.622200719094681,13331.127272727274,8.0,0.1538461538461538,4.342857142857143,Electronics
100018,0.7247224832971859,13297.318796433878,46.0,0.1176470588235294,3.4,Sports & Outdoors
102409,0.6602503034023713,13262.181051478645,113.0,0.0416666666666666,4.016666666666667,Home & Kitchen
100659,0.661031648994704,13158.998535156252,43.0,0.0,4.037037037037037,Electronics
105841,0.7318787536656463,13123.19786223278,37.0,0.0,3.7,Electronics
105491,0.7858987305840975,13058.87701317716,19.0,0.0,2.8,Electronics
105105,0.6808374506620899,13045.413246268658,203.0,0.3333333333333333,3.5,Electronics
100266,0.6005529476928914,13025.1623655914,60.0,0.1666666666666666,4.38,Fashion
100682,0.6558611053471501,13018.516415868677,128.0,0.0476190476190476,3.836363636363637,Sports & Outdoors
101146,0.7777637156826843,12986.8639101862,295.0,0.0,3.642857142857143,Electronics
101269,0.6749194139351603,12976.61752464403,174.0,0.05,4.3625,Fashion
101198,0.6528201772603944,12968.513964950713,25.0,0.0714285714285714,4.083333333333333,Electronics
102892,0.7046199317135847,12965.275114854516,22.0,0.0769230769230769,3.542857142857143,Home & Kitchen
105738,0.7553814454415446,12944.79948979592,47.0,0.0666666666666666,2.936363636363636,Sports & Outdoors
103668,0.632072027895319,12908.099344262297,92.0,0.0,4.442857142857143,Home & Kitchen
103782,0.7253440640713171,12838.460675675677,107.0,0.1,3.575,Fashion
100176,0.6833212790003367,12786.761555312158,60.0,0.0416666666666666,3.9909090909090894,Toys & Games
100956,0.8191412767423913,12761.083008982036,157.0,0.1578947368421052,3.6714285714285713,Fashion
104721,0.7041295324600639,12726.634603174603,15.0,0.3333333333333333,2.8,Electronics
102230,0.7925786280015228,12697.364233576644,112.0,0.1428571428571428,2.94,Fashion
103531,0.6645248136921924,12691.6856516977,38.0,0.0333333333333333,3.5421052631578944,Home & Kitchen
104293,0.6046202862148669,12689.527935222672,12.0,0.0555555555555555,3.85,Home & Kitchen
101448,0.8241806681837356,12673.388189845473,204.0,0.2,3.6666666666666665,Electronics
103996,0.6803554058770662,12663.801918465228,40.0,0.0,3.325,Home & Kitchen
105580,0.6802958871111146,12655.762022900764,5.0,0.25,3.325,Electronics
104789,0.8198618952359789,12633.974336283183,186.0,0.0909090909090909,3.3714285714285714,Toys & Games
101127,0.6935677736221996,12600.993925233644,40.0,0.0,3.357142857142857,Books
103173,0.6680013132469128,12590.892880613364,365.0,0.2083333333333333,4.314285714285714,Sports & Outdoors
101870,0.6534197506397916,12590.830065359478,39.0,0.0625,3.988888888888889,Home & Kitchen
100695,0.7451407707136984,12550.61495071194,168.0,0.0,3.483333333333333,Electronics
104786,0.7326532219072659,12530.43095652174,49.0,0.0,3.6125,Toys & Games
102684,0.6235429880212,12465.204671280277,66.0,0.0,3.7,Toys & Games
103881,0.6032382819000934,12458.358976833975,20.0,0.1428571428571428,4.0600000000000005,Fashion
101538,0.7586768645914319,12435.453369434415,163.0,0.0,3.652941176470588,Beauty & Personal Care
105752,0.7158067949672346,12416.842066420664,80.0,0.0909090909090909,4.3,Home & Kitchen
103828,0.7231634899239009,12363.533054123707,125.0,0.0952380952380952,4.477777777777778,Fashion
102674,0.6093032399257816,12359.747535596936,131.0,0.0434782608695652,4.333333333333333,Fashion
102767,0.7861316997598636,12339.30754237288,185.0,0.0769230769230769,4.4,Grocery
102740,0.749219845900592,12292.095105421688,87.0,0.2857142857142857,4.014285714285714,Fashion
100561,0.8020310565939927,12192.395588235291,174.0,0.5,2.3,Electronics
101499,0.6191293698133443,12189.112068965518,8.0,0.0,3.875,Home & Kitchen
103131,0.802866568160216,12173.858860759494,78.0,0.1,3.7,Home & Kitchen
104044,0.6795321079541351,12122.01324940048,83.0,0.0666666666666666,3.983333333333333,Home & Kitchen
104705,0.6185771238081571,12121.7125,38.0,0.1071428571428571,4.164705882352941,Fashion
103209,0.63563148460293,12119.7109375,41.0,0.0,3.6666666666666665,Home & Kitchen
100697,0.7796084806934003,12044.104490690032,112.0,0.125,3.815384615384616,Fashion
105474,0.7759938796225719,12038.71282722513,115.0,0.1111111111111111,3.7,Home & Kitchen
102756,0.607250398825753,12021.56867816092,1.0,0.0,3.35,Toys & Games
103205,0.620819073905525,12019.333355525963,86.0,0.0,3.9,Sports & Outdoors
102889,0.7258157942223125,11992.06900328587,77.0,0.0625,3.88,Home & Kitchen
101316,0.6304053011417268,11978.575793650794,14.0,0.0,3.7,Toys & Games
104454,0.8203283863492401,11952.790028901736,135.0,0.2,3.2,Fashion
105132,0.6449245845668103,11893.11318289786,44.0,0.1,3.88,Beauty & Personal Care
101010,0.7294468741846368,11856.5670411985,295.0,0.0869565217391304,3.62,Sports & Outdoors
105771,0.6828094454900385,11850.463622047244,58.0,0.0434782608695652,3.7,Fashion
100510,0.6879234134528908,11800.207289002556,47.0,0.2,3.7,Fashion
102813,0.7084780617242081,11797.540034364263,157.0,0.0,3.475,Home & Kitchen
100642,0.6826259078721064,11793.536409155937,44.0,0.1538461538461538,4.220000000000001,Fashion
105055,0.7133124422807201,11741.124041297937,22.0,0.1428571428571428,3.0,Sports & Outdoors
102620,0.8048895430647868,11682.465183246071,90.0,0.1666666666666666,2.9,Electronics
100132,0.6208110282528506,11667.433114035088,31.0,0.0,2.6,Home & Kitchen
104404,0.6796964661413157,11632.249725776965,126.0,0.125,4.241666666666666,Toys & Games
105044,0.739554061992,11617.95975935829,80.0,0.0,3.5666666666666664,Electronics
100344,0.6326247151921757,11580.338011283498,12.0,0.0555555555555555,4.1,Fashion
104844,0.738442664489378,11559.753888280396,214.0,0.0,4.269230769230769,Home & Kitchen
101251,0.7792359584382537,11528.380637544276,237.0,0.0833333333333333,4.038461538461538,Fashion
104669,0.6236741070714895,11504.724920886074,56.0,0.1333333333333333,3.716666666666667,Home & Kitchen
101865,0.8620825081493251,11488.543461538462,118.0,0.1111111111111111,2.983333333333333,Home & Kitchen
102595,0.734178829513796,11475.676041666668,168.0,0.0,3.8857142857142857,Home & Kitchen
104415,0.7196103730022068,11472.129901423878,89.0,0.0,4.0181818181818185,Electronics
105349,0.6148459246337065,11449.412519319938,105.0,0.1,4.14,Sports & Outdoors
100091,0.6664164097381279,11446.906754221389,36.0,0.0625,3.4125,Toys & Games
102733,0.6868860662558347,11446.581463068183,3.0,0.0714285714285714,4.0,Home & Kitchen
105859,0.6510601806371906,11436.233570646222,27.0,0.05,4.216666666666667,Home & Kitchen
100802,0.7290269272876584,11426.74566724437,66.0,0.0588235294117647,3.71,Grocery
100818,0.7406470650173859,11414.99251497006,51.0,0.1111111111111111,3.014285714285714,Fashion
103134,0.6743792382443814,11406.48878504673,78.0,0.0,3.5666666666666664,Fashion
102658,0.8034728527107042,11375.086623748211,70.0,0.1875,2.47,Fashion
105692,0.6184349455138274,11364.548849945237,39.0,0.04,3.883333333333333,Beauty & Personal Care
104456,0.6983180554326257,11349.675,72.0,0.125,3.683333333333333,Fashion
104316,0.8532212776037928,11262.532749178534,198.0,0.0,3.242857142857143,Home & Kitchen
104246,0.7051095825508185,11258.05498281787,31.0,0.1428571428571428,3.675,Grocery
101853,0.6113275660836878,11257.816666666666,87.0,0.0,4.9,Sports & Outdoors
105029,0.7297931407498696,11254.661062431544,101.0,0.0909090909090909,3.9866666666666655,Fashion
104080,0.7384489528430668,11253.276865671642,88.0,0.1428571428571428,3.4,Electronics
100285,0.6192673059050725,11245.98535286285,114.0,0.2,4.0375000000000005,Beauty & Personal Care
102945,0.7649648109802003,11225.136006051438,109.0,0.0588235294117647,3.585714285714286,Grocery
103140,0.639479826075632,11199.584060402683,92.0,0.0,4.233333333333333,Home & Kitchen
101743,0.7744549997700831,11178.943353174604,40.0,0.1111111111111111,3.583333333333333,Sports & Outdoors
101550,0.6577914950159746,11117.581404174573,43.0,0.0714285714285714,4.0200000000000005,Sports & Outdoors
101206,0.7025791441710244,11103.21725440806,130.0,0.0666666666666666,3.65,Toys & Games
100596,0.7195594952850413,11088.89448574969,99.0,0.0476190476190476,4.25,Fashion
101919,0.6379094856947104,11088.83482849604,62.0,0.2,3.7,Electronics
105706,0.6191969566735892,11072.30396825397,3.0,0.0769230769230769,4.62,Beauty & Personal Care
103634,0.621616024424003,11069.38997005988,55.0,0.0,4.3,Home & Kitchen
104739,0.8228206727259074,11065.284905660375,155.0,0.0,3.357142857142857,Home & Kitchen
102086,0.6017216567233674,11062.562499999998,109.0,0.0,4.125,Fashion
101240,0.6535107196523872,11044.772070098576,63.0,0.0333333333333333,3.655555555555555,Grocery
105843,0.6695056555160511,11025.249418604652,66.0,0.0,4.166666666666667,Toys & Games
102225,0.7739313034450623,10969.958510638298,84.0,0.1111111111111111,2.74,Home & Kitchen
105708,0.7805828910386484,10944.352957486137,101.0,0.3076923076923077,3.1166666666666667,Fashion
104505,0.7583718334374907,10927.85763612218,129.0,0.0555555555555555,4.36,Beauty & Personal Care
105178,0.7339343218183043,10923.743833131804,76.0,0.1176470588235294,4.066666666666666,Home & Kitchen
104350,0.624448175017319,10913.676612903226,131.0,0.0833333333333333,3.0,Beauty & Personal Care
102062,0.8090426401008034,10865.154490690033,164.0,0.0,3.2375,Electronics
105915,0.7739615418024032,10861.948247535596,34.0,0.0,3.0,Electronics
104905,0.6752437646042198,10857.738118811882,30.0,0.2857142857142857,3.733333333333333,Home & Kitchen
102842,0.7218524215776239,10857.19859967051,2.0,0.0,3.4,Electronics
100520,0.6437045761525862,10789.633641536271,12.0,0.1,3.8166666666666655,Beauty & Personal Care
105264,0.7866681957195897,10765.96935483871,34.0,0.125,2.7,Fashion
100553,0.6862655860443517,10758.394563552833,179.0,0.1111111111111111,3.68,Fashion
103011,0.8308386182713247,10753.99648173207,136.0,0.0769230769230769,3.4799999999999995,Home & Kitchen
100350,0.6127955325008659,10748.69568854569,78.0,0.0,3.775,Sports & Outdoors
100788,0.7801949078320659,10718.808150064682,337.0,0.0,2.7,Electronics
101701,0.6015820855694735,10717.015662650603,2.0,0.1363636363636363,3.5444444444444443,Toys & Games
102937,0.8202259930670317,10716.55825174825,132.0,0.1428571428571428,3.4000000000000004,Electronics
104184,0.6603761149320835,10716.252208588956,35.0,0.0869565217391304,4.23125,Fashion
102766,0.705413112991834,10699.693806646526,322.0,0.1,4.225,Sports & Outdoors
104000,0.7722106810228649,10665.050310945277,127.0,0.1052631578947368,3.8,Fashion
105091,0.6678089365396565,10647.77728960396,71.0,0.0454545454545454,3.84375,Beauty & Personal Care
100976,0.7126948848066157,10644.115379113018,53.0,0.0869565217391304,3.590909090909091,Grocery
103810,0.6027135231685119,10640.60032967033,56.0,0.0,4.037037037037037,Home & Kitchen
103267,0.8171025189664999,10633.484277879345,128.0,0.1,3.72,Sports & Outdoors
101086,0.6482581599462194,10608.598847926269,35.0,0.1875,3.6,Beauty & Personal Care
100494,0.7658350791032504,10586.414285714283,180.0,0.2857142857142857,4.15,Fashion
105412,0.6180516987793482,10560.47852233677,40.0,0.0909090909090909,3.65,Grocery
105886,0.7340091111865938,10555.006294706724,80.0,0.2857142857142857,2.8000000000000003,Toys & Games
100458,0.7687068496887878,10540.236201022146,125.0,0.2307692307692307,3.888888888888889,Home & Kitchen
104745,0.7044211622012826,10502.15504587156,15.0,0.1666666666666666,2.8,Beauty & Personal Care
103036,0.6162560111798556,10495.721532846715,85.0,0.0909090909090909,3.9333333333333336,Sports & Outdoors
100367,0.7439747039710423,10482.953684210524,31.0,0.1666666666666666,3.642857142857143,Fashion
100945,0.632380999122758,10468.86163141994,29.0,0.25,4.4,Electronics
105816,0.6086758984121738,10464.039784946235,119.0,0.0714285714285714,4.6875,Fashion
100753,0.6266601928091707,10449.76875,36.0,0.0769230769230769,3.65,Home & Kitchen
103028,0.693166681221802,10409.744030668127,44.0,0.0,3.4,Home & Kitchen
104068,0.6586340477716827,10408.983779527558,27.0,0.1875,3.2700000000000005,Toys & Games
100683,0.6033972637135272,10407.283496093749,1.0,0.1,3.9,Fashion
102549,0.6559841400906141,10399.364203233255,50.0,0.0,3.7142857142857135,Sports & Outdoors
102902,0.6981022335316369,10389.044929245283,144.0,0.0,4.2,Sports & Outdoors
100215,0.8116697393250388,10387.749216524217,277.0,0.15,3.583333333333333,Toys & Games
104385,0.7366361049399781,10381.576911764703,7.0,0.0,3.3666666666666667,Grocery
104711,0.6548415014509399,10358.389496527778,177.0,0.0714285714285714,3.875,Toys & Games
104551,0.7784902634726265,10355.006024096385,76.0,0.1818181818181818,3.72,Home & Kitchen
105665,0.7411537471016871,10347.987573964496,155.0,0.0555555555555555,3.97,Home & Kitchen
101672,0.6238409684823532,10343.464675767918,60.0,0.0,3.325,Toys & Games
100031,0.7810679830413353,10307.749772036474,186.0,0.0666666666666666,3.9,Beauty & Personal Care
101452,0.6040805797464763,10307.71902173913,37.0,0.2857142857142857,3.5666666666666664,Fashion
105834,0.701392027004442,10249.947176470589,38.0,0.0,3.233333333333333,Fashion
105589,0.6177193550784784,10228.783069977428,144.0,0.0,3.715384615384615,Beauty & Personal Care
105370,0.8005531177970479,10189.176889375683,613.0,0.1111111111111111,2.8600000000000003,Electronics
100893,0.6703296736504608,10151.86232142857,13.0,0.1111111111111111,3.283333333333333,Fashion
104892,0.8121070919655393,10131.656605504588,78.0,0.2,3.7,Fashion
100663,0.772581555176411,10125.532420382166,132.0,0.0666666666666666,4.133333333333334,Beauty & Personal Care
104566,0.6389758011404222,10125.450676589986,35.0,0.1666666666666666,3.766666666666667,Home & Kitchen
102547,0.6483954670022544,10123.810541310542,75.0,0.1666666666666666,3.6375,Grocery
100015,0.6249284456499758,10117.829723127035,75.0,0.0666666666666666,4.077777777777778,Sports & Outdoors
101454,0.8090668071821185,10116.875450180072,83.0,0.0666666666666666,3.3166666666666664,Home & Kitchen
102646,0.7246356888540572,10092.745357142858,12.0,0.0666666666666666,3.1142857142857143,Books
104550,0.6818939885959102,10090.137274774776,7.0,0.0,3.66,Home & Kitchen
100204,0.6657245643961198,10072.713566433566,73.0,0.0,4.1,Home & Kitchen
100020,0.7079703160443833,10062.382795698926,74.0,0.1666666666666666,3.65,Sports & Outdoors
104662,0.6368541256581762,10048.522792022792,58.0,0.0,3.3,Home & Kitchen
105575,0.7736055756470606,10041.525794085432,287.0,0.0,4.01,Home & Kitchen
101749,0.8242795158521328,10036.188834951456,134.0,0.0,2.6,Fashion
104367,0.6113939705521422,10031.256578947368,78.0,0.2105263157894736,3.86,Toys & Games
102526,0.7431140208206173,9999.636746987951,129.0,0.0,4.033333333333334,Fashion
105873,0.6115281544308415,9946.749145299143,25.0,0.0,3.8,Electronics
102569,0.6324928833263346,9945.653661971832,62.0,0.2222222222222222,3.6,Fashion
104811,0.7109848261576119,9912.872240618102,104.0,0.1333333333333333,4.333333333333333,Sports & Outdoors
105458,0.6085290653169474,9901.750416666666,63.0,0.0,2.7,Sports & Outdoors
102688,0.760620020510124,9894.232402234638,82.0,0.0,3.675,Sports & Outdoors
101241,0.8045796711929902,9857.918061088978,325.0,0.1428571428571428,4.188888888888889,Home & Kitchen
104309,0.6023779199117814,9855.318578553615,1.0,0.25,3.825,Grocery
104699,0.6843024519289922,9848.3408993576,175.0,0.0,4.2375,Toys & Games
105215,0.7897033318966704,9848.155750273823,96.0,0.1052631578947368,3.62,Home & Kitchen
103055,0.6434574172260864,9819.591085790886,13.0,0.15,3.63,Fashion
104374,0.79306913639423,9816.898942172073,218.0,0.0,3.95,Home & Kitchen
105285,0.7394540904515604,9810.365932914046,114.0,0.125,3.75,Fashion
100403,0.6077800369514249,9794.766053921569,1.0,0.4285714285714285,3.9625,Fashion
100110,0.6955542501287804,9783.909602649006,51.0,0.1,3.283333333333333,Toys & Games
101139,0.8567209288402436,9778.95235756385,116.0,0.2,3.442857142857143,Home & Kitchen
100878,0.6978136592388247,9762.003374233129,4.0,0.0,3.6,Grocery
105542,0.6730939211947821,9761.687915407856,20.0,0.0,3.233333333333333,Fashion
105563,0.7739003229041235,9723.795687645686,306.0,0.0,4.1454545454545455,Home & Kitchen
104531,0.8419808883391657,9677.209677419354,193.0,0.2727272727272727,3.4,Fashion
103277,0.7550870766931689,9671.082441860464,131.0,0.0833333333333333,3.6714285714285713,Fashion
105880,0.7033081610632437,9670.211789181692,70.0,0.1333333333333333,4.220000000000001,Sports & Outdoors
100800,0.6143374294716835,9641.214285714286,134.0,0.0,4.4,Fashion
102537,0.7963158777142547,9640.130604982209,238.0,0.1428571428571428,3.433333333333333,Fashion
102201,0.7342698441418561,9631.557899305555,85.0,0.0,3.0,Electronics
104402,0.6171502213729683,9617.39067357513,75.0,0.0,3.971428571428572,Home & Kitchen
101222,0.665157742694071,9609.500406504065,54.0,0.1,3.8,Fashion
103339,0.8513242961481753,9557.209985734666,214.0,0.1111111111111111,3.633333333333333,Home & Kitchen
102715,0.6855917628914651,9552.44978094195,54.0,0.15,3.775,Fashion
103844,0.6139163792274157,9529.278851963743,21.0,0.0,3.5,Fashion
102122,0.7289027726025603,9508.341425818882,89.0,0.1111111111111111,3.75,Fashion
104131,0.7546609411407553,9447.64757853403,256.0,0.0714285714285714,4.19,Sports & Outdoors
101811,0.7342373109996645,9443.13870967742,207.0,0.0,3.8,Toys & Games
101503,0.6142698648800974,9440.956746031745,13.0,0.1111111111111111,4.166666666666667,Home & Kitchen
102802,0.696068895759058,9428.415590551182,88.0,0.0,3.3,Home & Kitchen
103066,0.7394720612051026,9417.55569550931,134.0,0.1,4.188888888888889,Home & Kitchen
100755,0.6336257261244637,9407.35648769575,1.0,0.1428571428571428,3.333333333333333,Electronics
101772,0.6191994647968171,9380.492800788954,97.0,0.0,4.3,Sports & Outdoors
102614,0.6998996552338235,9371.244908350303,78.0,0.0,3.7,Beauty & Personal Care
103914,0.6712076986078397,9368.757966616084,76.0,0.1428571428571428,3.74,Sports & Outdoors
100128,0.6047743214429324,9353.10033783784,73.0,0.1666666666666666,4.225,Toys & Games
103043,0.6686375737929362,9344.39578313253,46.0,0.217391304347826,4.058333333333334,Fashion
104841,0.6456680013718605,9340.473932092003,291.0,0.2352941176470588,3.93,Fashion
100274,0.6812620275496374,9293.97133105802,18.0,0.0,3.516666666666666,Grocery
102947,0.6723313633426877,9293.310318791946,120.0,0.0,3.483333333333333,Beauty & Personal Care
103174,0.7431985681099941,9287.8845323741,31.0,0.1111111111111111,3.3200000000000003,Fashion
102773,0.6430132216674512,9280.170061728397,14.0,0.1428571428571428,2.85,Books
103197,0.8247467704266039,9273.018893756846,322.0,0.2307692307692307,4.0,Fashion
104665,0.7200691947559104,9272.510645933016,39.0,0.1111111111111111,3.38,Home & Kitchen
102153,0.8128415016453485,9251.267723004694,307.0,0.2,3.5,Beauty & Personal Care
102659,0.6467927927075627,9237.318069815195,134.0,0.0,4.65,Home & Kitchen
103925,0.6175917826380384,9222.2786966046,133.0,0.0434782608695652,4.05,Sports & Outdoors
100533,0.6738160907908244,9197.254712041884,35.0,0.0,3.1333333333333333,Grocery
102611,0.7771570275491827,9188.475140449438,370.0,0.1333333333333333,3.7461538461538457,Fashion
105626,0.6686063859309607,9181.433077765609,383.0,0.0666666666666666,3.7,Sports & Outdoors
105460,0.6841952702243528,9149.830656934308,109.0,0.1875,4.199999999999999,Fashion
105758,0.7749383916810735,9142.674315443592,134.0,0.0,3.68,Electronics
105224,0.6507220528313625,9090.103271028038,0.0,0.0,3.766666666666667,Fashion
100994,0.6748044715708699,9079.864326812429,44.0,0.0714285714285714,3.854545454545456,Fashion
104056,0.7806146417963902,9058.140635268344,167.0,0.0,3.853846153846154,Home & Kitchen
105547,0.714580637435136,9052.9853286385,57.0,0.1111111111111111,3.966666666666667,Fashion
101881,0.6613335966641459,9048.293629343629,17.0,0.0,3.46,Home & Kitchen
105619,0.7037094720048058,9047.733032258064,65.0,0.0434782608695652,3.64,Beauty & Personal Care
105486,0.7279328169955828,9028.412888888888,320.0,0.4,1.7,Electronics
101173,0.711002463535941,9003.449552238808,30.0,0.0,2.55,Home & Kitchen
105417,0.671906534784673,8984.364949748742,40.0,0.1666666666666666,3.3000000000000003,Electronics
103906,0.6832702367061871,8982.051346389228,169.0,0.1666666666666666,4.233333333333333,Fashion
103502,0.6049631745509501,8944.96375,44.0,0.0,3.2,Sports & Outdoors
104985,0.6972862254979018,8924.761719605696,82.0,0.0,3.73,Beauty & Personal Care
103463,0.6246807020222535,8915.362012987012,133.0,0.0,3.15,Sports & Outdoors
100677,0.6227759239589243,8910.878784860559,56.0,0.0,3.883333333333333,Sports & Outdoors
105732,0.7457354163093792,8908.61856516977,62.0,0.0833333333333333,2.957142857142857,Home & Kitchen
102624,0.7591182608428197,8898.5859375,44.0,0.1,3.057142857142857,Sports & Outdoors
103882,0.6068479944231892,8863.85390625,109.0,0.0625,4.05,Fashion
102380,0.7141982327221403,8850.432552083334,220.0,0.1428571428571428,3.85,Fashion
102923,0.6854821173826057,8824.60811965812,44.0,0.0,3.633333333333333,Toys & Games
100635,0.7270742280568834,8818.206622516556,179.0,0.0714285714285714,4.0625,Fashion
105978,0.7794118699718094,8807.84578313253,357.0,0.0555555555555555,4.21,Home & Kitchen
104726,0.7097239011406975,8804.614342629482,39.0,0.0,3.3666666666666667,Grocery
100261,0.867212597501862,8804.063150867822,118.0,0.1538461538461538,3.41,Fashion
102502,0.6715255918564891,8793.148427672955,113.0,0.5,3.25,Fashion
103341,0.809633229653219,8790.85,123.0,0.3333333333333333,3.725,Fashion
101428,0.741947110351289,8769.225167336012,298.0,0.1666666666666666,3.65,Electronics
102382,0.7644914945858933,8753.531930184805,6.0,0.2,3.2,Electronics
100322,0.693323925143403,8735.090886287626,38.0,0.0,3.625,Sports & Outdoors
101318,0.6174525957881714,8729.528651685394,36.0,0.0,3.533333333333333,Sports & Outdoors
103054,0.6115575876474064,8721.513149847095,131.0,0.0,4.0,Home & Kitchen
101315,0.646575758024294,8701.52843137255,1.0,0.2857142857142857,3.5666666666666664,Toys & Games
104005,0.8781036093440562,8688.11139101862,232.0,0.2222222222222222,3.5666666666666664,Fashion
105591,0.7806178951098621,8661.604423076924,197.0,0.2857142857142857,3.95,Fashion
104225,0.7290623607021341,8636.810129870131,131.0,0.0,3.1,Books
105822,0.6552972548325405,8634.50153256705,122.0,0.3333333333333333,2.3,Home & Kitchen
104885,0.747482812047734,8625.478620689655,31.0,0.1666666666666666,3.35,Electronics
101785,0.8101879588967251,8624.993975903615,40.0,0.2105263157894736,3.372727272727273,Home & Kitchen
104653,0.7380070729562529,8623.288782051282,14.0,0.125,3.0,Books
103801,0.8462284374794546,8619.21,268.0,0.0,3.7142857142857135,Home & Kitchen
104390,0.7653055262398665,8617.506078860897,33.0,0.2352941176470588,3.6,Fashion
105160,0.7357538626330984,8614.252158894646,2.0,0.25,3.485714285714286,Sports & Outdoors
101891,0.6000321007091133,8607.550844594594,26.0,0.0,3.64,Grocery
102473,0.6426264854842293,8597.29889298893,88.0,0.0,4.037037037037037,Electronics
100010,0.641641694100282,8590.788718510405,34.0,0.1153846153846153,4.085714285714286,Beauty & Personal Care
102792,0.6102747771087533,8588.761012861736,85.0,0.0714285714285714,3.466666666666667,Beauty & Personal Care
104924,0.7853202981879054,8587.310624315443,154.0,0.15,3.8615384615384616,Fashion
104153,0.6907621251635245,8580.334446878422,172.0,0.0454545454545454,3.878571428571429,Fashion
103251,0.614017900679847,8558.754271631982,244.0,0.037037037037037,4.022222222222222,Beauty & Personal Care
103442,0.6027294939516721,8550.904721362229,11.0,0.1,3.9,Home & Kitchen
104643,0.602889550546033,8515.367045454544,230.0,0.1428571428571428,3.725,Fashion
105081,0.845053126514343,8504.608281829418,277.0,0.2222222222222222,3.25,Electronics
101873,0.6948254981284733,8501.668251173709,27.0,0.2222222222222222,4.1625,Fashion
102222,0.7923233679163111,8487.00060483871,175.0,0.0,4.116666666666666,Beauty & Personal Care
105613,0.624155060198477,8483.916772151899,35.0,0.25,2.3,Books
103783,0.7708790377768762,8479.88548148148,277.0,0.0,4.633333333333333,Sports & Outdoors
100815,0.6868544627705948,8455.02796460177,46.0,0.0666666666666666,3.5500000000000003,Toys & Games
102466,0.6217586308265124,8435.22132183908,7.0,0.0666666666666666,4.48,Home & Kitchen
105637,0.6345925884983262,8424.758673469389,207.0,0.0,4.3,Home & Kitchen
100082,0.707813795397216,8416.900000000001,154.0,0.0625,3.5625,Home & Kitchen
101637,0.6700403786712625,8411.71631455399,144.0,0.0,4.375,Sports & Outdoors
100909,0.6701898644238702,8409.99107142857,51.0,0.1818181818181818,3.616666666666666,Fashion
104547,0.6289793140204286,8402.315835140998,95.0,0.1666666666666666,3.78,Fashion
103613,0.6072135291434242,8386.625995575223,343.0,0.0,3.78,Sports & Outdoors
101170,0.6637076923066622,8358.159389400922,33.0,0.0,3.56,Beauty & Personal Care
101547,0.7018636976787352,8334.591666666667,33.0,0.2,2.5,Sports & Outdoors
102401,0.6321094225508854,8329.439923329683,395.0,0.0,3.775,Toys & Games
102770,0.6476971930945212,8323.789563106797,4.0,0.0,3.6,Fashion
100402,0.6881332112095784,8323.304875000002,13.0,0.2,3.15,Electronics
102867,0.6259975513766368,8320.63441108545,298.0,0.0909090909090909,3.84,Beauty & Personal Care
104139,0.8100772342692499,8311.906480218282,147.0,0.0,3.56,Home & Kitchen
104434,0.7817006216655769,8309.75072016461,15.0,0.1111111111111111,3.128571428571429,Home & Kitchen
103389,0.6849526350101854,8286.050144927536,201.0,0.0476190476190476,3.755555555555555,Books
103248,0.6064464131959016,8271.021521997622,103.0,0.0,4.24,Electronics
100451,0.7603585901835637,8269.187003610108,233.0,0.2307692307692307,3.5,Fashion
102218,0.8116924984102712,8254.116293103447,221.0,0.1818181818181818,3.3285714285714287,Fashion
103285,0.6647835357175853,8233.098695652174,17.0,0.0,2.4,Fashion
105592,0.6398429534566368,8206.806,47.0,0.3333333333333333,3.5200000000000005,Beauty & Personal Care
100758,0.8548766787773567,8200.919349112426,152.0,0.0769230769230769,3.15,Beauty & Personal Care
105888,0.7834302958110073,8199.901612903226,166.0,0.2,3.84,Fashion
100062,0.8159678959196479,8192.89874041621,197.0,0.0769230769230769,3.35,Grocery
105690,0.7009904929921695,8191.275629791895,100.0,0.0,4.290909090909091,Fashion
104435,0.6291320848386244,8188.713040123457,91.0,0.0,4.571428571428571,Toys & Games
101345,0.632212529339284,8177.133712121213,28.0,0.0,3.45,Fashion
105814,0.63457175706906,8151.949178532312,31.0,0.1052631578947368,4.25,Fashion
102323,0.6577419418197005,8146.465329512893,50.0,0.1111111111111111,3.636363636363636,Fashion
101615,0.7730053775801615,8138.092771084337,54.0,0.0,2.85,Books
103795,0.6885198001726544,8136.648028673836,137.0,0.0,3.15,Beauty & Personal Care
103262,0.611073694316107,8111.9625,19.0,0.1666666666666666,3.96,Fashion
102618,0.625724679138639,8095.3729390681,219.0,0.2,3.96,Toys & Games
100927,0.6592294421767254,8093.934603421462,376.0,0.0,4.125,Home & Kitchen
101134,0.7517640272144966,8090.370920043811,57.0,0.0833333333333333,3.6181818181818186,Beauty & Personal Care
102177,0.6167773342143942,8069.087481146304,47.0,0.25,4.1375,Fashion
100769,0.838303864828262,8024.363557692308,77.0,0.2857142857142857,3.266666666666667,Fashion
102453,0.6155641850551938,7999.9324753559695,116.0,0.0,3.855555555555556,Sports & Outdoors
103809,0.7140462017083377,7994.927620967742,13.0,0.1666666666666666,2.766666666666667,Grocery
102874,0.6430027175296021,7977.720524017466,116.0,0.0,4.233333333333333,Sports & Outdoors
104708,0.6608166032630908,7946.578985507246,196.0,0.0625,3.744444444444445,Grocery
105761,0.7061148350165944,7945.606243154436,66.0,0.0,3.5700000000000003,Sports & Outdoors
101830,0.6661799949494376,7892.639266155531,79.0,0.0,3.65,Home & Kitchen
101674,0.6398774656158535,7880.054054054053,4.0,0.0,2.766666666666667,Books
101018,0.6599591319014023,7875.068893756846,83.0,0.0588235294117647,3.716666666666667,Home & Kitchen
102336,0.6943091046775869,7871.895726495726,141.0,0.0,4.5,Sports & Outdoors
103499,0.6643041674416179,7854.051943462898,118.0,0.1538461538461538,3.842857142857144,Fashion
102121,0.7116657130521594,7845.115895953758,16.0,0.1666666666666666,3.45,Fashion
105032,0.749170942572012,7808.478305400372,281.0,0.0,4.7,Home & Kitchen
100048,0.8184632207586487,7781.764971209213,76.0,0.2222222222222222,3.5285714285714285,Fashion
101728,0.8273213352575981,7778.837466124662,152.0,0.0769230769230769,3.6333333333333337,Fashion
105108,0.6790885366349254,7777.274479737131,84.0,0.0952380952380952,3.95,Toys & Games
100328,0.6746671623692458,7756.615000000001,268.0,1.0,1.7,Electronics
105727,0.6061414521477062,7748.62964028777,46.0,0.1666666666666666,3.933333333333333,Toys & Games
102335,0.8175224228215464,7736.287340301974,125.0,0.2222222222222222,3.636363636363636,Fashion
105139,0.827583528038868,7718.446714129245,285.0,0.25,4.5,Fashion
100263,0.6900558066561934,7716.995509309968,14.0,0.0833333333333333,3.78,Fashion
102971,0.7207189931354381,7708.532146768893,47.0,0.2307692307692307,3.640000000000001,Fashion
102085,0.6671983308413535,7706.229408543262,133.0,0.1,4.2,Home & Kitchen
103825,0.6318373556455278,7675.995911949685,26.0,0.0,2.6500000000000004,Home & Kitchen
105083,0.826332673392151,7675.286363636364,198.0,0.1538461538461538,3.1,Home & Kitchen
102769,0.791303570997258,7668.238286334056,95.0,0.3,3.5666666666666664,Fashion
101330,0.664217778412436,7656.6447867298575,223.0,0.0,4.2,Fashion
102429,0.7430131533428309,7643.1,22.0,0.0625,3.0,Grocery
100248,0.7305330436305897,7634.845583038869,429.0,0.1538461538461538,4.05,Fashion
101059,0.6889632104814809,7622.953896103896,55.0,0.1666666666666666,3.866666666666667,Books
100027,0.7014214951020423,7621.5052264808355,56.0,0.0,3.5500000000000003,Toys & Games
105395,0.7751975526964479,7612.877839029768,88.0,0.125,3.6875,Books
102019,0.7215912036853809,7612.831152647976,40.0,0.0,3.2,Fashion
101094,0.7306383818970241,7595.959410919541,216.0,0.0,4.166666666666667,Toys & Games
104247,0.6497881483382865,7574.505585980285,292.0,0.0,4.65,Sports & Outdoors
102089,0.6602890509184989,7570.554356846473,56.0,0.2222222222222222,4.0,Fashion
103459,0.6159991369423132,7566.042223439213,68.0,0.0588235294117647,3.842857142857144,Fashion
104169,0.8255133817881151,7564.067305585979,349.0,0.0769230769230769,3.7,Home & Kitchen
100637,0.6836901037561814,7554.607142857144,133.0,0.0769230769230769,3.38,Books
105821,0.6846236361409871,7552.281720430109,45.0,0.0,3.6,Grocery
102078,0.6677159718352769,7538.417360350493,88.0,0.0,3.575,Home & Kitchen
100853,0.6502281549149262,7523.954196642686,120.0,0.1428571428571428,3.95,Toys & Games
100949,0.6824967057579353,7519.534303350971,151.0,0.0714285714285714,3.842857142857144,Toys & Games
101199,0.638790729901659,7509.606617647059,89.0,0.0,5.0,Beauty & Personal Care
102497,0.6691111988455829,7506.454048582997,7.0,0.0,3.16,Grocery
100044,0.6499350538481871,7506.118995290423,19.0,0.0,3.64,Sports & Outdoors
103737,0.6317072216322474,7484.504088785047,39.0,0.3333333333333333,3.7,Beauty & Personal Care
100996,0.6088392749913321,7453.978109854604,49.0,0.0,3.672727272727272,Grocery
101093,0.7066314067533886,7449.882598039216,151.0,0.0833333333333333,4.2,Toys & Games
105143,0.6020677457973277,7441.309057527539,42.0,0.1363636363636363,4.45,Beauty & Personal Care
100164,0.612615870406833,7437.384490398819,123.0,0.0,3.82,Fashion
100060,0.7462869509255932,7425.419179600887,25.0,0.0,3.1,Electronics
104307,0.646545810134177,7419.68931698774,206.0,0.0625,3.9375,Books
100722,0.7630957427432424,7413.833625410734,165.0,0.0588235294117647,4.0600000000000005,Grocery
104686,0.6104900153743202,7406.945,66.0,0.0,3.5,Fashion
104522,0.7811226113762254,7384.03395399781,355.0,0.0625,3.94,Home & Kitchen
100234,0.6348383009325707,7381.136458333333,21.0,1.0,3.0,Fashion
100593,0.6046715818878445,7375.607142857142,23.0,0.0,3.0,Fashion
100265,0.6833945548725795,7372.19244249726,290.0,0.0,3.825,Electronics
102511,0.7929419865591565,7371.276944140197,56.0,0.1052631578947368,3.4200000000000004,Fashion
105110,0.7909569504181695,7360.701355932204,202.0,0.2222222222222222,4.466666666666667,Toys & Games
103636,0.6362273211663451,7356.311820330969,170.0,0.0,4.2,Home & Kitchen
101872,0.6378950539154669,7355.486886792453,123.0,0.1666666666666666,4.55,Beauty & Personal Care
103909,0.6204966375912266,7342.164145658264,145.0,0.0,4.1,Electronics
103204,0.8392565986122092,7341.454618473896,211.0,0.1666666666666666,3.7,Beauty & Personal Care
101781,0.7585791069503973,7336.196166484118,72.0,0.0,3.625,Fashion
102348,0.8409430142804654,7335.720340136055,239.0,0.1176470588235294,3.408333333333333,Beauty & Personal Care
100054,0.7476786455951782,7326.850652985075,7.0,0.0,3.414285714285714,Books
104821,0.6128335484291405,7317.105894590847,67.0,0.0,3.65,Fashion
103162,0.701689323390884,7296.903913738019,28.0,0.2222222222222222,4.325,Fashion
101649,0.7457146462319119,7294.767052631578,25.0,0.0,3.44,Toys & Games
104948,0.7744023278223433,7293.775932835821,104.0,0.25,3.133333333333333,Fashion
103044,0.7315435325185494,7293.1832752613245,65.0,0.1666666666666666,3.3,Sports & Outdoors
101595,0.8133269904697329,7279.707119386639,598.0,0.3,3.733333333333333,Fashion
105994,0.6269311301450167,7276.367993630573,88.0,0.0,3.85,Toys & Games
105804,0.6976556712700749,7261.182935153583,47.0,0.0,3.15,Sports & Outdoors
100329,0.7653630305883931,7250.882913472069,535.0,0.1428571428571428,3.8125,Fashion
103863,0.7281956977615215,7249.254861111111,43.0,0.0,3.1333333333333333,Fashion
104557,0.6700521204614774,7235.512957317072,22.0,0.0,3.225,Fashion
101045,0.6786862145740252,7223.981730769231,106.0,0.0,4.037037037037037,Fashion
100542,0.7149965346041038,7218.069439252336,165.0,0.0769230769230769,4.416666666666667,Beauty & Personal Care
104331,0.6905657948120273,7213.523076923077,21.0,0.1428571428571428,3.15,Grocery
101943,0.6665547991063978,7210.435636363637,10.0,0.1666666666666666,3.6666666666666665,Fashion
101271,0.7898480121939677,7199.753903345725,165.0,0.0833333333333333,3.685714285714286,Grocery
103253,0.6995109770929102,7197.981264108353,212.0,0.0833333333333333,3.966666666666667,Sports & Outdoors
101375,0.7422562970553271,7187.0418948521365,629.0,0.0,3.2,Electronics
105106,0.7141315285292004,7185.848039215686,67.0,0.0,3.6,Books
103503,0.6988955332923992,7185.481250000001,88.0,0.0,2.5,Fashion
101236,0.7027794818400417,7182.074299065422,75.0,0.0,3.475,Beauty & Personal Care
100638,0.7677372923187964,7155.47532808399,158.0,0.0,2.5666666666666664,Books
102462,0.6831377073220015,7133.683132530121,43.0,0.0,3.95,Home & Kitchen
100135,0.7976277205144849,7124.510613810741,145.0,0.1428571428571428,3.65,Fashion
104768,0.6008718570095137,7121.461585365854,12.0,0.0,3.1,Beauty & Personal Care
105500,0.760185225134412,7119.913844393592,86.0,0.0,3.725,Books
105676,0.7741547913611916,7107.373548740416,190.0,0.0,3.9375,Home & Kitchen
105731,0.7490248065332474,7104.4724171539965,43.0,0.0909090909090909,3.4,Toys & Games
101148,0.732886448820286,7083.105290102389,3.0,0.0,2.55,Electronics
103470,0.7335786651316445,7082.902572706934,9.0,0.125,3.3000000000000003,Books
104112,0.6035888896138458,7081.647311212815,19.0,0.1333333333333333,3.91,Fashion
105679,0.7191644196326845,7079.947747747748,70.0,0.0,3.4,Home & Kitchen
101492,0.8181746421398965,7069.865327380951,236.0,0.0,3.7,Electronics
100133,0.8142136887656508,7062.988475499092,239.0,0.0,4.65,Sports & Outdoors
101483,0.821778227492374,7057.856681270538,125.0,0.125,3.0285714285714285,Fashion
104431,0.7826866622461663,7049.496724137931,1.0,0.2,3.45,Sports & Outdoors
101801,0.6414189060474698,7048.877588105726,67.0,0.1764705882352941,4.230769230769231,Fashion
105135,0.8278960617132821,7048.795303867403,167.0,0.0,3.6571428571428575,Fashion
102850,0.6748455532214055,7046.99105839416,95.0,0.0,3.966666666666667,Books
105490,0.6678778661315475,7045.355531215772,46.0,0.0555555555555555,3.9,Fashion
102389,0.6191971271521866,7044.932040816327,83.0,0.0,3.966666666666667,Books
101491,0.6095772697664958,7043.053113772454,87.0,0.0,3.3666666666666667,Electronics
105408,0.7164202584318942,7031.543099671412,57.0,0.1764705882352941,3.588888888888889,Fashion
100557,0.7107427411175299,7016.44292929293,82.0,0.0,2.5,Fashion
104304,0.6792543763614097,7014.069476082005,57.0,0.0,3.5500000000000003,Beauty & Personal Care
101903,0.7410577145099186,7009.100502512563,75.0,0.0,3.3375,Beauty & Personal Care
102428,0.704362838635251,7001.704935064935,99.0,0.0555555555555555,3.984615384615384,Beauty & Personal Care
103821,0.7327733808526193,6998.871837088388,173.0,0.0,3.942857142857143,Fashion
104327,0.7399570455777433,6966.649342105263,113.0,0.0,3.7,Home & Kitchen
103567,0.7494784974235169,6930.7571925754055,240.0,0.0,4.0,Sports & Outdoors
100400,0.6337855181206341,6926.305545774649,95.0,0.0588235294117647,4.09,Grocery
100094,0.6973077239115161,6918.529025191676,34.0,0.1176470588235294,3.466666666666667,Fashion
100396,0.6386863274676206,6918.018302387269,181.0,0.1666666666666666,4.279999999999999,Toys & Games
104535,0.8065945441196589,6916.666571428571,80.0,0.0,3.5,Beauty & Personal Care
103414,0.6441339204037423,6915.5466593647325,35.0,0.1176470588235294,4.49,Fashion
103024,0.6341060477656896,6894.813861386139,42.0,0.0,1.7,Grocery
102037,0.7988752784959411,6893.902519167579,350.0,0.0,2.9333333333333336,Electronics
104314,0.769552231989051,6892.433802816901,114.0,0.1428571428571428,3.6,Fashion
104722,0.7712760783218685,6891.976686046512,259.0,0.0,4.325,Home & Kitchen
102989,0.7387008270018031,6887.018211920531,127.0,0.0,4.65,Fashion
105787,0.7299956875584845,6867.466391509433,211.0,0.2,4.566666666666666,Home & Kitchen
101282,0.7506008956486183,6854.65275080906,199.0,0.0,4.1,Sports & Outdoors
101116,0.6711126965313077,6852.076979293544,9.0,0.0,3.51,Grocery
105024,0.6923358489473935,6823.315530303031,57.0,0.0,3.628571428571429,Fashion
105913,0.8307290507339563,6822.092200232829,57.0,0.1818181818181818,3.45,Home & Kitchen
105728,0.7445112953135201,6817.972143698469,37.0,0.0555555555555555,3.4,Fashion
102720,0.6530951859034146,6816.764805825242,75.0,0.0526315789473684,3.7625,Beauty & Personal Care
101900,0.6616307270357299,6809.912704918032,51.0,0.0,3.3,Books
104023,0.8035400647260593,6806.782256297918,322.0,0.0,3.971428571428571,Beauty & Personal Care
102985,0.7685898551222934,6805.924891304348,142.0,0.1111111111111111,3.725,Sports & Outdoors
103299,0.7136132042354386,6804.491474654377,172.0,0.0,4.037037037037037,Electronics
102012,0.6976884238918309,6801.277823920266,87.0,0.0625,4.245454545454546,Books
103213,0.7634803257710219,6799.097445255475,85.0,0.0,3.5250000000000004,Fashion
103115,0.6147459772586872,6780.564745972739,140.0,0.0,4.245454545454546,Beauty & Personal Care
102758,0.6653250261097916,6764.543551587301,16.0,0.0,3.15,Beauty & Personal Care
104377,0.7269514343766305,6758.629482758621,63.0,0.0,3.533333333333333,Fashion
102507,0.6457135210471283,6734.903395061728,0.0,0.0,3.9,Sports & Outdoors
103141,0.8409435792877301,6728.157518796993,277.0,0.25,3.0,Home & Kitchen
104640,0.6133237464909709,6720.2150154798765,42.0,0.0,4.066666666666666,Fashion
103163,0.7294138981007906,6716.956796116506,59.0,0.2,3.85,Sports & Outdoors
102891,0.6244429588983053,6699.7238197424895,27.0,0.0,3.45,Fashion
102949,0.6190353065039442,6698.771628498727,78.0,0.1111111111111111,4.24,Fashion
101925,0.7002947340599142,6697.394194961665,4.0,0.1111111111111111,3.4,Electronics
105729,0.8052597418549378,6687.195783132532,347.0,0.2857142857142857,4.0600000000000005,Fashion
105785,0.6329334954546043,6686.820249653259,62.0,0.0476190476190476,3.83,Books
102562,0.7012737445383008,6658.335596933188,267.0,0.1052631578947368,3.741666666666666,Fashion
101342,0.6995405135116708,6647.50818452381,20.0,0.25,2.7,Sports & Outdoors
105265,0.7186858495084018,6645.5336928934,172.0,0.0,3.78,Sports & Outdoors
101090,0.7366872153444333,6644.499752475248,148.0,0.0,4.325,Beauty & Personal Care
103787,0.698336562909746,6619.8,117.0,0.0,3.75,Fashion
105835,0.6014604728335203,6614.921861471862,71.0,0.1818181818181818,4.133333333333334,Toys & Games
101092,0.6643777037230629,6613.568987341772,18.0,0.0,3.533333333333333,Books
102416,0.678099030288276,6597.209090909091,8.0,0.0909090909090909,4.283333333333333,Fashion
102782,0.8031691425460032,6595.466046002191,405.0,0.125,4.155555555555555,Fashion
104995,0.6988895685257033,6587.920841683367,99.0,0.0,4.05,Home & Kitchen
103458,0.7820419925214861,6578.299404761905,23.0,0.5,1.7999999999999998,Electronics
100277,0.6426988400412127,6573.976019417477,103.0,0.1666666666666666,4.05,Fashion
103941,0.6560263454602776,6559.007309941519,31.0,0.0,4.2,Grocery
104976,0.8269147503844779,6553.239594594595,193.0,0.125,3.225,Grocery
100143,0.736571704404255,6546.58274509804,57.0,0.0909090909090909,3.84,Fashion
104193,0.6918884977810272,6540.659615384615,293.0,0.0833333333333333,4.1,Beauty & Personal Care
104132,0.7005168067020403,6510.884673366834,29.0,0.0,3.2,Grocery
100116,0.7066004617735545,6498.690368852459,84.0,0.1428571428571428,2.0,Books
102798,0.6117911097238516,6474.117103347889,121.0,0.0714285714285714,3.8,Beauty & Personal Care
105084,0.8806705264427908,6473.22100591716,468.0,0.125,2.6,Fashion
102704,0.6568186501855493,6468.40497237569,106.0,0.0,2.95,Electronics
104861,0.6193611946018494,6461.611343283582,7.0,0.2307692307692307,3.725,Fashion
103562,0.8776791721051938,6454.193304535638,120.0,0.2857142857142857,3.075,Home & Kitchen
104959,0.7715283983417593,6453.179417293232,116.0,0.3333333333333333,2.5,Beauty & Personal Care
103468,0.7888075841195946,6446.383734939759,14.0,0.1875,3.2333333333333334,Fashion
102489,0.7316950742342344,6445.487499999998,29.0,0.0,3.283333333333333,Beauty & Personal Care
104730,0.6111454706134807,6432.354444444445,63.0,0.0,4.15,Grocery
104089,0.6656724249421699,6424.215101289135,71.0,0.0,4.316666666666666,Beauty & Personal Care
104680,0.757837374014157,6423.44926035503,268.0,0.0625,3.7,Sports & Outdoors
102266,0.7292420687351014,6403.274712643678,80.0,0.0,3.966666666666667,Sports & Outdoors
103143,0.8615284710485376,6396.575675675676,140.0,0.0,2.6,Sports & Outdoors
101557,0.8158407023420071,6392.069496166484,64.0,0.2857142857142857,3.025,Fashion
103789,0.6759695259037664,6388.881494413407,80.0,0.0714285714285714,3.67,Toys & Games
102491,0.6464434924081135,6384.234210526316,76.0,0.0,4.1,Electronics
101817,0.6748456397273819,6380.971971252568,58.0,0.0,4.766666666666667,Fashion
103829,0.766896902716878,6378.737569367369,384.0,0.0,3.72,Sports & Outdoors
102577,0.665314787255847,6376.478039430449,91.0,0.0588235294117647,3.5375,Books
102834,0.6922159860814943,6374.079353778751,29.0,0.0,3.4857142857142853,Fashion
104252,0.764568217548719,6372.97595837897,105.0,0.1666666666666666,3.73,Books
102139,0.6925104139546413,6365.158467741935,23.0,0.25,3.6,Home & Kitchen
101252,0.8101439548716788,6353.943947963801,191.0,0.0,3.51,Sports & Outdoors
101099,0.8060028651830318,6348.972222222223,201.0,0.1666666666666666,3.4,Home & Kitchen
104324,0.639338378144815,6338.765740740741,8.0,0.0,3.7,Books
100791,0.6506821591277384,6333.774561403509,149.0,0.25,4.6,Beauty & Personal Care
100414,0.7301562997903212,6330.237662337663,137.0,0.0,3.65,Books
102063,0.6949082202474366,6327.780642201835,234.0,0.0,4.9,Home & Kitchen
103076,0.8306537202403931,6325.090197152245,227.0,0.1,2.84,Home & Kitchen
103743,0.8651790533780043,6324.42656078861,434.0,0.1666666666666666,3.41,Fashion
102643,0.8388341428306606,6322.512619047619,104.0,0.0,3.333333333333333,Fashion
104956,0.7074864631008029,6321.214313222081,368.0,0.0,3.533333333333333,Sports & Outdoors
104946,0.6790750787674376,6311.39113372093,71.0,0.1818181818181818,3.4714285714285715,Grocery
105845,0.7535165881742693,6297.505087719299,44.0,0.0,3.408333333333333,Grocery
101878,0.7496563909143991,6288.451660516605,158.0,0.0,3.2,Grocery
105990,0.6004790682260981,6278.329390243902,47.0,0.0,3.4,Beauty & Personal Care
104607,0.6890058237948206,6263.3660069848665,26.0,0.1875,3.65,Fashion
101474,0.7092107469334704,6258.824275362318,130.0,0.0,4.066666666666666,Toys & Games
105374,0.6993969652702825,6257.12743702081,87.0,0.0555555555555555,4.225,Fashion
105914,0.6228466642688627,6254.864747356052,134.0,0.0,4.300000000000001,Books
104392,0.774553148031171,6233.729032258066,106.0,0.0,2.3,Electronics
100612,0.637575397642319,6229.189161849712,98.0,0.2222222222222222,4.24,Fashion
100064,0.7018222819316061,6227.243529411765,81.0,0.0,2.8,Fashion
103803,0.6307167781442646,6224.341401971522,85.0,0.0714285714285714,3.925,Sports & Outdoors
100490,0.65287614895264,6206.29598370198,15.0,0.1111111111111111,4.0600000000000005,Sports & Outdoors
101455,0.7120196396817084,6188.696933187294,62.0,0.2307692307692307,3.88,Toys & Games
101834,0.6127506561361457,6179.917656250001,163.0,0.5,3.875,Home & Kitchen
104031,0.7459831599694088,6163.258974358974,138.0,0.0,4.5,Fashion
102528,0.7628289084764254,6149.181215469614,20.0,0.0,3.4142857142857146,Fashion
105464,0.6952457940339144,6147.053886010363,58.0,0.0,3.6,Toys & Games
101671,0.6191743745974734,6145.29265010352,77.0,0.0,4.233333333333333,Toys & Games
101646,0.6820669879345964,6140.286773255815,118.0,0.0526315789473684,3.066666666666667,Beauty & Personal Care
102148,0.7631830012586704,6131.064328899637,363.0,0.0,4.25,Grocery
104823,0.8868247067934694,6130.017847222222,194.0,0.0,2.6,Grocery
104970,0.7124522157860638,6113.192291950887,96.0,0.0,3.6333333333333337,Grocery
105865,0.7725911351651127,6099.102332089552,147.0,0.0,4.15,Grocery
103754,0.7196148072196225,6095.196843853821,152.0,0.0,4.8,Toys & Games
100305,0.6840161440017498,6092.553385416668,72.0,0.0,3.733333333333334,Fashion
102273,0.7151086607278362,6073.212389380531,13.0,0.0,3.35,Grocery
102820,0.8059217851799301,6071.624133333334,173.0,0.3333333333333333,1.5,Sports & Outdoors
104527,0.6918781736125869,6065.667667238423,226.0,0.0,4.050000000000001,Home & Kitchen
103228,0.6572910947671581,6064.570335820896,18.0,0.0,3.5,Home & Kitchen
101124,0.8003862916290108,6061.368679549115,167.0,0.2222222222222222,4.05,Home & Kitchen
100011,0.7632709520695573,6051.655122950819,120.0,0.25,3.1,Fashion
100846,0.6888317924241443,6049.223788546256,38.0,0.2,3.233333333333333,Fashion
101850,0.6971879018461504,6049.103036876356,18.0,0.2222222222222222,3.283333333333333,Toys & Games
103517,0.7199427067674549,6048.219925512104,144.0,0.1428571428571428,3.583333333333333,Books
105479,0.7427670864137746,6037.544824707847,120.0,0.0,3.8,Beauty & Personal Care
103664,0.6884479890256994,6034.601369112816,49.0,0.0833333333333333,3.65,Beauty & Personal Care
101184,0.6200168658672308,6026.546739130434,6.0,0.0,1.25,Fashion
104482,0.7073323693518002,6007.615494296577,0.0,0.0833333333333333,3.628571428571429,Fashion
103870,0.6492162229608005,6004.889649507119,106.0,0.1428571428571428,4.0125,Sports & Outdoors
100726,0.6626164596940867,6002.381547619048,16.0,0.1666666666666666,3.066666666666667,Sports & Outdoors
105071,0.7159203027189291,6001.306916996047,225.0,0.0,3.98,Beauty & Personal Care
104283,0.6098931654767904,5999.624301336573,29.0,0.0,3.657142857142857,Grocery
105593,0.7687661832183699,5996.442278203724,142.0,0.0,3.7,Fashion
104180,0.7477950949751988,5994.081393678161,19.0,0.0,3.02,Toys & Games
103151,0.749523681284306,5989.869219219218,40.0,0.0,3.0666666666666664,Grocery
100024,0.6038662397492829,5982.671383647798,96.0,0.375,3.98,Fashion
100089,0.7969234202813225,5982.082146768893,135.0,0.2,3.616666666666666,Sports & Outdoors
101221,0.724521981538378,5972.807415254237,165.0,0.0,4.037037037037037,Home & Kitchen
104503,0.8198442724032557,5970.338555347092,113.0,0.0,2.8000000000000003,Fashion
102238,0.7324872779699227,5960.877765607886,488.0,0.0588235294117647,3.6,Grocery
103475,0.6778818163443938,5958.938075313808,132.0,0.0,3.1500000000000004,Fashion
100290,0.8722100865216332,5957.206477272728,260.0,0.2,3.7,Home & Kitchen
101053,0.765416312056826,5917.735950413224,164.0,0.0,4.233333333333333,Home & Kitchen
105316,0.6592218380728418,5917.013745704468,119.0,0.0869565217391304,4.2,Grocery
102097,0.7163305967430073,5916.341153846154,100.0,0.1666666666666666,3.7,Fashion
102750,0.6031638162058125,5900.305021216407,6.0,0.0526315789473684,4.228571428571429,Beauty & Personal Care
104041,0.6603788885445628,5888.68600953895,194.0,0.0,4.025,Grocery
105092,0.8588070170612019,5875.022957198444,230.0,0.0,3.4333333333333336,Home & Kitchen
103307,0.6174455853374523,5866.179310344828,53.0,0.0,3.1,Books
101288,0.7306643017701024,5863.866922234392,62.0,0.0588235294117647,3.7083333333333335,Grocery
100405,0.8355473054622672,5859.771442885772,143.0,0.0,2.4,Fashion
100229,0.6430326250211817,5856.742191435768,100.0,0.0,4.4,Toys & Games
101513,0.8104037206296961,5853.32040229885,94.0,0.0,3.5666666666666664,Fashion
103868,0.689169774851007,5846.39919871795,126.0,0.0,3.0,Sports & Outdoors
104019,0.6900936578123522,5840.901593625498,161.0,0.3333333333333333,4.533333333333333,Home & Kitchen
103706,0.6595300997029043,5839.289466666667,0.0,0.3333333333333333,3.3666666666666667,Beauty & Personal Care
104787,0.7181535360293821,5836.155703422053,117.0,0.3333333333333333,3.75,Sports & Outdoors
103841,0.8269684079020664,5829.7496166484125,162.0,0.0666666666666666,3.536363636363636,Beauty & Personal Care
100555,0.685777438572944,5822.434375000001,73.0,0.0,3.5499999999999994,Beauty & Personal Care
103649,0.8763784427937356,5814.142168674698,193.0,0.0769230769230769,3.325,Sports & Outdoors
100404,0.6352142031514636,5811.0731292517,91.0,0.0,4.037037037037037,Sports & Outdoors
100385,0.606483343994125,5803.141517857142,131.0,0.1875,4.111111111111111,Beauty & Personal Care
101136,0.823821014913282,5769.21878422782,9.0,0.2857142857142857,2.7,Beauty & Personal Care
100242,0.7240019424932375,5767.726769911505,4.0,0.0,3.55,Fashion
100519,0.6334255157186794,5766.031257861635,93.0,0.0,4.0625,Home & Kitchen
104657,0.6557729337225265,5749.664470842333,6.0,0.1666666666666666,3.74,Fashion
105035,0.7345745290340783,5748.286103351956,128.0,0.0,4.1375,Toys & Games
101009,0.8269524916320746,5742.762910447762,224.0,0.2727272727272727,3.742857142857143,Fashion
105061,0.639956982074122,5724.735424354244,30.0,0.0,3.65,Grocery
105722,0.668793603983844,5711.354090909091,119.0,0.0,4.275,Beauty & Personal Care
105383,0.7030061033344995,5695.159957627119,88.0,0.0,2.7,Beauty & Personal Care
104775,0.6576850742569154,5687.688876651982,46.0,0.0769230769230769,3.6666666666666665,Grocery
105378,0.6357563627957472,5687.097524752476,37.0,0.0,4.037037037037037,Fashion
100952,0.7470563369659173,5681.928641370869,316.0,0.0,4.575,Sports & Outdoors
102635,0.6143035171613752,5675.756576576577,44.0,0.1111111111111111,4.266666666666667,Toys & Games
103574,0.7537945174970758,5667.744969818913,149.0,0.0,3.9,Fashion
103767,0.6084678719808286,5657.486556169429,143.0,0.1428571428571428,4.825,Sports & Outdoors
101890,0.6404072377581744,5651.539208633094,127.0,0.0,3.8,Fashion
103080,0.7615643326844164,5635.012747524752,123.0,0.0909090909090909,4.183333333333334,Home & Kitchen
100386,0.6039489190572601,5611.589156626506,79.0,0.0,4.014285714285714,Home & Kitchen
101379,0.7377312955155507,5610.9254773269695,59.0,0.0769230769230769,3.6333333333333337,Fashion
102650,0.7744976695929005,5601.273153846154,12.0,0.0,3.1,Sports & Outdoors
105831,0.829879756415925,5597.3209748083245,196.0,0.0714285714285714,3.425,Toys & Games
104237,0.8812837253063259,5576.532365826944,371.0,0.1538461538461538,3.4200000000000004,Fashion
105504,0.8163949213580941,5555.347973713034,161.0,0.0666666666666666,3.4285714285714284,Toys & Games
100283,0.6466433616236447,5548.573571428571,67.0,0.0,3.7,Beauty & Personal Care
104336,0.7623733582105834,5522.145833333333,1.0,0.0,3.063636363636364,Beauty & Personal Care
100253,0.6077914303536117,5498.910898138006,181.0,0.3076923076923077,3.7875,Fashion
103827,0.6030657472306181,5495.110252600297,87.0,0.0588235294117647,4.191666666666666,Books
104771,0.692871310907697,5492.021855345912,106.0,0.0,4.0,Fashion
104779,0.6503418748754839,5485.162093628088,1.0,0.0,3.7,Sports & Outdoors
100254,0.6841346159874736,5480.696531791907,55.0,0.0,3.55,Books
104126,0.6882320824456017,5471.528800675675,38.0,0.2,4.077777777777778,Fashion
101848,0.8158573679633375,5466.868455640744,277.0,0.0,3.3083333333333336,Books
102712,0.7751974782893472,5463.556756756757,169.0,0.25,3.425,Fashion
102634,0.6901055409001047,5462.375294117648,172.0,0.0,4.25,Books
103498,0.7819858740488358,5458.6988687782805,82.0,0.0,3.3000000000000003,Sports & Outdoors
101597,0.7668351386671709,5452.101243781094,296.0,0.1666666666666666,4.775,Fashion
103588,0.7689201941498399,5443.417098445596,76.0,0.2,3.725,Grocery
102483,0.6692384839233207,5436.908149779736,41.0,0.3333333333333333,3.0,Home & Kitchen
101176,0.6269118522045126,5424.088630490956,4.0,0.1428571428571428,2.5,Beauty & Personal Care
102239,0.6361984905629652,5423.773043478262,27.0,0.0,1.5,Beauty & Personal Care
105268,0.6562457324186525,5409.375958378971,312.0,0.0,3.9375,Grocery
103676,0.73287313243526,5406.749101123595,105.0,0.0833333333333333,3.642857142857143,Books
102781,0.8711587873761896,5384.867635658915,167.0,0.0,2.2,Home & Kitchen
103413,0.6228355247738488,5384.860869565217,42.0,0.0,1.5499999999999998,Books
102596,0.7021747085006657,5372.1966942148765,12.0,0.0,3.7,Books
105325,0.6939545230227967,5351.646590909091,47.0,0.125,3.733333333333333,Fashion
102963,0.7099409783032405,5348.217469879518,89.0,0.1818181818181818,5.0,Fashion
104103,0.6492476350815894,5343.876050420168,117.0,0.0,4.6000000000000005,Books
105667,0.8311272667882831,5341.638208409506,233.0,0.1,3.266666666666667,Grocery
104486,0.6386104583121202,5327.518942307693,17.0,0.0714285714285714,3.7142857142857135,Grocery
104294,0.6181436858508036,5314.026097560976,85.0,0.0,4.7,Beauty & Personal Care
105324,0.7962815814378207,5296.359469153515,194.0,0.1818181818181818,4.42,Toys & Games
101866,0.6681662971683262,5291.693958333333,128.0,0.0,4.0,Electronics
102098,0.6486531462107712,5279.872972972973,15.0,0.0,4.037037037037037,Home & Kitchen
100843,0.7197450555975814,5259.046292775665,20.0,0.0,3.46,Beauty & Personal Care
105130,0.7231058935773891,5246.528351955307,14.0,0.1666666666666666,3.575,Fashion
105510,0.8664070265934964,5223.244431946006,219.0,0.0909090909090909,2.966666666666667,Books
105375,0.8400458365980026,5220.885442073171,365.0,0.0,3.333333333333333,Fashion
102837,0.6268776453166448,5201.186851211072,16.0,0.0,3.533333333333333,Sports & Outdoors
105254,0.7547820812870053,5198.571467688937,80.0,0.0357142857142857,3.7058823529411766,Books
101914,0.7676118554029937,5194.3588,94.0,0.25,3.233333333333333,Beauty & Personal Care
100345,0.806712877225384,5168.815772179628,90.0,0.0,3.3000000000000003,Toys & Games
104556,0.7162920593363896,5167.21686351706,121.0,0.0666666666666666,4.257142857142857,Books
102314,0.6018707046509725,5167.187416107383,81.0,0.0,4.05,Grocery
101893,0.717817022112987,5166.056534090909,172.0,0.25,3.8,Grocery
100410,0.8610400536517798,5162.258855291577,181.0,0.1428571428571428,3.425,Fashion
100938,0.6111862225732078,5152.758934707904,295.0,0.0833333333333333,3.725,Beauty & Personal Care
105034,0.8120243898220497,5139.263203463203,115.0,0.3333333333333333,3.45,Fashion
105502,0.7367581319166585,5137.231703703704,187.0,0.2307692307692307,3.47,Beauty & Personal Care
104798,0.8257748941241865,5135.976849642005,46.0,0.2,2.65,Home & Kitchen
104034,0.7763047225506158,5127.244094488189,294.0,0.1538461538461538,3.5,Beauty & Personal Care
104479,0.7734818168345045,5125.807338444688,239.0,0.2222222222222222,3.866666666666666,Sports & Outdoors
104168,0.7340554192485514,5122.357228915663,103.0,0.0714285714285714,3.5285714285714285,Toys & Games
102111,0.8817007255417089,5113.774730215828,225.0,0.0,2.0666666666666664,Books
101786,0.7445352458388521,5079.440744797371,21.0,0.0625,3.1666666666666665,Beauty & Personal Care
103288,0.6569884077497502,5071.796299093657,135.0,0.0,4.116666666666666,Books
103367,0.7856301028414311,5066.64075471698,88.0,0.0,3.6,Beauty & Personal Care
105188,0.6900362685729666,5059.179574468085,152.0,0.0,3.86,Beauty & Personal Care
101169,0.861959641820235,5058.632146768894,302.0,0.2,3.742857142857143,Fashion
104210,0.8688342316427184,5057.834255725191,258.0,0.1666666666666666,2.8,Fashion
102676,0.7525734596831836,5046.377692307693,184.0,0.0,3.2,Fashion
103159,0.749552866852525,5044.406482982173,134.0,0.0,3.98,Toys & Games
101461,0.66290077547305,5040.148939732143,59.0,0.0588235294117647,3.927272727272727,Fashion
104914,0.812647561018597,5036.573376623377,63.0,0.0,3.466666666666667,Sports & Outdoors
100092,0.7148083665673939,5032.815446224256,119.0,0.1428571428571428,3.1,Grocery
100150,0.7135048683804603,5032.650416666666,24.0,0.0,2.783333333333333,Fashion
105059,0.7934537880363586,5020.446756756756,120.0,0.1666666666666666,3.1333333333333333,Beauty & Personal Care
104043,0.7208658400515643,5015.81161007667,103.0,0.05,3.9,Grocery
100223,0.7318859581125566,5001.668577075098,220.0,0.1111111111111111,3.171428571428572,Grocery
102203,0.7066401087309826,4995.554350828729,32.0,0.2857142857142857,3.85,Home & Kitchen
105516,0.710015023193739,4982.1100766703175,209.0,0.0,3.8375,Toys & Games
101231,0.7265845968359922,4970.225054945056,109.0,0.0,3.62,Grocery
101705,0.767446439967555,4958.961971830986,92.0,0.1428571428571428,3.583333333333333,Books
101186,0.613420857503399,4956.604450261781,99.0,0.0,4.037037037037037,Electronics
100442,0.601517104459908,4936.87802359882,39.0,0.0,4.38,Grocery
101212,0.6921569602707344,4927.09165232358,175.0,0.2857142857142857,4.14,Fashion
102468,0.6729176316922078,4913.95736497545,80.0,0.1,3.95,Grocery
103324,0.7576894332062785,4898.4125,43.0,0.0,3.7,Grocery
103126,0.6759990125020566,4898.135585585585,152.0,0.0,4.25,Home & Kitchen
102068,0.7688599884268625,4892.285575221238,109.0,0.0,4.25,Fashion
101289,0.7638585149803316,4890.819550561798,137.0,0.0,4.35,Fashion
100857,0.789595140522528,4879.898083242059,280.0,0.125,3.47,Books
100728,0.6612127839812548,4876.870734126985,64.0,0.2857142857142857,3.233333333333333,Beauty & Personal Care
104559,0.8038096539661912,4876.600109649123,71.0,0.0,3.55,Fashion
103473,0.7693555082688558,4871.778532311063,228.0,0.0833333333333333,3.422222222222222,Home & Kitchen
100243,0.6292254362478853,4855.54801980198,61.0,0.0,3.26,Beauty & Personal Care
104024,0.6865666651814195,4854.5,170.0,0.4,2.6,Fashion
101078,0.7119848906499258,4850.337027027027,44.0,0.1111111111111111,3.7,Books
101333,0.6022695631569271,4824.050450450451,6.0,0.0,4.266666666666667,Books
100195,0.701663963452036,4823.862891986063,15.0,0.4285714285714285,4.2,Fashion
102340,0.8307565726372002,4820.340817790531,88.0,0.2857142857142857,3.733333333333333,Home & Kitchen
103381,0.6877669715518279,4805.565376984127,29.0,0.0,3.56,Fashion
105501,0.795254722671271,4799.419352941176,42.0,0.2142857142857142,3.14,Toys & Games
100395,0.7966232825039653,4786.82108433735,264.0,0.1333333333333333,4.083333333333333,Fashion
103530,0.620105162918577,4779.078037383178,67.0,0.0,4.2,Beauty & Personal Care
100469,0.7768484845078284,4767.667628865979,266.0,0.0,3.3,Sports & Outdoors
103497,0.6302710029923627,4763.417907995618,57.0,0.0666666666666666,4.042857142857143,Beauty & Personal Care
100751,0.7809330444759742,4758.715459610027,195.0,0.0,3.9,Beauty & Personal Care
100087,0.7397112539297194,4754.20295728368,95.0,0.25,3.1625,Fashion
102805,0.6026884161979059,4742.256717363752,104.0,0.0,4.183333333333334,Books
102498,0.630968167596537,4742.00470852018,18.0,0.0,4.037037037037037,Books
102844,0.7923839743980675,4735.7283683559945,597.0,0.0,4.55,Grocery
105642,0.8383915146511501,4728.211155063291,103.0,0.0,3.3166666666666664,Fashion
100713,0.7428633226837782,4727.196057818661,298.0,0.125,4.5,Beauty & Personal Care
100078,0.618816614539089,4711.08407079646,55.0,0.0,3.6,Beauty & Personal Care
101243,0.671811909937564,4708.929888888889,201.0,0.0,4.05,Home & Kitchen
103751,0.6526612240873275,4708.413438735178,109.0,0.3333333333333333,3.6,Fashion
100439,0.7817759459963175,4677.392545180724,326.0,0.0,4.037037037037037,Electronics
105618,0.7219447802021578,4673.107109004739,172.0,0.0,4.037037037037037,Home & Kitchen
102457,0.8534611508002078,4665.045376344086,152.0,0.125,3.533333333333333,Books
104380,0.8331750659933206,4664.554506065858,106.0,0.0,3.55,Beauty & Personal Care
100869,0.6752682513836187,4660.390451745379,7.0,0.1666666666666666,3.6,Fashion
100601,0.7685855936002004,4660.189301310043,88.0,0.0,3.266666666666667,Books
104067,0.6497788932466902,4657.79978094195,156.0,0.0,3.857142857142857,Toys & Games
100032,0.6771736788272363,4629.229135338345,6.0,0.2,3.4333333333333336,Beauty & Personal Care
100180,0.6538767060159845,4628.976595744682,86.0,0.0,3.8333333333333335,Grocery
103624,0.6543320353620516,4628.633850129199,152.0,0.3333333333333333,3.85,Fashion
104896,0.7327104097882409,4599.600968523002,223.0,0.0,4.95,Home & Kitchen
101844,0.7058060388561944,4597.168240740741,62.0,0.0,3.3200000000000003,Fashion
101301,0.8427184665140834,4592.115772179627,60.0,0.0,3.4,Fashion
100237,0.8772863568350021,4581.9618,108.0,0.4,3.1333333333333333,Home & Kitchen
105456,0.6144150646666448,4569.636089813801,13.0,0.2857142857142857,4.3,Fashion
102886,0.8935706077216604,4561.21496559633,319.0,0.0,3.0,Fashion
101334,0.6049077934224248,4559.745019157089,3.0,0.0,3.2,Sports & Outdoors
101372,0.7677812807811009,4552.975947521866,304.0,0.0,3.8,Beauty & Personal Care
100349,0.8330872884334933,4550.0735112936345,190.0,0.125,2.5,Toys & Games
103765,0.686687748735913,4532.131005110732,1.0,0.2222222222222222,4.0,Fashion
103440,0.6802446720068904,4532.105115089514,72.0,0.0,4.2,Books
100296,0.6157166662488937,4531.870350109409,67.0,0.0,4.0,Home & Kitchen
102101,0.787687024600827,4524.828641840088,360.0,0.0625,3.775,Beauty & Personal Care
101714,0.617451772161272,4518.715973741794,214.0,0.25,5.0,Home & Kitchen
105302,0.7786366293052187,4512.82643678161,82.0,0.0714285714285714,2.95,Beauty & Personal Care
101797,0.8194719741206304,4509.550842358604,279.0,0.1428571428571428,4.733333333333333,Fashion
105195,0.8316295322185785,4508.981595092025,353.0,0.0,3.266666666666667,Home & Kitchen
102669,0.6550349785360058,4507.672340425532,198.0,0.0,3.95,Home & Kitchen
101511,0.718912473769416,4498.587020810514,165.0,0.0588235294117647,4.14,Grocery
103190,0.7208592167064747,4497.500556328233,193.0,0.1,4.016666666666667,Sports & Outdoors
102342,0.7037029125587693,4495.85045112782,179.0,0.1111111111111111,3.8333333333333335,Fashion
100387,0.8632797392971518,4493.994402985075,231.0,0.0,3.35,Beauty & Personal Care
101915,0.6007829710001523,4485.804375,76.0,0.0,5.0,Grocery
105385,0.6530236126161761,4480.575433526012,30.0,0.0,4.037037037037037,Beauty & Personal Care
105742,0.7635099673670598,4456.213586956522,71.0,0.25,3.65,Beauty & Personal Care
102559,0.8168615260298641,4450.462380952381,192.0,0.0,2.9333333333333336,Sports & Outdoors
100407,0.6307718922289883,4443.454696969698,255.0,0.0,4.3,Toys & Games
102967,0.7971963465944483,4440.575732899023,144.0,0.5,3.6,Fashion
101982,0.630255836976362,4426.793386243386,89.0,0.0,4.5,Sports & Outdoors
104767,0.847560763678749,4425.962322274881,172.0,0.0,3.1333333333333333,Books
103258,0.8579581801769849,4423.243701399689,159.0,0.25,3.216666666666667,Sports & Outdoors
104796,0.787686229785714,4420.210413793104,38.0,0.0666666666666666,3.155555555555556,Grocery
101548,0.7074840921599259,4417.163636363636,68.0,0.2,3.4333333333333336,Electronics
105561,0.6467269650625799,4414.027888446215,51.0,0.0,4.075,Books
103703,0.651758941066539,4413.876562500001,6.0,0.0,3.7,Grocery
100974,0.7184111601008505,4412.220915619389,124.0,0.0,3.716666666666667,Books
100467,0.7742073278686311,4401.004533333334,36.0,0.0,3.0666666666666664,Beauty & Personal Care
104330,0.8546385642108014,4393.054833333334,193.0,0.0909090909090909,3.7,Books
105992,0.6628096152965668,4392.782733050847,174.0,0.0,3.55,Sports & Outdoors
104519,0.6649491962108788,4384.69530516432,69.0,0.0,4.9,Grocery
100418,0.8086826295160797,4381.695071193866,291.0,0.0833333333333333,3.871428571428571,Sports & Outdoors
103681,0.7268102291990849,4378.426724137931,52.0,0.0909090909090909,3.86,Fashion
104541,0.8316968028671539,4378.298820058997,84.0,0.5,2.9,Fashion
104570,0.7365229494619459,4372.959857612267,14.0,0.0,3.4818181818181824,Grocery
103712,0.7163939198451527,4367.705263157895,7.0,0.0,2.9,Grocery
102227,0.7748637464324917,4357.54526431718,30.0,0.0,3.3,Beauty & Personal Care
105389,0.6026758596793964,4339.850000000001,76.0,0.0,3.925,Beauty & Personal Care
105250,0.6909095669758969,4338.0070098576125,220.0,0.0625,3.9,Books
100043,0.838685992791961,4337.738918918919,112.0,0.0,3.1,Beauty & Personal Care
101651,0.7355259443761544,4321.324054982817,12.0,0.0,3.0,Grocery
105499,0.7245536685521716,4319.761007667032,226.0,0.0769230769230769,4.15,Beauty & Personal Care
103369,0.6700422206052692,4313.420481927711,40.0,0.0909090909090909,3.74,Fashion
104800,0.7429848720814579,4307.434893617022,165.0,0.0,4.037037037037037,Fashion
103409,0.8767726801043401,4307.31582694414,195.0,0.0,2.7,Fashion
101613,0.6307766381732027,4304.267597765364,17.0,0.0,4.4,Toys & Games
104888,0.7427622831247054,4299.431471389646,127.0,0.0,4.037037037037037,Electronics
100174,0.6379152952332867,4292.926375711575,39.0,0.0,3.35,Beauty & Personal Care
101354,0.6539426300784456,4292.586382978723,52.0,0.0,3.8,Books
102240,0.8414263852738961,4281.749180327869,79.0,0.1666666666666666,3.16,Home & Kitchen
104502,0.8807037542302574,4272.171084337349,145.0,0.0,2.925,Sports & Outdoors
101596,0.6858497738137044,4270.463681592039,124.0,0.125,3.733333333333333,Fashion
105683,0.629619663125637,4263.1935626102295,29.0,0.1428571428571428,3.56,Fashion
104101,0.6457636096721312,4259.299999999999,145.0,0.0,4.7,Electronics
104473,0.7516374777736218,4258.619607843137,10.0,0.4,2.975,Books
101376,0.7046565283647458,4242.961914893617,134.0,0.0,4.8,Sports & Outdoors
100792,0.7940050622442856,4235.956077348066,246.0,0.0,4.0,Toys & Games
100558,0.6355646516847248,4203.057125,25.0,0.0,3.44,Beauty & Personal Care
105262,0.7816394790086726,4202.383802816901,27.0,0.1111111111111111,3.283333333333333,Toys & Games
102297,0.6263298303659062,4196.156736035049,109.0,0.0666666666666666,4.1625,Toys & Games
101441,0.7655877862714877,4195.895921052632,135.0,0.0,3.8,Beauty & Personal Care
105060,0.6854513379531668,4191.283406352683,76.0,0.0714285714285714,4.0625,Beauty & Personal Care
101520,0.6278764707007339,4190.159141791045,1.0,0.0,4.25,Grocery
103046,0.6317617691441785,4186.332495344506,9.0,0.2222222222222222,3.92,Fashion
103757,0.8144285362481889,4168.23716744914,251.0,0.0,3.25,Books
102464,0.773699669188502,4165.698226544622,247.0,0.1818181818181818,3.54,Fashion
101606,0.7700703612716113,4162.944494047619,427.0,0.0,4.2,Beauty & Personal Care
105525,0.6357511697548393,4159.261317567568,102.0,0.0,4.9,Fashion
101132,0.7816178611290847,4158.945425667091,229.0,0.0666666666666666,4.07,Books
100148,0.8297306483495005,4158.257502738225,105.0,0.0,3.0545454545454547,Grocery
102598,0.8442302930541824,4157.506256860593,230.0,0.0714285714285714,3.985714285714285,Grocery
105357,0.7763292751486953,4152.444687842278,157.0,0.0714285714285714,4.4,Toys & Games
105600,0.7201356315672683,4150.113351134847,148.0,0.0,4.066666666666666,Home & Kitchen
104500,0.7341752341685084,4138.156516976998,113.0,0.0416666666666666,3.3181818181818183,Books
104223,0.8128841695589903,4135.54653652393,274.0,0.0,3.9333333333333336,Home & Kitchen
103920,0.7129726856610391,4129.268071312804,78.0,0.0909090909090909,3.757142857142857,Toys & Games
101575,0.7768133554364518,4127.025632183909,123.0,0.2,4.037037037037037,Toys & Games
102587,0.7533206670412171,4113.066493506494,138.0,0.0,3.5,Sports & Outdoors
102576,0.8643060534880865,4111.491128148959,444.0,0.0,3.625,Fashion
102435,0.8034893557929554,4108.363157894737,263.0,0.1,3.82,Books
103081,0.6464596489067348,4105.309361233481,129.0,0.0,4.666666666666667,Books
105602,0.6847983364566168,4096.327437020811,60.0,0.0,4.111111111111111,Fashion
100529,0.8672540382842352,4093.79705882353,218.0,0.0,3.4333333333333336,Home & Kitchen
103960,0.6500699036274322,4084.9171846435097,87.0,0.0,4.525,Toys & Games
100061,0.8276028014255352,4084.034818941504,450.0,0.0,3.75,Fashion
104791,0.808017509729266,4083.412901155328,131.0,0.1428571428571428,3.185714285714286,Grocery
103973,0.8042333010625267,4077.837568455641,23.0,0.0,3.22,Sports & Outdoors
100303,0.7146448212427581,4077.037192982456,172.0,0.0,3.657142857142857,Beauty & Personal Care
105235,0.7862284638841167,4076.94304029304,28.0,0.0,3.375,Toys & Games
100729,0.6987500369318462,4049.4627906976734,98.0,0.0,4.45,Sports & Outdoors
100702,0.6241934179055759,4045.446615384616,93.0,0.0,3.966666666666667,Grocery
101194,0.8586694999039807,4035.227436194896,167.0,0.0,3.1,Beauty & Personal Care
103573,0.6904126245765968,4032.23203517588,87.0,0.0,3.783333333333333,Books
103246,0.7764016001444031,4015.034629981024,259.0,0.0,3.94,Grocery
103766,0.6140418661277067,4013.787220447284,320.0,0.25,4.325,Home & Kitchen
104854,0.7745293373570361,4010.04262560778,210.0,0.0,4.166666666666667,Sports & Outdoors
103890,0.7067731225657237,3999.124839743589,81.0,0.0,4.733333333333333,Books
100639,0.7166673645152861,3990.0936473165393,109.0,0.1,4.116666666666666,Books
105605,0.6964315084363436,3988.975787401576,73.0,0.0,4.300000000000001,Fashion
100161,0.7684049684760795,3987.3021329987455,192.0,0.0,4.16,Grocery
102377,0.8257562278733104,3987.211410459588,278.0,0.0,3.5,Grocery
105387,0.6478887657039121,3977.3516853932592,22.0,0.0,3.4,Grocery
100704,0.6717211930433961,3976.716695957821,89.0,0.0,3.866666666666667,Toys & Games
102081,0.6792531500570556,3973.012585034013,86.0,0.0,4.037037037037037,Electronics
104141,0.7660326624364336,3972.567250821468,166.0,0.0,4.125,Grocery
103599,0.7794659807063183,3960.4071770334926,207.0,0.05,3.89375,Books
100080,0.6571874027504332,3944.3587075575024,2.0,0.0,3.85,Fashion
101896,0.7860070331157694,3941.2948863636366,139.0,0.0,3.275,Books
100517,0.6106285989144719,3941.224778761061,12.0,0.0,4.133333333333334,Grocery
100715,0.6463621280381134,3932.959230769231,26.0,0.0,3.5,Books
102180,0.6135435696352864,3929.179061784897,20.0,0.3333333333333333,3.85,Fashion
102392,0.6911200288768488,3923.0230932203385,146.0,0.0,4.9,Toys & Games
101159,0.6156926799857493,3918.554178470255,29.0,0.0,3.5375,Beauty & Personal Care
104220,0.7245445397903972,3910.750741525425,14.0,0.0,3.45,Grocery
105294,0.8955373412947929,3906.910333761232,269.0,0.1111111111111111,3.333333333333333,Beauty & Personal Care
100446,0.8389208901077807,3890.10443592552,269.0,0.2,4.037037037037037,Fashion
100674,0.6837042094945501,3883.279824561403,37.0,0.1666666666666666,3.266666666666667,Books
102862,0.7812312451309738,3879.0435833333336,417.0,0.1428571428571428,4.133333333333333,Toys & Games
103673,0.6056067116123183,3868.256050955414,27.0,0.0,5.0,Sports & Outdoors
103572,0.73486279460229,3856.937721893492,1.0,0.1666666666666666,3.3666666666666667,Beauty & Personal Care
102800,0.8054318908463297,3855.274479166667,127.0,0.25,3.1,Fashion
102693,0.6763272594090917,3844.695951859957,137.0,0.6666666666666666,4.0,Fashion
102090,0.6518805334576834,3835.254090909091,5.0,0.0,4.037037037037037,Fashion
102243,0.8708824679151206,3828.924967907574,410.0,0.25,3.62,Home & Kitchen
101091,0.8840423020251241,3808.472990543735,150.0,0.2857142857142857,3.46,Fashion
103557,0.7875590689304537,3805.716891891892,157.0,0.0,3.8333333333333335,Toys & Games
100866,0.8008342788726314,3788.8199342825847,204.0,0.1111111111111111,4.26,Fashion
101304,0.7994634110817338,3786.792266666667,263.0,0.0,4.5,Toys & Games
103522,0.6288549579570618,3784.9283333333337,2.0,0.4,3.6666666666666665,Fashion
102269,0.746308255034994,3784.2863475177305,237.0,0.0,3.625,Grocery
100502,0.7622566250822771,3770.82223796034,128.0,0.1428571428571428,3.7000000000000006,Beauty & Personal Care
103249,0.7817669511108792,3768.449440715883,166.0,0.0,4.0200000000000005,Books
103005,0.6708049928050286,3767.244802867384,125.0,0.0,3.4,Fashion
101611,0.608835025176341,3761.665254237288,5.0,0.0,4.037037037037037,Beauty & Personal Care
103568,0.9061920901390272,3755.050438116101,204.0,0.1666666666666666,2.6666666666666665,Books
100764,0.714345405844207,3751.916155531216,69.0,0.1538461538461538,3.966666666666667,Books
100797,0.8192870690468445,3746.179299014239,372.0,0.4285714285714285,3.775,Fashion
105107,0.8132529220329294,3743.476779846659,223.0,0.0,3.8,Home & Kitchen
105513,0.61680826264733,3728.7205804749337,70.0,0.0,4.5,Grocery
105954,0.8827595675546063,3727.3175657894735,83.0,0.1666666666666666,2.525,Fashion
101600,0.8044887425927931,3721.766051136364,106.0,0.2,1.3,Grocery
100711,0.7486985699204635,3716.5115553121577,351.0,0.25,3.7,Beauty & Personal Care
105098,0.6395592071545453,3713.6278293135433,143.0,0.0,3.6,Grocery
100545,0.8102590385434633,3698.797781299525,70.0,0.0769230769230769,3.45,Books
102877,0.6697936836040551,3695.5273239436615,55.0,0.1666666666666666,4.15,Grocery
101889,0.859214297689809,3693.402198852773,357.0,0.0,3.266666666666667,Home & Kitchen
104912,0.808588206426196,3679.484679665738,258.0,0.0,4.05,Toys & Games
102286,0.8336193340152621,3671.468047337278,383.0,0.0,4.0,Fashion
103149,0.7342791518808602,3659.241299019608,4.0,0.0,3.4000000000000004,Fashion
103605,0.7386766801024008,3658.649635701275,69.0,0.0,3.7,Sports & Outdoors
105562,0.6847651783646305,3656.78069105691,23.0,0.3333333333333333,2.05,Toys & Games
101258,0.682850257661492,3655.81219047619,321.0,0.0,4.033333333333333,Home & Kitchen
102825,0.634602204352786,3644.947631578947,114.0,0.0,4.366666666666666,Beauty & Personal Care
100859,0.6375818856036604,3617.133256880734,137.0,0.3333333333333333,4.3,Fashion
105596,0.7703139679731826,3615.277685185185,22.0,0.2,3.6,Sports & Outdoors
103152,0.8543293509709012,3612.0102959309497,258.0,0.1428571428571428,3.9333333333333336,Toys & Games
105146,0.6691285161037014,3587.865335051546,81.0,0.1428571428571428,3.9333333333333336,Toys & Games
105427,0.7352336897076134,3586.4401606425704,156.0,0.0,2.8,Fashion
101356,0.730710109360023,3582.2125418060195,42.0,0.3333333333333333,3.6,Beauty & Personal Care
103566,0.6617153607829732,3577.1644622093027,256.0,0.1666666666666666,4.075,Fashion
101675,0.6612666908896382,3576.149514563107,17.0,0.0,4.166666666666667,Home & Kitchen
102585,0.7435985326673928,3576.029665492957,50.0,0.0,3.64,Books
101239,0.8310948900999746,3566.44978094195,529.0,0.0,3.6875,Beauty & Personal Care
105778,0.7594097374234855,3563.87915451895,144.0,0.0,3.85,Beauty & Personal Care
101631,0.7886753980189709,3523.060629453682,91.0,0.0,3.711111111111111,Grocery
103445,0.7252745597493658,3508.0150000000003,118.0,0.0,4.35,Grocery
103124,0.6385569683117747,3506.3500000000004,7.0,0.0,3.7,Books
100789,0.7718134658034929,3502.798734177215,181.0,0.0,3.8,Home & Kitchen
102008,0.8713301795957382,3497.939530201342,138.0,0.25,2.2750000000000004,Fashion
100168,0.7581658164395766,3495.886939102564,229.0,0.0,4.48,Sports & Outdoors
103305,0.6134563823823144,3494.1462457337884,31.0,0.0,3.4714285714285715,Books
103618,0.7080595743368154,3487.637734375,60.0,0.125,3.766666666666667,Fashion
100891,0.7440522782170457,3484.8003699136866,245.0,0.3076923076923077,4.4,Grocery
102388,0.7198748232827774,3483.947717842324,14.0,0.0769230769230769,3.55,Books
102194,0.8160139776922124,3483.321456692913,114.0,0.2,1.2,Home & Kitchen
101337,0.6213673974720126,3481.9213286713293,132.0,0.0,4.037037037037037,Beauty & Personal Care
100906,0.9191337732796576,3479.6608452950563,346.0,0.0,3.1,Grocery
102936,0.8080502580537271,3479.487983978638,156.0,0.1666666666666666,3.716666666666667,Fashion
105137,0.6246056175890522,3475.1244444444446,74.0,0.0,3.675,Beauty & Personal Care
101401,0.7912283227996753,3474.6600766703173,160.0,0.0,4.12,Books
103221,0.8550982335840431,3463.190361445784,442.0,0.0,3.9,Books
100291,0.7974937742872118,3447.798795180722,120.0,0.1428571428571428,3.5,Grocery
101829,0.7980305321534352,3439.217636022514,225.0,0.0,3.45,Toys & Games
102381,0.7095983135400428,3431.815553121577,65.0,0.0909090909090909,4.85,Home & Kitchen
103518,0.8563719143503361,3430.3546577946768,209.0,0.0,3.4,Books
102972,0.7871104005349774,3426.55843373494,88.0,0.2,4.183333333333334,Fashion
103348,0.8065642267366927,3415.112761020882,306.0,0.0,3.983333333333333,Grocery
105537,0.8434565600682085,3413.286892052194,188.0,0.0,3.771428571428572,Toys & Games
105053,0.6054754328559879,3410.6910256410256,58.0,0.0,3.5,Fashion
102343,0.8548750643946977,3408.715065913371,149.0,0.0,2.3,Toys & Games
101875,0.7238157894362344,3402.1869627507167,43.0,0.0,4.15,Books
100661,0.622694564320771,3398.997630331753,35.0,0.0,4.037037037037037,Beauty & Personal Care
101478,0.6267429858805726,3397.5141935483875,99.0,0.6666666666666666,4.7,Fashion
104243,0.8182016935009657,3392.9569105691053,153.0,0.0,4.233333333333333,Beauty & Personal Care
102093,0.7196055335810506,3363.8088170865285,39.0,0.0,3.4857142857142853,Grocery
102818,0.6531343305796027,3360.01261682243,60.0,0.0,4.2,Books
104492,0.7985348380703451,3357.127711864407,287.0,0.5,4.037037037037037,Fashion
105903,0.6758215959034709,3353.81512890095,40.0,0.0769230769230769,3.84,Grocery
100364,0.6953838042630045,3353.1832844574774,185.0,0.0,3.7,Grocery
101418,0.7993109013536208,3342.367202572348,200.0,0.1111111111111111,3.6,Beauty & Personal Care
104093,0.637496597836017,3339.8402091254748,30.0,0.0,2.66,Books
102504,0.6290135518265343,3327.578199718706,8.0,0.0,3.825,Grocery
102988,0.8262044223794398,3324.625056179776,221.0,0.0,3.466666666666667,Beauty & Personal Care
102841,0.6394798830118245,3323.95034965035,47.0,0.0,4.2,Beauty & Personal Care
102757,0.737757712416097,3323.6206703910616,89.0,0.0,4.45,Home & Kitchen
100737,0.8397354462063485,3322.0277108433734,388.0,0.0,4.0,Sports & Outdoors
102682,0.7427790451053622,3321.285050962628,87.0,0.0,3.455555555555556,Books
104697,0.8767957698667397,3319.970132013201,103.0,0.2,3.55,Toys & Games
105038,0.6763505083444455,3319.505093099672,94.0,0.0,4.1000000000000005,Books
103340,0.7353664712951982,3316.953579295154,60.0,0.1,3.928571428571429,Fashion
101287,0.7954172860414562,3315.8542527339005,287.0,0.0833333333333333,3.9375,Beauty & Personal Care
102268,0.8155586038105214,3306.4297546012267,127.0,0.0,4.25,Beauty & Personal Care
101346,0.7406067428451644,3302.390675990676,98.0,0.0,3.775,Beauty & Personal Care
103325,0.618743471926212,3298.653929765886,70.0,0.0,4.16,Beauty & Personal Care
103675,0.7371289001883551,3290.219158878505,152.0,0.0,3.8,Toys & Games
103200,0.7865760411947167,3284.5716836734696,150.0,0.0,3.62,Sports & Outdoors
101984,0.8709158643216507,3284.4342887473463,123.0,0.0,3.4,Fashion
100408,0.7061263344190805,3282.961861313868,43.0,0.0,4.4,Home & Kitchen
105541,0.7446947367685978,3279.0472617743703,5.0,0.0,4.037037037037037,Fashion
100324,0.8152826774456442,3270.4719605695504,104.0,0.0,3.72,Fashion
101751,0.7338768972185774,3266.090361445783,68.0,0.125,4.21,Books
105876,0.6817475749106857,3256.2094551282057,220.0,0.0,3.85,Home & Kitchen
104489,0.8902918791482779,3251.20944363104,467.0,0.0,3.35,Grocery
100591,0.8425824638170449,3243.787087912088,141.0,0.1666666666666666,3.9,Sports & Outdoors
101104,0.8766493410109506,3235.662746858168,334.0,0.0,4.2,Toys & Games
104425,0.807803455031626,3229.806081081081,458.0,0.0,4.15,Toys & Games
101095,0.7020576326815247,3224.3412376779847,256.0,0.0,4.411111111111111,Grocery
101320,0.8773594701929203,3220.33152173913,122.0,0.3333333333333333,3.0666666666666664,Fashion
101062,0.7631436612485958,3216.8133625410733,247.0,0.0,4.1000000000000005,Grocery
105166,0.684143225870722,3214.54660460022,107.0,0.1333333333333333,3.97,Beauty & Personal Care
101481,0.8175904591208571,3200.8501095290253,101.0,0.1111111111111111,3.9166666666666665,Beauty & Personal Care
100511,0.6530386393215912,3193.709293680297,128.0,0.0,2.6,Beauty & Personal Care
101543,0.7991259449581041,3187.4747467438497,94.0,0.0,3.7,Books
102657,0.6453494473262,3182.846794871795,24.0,0.0588235294117647,3.7666666666666666,Books
105757,0.7899448698303385,3170.857635009311,120.0,0.0,3.55,Fashion
102168,0.6874945668088356,3150.7596118299443,95.0,0.0,3.575,Fashion
101476,0.6289120026076901,3135.478391959799,104.0,0.0,2.4,Grocery
105000,0.8784880407071401,3134.938225629792,410.0,0.25,3.7,Electronics
103122,0.7667870932447767,3134.5761726078804,295.0,0.0,4.025,Toys & Games
101054,0.8118343007933959,3131.915881708653,308.0,0.0769230769230769,3.8,Grocery
103793,0.7455757832376152,3131.826871657754,144.0,0.2,3.575,Toys & Games
103172,0.8375134685407781,3130.052902519168,279.0,0.0,4.114285714285715,Books
104236,0.7096964475722878,3125.919189189189,43.0,0.0,4.45,Fashion
101142,0.726556202299454,3122.605672268908,89.0,0.0,3.9500000000000006,Toys & Games
104058,0.603399615745819,3119.6172413793106,4.0,0.0,4.037037037037037,Beauty & Personal Care
103138,0.7065620493715606,3119.017171717172,57.0,0.0,4.333333333333333,Beauty & Personal Care
101654,0.632706430985798,3097.1978947368425,57.0,0.0,3.3,Beauty & Personal Care
103899,0.6431400350101426,3091.1348125,96.0,0.0,4.54,Toys & Games
101735,0.6717310542720208,3089.5425,76.0,0.0,4.1,Home & Kitchen
105590,0.804990337437888,3084.074599542334,527.0,0.0,4.15,Books
102710,0.8430357137616501,3074.734725050916,465.0,0.0,4.6,Fashion
102871,0.8476050735907057,3072.816265060241,224.0,0.125,4.1571428571428575,Beauty & Personal Care
101275,0.876928900463745,3063.415175097276,158.0,0.0,3.4,Books
104138,0.7756747220551229,3046.100327510917,13.0,0.0,2.6,Grocery
105004,0.7986432899962927,3019.714523809524,21.0,0.2,3.4,Fashion
105444,0.61561887661728,3008.9484076433123,28.0,0.2857142857142857,4.15,Books
101736,0.6092819403804386,3008.7961148648646,66.0,0.2,3.775,Grocery
102667,0.8443439693171888,3007.9381471389647,321.0,0.0,3.875,Grocery
102130,0.6727864572871205,3002.7989626556014,83.0,0.0,4.3,Beauty & Personal Care
105093,0.6635916856109207,2980.183023001095,45.0,0.0,3.955555555555556,Books
101066,0.6375436421210091,2969.2024147727275,232.0,0.25,4.0,Grocery
100238,0.6461633650470731,2945.588556338028,109.0,0.0,3.466666666666667,Grocery
104638,0.7377245356875186,2945.533023255814,81.0,0.1666666666666666,2.925,Grocery
100527,0.6869872413687405,2925.124209245742,69.0,0.0,4.037037037037037,Beauty & Personal Care
100232,0.779018417217197,2924.7742299794663,105.0,0.0,4.449999999999999,Fashion
101954,0.7926127245566676,2923.139164785553,81.0,0.0,3.3,Grocery
101605,0.8945343407823954,2922.7234133790744,371.0,0.1666666666666666,3.3199999999999994,Beauty & Personal Care
103467,0.6973887498152253,2912.676013143483,448.0,0.1428571428571428,3.866666666666666,Beauty & Personal Care
104004,0.8956421386846575,2912.200273822563,264.0,0.0,2.875,Beauty & Personal Care
101151,0.6252419938531929,2911.931134259259,26.0,0.0,3.75,Sports & Outdoors
102901,0.6289305442820808,2897.1626459143968,3.0,0.0,2.2,Grocery
105041,0.7123040980690437,2891.2049635036497,31.0,0.25,4.575,Beauty & Personal Care
104604,0.8010536665862553,2887.9509722222224,176.0,0.0,2.95,Beauty & Personal Care
102076,0.8531811382471672,2882.961359223301,316.0,0.0,3.7,Fashion
101725,0.8179998957047894,2877.380637813212,91.0,0.1111111111111111,4.12,Beauty & Personal Care
102461,0.686283567958125,2869.02507788162,56.0,0.0,4.2,Grocery
102141,0.7631904182363369,2867.5265463917526,56.0,0.0,3.4333333333333336,Grocery
101804,0.6136784746269666,2857.786089813801,46.0,0.1111111111111111,4.425,Beauty & Personal Care
104879,0.85622567435501,2854.007192254495,554.0,0.0,4.7,Sports & Outdoors
103125,0.8081117648668124,2845.8589810017274,131.0,0.1666666666666666,3.966666666666667,Grocery
102479,0.7487466672280216,2842.621214642263,86.0,0.1428571428571428,2.35,Toys & Games
102851,0.8151208822938716,2832.4856807511733,158.0,0.125,2.94,Books
101769,0.8400515349245719,2826.784190620272,158.0,0.0,3.583333333333333,Toys & Games
101991,0.7884735449885986,2825.491785323111,503.0,0.1428571428571428,3.65,Fashion
103790,0.830260985050089,2821.9217415115004,162.0,0.0769230769230769,4.05,Beauty & Personal Care
102586,0.77200338495717,2817.8675925925927,100.0,0.1428571428571428,4.225,Beauty & Personal Care
104179,0.8094990324189786,2817.8090458488227,59.0,0.0,2.66,Books
103099,0.7890992615071984,2806.742059145673,80.0,0.0,3.75,Grocery
102583,0.6212481357506848,2804.1615591397845,35.0,0.0,4.0,Beauty & Personal Care
101496,0.8302277556793648,2799.1906962785115,57.0,0.0,3.414285714285714,Toys & Games
100645,0.810409594359197,2783.158274894811,95.0,0.0,3.175,Books
100756,0.6862735771832082,2780.052683461117,40.0,0.0,3.8857142857142857,Grocery
105927,0.6080185322414102,2779.324311926606,9.0,0.0,3.9,Books
104322,0.7267088877153971,2778.205257270693,29.0,0.1111111111111111,4.1,Fashion
105571,0.7089459254210514,2777.0143483023003,5.0,0.0,3.96,Grocery
102070,0.6894139197036949,2770.7627976190474,98.0,0.0,3.0,Fashion
103089,0.8243520995915962,2763.669660460022,552.0,0.0,4.1,Electronics
102539,0.6204832984204681,2762.241785714286,132.0,0.0,4.037037037037037,Sports & Outdoors
100670,0.6473110785873417,2749.1800000000003,74.0,0.0,3.6,Books
101123,0.7766002047757066,2731.451231060606,205.0,0.1428571428571428,4.18,Books
104512,0.6415439215363985,2730.6103550295857,47.0,0.0,2.9,Books
102939,0.8239484082654149,2726.984815436241,440.0,0.2,3.65,Sports & Outdoors
104416,0.8342827598792621,2723.043921139102,27.0,0.1,3.38,Grocery
101259,0.8741491501026734,2721.1616546762584,113.0,0.0,3.2,Fashion
104410,0.7033631824173419,2702.478717948718,42.0,0.0,3.4333333333333336,Books
101380,0.7684895480456457,2696.8453086419754,36.0,0.0,3.575,Beauty & Personal Care
100987,0.8137953348912029,2693.92538593482,66.0,0.1428571428571428,2.85,Books
103428,0.7398211478818253,2666.121279069768,92.0,0.0,4.033333333333333,Grocery
101419,0.8715737884189291,2646.0900876232204,264.0,0.125,4.0,Toys & Games
101899,0.7422686605906589,2643.0312910284465,54.0,0.0,3.1,Beauty & Personal Care
101707,0.8127628300539481,2642.7016455696203,216.0,0.0,3.25,Grocery
103303,0.6161729946498649,2640.2155109489045,144.0,0.0,5.0,Toys & Games
102652,0.7997222494934882,2632.9851315789474,143.0,0.0,3.533333333333333,Beauty & Personal Care
103908,0.7195286210394878,2630.3593155893536,81.0,0.0,4.5,Books
101932,0.6252838299157137,2621.981224489796,13.0,0.0,3.72,Books
102413,0.7318476011105087,2618.472140957447,102.0,0.0909090909090909,4.0,Books
101050,0.6420360304060647,2612.513919821826,68.0,0.25,3.975,Fashion
105792,0.8636543180274474,2594.984090909091,120.0,0.4,2.25,Fashion
101616,0.844124161900487,2592.155640744797,626.0,0.25,4.3,Fashion
101852,0.6427757488768954,2580.324517374517,23.0,0.0,3.7,Books
100372,0.8652562616311448,2580.126811594203,246.0,0.0,4.228571428571429,Grocery
103168,0.8707200400232115,2578.5498,89.0,0.5,2.6,Electronics
100662,0.6076014382069905,2578.548387096774,25.0,0.0,4.037037037037037,Grocery
105401,0.8179227780923648,2578.2323193916354,179.0,0.5,1.6,Fashion
102352,0.6787208072792328,2576.234924078091,115.0,0.0,3.4,Grocery
103629,0.733036579225631,2570.1647969052224,74.0,0.1666666666666666,4.566666666666666,Grocery
100475,0.7155955715339508,2569.8354838709674,215.0,0.0,4.066666666666666,Beauty & Personal Care
100546,0.760131777043252,2560.6195544554457,51.0,0.0,1.9,Books
100775,0.7833634694647449,2551.497037914692,79.0,0.0,2.525,Grocery
103347,0.739278542928771,2543.849450549451,95.0,0.2,3.9,Books
100576,0.8512819836944086,2540.5258620689656,547.0,0.125,3.5,Books
104777,0.8290323224916888,2523.1521205357144,84.0,0.2,3.1333333333333333,Beauty & Personal Care
101011,0.7055590301303135,2500.5929018789143,52.0,0.0,4.4,Grocery
101386,0.777008820714142,2488.2625,265.0,0.0,4.3,Home & Kitchen
104520,0.6149699276033634,2488.041379310345,245.0,0.0,4.037037037037037,Home & Kitchen
100049,0.6853822887751604,2475.294186046512,36.0,0.0,3.4000000000000004,Sports & Outdoors
103989,0.8051379912937255,2471.863786279684,136.0,0.1111111111111111,3.02,Beauty & Personal Care
103187,0.7861911662211968,2463.909653092006,471.0,0.0,4.2,Grocery
104406,0.7639721912364863,2463.72,206.0,0.0,2.933333333333333,Books
103201,0.8632944579768838,2459.5163198247533,361.0,0.0,3.38,Toys & Games
102143,0.7972059657469964,2446.4586460032624,107.0,0.1428571428571428,4.433333333333334,Beauty & Personal Care
103784,0.6238884835324132,2444.13125,20.0,0.0,4.037037037037037,Home & Kitchen
101413,0.8823907120116047,2441.9019715224536,129.0,0.1428571428571428,3.34,Fashion
101622,0.6200813502674871,2439.6888157894737,0.0,0.0,3.1500000000000004,Books
104074,0.8528530781640237,2439.629822834646,146.0,0.0,3.5,Beauty & Personal Care
104276,0.7049954797750887,2426.922877358491,50.0,0.0,4.1,Beauty & Personal Care
101408,0.7783025872046844,2425.397251461988,63.0,0.2,4.050000000000001,Toys & Games
103849,0.857393300323553,2424.923355817876,257.0,0.0,3.233333333333333,Fashion
105704,0.7659875786275214,2414.111398467433,79.0,0.2,3.85,Beauty & Personal Care
105930,0.6449961382343535,2405.734210526316,124.0,0.0,3.25,Grocery
104444,0.8644194156307856,2398.641675794085,425.0,0.1538461538461538,3.3000000000000003,Beauty & Personal Care
100918,0.6015435043722882,2397.8315748031496,65.0,0.0,4.233333333333333,Grocery
103704,0.8850465498977047,2394.2455934195063,242.0,0.0,2.45,Books
102592,0.7630343090008066,2386.83143812709,97.0,0.0,3.1,Beauty & Personal Care
104534,0.8841350783834949,2361.742105263158,368.0,0.0,3.6,Sports & Outdoors
103650,0.856505518694233,2356.4727820372395,445.0,0.1,3.86,Beauty & Personal Care
101273,0.8598863305134264,2345.659360000001,119.0,0.0,4.55,Home & Kitchen
102255,0.7831637773502911,2345.049273858921,212.0,0.5,3.8,Fashion
104840,0.8125892242271078,2332.431111111111,17.0,0.0,3.35,Beauty & Personal Care
100426,0.7461283412386447,2326.744019138756,208.0,0.0,4.35,Beauty & Personal Care
105404,0.7929502977329793,2326.385268346112,145.0,0.0,3.1333333333333333,Home & Kitchen
102152,0.8731860340465417,2319.223450586265,100.0,0.5,2.3,Fashion
102315,0.7328788911211511,2295.904887218045,97.0,0.0,3.76,Books
104565,0.6619283122922233,2283.857142857143,152.0,0.0,4.037037037037037,Beauty & Personal Care
104399,0.6005897912734347,2267.1495437956205,5.0,0.0,3.8,Books
101842,0.8461028595479282,2263.282875,348.0,0.0,4.3,Fashion
104783,0.6189992100286896,2251.4058823529413,42.0,0.0,4.175,Beauty & Personal Care
100210,0.6793513000384367,2250.0447530864194,134.0,0.0,3.7,Grocery
103010,0.8616126364780834,2242.493251088534,233.0,0.0,3.475,Beauty & Personal Care
105336,0.8318941360039882,2234.1792207792205,253.0,0.0,3.45,Home & Kitchen
101608,0.6337632802153007,2232.742758620689,138.0,0.0,4.037037037037037,Grocery
104083,0.8403515841470752,2221.499652294854,201.0,0.0,3.983333333333333,Books
103235,0.8965505224720873,2218.5493036211697,157.0,0.5,3.0,Fashion
102329,0.6316473180837895,2211.9285156250003,90.0,0.0,4.95,Grocery
100962,0.7785025697664181,2207.2406172839505,48.0,0.0,3.1,Fashion
104693,0.640682072337508,2192.7771739130435,78.0,0.0,4.037037037037037,Sports & Outdoors
102581,0.8892807829750392,2188.9085436893206,168.0,0.3333333333333333,3.7,Toys & Games
105622,0.8209225626305394,2183.405740181269,231.0,0.0,5.0,Toys & Games
101189,0.6167648436141332,2166.609154929577,32.0,0.0,5.0,Books
103447,0.7538301973469848,2162.8080906148866,72.0,0.0,3.45,Books
103698,0.870798954346715,2161.81209439528,121.0,0.0,3.75,Fashion
104645,0.7110446694816391,2135.3103305785125,126.0,0.0,4.037037037037037,Toys & Games
100377,0.822494762109057,2119.882420591457,13.0,0.25,2.95,Fashion
105535,0.8328475840769642,2113.036887254902,109.0,0.0,3.9,Books
100750,0.8135829950687503,2111.8653641207816,215.0,0.4,2.3,Beauty & Personal Care
102404,0.8783316608103366,2100.4050930996714,607.0,0.2,2.0,Fashion
101756,0.8375372569189679,2097.902528735632,77.0,0.25,2.3,Fashion
101739,0.8105168919976511,2096.096507936508,220.0,0.0,2.8,Sports & Outdoors
101415,0.8401489569743394,2092.373493975904,384.0,0.2,2.95,Fashion
101097,0.8223578701667421,2091.401591511936,184.0,0.0,3.5,Sports & Outdoors
103065,0.6982099508104835,2090.3764705882354,8.0,0.0,4.037037037037037,Books
100220,0.7570562476290356,2085.075115207373,195.0,0.0,4.65,Grocery
100039,0.6922843859471434,2077.9081651376146,37.0,0.1666666666666666,4.233333333333333,Beauty & Personal Care
103049,0.829803712778138,2077.861445783132,8.0,0.2857142857142857,3.1,Fashion
103323,0.74897356009269,2072.153963414634,73.0,0.6666666666666666,3.533333333333333,Beauty & Personal Care
105006,0.6811911932210272,2068.5894736842106,49.0,0.0,3.5666666666666664,Grocery
102057,0.8745794669763244,2056.3412376779847,202.0,0.0,4.2,Beauty & Personal Care
102263,0.6131878787258088,2048.0961111111114,92.0,0.0,5.0,Books
101416,0.81611498798404,2047.4399280575544,164.0,0.3333333333333333,5.0,Books
102026,0.6667028281609837,2045.897039473684,69.0,0.0,4.1,Grocery
103241,0.6334243667589028,2044.3073684210524,107.0,0.0,4.45,Fashion
100594,0.8750619927223748,2027.2114398422093,205.0,0.0,3.8,Sports & Outdoors
100412,0.6417022042896153,2025.444621513944,22.0,0.0,2.3,Books
104975,0.7973046781640342,2011.556925675676,186.0,0.0,4.1,Beauty & Personal Care
101396,0.8363321970888786,2000.7493487698985,309.0,0.0,3.65,Beauty & Personal Care
100108,0.8529115020637719,1997.368103448276,211.0,0.25,4.8,Beauty & Personal Care
103357,0.7586656060824499,1996.7216898954705,43.0,0.0,3.1666666666666665,Books
102254,0.8824972750599944,1990.8307086614177,154.0,0.3333333333333333,3.5,Home & Kitchen
105309,0.8875388386734963,1987.7947973713035,154.0,0.2857142857142857,3.2,Fashion
105037,0.7295239437999161,1977.5049504950496,31.0,0.0,2.45,Fashion
104049,0.8161808681821343,1975.2044303797468,179.0,0.0,2.6,Grocery
100743,0.8238673501265683,1974.49,295.0,0.0,2.8,Beauty & Personal Care
105522,0.8199534838734983,1968.4484112149528,207.0,0.0,3.633333333333333,Books
103225,0.7848139239254266,1949.7338935574228,180.0,0.0,4.1,Beauty & Personal Care
103665,0.8312359500410506,1947.703875,307.0,0.0,4.3,Beauty & Personal Care
102917,0.7125252793690788,1941.0862480127184,25.0,0.0,3.1666666666666665,Books
104072,0.7756483182471559,1936.027906976744,55.0,0.0,3.7,Home & Kitchen
104055,0.6697004835470776,1934.0488764044944,39.0,0.0,4.4,Sports & Outdoors
102556,0.7742092703435561,1930.6641203703705,113.0,1.0,1.0,Fashion
101450,0.8141736613729855,1928.596733333333,124.0,0.0,4.0,Books
100302,0.8336860690773165,1917.204248366013,366.0,0.0,4.7,Fashion
100720,0.8602457505811998,1912.1522453450164,258.0,0.0,3.3857142857142857,Grocery
102920,0.8860505392796304,1907.3351767388824,377.0,0.0,4.0,Books
104822,0.6374445837798883,1901.529934210526,8.0,0.0,4.037037037037037,Beauty & Personal Care
101858,0.7872836266994028,1893.2871647509576,248.0,0.0,4.037037037037037,Fashion
102698,0.7948074367531711,1890.5640744797367,65.0,0.0,3.625,Beauty & Personal Care
101014,0.6871916705552623,1888.952991452992,12.0,0.0,3.2,Books
102028,0.66994753805252,1888.381270536692,5.0,0.0,3.8,Books
100239,0.7774553719844584,1879.6314935064927,30.0,0.25,3.9,Fashion
101297,0.7831151333650016,1870.9668127053667,71.0,0.0,3.925,Beauty & Personal Care
104477,0.8447360919739222,1866.485268346112,577.0,0.0,4.4,Books
102157,0.647924213768356,1861.4135071090047,9.0,0.0,3.6,Grocery
100042,0.66020600044328,1847.336752136752,55.0,0.0,3.3,Books
102696,0.908333929473648,1846.5614492753623,193.0,0.0,3.9,Sports & Outdoors
101036,0.6207327225397365,1830.587886597938,83.0,0.0,4.5,Beauty & Personal Care
100201,0.8238148125582532,1828.7408371040729,153.0,0.0,4.050000000000001,Grocery
101962,0.7543944451726239,1820.2211340206184,107.0,0.5,1.7000000000000002,Grocery
100067,0.8480693166633935,1814.6345995893223,472.0,0.0,4.2,Beauty & Personal Care
105391,0.8684261736812998,1810.7702898550724,244.0,0.0,4.037037037037037,Books
100338,0.7347715091790523,1793.3611363636362,54.0,0.0,2.8,Beauty & Personal Care
104449,0.8427460238592769,1775.8646174863386,599.0,0.0,3.5,Books
105196,0.7911962523520032,1764.6461764705882,308.0,0.0,3.7,Fashion
100765,0.8765756850032647,1762.6711805555556,246.0,0.0,3.38,Beauty & Personal Care
105475,0.8768463651823627,1762.134446878423,218.0,0.1428571428571428,3.5,Grocery
105255,0.6520435504241664,1761.7829931972788,30.0,0.0,4.1,Grocery
102071,0.6829298051303522,1761.3459641255604,138.0,0.0,4.037037037037037,Beauty & Personal Care
103734,0.6376252521837951,1748.7477564102562,31.0,0.0,2.5,Toys & Games
103056,0.7649682762907625,1743.376194029851,108.0,0.0,4.75,Beauty & Personal Care
105576,0.8159847785968758,1727.9126838235295,478.0,0.0,5.0,Books
103764,0.8717710599605542,1722.1760683760683,236.0,0.3333333333333333,2.4,Toys & Games
105292,0.7941792527876718,1712.684840425532,186.0,0.0,3.75,Beauty & Personal Care
105013,0.7203309989872789,1703.2642045454547,67.0,0.5,3.4,Beauty & Personal Care
103207,0.8650083358073988,1693.492471358429,157.0,0.0,3.533333333333333,Toys & Games
101051,0.7598693385569352,1687.810988074957,64.0,0.0,3.65,Toys & Games
104420,0.6652601565463665,1685.5622340425532,149.0,0.0,3.333333333333333,Books
104529,0.762722449273682,1683.6290364583333,15.0,0.0,3.9333333333333336,Beauty & Personal Care
102475,0.8748174153293103,1678.9267252195734,113.0,0.1428571428571428,3.35,Grocery
105885,0.7809348043447666,1667.163204225352,156.0,0.0,3.6,Grocery
105120,0.7965739615839889,1666.3557632398756,225.0,0.0,2.6,Books
105765,0.6176486971065709,1658.43661971831,33.0,0.0,4.037037037037037,Books
104907,0.6968003669603329,1653.537951807229,4.0,0.0,3.86,Grocery
100376,0.8407334550407451,1652.8132678132677,178.0,0.0,1.0,Grocery
103626,0.8228467193337569,1643.9152245345017,148.0,0.0,4.15,Books
102778,0.8457009972911298,1629.7270952927668,112.0,0.1,3.5666666666666664,Grocery
101851,0.7917682311294527,1599.7061255742726,1.0,0.0,3.475,Fashion
100358,0.8296482048831005,1599.567326732673,217.0,0.0,4.037037037037037,Beauty & Personal Care
100443,0.7550556825883035,1592.0687637969097,273.0,0.0,3.6,Beauty & Personal Care
103565,0.8564669182863605,1566.6006048387096,261.0,0.0,3.7,Fashion
103607,0.7346921692646492,1558.128222222222,128.0,0.0,4.037037037037037,Books
105969,0.7452387248356626,1553.7342931937171,331.0,0.0,3.6,Fashion
103749,0.8227909306770897,1549.3469450101834,21.0,0.5,1.0,Electronics
101463,0.7300335690476877,1544.3525735294115,209.0,1.0,4.037037037037037,Fashion
101854,0.8265948624261168,1536.3461664841184,655.0,0.0,3.9,Grocery
102117,0.71623785008081,1536.3326086956522,66.0,0.0,2.4000000000000004,Books
101940,0.779301918457591,1533.616554054054,201.0,0.0,4.037037037037037,Grocery
105330,0.8830792833409418,1523.71708652793,565.0,0.0,4.0,Fashion
103593,0.7812312080263015,1523.243269230769,318.0,0.0,4.2,Grocery
100486,0.8916041845683981,1518.3425950196593,190.0,0.0,2.65,Sports & Outdoors
105902,0.8069547664601611,1508.8252464403065,316.0,0.0,4.2,Grocery
102551,0.6693994078954748,1501.066591928251,62.0,0.0,2.25,Books
101019,0.7475959420780081,1469.0456521739131,8.0,0.0,2.95,Grocery
105979,0.6274525841798164,1466.6333333333334,16.0,0.0,4.037037037037037,Grocery
100225,0.8272929666735196,1455.9541120381407,55.0,0.0,2.85,Fashion
105023,0.6654772984151885,1439.614192139738,132.0,0.0,5.0,Beauty & Personal Care
103026,0.719588994450787,1406.72825,197.0,0.0,2.4,Toys & Games
101211,0.6675704537455883,1405.0649769585254,141.0,0.0,4.037037037037037,Fashion
105681,0.7234473961163769,1392.8048192771084,48.0,0.0,2.3,Sports & Outdoors
102421,0.8356468491603188,1387.6704081632654,80.0,0.0,3.95,Beauty & Personal Care
105347,0.8855211090583239,1387.6522996057818,102.0,0.25,2.8,Beauty & Personal Care
103645,0.8798659462473368,1387.6196604600218,91.0,0.0,2.2,Beauty & Personal Care
100894,0.7030469179143918,1381.06875,34.0,0.0,4.6,Books
102599,0.841990228867757,1370.496957236842,470.0,0.0,4.2,Beauty & Personal Care
105227,0.830577460585182,1367.0829134720702,135.0,0.5,1.9666666666666668,Beauty & Personal Care
104408,0.6849864803403622,1352.1112612612617,73.0,0.0,4.1,Books
100912,0.6616822739334577,1347.1,89.0,0.0,4.1,Beauty & Personal Care
105897,0.6756671626958312,1346.2799533799534,30.0,0.0,3.6,Grocery
104544,0.7989005585251807,1339.6647347740668,245.0,0.0,4.066666666666666,Beauty & Personal Care
101069,0.8505841171439947,1326.2208502024291,196.0,0.0,3.95,Books
105447,0.6355504416199103,1275.9765217391305,98.0,0.0,4.1,Beauty & Personal Care
101208,0.8716018417711584,1258.03161971831,452.0,0.5,3.4,Grocery
101653,0.6300795092933802,1246.482213438735,47.0,0.0,2.7,Home & Kitchen
103236,0.8146760097804835,1244.9860957642727,319.0,0.0,3.3,Books
105483,0.7942485859293359,1231.6496913580247,62.0,0.0,4.333333333333333,Grocery
100574,0.6337092079537694,1215.1505859375,120.0,0.0,3.7,Books
105977,0.8979055459420069,1210.9661422708618,281.0,0.3333333333333333,2.6666666666666665,Toys & Games
103797,0.7619803979741389,1179.1880434782609,110.0,0.0,4.037037037037037,Toys & Games
103032,0.7933063927498333,1175.8765942028988,255.0,0.0,3.6,Books
101060,0.8175344680716917,1153.989672801636,365.0,0.0,4.6,Grocery
104360,0.8566706865974706,1140.015108834827,148.0,0.0,4.633333333333334,Grocery
100896,0.7200397162289919,1139.606041666667,77.0,0.0,4.6,Books
100088,0.755843859670237,1131.7076347305388,252.0,0.0,3.8,Books
100881,0.6903282132541606,1117.268953068592,149.0,0.0,4.0,Beauty & Personal Care
102816,0.8225527782052495,1113.6086705202313,238.0,0.0,4.3,Beauty & Personal Care
101327,0.8117645746344475,1111.324356617647,368.0,0.0,3.2,Fashion
101764,0.6751009325808701,1104.3635620915031,18.0,0.0,3.3,Beauty & Personal Care
101638,0.8646931006139433,1080.8666455696202,192.0,0.0,4.166666666666667,Grocery
105493,0.7671943404914181,1050.463778409091,77.0,0.3333333333333333,4.037037037037037,Beauty & Personal Care
101023,0.8590639058844022,1047.2322717622085,91.0,0.0,3.1,Books
104964,0.7322195012750791,1044.8733333333334,171.0,0.0,3.9,Fashion
101941,0.6176932795212958,1044.575925925926,102.0,0.0,2.0,Beauty & Personal Care
103508,0.8303328058215845,1042.1326315789472,167.0,0.0,3.6,Grocery
100181,0.7661298358350108,1020.9330769230768,158.0,0.0,4.037037037037037,Fashion
100073,0.8685122904952496,1007.291109785203,109.0,0.0,2.566666666666667,Grocery
102909,0.8260037566438142,1004.9587041884816,587.0,0.6666666666666666,1.2,Grocery
102514,0.8009999850858663,990.985349716446,334.0,0.0,3.4,Fashion
101357,0.8429772213414521,986.1636363636364,563.0,0.0,3.65,Grocery
103387,0.851212115493697,982.4269170579032,323.0,0.0,3.95,Beauty & Personal Care
104953,0.7422661031925449,980.8527322404371,176.0,0.0,2.8,Beauty & Personal Care
105279,0.7243320889003704,959.8891666666668,74.0,0.0,5.0,Grocery
105488,0.629038565219616,929.255238095238,105.0,0.0,2.6,Fashion
100218,0.7008880333818276,907.7992424242424,8.0,0.0,3.866666666666666,Books
100540,0.6907285474206301,871.8132352941177,170.0,0.0,4.037037037037037,Fashion
105179,0.7450467277676589,852.5216216216215,579.0,0.0,4.449999999999999,Beauty & Personal Care
103121,0.8234888293652096,840.2580769230768,376.0,0.0,4.037037037037037,Fashion
104066,0.7747238478717535,840.126656626506,40.0,0.0,3.2,Sports & Outdoors
103286,0.8509550553269364,832.2393530997304,261.0,0.0,3.95,Books
103400,0.7309932500215668,818.3104026845638,182.0,0.0,3.6,Fashion
103397,0.7644990301450437,815.616135881104,314.0,0.0,4.199999999999999,Books
103802,0.6703763682277188,809.2847682119206,46.0,1.0,3.0,Books
101620,0.7803360351116955,800.9464354527939,234.0,0.0,4.0,Books
100701,0.6531666566193279,793.2986842105263,17.0,0.0,4.037037037037037,Books
102417,0.7068219468968274,792.8678929765887,34.0,0.0,4.037037037037037,Toys & Games
101909,0.8492672825260557,779.891621253406,225.0,0.0,4.3,Books
103492,0.8498429258494454,775.2312157721796,636.0,0.0,4.037037037037037,Toys & Games
102073,0.7059466912318284,773.6852201257861,129.0,0.0,4.037037037037037,Beauty & Personal Care
103994,0.627811941173499,772.7381818181817,18.0,0.0,4.037037037037037,Books
100363,0.6770446780978208,738.7186792452832,63.0,0.0,3.4,Toys & Games
102182,0.6833431321713573,726.5573863636363,59.0,0.0,4.037037037037037,Toys & Games
101663,0.7110062197579383,717.9432258064516,46.0,0.0,3.9,Books
103452,0.8070112895616193,711.2285714285714,169.0,0.0,2.8000000000000003,Books
104376,0.8497781929411425,705.3095290251916,653.0,0.0,4.1,Fashion
103039,0.7986341070993654,701.6423076923077,156.0,0.5,3.2,Beauty & Personal Care
105168,0.7692961472006173,692.0029953917051,2.0,0.5,2.9,Fashion
100975,0.746009790067255,690.2744186046511,295.0,0.0,4.8,Grocery
100632,0.7899371383395626,688.4602510460251,174.0,0.0,4.2,Books
100009,0.7274174027234362,682.108280254777,281.0,0.0,3.5,Fashion
100740,0.6881292182770805,668.589935064935,49.0,0.0,4.037037037037037,Books
103034,0.6485870803917055,664.7451219512195,44.0,0.0,4.037037037037037,Books
101795,0.7325849191959758,657.4405172413793,134.0,0.0,2.1,Books
100325,0.6130139193687009,642.2371747211896,70.0,0.0,2.0,Books
103119,0.7164927184613014,628.3040476190477,81.0,0.0,4.037037037037037,Toys & Games
103243,0.7708729601232177,621.4765654648957,289.0,0.0,4.3,Beauty & Personal Care
105735,0.6269812322720345,600.498,97.0,0.0,4.7,Books
102744,0.7377483576474089,586.4662162162161,109.0,0.0,4.037037037037037,Grocery
102029,0.6190686842282935,568.0116564417178,57.0,0.0,4.9,Beauty & Personal Care
104825,0.6992257846665959,558.0485933503836,14.0,0.0,4.037037037037037,Beauty & Personal Care
105801,0.6795953706551149,538.40770609319,177.0,0.0,4.037037037037037,Beauty & Personal Care
105777,0.6975515742470513,514.760606060606,29.0,0.5,3.7,Beauty & Personal Care
105827,0.7849852845291457,433.6169133192389,321.0,0.0,4.037037037037037,Toys & Games
104222,0.7299500961693013,432.3189516129033,219.0,0.0,5.0,Books
100983,0.76361320933078,429.29710884353744,278.0,0.0,4.037037037037037,Books
103723,0.737543056083986,386.3108267716535,187.0,0.0,4.2,Sports & Outdoors
100821,0.6721812687872686,379.49913644214166,13.0,0.0,3.8,Beauty & Personal Care
103963,0.6456001600830911,325.919191919192,17.0,0.0,3.1,Beauty & Personal Care
104886,0.8052008196163389,282.81822222222223,668.0,0.0,4.3,Fashion
104478,0.7004433541521138,252.35538461538465,211.0,0.0,3.0,Books
104568,0.668913217996018,48.53723404255319,148.0,0.0,4.037037037037037,Beauty & Personal Care
