customer_id,churn_probability,predicted_churn,churned,customer_lifetime_value,segment
100000,0.3937138419040243,0,0,8847.796480331263,Watchlist (Medium Risk)
100001,0.142393458728159,0,0,24804.866248153616,Low Risk (Healthy)
100002,0.5277097789092838,1,0,19861.085491606715,Watchlist (Medium Risk)
100003,0.2512673864325536,0,0,22604.72847411444,Low Risk (Healthy)
100004,0.5999727837393166,1,1,7244.253648648648,Watchlist (Medium Risk)
100005,0.4072804310556883,0,0,9050.909620253164,Watchlist (Medium Risk)
100006,0.4619856523818482,0,0,7403.456557377051,Watchlist (Medium Risk)
100007,0.2835179827438535,0,0,10478.35402750491,Low Risk (Healthy)
100008,0.1904077022268196,0,0,21402.919324324324,Low Risk (Healthy)
100009,0.7274174027234362,1,0,682.108280254777,High Risk / Low-Med Value
100010,0.641641694100282,1,1,8590.788718510405,High Risk / Low-Med Value
100011,0.7632709520695573,1,1,6051.655122950819,High Risk / Low-Med Value
100012,0.3914144261100712,0,0,9858.82712305026,Watchlist (Medium Risk)
100013,0.1063130681331514,0,0,28721.676850094875,Low Risk (Healthy)
100014,0.3277502044270307,0,0,5526.230941704036,Low Risk (Healthy)
100015,0.6249284456499758,1,0,10117.829723127035,High Risk / Low-Med Value
100016,0.426821058054777,0,1,4199.726934523809,Watchlist (Medium Risk)
100017,0.1589348117835081,0,0,61704.31357615894,Low Risk (Healthy)
100018,0.7247224832971859,1,1,13297.318796433878,High Risk / Low-Med Value
100019,0.3736417603689853,0,0,4821.146551724139,Watchlist (Medium Risk)
100020,0.7079703160443833,1,1,10062.382795698926,High Risk / Low-Med Value
100021,0.195046608409716,0,0,20926.457506053262,Low Risk (Healthy)
100022,0.1576134257307183,0,0,15248.856929347823,Low Risk (Healthy)
100023,0.3776822410755828,0,0,13710.597744945568,Watchlist (Medium Risk)
100024,0.6038662397492829,1,0,5982.671383647798,High Risk / Low-Med Value
100025,0.4940382302119402,0,0,7309.327777777778,Watchlist (Medium Risk)
100026,0.5940703237676602,1,1,23807.82210300429,Watchlist (Medium Risk)
100027,0.7014214951020423,1,1,7621.5052264808355,High Risk / Low-Med Value
100028,0.2846484844558363,0,0,18051.79471830986,Low Risk (Healthy)
100029,0.3366045571104092,0,0,33750.333333333336,Low Risk (Healthy)
100030,0.1943346610614141,0,0,7870.427093023256,Low Risk (Healthy)
100031,0.7810679830413353,1,1,10307.749772036474,High Risk / Low-Med Value
100032,0.6771736788272363,1,1,4629.229135338345,High Risk / Low-Med Value
100033,0.4758043421142535,0,0,7084.094238683128,Watchlist (Medium Risk)
100035,0.2773950336465808,0,0,10180.375378787878,Low Risk (Healthy)
100036,0.2817128907517162,0,0,13277.350710900471,Low Risk (Healthy)
100037,0.7478541107877723,1,1,17803.299591836734,High Risk / High Value
100038,0.3364735626051875,0,0,8030.029483037157,Low Risk (Healthy)
100039,0.6922843859471434,1,1,2077.9081651376146,High Risk / Low-Med Value
100040,0.3534318596113867,0,0,9541.392557251907,Watchlist (Medium Risk)
100041,0.3995734508144323,0,1,54782.36626506024,Watchlist (Medium Risk)
100042,0.66020600044328,1,0,1847.336752136752,High Risk / Low-Med Value
100043,0.838685992791961,1,1,4337.738918918919,High Risk / Low-Med Value
100044,0.6499350538481871,1,0,7506.118995290423,High Risk / Low-Med Value
100045,0.3313654700196013,0,1,5820.548170731707,Low Risk (Healthy)
100046,0.2683076504538777,0,0,68568.68529411765,Low Risk (Healthy)
100048,0.8184632207586487,1,1,7781.764971209213,High Risk / Low-Med Value
100049,0.6853822887751604,1,1,2475.294186046512,High Risk / Low-Med Value
100050,0.1927339811856124,0,0,12112.552651515152,Low Risk (Healthy)
100051,0.2824152010746442,0,1,12627.896511627909,Low Risk (Healthy)
100052,0.2625857527397435,0,0,29797.15158730159,Low Risk (Healthy)
100053,0.367808222166019,0,0,8181.528155339806,Watchlist (Medium Risk)
100054,0.7476786455951782,1,1,7326.850652985075,High Risk / Low-Med Value
100055,0.6849641391434566,1,1,14852.319801980197,High Risk / High Value
100056,0.1649503552483446,0,0,20095.74156171285,Low Risk (Healthy)
100057,0.502887583558856,1,0,4086.559210526316,Watchlist (Medium Risk)
100058,0.1417318009594629,0,0,15131.564731653889,Low Risk (Healthy)
100059,0.2444312636008172,0,0,8726.628571428573,Low Risk (Healthy)
100060,0.7462869509255932,1,1,7425.419179600887,High Risk / Low-Med Value
100061,0.8276028014255352,1,0,4084.034818941504,High Risk / Low-Med Value
100062,0.8159678959196479,1,1,8192.89874041621,High Risk / Low-Med Value
100063,0.2634908317503173,0,0,30076.43723958333,Low Risk (Healthy)
100064,0.7018222819316061,1,1,6227.243529411765,High Risk / Low-Med Value
100065,0.5203303203039333,1,0,13703.39478330658,Watchlist (Medium Risk)
100067,0.8480693166633935,1,1,1814.6345995893223,High Risk / Low-Med Value
100068,0.6677858667034543,1,0,16712.79430449069,High Risk / High Value
100069,0.4103747564199232,0,0,9927.35588235294,Watchlist (Medium Risk)
100072,0.369345931282219,0,0,16031.887626262627,Watchlist (Medium Risk)
100073,0.8685122904952496,1,1,1007.291109785203,High Risk / Low-Med Value
100074,0.252285712553333,0,0,15898.481832298135,Low Risk (Healthy)
100075,0.3173050708237273,0,0,141829.20263157893,Low Risk (Healthy)
100076,0.4331928596495465,0,1,21349.43605633803,Watchlist (Medium Risk)
100077,0.5055061874704672,1,0,15439.744497607657,Watchlist (Medium Risk)
100078,0.618816614539089,1,0,4711.08407079646,High Risk / Low-Med Value
100079,0.4081530571714726,0,0,15377.74674796748,Watchlist (Medium Risk)
100080,0.6571874027504332,1,1,3944.3587075575024,High Risk / Low-Med Value
100081,0.5849819722011381,1,0,7393.5870138888895,Watchlist (Medium Risk)
100082,0.707813795397216,1,0,8416.900000000001,High Risk / Low-Med Value
100083,0.2824881930045716,0,0,14675.153726708077,Low Risk (Healthy)
100084,0.3390619176580668,0,0,5223.130585106383,Low Risk (Healthy)
100085,0.2535159387298755,0,0,14391.45717299578,Low Risk (Healthy)
100086,0.3271917557212721,0,0,32950.27071428571,Low Risk (Healthy)
100087,0.7397112539297194,1,0,4754.20295728368,High Risk / Low-Med Value
100088,0.755843859670237,1,1,1131.7076347305388,High Risk / Low-Med Value
100089,0.7969234202813225,1,1,5982.082146768893,High Risk / Low-Med Value
100090,0.2606432846721002,0,0,19682.36847389558,Low Risk (Healthy)
100091,0.6664164097381279,1,1,11446.906754221389,High Risk / Low-Med Value
100092,0.7148083665673939,1,0,5032.815446224256,High Risk / Low-Med Value
100094,0.6973077239115161,1,1,6918.529025191676,High Risk / Low-Med Value
100095,0.2789009106055954,0,0,9625.149416342412,Low Risk (Healthy)
100096,0.2276726489501467,0,0,7438.888144329897,Low Risk (Healthy)
100097,0.3620436274971224,0,0,9928.390031897929,Watchlist (Medium Risk)
100098,0.3557586114262702,0,0,10757.337061994607,Watchlist (Medium Risk)
100099,0.3278331441482652,0,0,11700.354637096774,Low Risk (Healthy)
100100,0.5146903530036059,1,1,7825.880074257425,Watchlist (Medium Risk)
100102,0.227359198406803,0,0,21109.73775510204,Low Risk (Healthy)
100103,0.3250600361470226,0,0,12335.878928571428,Low Risk (Healthy)
100104,0.5043816061079811,1,1,13905.393939393938,Watchlist (Medium Risk)
100105,0.5840625228501207,1,1,9668.926240208875,Watchlist (Medium Risk)
100106,0.2350415906199048,0,0,10236.6146953405,Low Risk (Healthy)
100107,0.5340562306857974,1,0,6760.403860294118,Watchlist (Medium Risk)
100108,0.8529115020637719,1,1,1997.368103448276,High Risk / Low-Med Value
100109,0.4686920347513869,0,0,8786.623529411765,Watchlist (Medium Risk)
100110,0.6955542501287804,1,1,9783.909602649006,High Risk / Low-Med Value
100111,0.2159347995521728,0,0,9665.678275862068,Low Risk (Healthy)
100112,0.2039142081563063,0,0,23361.87017326733,Low Risk (Healthy)
100113,0.2319516985893558,0,0,13908.782749178532,Low Risk (Healthy)
100114,0.2312729817969906,0,0,31124.078620689656,Low Risk (Healthy)
100115,0.3743143191996284,0,0,15749.91590909091,Watchlist (Medium Risk)
100116,0.7066004617735545,1,1,6498.690368852459,High Risk / Low-Med Value
100117,0.2555709094731687,0,0,13376.844444444445,Low Risk (Healthy)
100119,0.4632522202458751,0,0,4134.998095238096,Watchlist (Medium Risk)
100120,0.0989856012339157,0,0,23608.763691128148,Low Risk (Healthy)
100121,0.2629963692684195,0,0,21438.926785714284,Low Risk (Healthy)
100122,0.3047220342640963,0,0,25002.135,Low Risk (Healthy)
100123,0.5379186666993653,1,0,4661.385815991238,Watchlist (Medium Risk)
100124,0.5339694127420761,1,1,54387.43333333334,Watchlist (Medium Risk)
100125,0.3282184284673174,0,0,15992.912760131438,Low Risk (Healthy)
100126,0.2654603867797889,0,1,32724.94904214559,Low Risk (Healthy)
100127,0.1195533021627167,0,0,30610.447152245342,Low Risk (Healthy)
100128,0.6047743214429324,1,0,9353.10033783784,High Risk / Low-Med Value
100129,0.2659328679643467,0,0,33842.88171641791,Low Risk (Healthy)
100130,0.552254881512915,1,1,6795.0685410334345,Watchlist (Medium Risk)
100131,0.2654347120979009,0,0,10547.054697986578,Low Risk (Healthy)
100132,0.6208110282528506,1,1,11667.433114035088,High Risk / Low-Med Value
100133,0.8142136887656508,1,1,7062.988475499092,High Risk / Low-Med Value
100134,0.3782224635040201,0,1,8500.251639344264,Watchlist (Medium Risk)
100135,0.7976277205144849,1,1,7124.510613810741,High Risk / Low-Med Value
100136,0.1883138126543818,0,0,12887.453757225434,Low Risk (Healthy)
100137,0.2887860789466911,0,1,18469.26759530792,Low Risk (Healthy)
100138,0.0890838858777891,0,0,12599.280284775465,Low Risk (Healthy)
100139,0.3084324821161157,0,0,4745.289329268293,Low Risk (Healthy)
100140,0.113849260966351,0,0,62556.10728051393,Low Risk (Healthy)
100141,0.1495232643678341,0,0,9319.69614537445,Low Risk (Healthy)
100142,0.4085467434002038,0,0,7614.373513513514,Watchlist (Medium Risk)
100143,0.736571704404255,1,1,6546.58274509804,High Risk / Low-Med Value
100144,0.4496500235975998,0,0,2000.0871134020613,Watchlist (Medium Risk)
100145,0.2169342549612066,0,0,36938.06239316239,Low Risk (Healthy)
100146,0.6537704427882276,1,1,24751.80195035461,High Risk / High Value
100147,0.4676541354735761,0,0,9302.757482993198,Watchlist (Medium Risk)
100148,0.8297306483495005,1,1,4158.257502738225,High Risk / Low-Med Value
100149,0.2563231508580044,0,0,21185.726845637582,Low Risk (Healthy)
100150,0.7135048683804603,1,0,5032.650416666666,High Risk / Low-Med Value
100151,0.5011656533278505,1,0,45344.315,Watchlist (Medium Risk)
100152,0.2855449691793945,0,1,33361.195892661555,Low Risk (Healthy)
100153,0.1469965360525441,0,0,22245.817554644807,Low Risk (Healthy)
100154,0.1935822624794283,0,0,49743.46147308782,Low Risk (Healthy)
100155,0.7027201991489066,1,1,16620.18037037037,High Risk / High Value
100156,0.3277161867791115,0,0,20185.3652754591,Low Risk (Healthy)
100157,0.4850802733629697,0,1,6663.289944444444,Watchlist (Medium Risk)
100158,0.4828029785133684,0,0,8453.451971522452,Watchlist (Medium Risk)
100159,0.5365526201324969,1,1,9109.137324929972,Watchlist (Medium Risk)
100160,0.2639147878793123,0,1,12974.072474747474,Low Risk (Healthy)
100161,0.7684049684760795,1,0,3987.3021329987455,High Risk / Low-Med Value
100162,0.4674737588584296,0,0,13106.469580924855,Watchlist (Medium Risk)
100163,0.4087604814751704,0,1,19709.007052896726,Watchlist (Medium Risk)
100164,0.612615870406833,1,0,7437.384490398819,High Risk / Low-Med Value
100165,0.4401300592788897,0,1,9955.53095952024,Watchlist (Medium Risk)
100166,0.604980197854173,1,0,55023.69800569801,High Risk / High Value
100167,0.1895996243704067,0,0,42306.04343891403,Low Risk (Healthy)
100168,0.7581658164395766,1,1,3495.886939102564,High Risk / Low-Med Value
100169,0.4955262128166823,0,0,6634.739473684212,Watchlist (Medium Risk)
100170,0.2762636612334623,0,0,11990.66582278481,Low Risk (Healthy)
100171,0.1920142019533172,0,0,9343.90987654321,Low Risk (Healthy)
100172,0.5223160155992396,1,0,25778.008510638298,Watchlist (Medium Risk)
100173,0.5386372775609324,1,0,3378.245031055901,Watchlist (Medium Risk)
100174,0.6379152952332867,1,0,4292.926375711575,High Risk / Low-Med Value
100175,0.6131775742444158,1,1,35640.74883913765,High Risk / High Value
100176,0.6833212790003367,1,1,12786.761555312158,High Risk / Low-Med Value
100177,0.3816618310521115,0,0,8163.098964088398,Watchlist (Medium Risk)
100178,0.1389795218456939,0,0,12792.434299858558,Low Risk (Healthy)
100179,0.584509680497233,1,1,9623.849342105264,Watchlist (Medium Risk)
100180,0.6538767060159845,1,1,4628.976595744682,High Risk / Low-Med Value
100181,0.7661298358350108,1,1,1020.9330769230768,High Risk / Low-Med Value
100182,0.4319444512733228,0,0,6428.982427184467,Watchlist (Medium Risk)
100184,0.6778204938293659,1,1,33247.510186199346,High Risk / High Value
100185,0.562903737043165,1,0,13366.420860927154,Watchlist (Medium Risk)
100186,0.7256707675152814,1,1,25822.54847856155,High Risk / High Value
100187,0.113951585441224,0,0,11479.70575027382,Low Risk (Healthy)
100188,0.539247727421049,1,0,6698.716920943135,Watchlist (Medium Risk)
100189,0.1726751615234736,0,0,12303.914129244253,Low Risk (Healthy)
100191,0.4557618249666088,0,1,39632.562447257376,Watchlist (Medium Risk)
100192,0.2579803787772312,0,0,10051.504326396494,Low Risk (Healthy)
100193,0.3447473257319408,0,0,34313.45270270271,Low Risk (Healthy)
100194,0.2971258515994628,0,0,18254.09171974522,Low Risk (Healthy)
100195,0.701663963452036,1,1,4823.862891986063,High Risk / Low-Med Value
100196,0.2731180731991548,0,0,6306.481202046035,Low Risk (Healthy)
100197,0.4368531527041996,0,0,7643.755128205128,Watchlist (Medium Risk)
100198,0.3537957229273896,0,0,9292.431828978622,Watchlist (Medium Risk)
100199,0.5000127675422175,1,1,13585.3,Watchlist (Medium Risk)
100200,0.4140737568246936,0,1,24587.57542372881,Watchlist (Medium Risk)
100201,0.8238148125582532,1,1,1828.7408371040729,High Risk / Low-Med Value
100202,0.2775031188124182,0,0,13174.574409448818,Low Risk (Healthy)
100203,0.2060761248988273,0,0,12727.436724137931,Low Risk (Healthy)
100204,0.6657245643961198,1,1,10072.713566433566,High Risk / Low-Med Value
100205,0.4975914376272624,0,0,3825.7447761194026,Watchlist (Medium Risk)
100207,0.3392526373025783,0,0,11913.211242603553,Low Risk (Healthy)
100208,0.1697113863336138,0,0,29774.310609480817,Low Risk (Healthy)
100209,0.2626331309692565,0,0,16840.22847754655,Low Risk (Healthy)
100210,0.6793513000384367,1,1,2250.0447530864194,High Risk / Low-Med Value
100211,0.3347274543109357,0,0,11285.029325513196,Low Risk (Healthy)
100212,0.5532348390120392,1,0,13808.853465346536,Watchlist (Medium Risk)
100213,0.243637909841533,0,0,5993.155445544554,Low Risk (Healthy)
100214,0.2720969342238135,0,0,3442.955072463768,Low Risk (Healthy)
100215,0.8116697393250388,1,1,10387.749216524217,High Risk / Low-Med Value
100216,0.3894418198884909,0,0,33995.43636363636,Watchlist (Medium Risk)
100217,0.2827293163714214,0,0,13355.04862385321,Low Risk (Healthy)
100218,0.7008880333818276,1,1,907.7992424242424,High Risk / Low-Med Value
100219,0.5904599893735026,1,0,5785.183202614379,Watchlist (Medium Risk)
100220,0.7570562476290356,1,1,2085.075115207373,High Risk / Low-Med Value
100221,0.5569787904365827,1,0,3542.014361702128,Watchlist (Medium Risk)
100222,0.4715904422092582,0,0,17301.163782051284,Watchlist (Medium Risk)
100223,0.7318859581125566,1,0,5001.668577075098,High Risk / Low-Med Value
100224,0.2986010528906876,0,0,19657.647014925373,Low Risk (Healthy)
100225,0.8272929666735196,1,1,1455.9541120381407,High Risk / Low-Med Value
100226,0.5640245110126638,1,1,14405.3136416185,Watchlist (Medium Risk)
100227,0.6997657962140561,1,1,35279.52848484848,High Risk / High Value
100228,0.0793023133219499,0,0,46179.69605695509,Low Risk (Healthy)
100229,0.6430326250211817,1,1,5856.742191435768,High Risk / Low-Med Value
100230,0.370413547801509,0,0,6445.995142180095,Watchlist (Medium Risk)
100231,0.2884318800253342,0,0,40789.31777777778,Low Risk (Healthy)
100232,0.779018417217197,1,1,2924.7742299794663,High Risk / Low-Med Value
100234,0.6348383009325707,1,1,7381.136458333333,High Risk / Low-Med Value
100235,0.3557171461677103,0,0,6540.178723404255,Watchlist (Medium Risk)
100236,0.0889911422420545,0,0,25122.0375,Low Risk (Healthy)
100237,0.8772863568350021,1,1,4581.9618,High Risk / Low-Med Value
100238,0.6461633650470731,1,0,2945.588556338028,High Risk / Low-Med Value
100239,0.7774553719844584,1,1,1879.6314935064927,High Risk / Low-Med Value
100240,0.1392056864968206,0,0,15850.9513739546,Low Risk (Healthy)
100241,0.3203745672644838,0,0,25833.30813333333,Low Risk (Healthy)
100242,0.7240019424932375,1,1,5767.726769911505,High Risk / Low-Med Value
100243,0.6292254362478853,1,1,4855.54801980198,High Risk / Low-Med Value
100244,0.6411071129479806,1,1,38881.76935028248,High Risk / High Value
100245,0.2219215497302875,0,0,52079.4775,Low Risk (Healthy)
100246,0.6353187177556966,1,1,13498.077586206897,High Risk / Low-Med Value
100247,0.1493851733654719,0,0,30476.4163132137,Low Risk (Healthy)
100248,0.7305330436305897,1,0,7634.845583038869,High Risk / Low-Med Value
100249,0.2101403090890426,0,0,19852.45281690141,Low Risk (Healthy)
100250,0.4762572301407297,0,1,15529.801263537907,Watchlist (Medium Risk)
100253,0.6077914303536117,1,0,5498.910898138006,High Risk / Low-Med Value
100254,0.6841346159874736,1,1,5480.696531791907,High Risk / Low-Med Value
100255,0.1465186613964279,0,0,16760.56812705367,Low Risk (Healthy)
100256,0.5861348374197759,1,0,4668.505687203791,Watchlist (Medium Risk)
100257,0.3711990661894594,0,0,12725.382812500002,Watchlist (Medium Risk)
100258,0.5086921567243727,1,0,10373.62285012285,Watchlist (Medium Risk)
100259,0.81375093147158,1,1,16892.593318965515,High Risk / High Value
100260,0.6485415888017683,1,1,14365.12421630094,High Risk / Low-Med Value
100261,0.867212597501862,1,1,8804.063150867822,High Risk / Low-Med Value
100262,0.1947134253385612,0,0,10918.01762295082,Low Risk (Healthy)
100263,0.6900558066561934,1,1,7716.995509309968,High Risk / Low-Med Value
100264,0.5855880599067647,1,1,9976.189594742606,Watchlist (Medium Risk)
100265,0.6833945548725795,1,0,7372.19244249726,High Risk / Low-Med Value
100266,0.6005529476928914,1,0,13025.1623655914,High Risk / Low-Med Value
100267,0.4292430490688451,0,0,9740.846946564889,Watchlist (Medium Risk)
100268,0.3717443414548558,0,0,6568.014644351465,Watchlist (Medium Risk)
100269,0.5975881006781014,1,1,5426.608064516129,Watchlist (Medium Risk)
100270,0.613523428564764,1,0,25224.05162037037,High Risk / High Value
100272,0.3453219078586476,0,0,72147.18823529412,Low Risk (Healthy)
100273,0.3191206693346226,0,0,8576.526138828633,Low Risk (Healthy)
100274,0.6812620275496374,1,1,9293.97133105802,High Risk / Low-Med Value
100275,0.4064117530420227,0,0,10676.225393258426,Watchlist (Medium Risk)
100276,0.2181693647248913,0,0,45321.45464939024,Low Risk (Healthy)
100277,0.6426988400412127,1,0,6573.976019417477,High Risk / Low-Med Value
100278,0.2233712379002438,0,0,30025.850520833337,Low Risk (Healthy)
100279,0.2485102633193243,0,0,17531.013662790698,Low Risk (Healthy)
100280,0.2780257618597948,0,0,18994.35813253012,Low Risk (Healthy)
100281,0.5585420945543775,1,0,1931.726,Watchlist (Medium Risk)
100282,0.4914144802091897,0,1,1338.7279279279278,Watchlist (Medium Risk)
100283,0.6466433616236447,1,0,5548.573571428571,High Risk / Low-Med Value
100284,0.3498797246358331,0,0,4724.372820512821,Low Risk (Healthy)
100285,0.6192673059050725,1,1,11245.98535286285,High Risk / Low-Med Value
100286,0.6868822016561414,1,1,19902.88146417445,High Risk / High Value
100287,0.2269649720438614,0,0,9659.05625,Low Risk (Healthy)
100288,0.4028157353264518,0,0,6333.146739130434,Watchlist (Medium Risk)
100289,0.251295572948945,0,0,5175.707815845824,Low Risk (Healthy)
100290,0.8722100865216332,1,1,5957.206477272728,High Risk / Low-Med Value
100291,0.7974937742872118,1,1,3447.798795180722,High Risk / Low-Med Value
100292,0.365505482468676,0,1,14372.205119453924,Watchlist (Medium Risk)
100293,0.3186008597374949,0,0,9650.781205673758,Low Risk (Healthy)
100294,0.1189735303419229,0,0,12393.41462121212,Low Risk (Healthy)
100295,0.4833408684849242,0,1,26480.79244186046,Watchlist (Medium Risk)
100296,0.6157166662488937,1,1,4531.870350109409,High Risk / Low-Med Value
100297,0.5818433503292033,1,0,2178.535256410257,Watchlist (Medium Risk)
100298,0.2011755827252303,0,0,15005.441840087624,Low Risk (Healthy)
100299,0.3722273322728426,0,0,29757.81199186992,Watchlist (Medium Risk)
100300,0.410052714819527,0,0,2252.7376811594204,Watchlist (Medium Risk)
100301,0.2861681866152176,0,1,26556.42556561086,Low Risk (Healthy)
100302,0.8336860690773165,1,1,1917.204248366013,High Risk / Low-Med Value
100303,0.7146448212427581,1,1,4077.037192982456,High Risk / Low-Med Value
100304,0.6601208016787623,1,0,18461.91987951807,High Risk / High Value
100305,0.6840161440017498,1,1,6092.553385416668,High Risk / Low-Med Value
100306,0.1137156183603642,0,0,21855.69765739385,Low Risk (Healthy)
100307,0.4936705183801024,0,0,5880.15,Watchlist (Medium Risk)
100310,0.2677831203034865,0,0,7515.114516129032,Low Risk (Healthy)
100311,0.3819985355657077,0,1,9664.269499241274,Watchlist (Medium Risk)
100312,0.6628134625079285,1,1,23926.52424242424,High Risk / High Value
100313,0.1976298793568008,0,0,18375.94771784232,Low Risk (Healthy)
100314,0.3283617965598429,0,0,14993.524361702126,Low Risk (Healthy)
100315,0.6998422673548539,1,1,18083.736206896552,High Risk / High Value
100316,0.2865233381728971,0,0,8516.974497991969,Low Risk (Healthy)
100317,0.4179750385896615,0,0,8673.036238532111,Watchlist (Medium Risk)
100318,0.2676184995066906,0,0,12908.814676889377,Low Risk (Healthy)
100319,0.53018973929904,1,1,10628.000199203188,Watchlist (Medium Risk)
100320,0.4696347166505268,0,0,9203.231227436823,Watchlist (Medium Risk)
100321,0.2062609261491307,0,0,16995.066826923077,Low Risk (Healthy)
100322,0.693323925143403,1,1,8735.090886287626,High Risk / Low-Med Value
100324,0.8152826774456442,1,1,3270.4719605695504,High Risk / Low-Med Value
100325,0.6130139193687009,1,1,642.2371747211896,High Risk / Low-Med Value
100326,0.1081264629734612,0,0,24628.856514657982,Low Risk (Healthy)
100328,0.6746671623692458,1,0,7756.615000000001,High Risk / Low-Med Value
100329,0.7653630305883931,1,1,7250.882913472069,High Risk / Low-Med Value
100330,0.151664386472986,0,0,13989.570481927709,Low Risk (Healthy)
100331,0.5771952015187524,1,1,9583.181281198003,Watchlist (Medium Risk)
100332,0.3624814587577616,0,1,19398.15633802817,Watchlist (Medium Risk)
100333,0.1680597808201649,0,0,23517.305805038337,Low Risk (Healthy)
100335,0.2977885474789715,0,0,11489.848518518518,Low Risk (Healthy)
100336,0.176663776831333,0,0,13461.76965317919,Low Risk (Healthy)
100338,0.7347715091790523,1,1,1793.3611363636362,High Risk / Low-Med Value
100339,0.2621313654373612,0,0,6501.777128427129,Low Risk (Healthy)
100340,0.5272612707825668,1,0,4363.710571428572,Watchlist (Medium Risk)
100341,0.3783865468252365,0,0,13468.210236768802,Watchlist (Medium Risk)
100342,0.6753563442097402,1,1,18733.762924424973,High Risk / High Value
100343,0.608257490358486,1,1,14279.98837209302,High Risk / Low-Med Value
100344,0.6326247151921757,1,1,11580.338011283498,High Risk / Low-Med Value
100345,0.806712877225384,1,1,5168.815772179628,High Risk / Low-Med Value
100346,0.2517652331380655,0,0,28414.405371900823,Low Risk (Healthy)
100347,0.5609172951511145,1,0,8801.361422413793,Watchlist (Medium Risk)
100348,0.4098715373756103,0,0,17193.26313559322,Watchlist (Medium Risk)
100349,0.8330872884334933,1,1,4550.0735112936345,High Risk / Low-Med Value
100350,0.6127955325008659,1,0,10748.69568854569,High Risk / Low-Med Value
100351,0.2966177022680858,0,0,13862.262,Low Risk (Healthy)
100353,0.2221383533435581,0,0,12606.057142857144,Low Risk (Healthy)
100354,0.2641798425703736,0,0,6709.291435185185,Low Risk (Healthy)
100355,0.2781450197387387,0,0,5913.953603603603,Low Risk (Healthy)
100356,0.2620929521846738,0,0,39542.80995174909,Low Risk (Healthy)
100357,0.5365839028882706,1,0,3647.941729323308,Watchlist (Medium Risk)
100358,0.8296482048831005,1,1,1599.567326732673,High Risk / Low-Med Value
100359,0.5684049593325368,1,1,10805.091032608696,Watchlist (Medium Risk)
100360,0.3753612097618891,0,1,18623.295454545456,Watchlist (Medium Risk)
100361,0.4861378847111116,0,1,13073.60816993464,Watchlist (Medium Risk)
100363,0.6770446780978208,1,1,738.7186792452832,High Risk / Low-Med Value
100364,0.6953838042630045,1,0,3353.1832844574774,High Risk / Low-Med Value
100367,0.7439747039710423,1,1,10482.953684210524,High Risk / Low-Med Value
100368,0.4506315122865653,0,0,90783.75217391305,Watchlist (Medium Risk)
100369,0.1239019952691744,0,0,26869.57282809612,Low Risk (Healthy)
100370,0.2996557682115903,0,0,9107.775,Low Risk (Healthy)
100371,0.5362934549234157,1,1,4197.0910147991535,Watchlist (Medium Risk)
100372,0.8652562616311448,1,1,2580.126811594203,High Risk / Low-Med Value
100373,0.3031630025140517,0,0,20854.202,Low Risk (Healthy)
100374,0.4750875399137985,0,0,4246.597947761194,Watchlist (Medium Risk)
100375,0.3020174927409296,0,0,2945.614601769911,Low Risk (Healthy)
100376,0.8407334550407451,1,1,1652.8132678132677,High Risk / Low-Med Value
100377,0.822494762109057,1,1,2119.882420591457,High Risk / Low-Med Value
100378,0.4081196332142698,0,1,8401.991153846153,Watchlist (Medium Risk)
100379,0.4232743882502424,0,0,6415.402652519895,Watchlist (Medium Risk)
100380,0.5442140444636465,1,1,6294.777192982456,Watchlist (Medium Risk)
100381,0.4046599393180592,0,0,18699.89748083242,Watchlist (Medium Risk)
100382,0.5872147451517697,1,0,7373.445801526717,Watchlist (Medium Risk)
100383,0.2789539853434877,0,0,12856.66072,Low Risk (Healthy)
100384,0.1108603984822847,0,0,29584.10553121577,Low Risk (Healthy)
100385,0.606483343994125,1,0,5803.141517857142,High Risk / Low-Med Value
100386,0.6039489190572601,1,0,5611.589156626506,High Risk / Low-Med Value
100387,0.8632797392971518,1,1,4493.994402985075,High Risk / Low-Med Value
100388,0.3178102720980004,0,0,11413.028571428573,Low Risk (Healthy)
100389,0.4930050548599449,0,0,3499.330558598028,Watchlist (Medium Risk)
100390,0.4090644175032089,0,0,5429.697521551724,Watchlist (Medium Risk)
100391,0.4059118598401843,0,0,8446.777718832891,Watchlist (Medium Risk)
100392,0.3418826619624611,0,0,45133.9655,Low Risk (Healthy)
100393,0.5657573075519814,1,0,27916.695292620865,Watchlist (Medium Risk)
100394,0.2858310501601483,0,0,10373.894662921348,Low Risk (Healthy)
100395,0.7966232825039653,1,1,4786.82108433735,High Risk / Low-Med Value
100396,0.6386863274676206,1,0,6918.018302387269,High Risk / Low-Med Value
100397,0.3269052766466865,0,0,13299.10425257732,Low Risk (Healthy)
100398,0.2754890792170198,0,0,5780.955882352941,Low Risk (Healthy)
100399,0.4730167862573629,0,1,15628.257142857145,Watchlist (Medium Risk)
100400,0.6337855181206341,1,1,6926.305545774649,High Risk / Low-Med Value
100401,0.4140884464099791,0,0,9396.142857142857,Watchlist (Medium Risk)
100402,0.6881332112095784,1,0,8323.304875000002,High Risk / Low-Med Value
100403,0.6077800369514249,1,1,9794.766053921569,High Risk / Low-Med Value
100404,0.6352142031514636,1,1,5811.0731292517,High Risk / Low-Med Value
100405,0.8355473054622672,1,1,5859.771442885772,High Risk / Low-Med Value
100406,0.1995546674005334,0,0,13811.875848849944,Low Risk (Healthy)
100407,0.6307718922289883,1,1,4443.454696969698,High Risk / Low-Med Value
100408,0.7061263344190805,1,1,3282.961861313868,High Risk / Low-Med Value
100409,0.6339615127713515,1,1,17065.69350649351,High Risk / High Value
100410,0.8610400536517798,1,1,5162.258855291577,High Risk / Low-Med Value
100411,0.1652076213010631,0,0,9282.00644329897,Low Risk (Healthy)
100412,0.6417022042896153,1,1,2025.444621513944,High Risk / Low-Med Value
100413,0.184386609220944,0,0,8969.623142250532,Low Risk (Healthy)
100414,0.7301562997903212,1,1,6330.237662337663,High Risk / Low-Med Value
100415,0.3833753034225855,0,0,5376.201136363637,Watchlist (Medium Risk)
100417,0.1070699853878932,0,0,40245.71005221932,Low Risk (Healthy)
100418,0.8086826295160797,1,1,4381.695071193866,High Risk / Low-Med Value
100419,0.2359081351084126,0,0,12274.788557692307,Low Risk (Healthy)
100420,0.3429614597366185,0,0,9384.305319148934,Low Risk (Healthy)
100421,0.5960485546667378,1,1,17297.89969879518,Watchlist (Medium Risk)
100422,0.3424877484384891,0,0,27224.625367647062,Low Risk (Healthy)
100423,0.1252466333195043,0,0,21661.530668127056,Low Risk (Healthy)
100424,0.404137869963858,0,0,3125.223548740416,Watchlist (Medium Risk)
100425,0.3274779133735757,0,0,14699.66938663746,Low Risk (Healthy)
100426,0.7461283412386447,1,1,2326.744019138756,High Risk / Low-Med Value
100427,0.6603993885388175,1,1,15441.7147864184,High Risk / High Value
100428,0.42617914236908,0,1,5587.963352272727,Watchlist (Medium Risk)
100429,0.4497109708398544,0,1,16403.866221374046,Watchlist (Medium Risk)
100430,0.647057400841075,1,1,18959.63251655629,High Risk / High Value
100431,0.3939529147584013,0,0,10344.871670190276,Watchlist (Medium Risk)
100432,0.5977359764846669,1,0,7310.869052419355,Watchlist (Medium Risk)
100433,0.2531802308749537,0,0,61103.43333333333,Low Risk (Healthy)
100434,0.22687217033857,0,0,28277.34392655368,Low Risk (Healthy)
100435,0.4397602184326397,0,0,3759.846648044693,Watchlist (Medium Risk)
100437,0.2657057264073799,0,0,18177.16024390244,Low Risk (Healthy)
100438,0.5337105752519915,1,0,7737.49069767442,Watchlist (Medium Risk)
100439,0.7817759459963175,1,1,4677.392545180724,High Risk / Low-Med Value
100441,0.5416020987717984,1,0,3271.7650406504063,Watchlist (Medium Risk)
100442,0.601517104459908,1,1,4936.87802359882,High Risk / Low-Med Value
100443,0.7550556825883035,1,0,1592.0687637969097,High Risk / Low-Med Value
100444,0.2333597539301167,0,1,8417.878350515464,Low Risk (Healthy)
100445,0.2933539663776166,0,0,12964.8,Low Risk (Healthy)
100446,0.8389208901077807,1,1,3890.10443592552,High Risk / Low-Med Value
100447,0.2468710748350372,0,0,42939.75134228188,Low Risk (Healthy)
100448,0.1981737365219185,0,0,12369.485,Low Risk (Healthy)
100449,0.2908048780283256,0,1,3788.554528985507,Low Risk (Healthy)
100450,0.2103187668594738,0,0,31476.80218579235,Low Risk (Healthy)
100451,0.7603585901835637,1,1,8269.187003610108,High Risk / Low-Med Value
100452,0.2407413729810965,0,0,16103.072823984525,Low Risk (Healthy)
100453,0.3024060756814605,0,0,51924.75399999999,Low Risk (Healthy)
100454,0.294646830943826,0,0,3942.8193877551016,Low Risk (Healthy)
100455,0.6747359861856219,1,1,14972.991196013289,High Risk / High Value
100456,0.1378541041100614,0,0,17122.44420654912,Low Risk (Healthy)
100457,0.4654623042671184,0,1,6976.425301204819,Watchlist (Medium Risk)
100458,0.7687068496887878,1,1,10540.236201022146,High Risk / Low-Med Value
100459,0.4105401040555697,0,0,20455.136494974875,Watchlist (Medium Risk)
100460,0.3150453881450403,0,0,16478.670591456736,Low Risk (Healthy)
100461,0.5891159859103893,1,1,7279.543209200437,Watchlist (Medium Risk)
100462,0.4708138016297698,0,0,13806.941272727272,Watchlist (Medium Risk)
100463,0.496634651088017,0,1,10979.684903381643,Watchlist (Medium Risk)
100464,0.4755579236170518,0,0,2300.1178683385583,Watchlist (Medium Risk)
100465,0.2557491597856651,0,0,22539.622327044028,Low Risk (Healthy)
100466,0.2231997700240053,0,0,26752.339297658866,Low Risk (Healthy)
100467,0.7742073278686311,1,1,4401.004533333334,High Risk / Low-Med Value
100468,0.2203867106660739,0,0,32782.14596864502,Low Risk (Healthy)
100469,0.7768484845078284,1,0,4767.667628865979,High Risk / Low-Med Value
100470,0.5257672048367739,1,0,1943.9494444444445,Watchlist (Medium Risk)
100471,0.1316898926438267,0,0,27294.183981841765,Low Risk (Healthy)
100472,0.5581764954448416,1,1,22277.612053571425,Watchlist (Medium Risk)
100473,0.5428348412486416,1,0,3455.864400715564,Watchlist (Medium Risk)
100474,0.4951196119891407,0,0,15277.231865828093,Watchlist (Medium Risk)
100475,0.7155955715339508,1,1,2569.8354838709674,High Risk / Low-Med Value
100476,0.5554338852298438,1,0,6310.700875486382,Watchlist (Medium Risk)
100477,0.3954216444782325,0,1,28333.385714285712,Watchlist (Medium Risk)
100478,0.5573449112825305,1,1,17962.493321299637,Watchlist (Medium Risk)
100479,0.3021179119788112,0,0,20977.238285714284,Low Risk (Healthy)
100480,0.2080687970610003,0,0,13795.254347826089,Low Risk (Healthy)
100481,0.2009860750486627,0,0,4785.34623655914,Low Risk (Healthy)
100482,0.3850324697788081,0,1,10743.840963855422,Watchlist (Medium Risk)
100483,0.2777724030816541,0,0,14376.40603448276,Low Risk (Healthy)
100484,0.3700272737645893,0,1,17620.420498614956,Watchlist (Medium Risk)
100485,0.2428886392201862,0,0,22027.550682593857,Low Risk (Healthy)
100486,0.8916041845683981,1,1,1518.3425950196593,High Risk / Low-Med Value
100487,0.3418495452706762,0,0,17432.105438596493,Low Risk (Healthy)
100488,0.8128536875338327,1,1,13386.383075221238,High Risk / Low-Med Value
100489,0.3250815751565633,0,0,3160.742672413793,Low Risk (Healthy)
100490,0.65287614895264,1,1,6206.29598370198,High Risk / Low-Med Value
100491,0.2762277230660478,0,0,18142.325,Low Risk (Healthy)
100492,0.1684672570954193,0,0,29215.65237226277,Low Risk (Healthy)
100493,0.2413535539653129,0,0,15670.532967032968,Low Risk (Healthy)
100494,0.7658350791032504,1,1,10586.414285714283,High Risk / Low-Med Value
100496,0.3283349558677337,0,0,4358.989605734767,Low Risk (Healthy)
100497,0.3459289809593159,0,1,18303.56970108696,Low Risk (Healthy)
100498,0.1615449818349466,0,0,16400.077656078858,Low Risk (Healthy)
100499,0.4582956944104102,0,0,5645.271958456973,Watchlist (Medium Risk)
100500,0.4199344882447173,0,1,14257.368905109488,Watchlist (Medium Risk)
100501,0.3337914555021232,0,0,5986.646172248804,Low Risk (Healthy)
100502,0.7622566250822771,1,1,3770.82223796034,High Risk / Low-Med Value
100503,0.2718552252730792,0,0,24035.0439516129,Low Risk (Healthy)
100504,0.3595996829686698,0,0,4823.601871657754,Watchlist (Medium Risk)
100505,0.3632130741090034,0,0,31248.07840375587,Watchlist (Medium Risk)
100506,0.5874292463683954,1,0,8227.540795287186,Watchlist (Medium Risk)
100507,0.4201761535035483,0,1,17729.250657894736,Watchlist (Medium Risk)
100509,0.3883333661336111,0,0,17797.805555555555,Watchlist (Medium Risk)
100510,0.6879234134528908,1,1,11800.207289002556,High Risk / Low-Med Value
100511,0.6530386393215912,1,0,3193.709293680297,High Risk / Low-Med Value
100512,0.4494286497944209,0,1,9086.480382293765,Watchlist (Medium Risk)
100513,0.2465375680893498,0,0,26601.40857142857,Low Risk (Healthy)
100515,0.368613138345603,0,0,11556.155795148248,Watchlist (Medium Risk)
100516,0.464651565127519,0,0,5099.871854304636,Watchlist (Medium Risk)
100517,0.6106285989144719,1,1,3941.224778761061,High Risk / Low-Med Value
100518,0.5441646343352756,1,0,17859.316666666666,Watchlist (Medium Risk)
100519,0.6334255157186794,1,0,5766.031257861635,High Risk / Low-Med Value
100520,0.6437045761525862,1,1,10789.633641536271,High Risk / Low-Med Value
100521,0.4053957577608335,0,0,12391.458000000002,Watchlist (Medium Risk)
100522,0.5114188877280107,1,1,15498.297469325154,Watchlist (Medium Risk)
100523,0.5181631982121924,1,0,3502.397560975609,Watchlist (Medium Risk)
100524,0.633676117308324,1,1,15197.890277777777,High Risk / High Value
100525,0.5131979255397835,1,0,3157.3668,Watchlist (Medium Risk)
100527,0.6869872413687405,1,1,2925.124209245742,High Risk / Low-Med Value
100528,0.5089211321495578,1,0,3319.9072727272724,Watchlist (Medium Risk)
100529,0.8672540382842352,1,1,4093.79705882353,High Risk / Low-Med Value
100530,0.4780547072094063,0,0,8610.967149758453,Watchlist (Medium Risk)
100531,0.2765191949206625,0,1,5795.860990712075,Low Risk (Healthy)
100532,0.347902221516293,0,0,6977.55253164557,Low Risk (Healthy)
100533,0.6738160907908244,1,1,9197.254712041884,High Risk / Low-Med Value
100535,0.427919083810112,0,0,18039.707228915664,Watchlist (Medium Risk)
100536,0.2309685348563889,0,0,14387.240322580645,Low Risk (Healthy)
100537,0.2944793550665467,0,0,7549.818166666667,Low Risk (Healthy)
100538,0.2213727178660276,0,0,10976.949624060151,Low Risk (Healthy)
100539,0.2724744209090146,0,0,12191.127929901424,Low Risk (Healthy)
100540,0.6907285474206301,1,0,871.8132352941177,High Risk / Low-Med Value
100541,0.1549914452173637,0,0,16762.68054347826,Low Risk (Healthy)
100542,0.7149965346041038,1,1,7218.069439252336,High Risk / Low-Med Value
100543,0.5808469320785854,1,0,15433.496593673968,Watchlist (Medium Risk)
100544,0.5253019901401234,1,0,1586.7169811320755,Watchlist (Medium Risk)
100545,0.8102590385434633,1,1,3698.797781299525,High Risk / Low-Med Value
100546,0.760131777043252,1,1,2560.6195544554457,High Risk / Low-Med Value
100547,0.1929128667710627,0,0,9173.96124641834,Low Risk (Healthy)
100548,0.315801060095103,0,0,8108.168233618233,Low Risk (Healthy)
100549,0.7049923350591757,1,1,15644.400980392156,High Risk / High Value
100550,0.3778355550859668,0,0,11088.016374589266,Watchlist (Medium Risk)
100551,0.3333291485998334,0,0,7610.148776508972,Low Risk (Healthy)
100552,0.5724458421749135,1,1,7286.542220279721,Watchlist (Medium Risk)
100553,0.6862655860443517,1,0,10758.394563552833,High Risk / Low-Med Value
100554,0.3271905418499606,0,0,10226.625796178345,Low Risk (Healthy)
100555,0.685777438572944,1,0,5822.434375000001,High Risk / Low-Med Value
100556,0.5322540282489636,1,0,2694.2449652777777,Watchlist (Medium Risk)
100557,0.7107427411175299,1,0,7016.44292929293,High Risk / Low-Med Value
100558,0.6355646516847248,1,0,4203.057125,High Risk / Low-Med Value
100559,0.1990485388328486,0,0,24842.95475285172,Low Risk (Healthy)
100560,0.4030498667426084,0,0,3220.104237288135,Watchlist (Medium Risk)
100561,0.8020310565939927,1,1,12192.395588235291,High Risk / Low-Med Value
100562,0.2373961688212519,0,0,15604.117449664427,Low Risk (Healthy)
100563,0.2078358479769316,0,0,10937.453125000002,Low Risk (Healthy)
100564,0.4184170027321908,0,1,14753.578299120234,Watchlist (Medium Risk)
100566,0.2158246992989216,0,0,13035.86172413793,Low Risk (Healthy)
100567,0.5056272157337945,1,0,24155.16029572837,Watchlist (Medium Risk)
100568,0.3013111447844555,0,0,11315.767579408544,Low Risk (Healthy)
100569,0.484827868115634,0,0,15707.694415584416,Watchlist (Medium Risk)
100570,0.2918172367021872,0,0,11370.013502673795,Low Risk (Healthy)
100572,0.5637790115809713,1,1,17252.327674418604,Watchlist (Medium Risk)
100573,0.45581839794921,0,0,7634.555169753086,Watchlist (Medium Risk)
100574,0.6337092079537694,1,1,1215.1505859375,High Risk / Low-Med Value
100575,0.3826301889393443,0,0,10115.754395604396,Watchlist (Medium Risk)
100576,0.8512819836944086,1,1,2540.5258620689656,High Risk / Low-Med Value
100577,0.4958524858936748,0,1,3744.2395238095232,Watchlist (Medium Risk)
100578,0.4774023699155199,0,1,17775.890754257907,Watchlist (Medium Risk)
100579,0.3015778145037271,0,0,8625.169879518073,Low Risk (Healthy)
100581,0.4606043467312439,0,1,6939.207251908396,Watchlist (Medium Risk)
100582,0.2852247345995735,0,0,9768.072368421052,Low Risk (Healthy)
100583,0.2804094875096844,0,0,25130.096853146853,Low Risk (Healthy)
100584,0.1399654676712954,0,0,31336.90909090909,Low Risk (Healthy)
100587,0.5725512404841291,1,0,2209.8722222222223,Watchlist (Medium Risk)
100589,0.2940533929885466,0,1,19406.14823529412,Low Risk (Healthy)
100590,0.2281902206227585,0,0,13469.624669187144,Low Risk (Healthy)
100591,0.8425824638170449,1,1,3243.787087912088,High Risk / Low-Med Value
100592,0.5895969636703421,1,0,7615.730868167202,Watchlist (Medium Risk)
100593,0.6046715818878445,1,1,7375.607142857142,High Risk / Low-Med Value
100594,0.8750619927223748,1,1,2027.2114398422093,High Risk / Low-Med Value
100595,0.2937982260441558,0,0,14450.33883792049,Low Risk (Healthy)
100596,0.7195594952850413,1,1,11088.89448574969,High Risk / Low-Med Value
100597,0.1758029343753362,0,0,14010.88892171344,Low Risk (Healthy)
100598,0.1429981322872955,0,0,21456.05925520263,Low Risk (Healthy)
100599,0.2595762292539399,0,0,42789.539615384616,Low Risk (Healthy)
100600,0.2923388818451523,0,0,17505.8820754717,Low Risk (Healthy)
100601,0.7685855936002004,1,1,4660.189301310043,High Risk / Low-Med Value
100602,0.2165983689623879,0,0,12406.834513274334,Low Risk (Healthy)
100603,0.564798758699241,1,1,2472.577445652174,Watchlist (Medium Risk)
100604,0.3759393114770162,0,0,12657.600357142856,Watchlist (Medium Risk)
100605,0.1312446255715575,0,0,26534.050623700623,Low Risk (Healthy)
100606,0.1881685353143143,0,0,15947.37598253275,Low Risk (Healthy)
100607,0.3316966287374539,0,0,5847.612857142857,Low Risk (Healthy)
100608,0.3197265259025542,0,0,16694.17090909091,Low Risk (Healthy)
100610,0.4861869940380351,0,0,9487.565334063524,Watchlist (Medium Risk)
100611,0.4616028464883692,0,0,7416.584118291347,Watchlist (Medium Risk)
100612,0.637575397642319,1,0,6229.189161849712,High Risk / Low-Med Value
100613,0.1468718812079179,0,0,23775.495905923344,Low Risk (Healthy)
100614,0.3581275656336976,0,0,18429.80217391304,Watchlist (Medium Risk)
100615,0.4209567756205837,0,0,8238.654222972973,Watchlist (Medium Risk)
100616,0.22209944079508,0,0,14583.094736842106,Low Risk (Healthy)
100617,0.1592758223296682,0,0,36496.99305210918,Low Risk (Healthy)
100618,0.4632806932574613,0,0,9100.628164556962,Watchlist (Medium Risk)
100619,0.6523440637885025,1,0,21586.179882154884,High Risk / High Value
100620,0.3831397619889334,0,0,6544.637897042716,Watchlist (Medium Risk)
100621,0.5396931353349749,1,1,1170.5172413793102,Watchlist (Medium Risk)
100622,0.3274534339900908,0,0,12782.266513761468,Low Risk (Healthy)
100623,0.15906320939169,0,0,23113.55126262626,Low Risk (Healthy)
100625,0.3891694382515986,0,0,39314.9484375,Watchlist (Medium Risk)
100626,0.4532313945762432,0,1,26847.716922234395,Watchlist (Medium Risk)
100627,0.2850602303909636,0,1,38914.9520746888,Low Risk (Healthy)
100628,0.1330431216195044,0,0,45477.66417525773,Low Risk (Healthy)
100629,0.1808876231076047,0,0,24199.266805555555,Low Risk (Healthy)
100630,0.2164701506821166,0,0,9691.765652173914,Low Risk (Healthy)
100631,0.1309458289282394,0,0,17700.980665024632,Low Risk (Healthy)
100632,0.7899371383395626,1,1,688.4602510460251,High Risk / Low-Med Value
100633,0.5858005310629839,1,1,12645.909850746268,Watchlist (Medium Risk)
100634,0.5658770593372232,1,0,9524.787086614171,Watchlist (Medium Risk)
100635,0.7270742280568834,1,0,8818.206622516556,High Risk / Low-Med Value
100636,0.4377284626821934,0,0,12008.879791894857,Watchlist (Medium Risk)
100637,0.6836901037561814,1,0,7554.607142857144,High Risk / Low-Med Value
100638,0.7677372923187964,1,1,7155.47532808399,High Risk / Low-Med Value
100639,0.7166673645152861,1,0,3990.0936473165393,High Risk / Low-Med Value
100640,0.3404338380838039,0,1,18233.46694078948,Low Risk (Healthy)
100642,0.6826259078721064,1,1,11793.536409155937,High Risk / Low-Med Value
100643,0.0883319297395036,0,0,22959.90627705628,Low Risk (Healthy)
100644,0.2911850945473495,0,0,24393.080000000005,Low Risk (Healthy)
100645,0.810409594359197,1,1,2783.158274894811,High Risk / Low-Med Value
100646,0.3966943620568216,0,0,11339.961776859504,Watchlist (Medium Risk)
100648,0.6512717669952736,1,1,17013.472890733057,High Risk / High Value
100649,0.3102141573170886,0,0,29336.55294117647,Low Risk (Healthy)
100650,0.1984573306682253,0,0,62325.64918699187,Low Risk (Healthy)
100652,0.3505674546081974,0,1,16267.619321533924,Watchlist (Medium Risk)
100654,0.372291264615555,0,1,14240.764841182912,Watchlist (Medium Risk)
100655,0.7089462530055445,1,1,31309.974436090222,High Risk / High Value
100656,0.4314992224187737,0,0,9596.940327169272,Watchlist (Medium Risk)
100657,0.4716665124457304,0,0,36725.322944550666,Watchlist (Medium Risk)
100658,0.0770304552759063,0,0,15810.84852135816,Low Risk (Healthy)
100659,0.661031648994704,1,1,13158.998535156252,High Risk / Low-Med Value
100660,0.5727996301445732,1,0,8723.025660792951,Watchlist (Medium Risk)
100661,0.622694564320771,1,1,3398.997630331753,High Risk / Low-Med Value
100662,0.6076014382069905,1,0,2578.548387096774,High Risk / Low-Med Value
100663,0.772581555176411,1,1,10125.532420382166,High Risk / Low-Med Value
100665,0.3582638179551075,0,0,10375.73514115899,Watchlist (Medium Risk)
100666,0.4191251675481197,0,0,11315.389805825243,Watchlist (Medium Risk)
100667,0.4017778493266171,0,0,7571.288191489361,Watchlist (Medium Risk)
100668,0.5183454508077218,1,0,7606.727929901423,Watchlist (Medium Risk)
100669,0.27419565268738,0,0,18836.168088467617,Low Risk (Healthy)
100670,0.6473110785873417,1,0,2749.1800000000003,High Risk / Low-Med Value
100671,0.1783215004302285,0,1,31621.72363977486,Low Risk (Healthy)
100672,0.491475886881312,0,0,5788.116666666667,Watchlist (Medium Risk)
100673,0.153471843646939,0,0,53740.12935377875,Low Risk (Healthy)
100674,0.6837042094945501,1,1,3883.279824561403,High Risk / Low-Med Value
100675,0.348960406327112,0,1,13422.587982195846,Low Risk (Healthy)
100676,0.1920817178934522,0,0,13871.323898305083,Low Risk (Healthy)
100677,0.6227759239589243,1,1,8910.878784860559,High Risk / Low-Med Value
100678,0.301612369811744,0,0,18145.79216757741,Low Risk (Healthy)
100679,0.4325901810664597,0,1,18882.06919642857,Watchlist (Medium Risk)
100680,0.3349217423806346,0,0,16449.653071672354,Low Risk (Healthy)
100681,0.5661623857242137,1,1,24202.01989459816,Watchlist (Medium Risk)
100682,0.6558611053471501,1,1,13018.516415868677,High Risk / Low-Med Value
100683,0.6033972637135272,1,0,10407.283496093749,High Risk / Low-Med Value
100684,0.6974900854689647,1,1,31373.748904709744,High Risk / High Value
100685,0.4117560823785568,0,1,30124.30057618438,Watchlist (Medium Risk)
100686,0.333459086211394,0,1,25503.203426573426,Low Risk (Healthy)
100688,0.3923023699702332,0,0,11144.882642998027,Watchlist (Medium Risk)
100689,0.3650568887457076,0,0,3898.0405747126433,Watchlist (Medium Risk)
100690,0.1363154268790183,0,0,9184.59134720701,Low Risk (Healthy)
100691,0.2694771251926863,0,1,75138.97984374998,Low Risk (Healthy)
100692,0.5821800358554021,1,0,10231.77012345679,Watchlist (Medium Risk)
100693,0.5356959785517427,1,0,577.169801980198,Watchlist (Medium Risk)
100694,0.2950186445180956,0,0,53521.52613636363,Low Risk (Healthy)
100695,0.7451407707136984,1,1,12550.61495071194,High Risk / Low-Med Value
100696,0.2688234671796672,0,0,14564.921297989033,Low Risk (Healthy)
100697,0.7796084806934003,1,1,12044.104490690032,High Risk / Low-Med Value
100698,0.7573616325912105,1,1,14393.124044585988,High Risk / Low-Med Value
100700,0.4972582011770942,0,1,13462.176007326008,Watchlist (Medium Risk)
100701,0.6531666566193279,1,0,793.2986842105263,High Risk / Low-Med Value
100702,0.6241934179055759,1,1,4045.446615384616,High Risk / Low-Med Value
100703,0.3092511226320573,0,0,37798.206507936506,Low Risk (Healthy)
100704,0.6717211930433961,1,0,3976.716695957821,High Risk / Low-Med Value
100705,0.6454247285699867,1,0,17060.131982475355,High Risk / High Value
100706,0.2147198083983126,0,0,15919.508981380066,Low Risk (Healthy)
100707,0.3008427702839631,0,0,34431.63310344827,Low Risk (Healthy)
100708,0.216969367914829,0,0,16922.86,Low Risk (Healthy)
100709,0.591415210354755,1,0,2707.39227748691,Watchlist (Medium Risk)
100710,0.5995467179127731,1,1,18532.374019607843,Watchlist (Medium Risk)
100711,0.7486985699204635,1,0,3716.5115553121577,High Risk / Low-Med Value
100712,0.4996557267588042,0,1,19010.380075187968,Watchlist (Medium Risk)
100713,0.7428633226837782,1,1,4727.196057818661,High Risk / Low-Med Value
100714,0.2804742892852093,0,0,14069.482789317508,Low Risk (Healthy)
100715,0.6463621280381134,1,1,3932.959230769231,High Risk / Low-Med Value
100717,0.3611855272326565,0,1,10903.734927536232,Watchlist (Medium Risk)
100718,0.3332823593185701,0,0,36482.30927419355,Low Risk (Healthy)
100719,0.3462749938429755,0,0,6861.8988118811885,Low Risk (Healthy)
100720,0.8602457505811998,1,1,1912.1522453450164,High Risk / Low-Med Value
100721,0.2493014921916287,0,0,14945.322071129704,Low Risk (Healthy)
100722,0.7630957427432424,1,1,7413.833625410734,High Risk / Low-Med Value
100723,0.1870273498498039,0,0,39684.84975369458,Low Risk (Healthy)
100724,0.3324021613610181,0,0,10148.394454225352,Low Risk (Healthy)
100725,0.5914208238030896,1,1,3589.205138339921,Watchlist (Medium Risk)
100726,0.6626164596940867,1,0,6002.381547619048,High Risk / Low-Med Value
100727,0.3519041373285182,0,0,26589.662747524755,Watchlist (Medium Risk)
100728,0.6612127839812548,1,0,4876.870734126985,High Risk / Low-Med Value
100729,0.6987500369318462,1,1,4049.4627906976734,High Risk / Low-Med Value
100730,0.1379802893207157,0,0,61137.47326007326,Low Risk (Healthy)
100731,0.5560057435595513,1,0,14342.930310880827,Watchlist (Medium Risk)
100732,0.3090644042893814,0,0,46204.21724137931,Low Risk (Healthy)
100734,0.08061037226588,0,0,28114.156429391507,Low Risk (Healthy)
100735,0.4104445758694687,0,0,7266.625312499999,Watchlist (Medium Risk)
100736,0.3837564878238169,0,0,24991.71222222222,Watchlist (Medium Risk)
100737,0.8397354462063485,1,1,3322.0277108433734,High Risk / Low-Med Value
100738,0.2974038252013999,0,0,8766.73798646362,Low Risk (Healthy)
100739,0.3329291084811576,0,0,12034.15365111562,Low Risk (Healthy)
100740,0.6881292182770805,1,1,668.589935064935,High Risk / Low-Med Value
100741,0.2183076995747091,0,0,22121.150892857146,Low Risk (Healthy)
100742,0.480736017107114,0,1,7093.925688073395,Watchlist (Medium Risk)
100743,0.8238673501265683,1,1,1974.49,High Risk / Low-Med Value
100744,0.2282977064896844,0,0,44724.69029126214,Low Risk (Healthy)
100745,0.396829724698845,0,0,5952.144387755102,Watchlist (Medium Risk)
100746,0.5755134472850976,1,1,1629.4005555555552,Watchlist (Medium Risk)
100747,0.3566426879302855,0,0,6176.701764705882,Watchlist (Medium Risk)
100748,0.3788145494246866,0,0,19856.11230769231,Watchlist (Medium Risk)
100749,0.5121989379135333,1,0,4307.266531440162,Watchlist (Medium Risk)
100750,0.8135829950687503,1,1,2111.8653641207816,High Risk / Low-Med Value
100751,0.7809330444759742,1,1,4758.715459610027,High Risk / Low-Med Value
100752,0.262555541597281,0,1,10829.11443914081,Low Risk (Healthy)
100753,0.6266601928091707,1,1,10449.76875,High Risk / Low-Med Value
100755,0.6336257261244637,1,0,9407.35648769575,High Risk / Low-Med Value
100756,0.6862735771832082,1,0,2780.052683461117,High Risk / Low-Med Value
100757,0.284995296326031,0,0,19268.26837060703,Low Risk (Healthy)
100758,0.8548766787773567,1,1,8200.919349112426,High Risk / Low-Med Value
100759,0.2357583497560366,0,0,20296.81210691824,Low Risk (Healthy)
100760,0.3492740888447611,0,0,10562.002032520326,Low Risk (Healthy)
100761,0.1586288632847888,0,0,22953.72865979381,Low Risk (Healthy)
100762,0.3192172990192355,0,0,10698.31590909091,Low Risk (Healthy)
100764,0.714345405844207,1,1,3751.916155531216,High Risk / Low-Med Value
100765,0.8765756850032647,1,1,1762.6711805555556,High Risk / Low-Med Value
100766,0.2588541635729223,0,0,11057.443510324483,Low Risk (Healthy)
100767,0.5014821084037286,1,1,14629.665436241612,Watchlist (Medium Risk)
100768,0.3030478729291212,0,0,5188.887096774194,Low Risk (Healthy)
100769,0.838303864828262,1,1,8024.363557692308,High Risk / Low-Med Value
100770,0.3677364843911935,0,1,11224.91715116279,Watchlist (Medium Risk)
100771,0.3296541049068641,0,0,29071.033333333333,Low Risk (Healthy)
100772,0.2429456278097896,0,0,14374.076288659791,Low Risk (Healthy)
100773,0.1073797126563461,0,0,25395.499272197965,Low Risk (Healthy)
100774,0.4326346211524762,0,0,5823.933282208588,Watchlist (Medium Risk)
100775,0.7833634694647449,1,1,2551.497037914692,High Risk / Low-Med Value
100776,0.3932895432216197,0,0,5968.070879120879,Watchlist (Medium Risk)
100777,0.4634791517846728,0,0,7379.883937823834,Watchlist (Medium Risk)
100778,0.5315731496410291,1,0,8541.365,Watchlist (Medium Risk)
100780,0.2738696722149225,0,0,8742.930528052806,Low Risk (Healthy)
100781,0.5496303416574895,1,1,7604.483197831978,Watchlist (Medium Risk)
100783,0.246100580058311,0,0,19954.57677261614,Low Risk (Healthy)
100784,0.2406063370984101,0,0,16961.6084,Low Risk (Healthy)
100785,0.3471969063922395,0,0,4979.583126934985,Low Risk (Healthy)
100786,0.3704900881318141,0,0,5795.973163841808,Watchlist (Medium Risk)
100787,0.3197018133565208,0,0,85842.452,Low Risk (Healthy)
100788,0.7801949078320659,1,0,10718.808150064682,High Risk / Low-Med Value
100789,0.7718134658034929,1,1,3502.798734177215,High Risk / Low-Med Value
100790,0.239909814502777,0,0,37589.13137254902,Low Risk (Healthy)
100791,0.6506821591277384,1,1,6333.774561403509,High Risk / Low-Med Value
100792,0.7940050622442856,1,1,4235.956077348066,High Risk / Low-Med Value
100793,0.2853872973229597,0,0,19482.68788209607,Low Risk (Healthy)
100794,0.3783614960969736,0,1,12763.24278846154,Watchlist (Medium Risk)
100795,0.5979395881311299,1,0,7577.324914285714,Watchlist (Medium Risk)
100797,0.8192870690468445,1,0,3746.179299014239,High Risk / Low-Med Value
100798,0.1839555464912199,0,0,23528.040384615382,Low Risk (Healthy)
100799,0.3142331519398604,0,1,24506.9697265625,Low Risk (Healthy)
100800,0.6143374294716835,1,1,9641.214285714286,High Risk / Low-Med Value
100801,0.2404865061537473,0,0,16302.861875,Low Risk (Healthy)
100802,0.7290269272876584,1,1,11426.74566724437,High Risk / Low-Med Value
100804,0.5377514224507757,1,0,2384.7185975609755,Watchlist (Medium Risk)
100805,0.3892895182051194,0,0,13630.085218509,Watchlist (Medium Risk)
100806,0.3995184597148891,0,0,7528.695439377085,Watchlist (Medium Risk)
100807,0.1259136124405798,0,0,11383.036,Low Risk (Healthy)
100808,0.1306391350838465,0,0,14454.979463307776,Low Risk (Healthy)
100809,0.1174419510156355,0,0,16613.193136094676,Low Risk (Healthy)
100810,0.307055994075207,0,0,11020.128666666666,Low Risk (Healthy)
100811,0.1985560686247458,0,0,44306.29577656675,Low Risk (Healthy)
100812,0.3623773246674688,0,0,11318.878125,Watchlist (Medium Risk)
100813,0.5276182965242203,1,1,35818.47699619772,Watchlist (Medium Risk)
100814,0.17254194971766,0,0,30692.26931818182,Low Risk (Healthy)
100815,0.6868544627705948,1,1,8455.02796460177,High Risk / Low-Med Value
100816,0.4863593131814046,0,0,6677.350211864406,Watchlist (Medium Risk)
100817,0.2288356241435657,0,0,35781.40625,Low Risk (Healthy)
100818,0.7406470650173859,1,1,11414.99251497006,High Risk / Low-Med Value
100819,0.558334106669945,1,0,3581.7819620253167,Watchlist (Medium Risk)
100820,0.5927912698016028,1,1,2262.9511160714287,Watchlist (Medium Risk)
100821,0.6721812687872686,1,0,379.49913644214166,High Risk / Low-Med Value
100822,0.233374055692278,0,0,19114.400838926173,Low Risk (Healthy)
100823,0.1500394911191967,0,0,33334.059187620885,Low Risk (Healthy)
100824,0.1697762962903222,0,0,33556.13212703102,Low Risk (Healthy)
100825,0.1498694376412526,0,0,14908.087185104052,Low Risk (Healthy)
100826,0.4520532151994957,0,0,30134.830678466074,Watchlist (Medium Risk)
100827,0.3399622455447039,0,0,10080.85781938326,Low Risk (Healthy)
100828,0.3111923944177713,0,0,13812.29446902655,Low Risk (Healthy)
100829,0.560649513414847,1,0,13510.578736842106,Watchlist (Medium Risk)
100830,0.347786381849751,0,0,5839.649854651163,Low Risk (Healthy)
100831,0.352235890511521,0,0,11241.852261904762,Watchlist (Medium Risk)
100832,0.2096437349786079,0,0,12404.434053156148,Low Risk (Healthy)
100833,0.5774956910048266,1,1,21521.751003764115,Watchlist (Medium Risk)
100834,0.6030780908134088,1,1,23505.023837209304,High Risk / High Value
100835,0.3030932237344559,0,0,24118.638461538463,Low Risk (Healthy)
100836,0.2342687015587377,0,0,24700.952546296296,Low Risk (Healthy)
100837,0.3428861967302498,0,0,42992.45651041666,Low Risk (Healthy)
100838,0.2503516942865641,0,0,10223.869675925926,Low Risk (Healthy)
100839,0.2737799986265382,0,0,8306.015902140673,Low Risk (Healthy)
100840,0.2523037304581434,0,1,6863.110138248848,Low Risk (Healthy)
100841,0.3610532290985122,0,0,13480.557430340556,Watchlist (Medium Risk)
100842,0.3684478259034506,0,0,5754.844495412844,Watchlist (Medium Risk)
100843,0.7197450555975814,1,1,5259.046292775665,High Risk / Low-Med Value
100844,0.5729082973890525,1,1,11712.865991237675,Watchlist (Medium Risk)
100845,0.4548750974271602,0,0,2725.4673033707863,Watchlist (Medium Risk)
100846,0.6888317924241443,1,0,6049.223788546256,High Risk / Low-Med Value
100848,0.1270277425946421,0,0,46984.08729463308,Low Risk (Healthy)
100849,0.394319660661008,0,1,36329.405579399136,Watchlist (Medium Risk)
100850,0.1819545833196165,0,0,20004.15578125,Low Risk (Healthy)
100852,0.5749614157432654,1,0,5565.261458333333,Watchlist (Medium Risk)
100853,0.6502281549149262,1,0,7523.954196642686,High Risk / Low-Med Value
100854,0.59425852422859,1,0,2300.05,Watchlist (Medium Risk)
100856,0.4579756307050315,0,1,5319.151886792452,Watchlist (Medium Risk)
100857,0.789595140522528,1,1,4879.898083242059,High Risk / Low-Med Value
100858,0.4863873898841802,0,1,13376.629679802956,Watchlist (Medium Risk)
100859,0.6375818856036604,1,0,3617.133256880734,High Risk / Low-Med Value
100860,0.235027791192317,0,0,28582.733937823832,Low Risk (Healthy)
100861,0.1508784139604341,0,0,23317.53732782369,Low Risk (Healthy)
100862,0.2873498672755628,0,0,33572.93297872341,Low Risk (Healthy)
100863,0.0858098147808442,0,0,19404.290831134564,Low Risk (Healthy)
100864,0.2776066733677759,0,0,38394.17451923078,Low Risk (Healthy)
100865,0.2719642407786146,0,0,11199.75413625304,Low Risk (Healthy)
100866,0.8008342788726314,1,1,3788.8199342825847,High Risk / Low-Med Value
100867,0.2466821701680958,0,0,20637.605384615388,Low Risk (Healthy)
100868,0.5494442456424017,1,0,2990.9142857142856,Watchlist (Medium Risk)
100869,0.6752682513836187,1,1,4660.390451745379,High Risk / Low-Med Value
100870,0.3607531575401769,0,0,9258.046653279784,Watchlist (Medium Risk)
100871,0.339224162743775,0,0,7617.43883248731,Low Risk (Healthy)
100872,0.2590513226616637,0,0,17136.06889952153,Low Risk (Healthy)
100873,0.2162318557794587,0,0,24364.27983870968,Low Risk (Healthy)
100874,0.464114683861007,0,0,3976.629025191676,Watchlist (Medium Risk)
100875,0.727347676450394,1,1,14545.038539042822,High Risk / Low-Med Value
100876,0.3802601695705693,0,0,29963.439440993792,Watchlist (Medium Risk)
100877,0.248717261718362,0,0,13010.425,Low Risk (Healthy)
100878,0.6978136592388247,1,1,9762.003374233129,High Risk / Low-Med Value
100879,0.138513062077898,0,0,47933.8806518724,Low Risk (Healthy)
100880,0.2005791420059135,0,0,18713.194194961667,Low Risk (Healthy)
100881,0.6903282132541606,1,0,1117.268953068592,High Risk / Low-Med Value
100882,0.4447882778835719,0,0,5354.163853904282,Watchlist (Medium Risk)
100883,0.2721574629849762,0,0,12101.42108433735,Low Risk (Healthy)
100884,0.3857011475563734,0,0,11703.489270833334,Watchlist (Medium Risk)
100885,0.5907783337980808,1,1,6048.662416107383,Watchlist (Medium Risk)
100886,0.1539069703660188,0,0,16039.45925520263,Low Risk (Healthy)
100887,0.4682256247150028,0,0,4918.024384236453,Watchlist (Medium Risk)
100888,0.3736365910750294,0,0,8660.223109243698,Watchlist (Medium Risk)
100889,0.2592602529721881,0,0,39726.5400328587,Low Risk (Healthy)
100891,0.7440522782170457,1,0,3484.8003699136866,High Risk / Low-Med Value
100892,0.537081898343717,1,1,11682.39716216216,Watchlist (Medium Risk)
100893,0.6703296736504608,1,0,10151.86232142857,High Risk / Low-Med Value
100894,0.7030469179143918,1,1,1381.06875,High Risk / Low-Med Value
100895,0.3484988599926044,0,0,11490.054,Low Risk (Healthy)
100896,0.7200397162289919,1,1,1139.606041666667,High Risk / Low-Med Value
100897,0.3462499714047501,0,0,10272.07513914657,Low Risk (Healthy)
100898,0.3976346532193988,0,0,5742.329518072289,Watchlist (Medium Risk)
100899,0.215012577826809,0,0,19727.623726541555,Low Risk (Healthy)
100901,0.1801615930555603,0,0,18267.776486486488,Low Risk (Healthy)
100902,0.3696942123643221,0,0,16323.390212765957,Watchlist (Medium Risk)
100903,0.3385225805837418,0,1,33012.48924380704,Low Risk (Healthy)
100904,0.2901945583289756,0,1,19625.18453608248,Low Risk (Healthy)
100905,0.6691188518825852,1,0,18286.90969387755,High Risk / High Value
100906,0.9191337732796576,1,1,3479.6608452950563,High Risk / Low-Med Value
100907,0.533978401428916,1,1,8112.144929797192,Watchlist (Medium Risk)
100908,0.2094913435224864,0,0,8438.909136212624,Low Risk (Healthy)
100909,0.6701898644238702,1,1,8409.99107142857,High Risk / Low-Med Value
100910,0.5459454323212632,1,1,7965.733681214421,Watchlist (Medium Risk)
100911,0.6355565648150597,1,0,29471.91141439206,High Risk / High Value
100912,0.6616822739334577,1,0,1347.1,High Risk / Low-Med Value
100913,0.5386411888310986,1,0,26901.04074074074,Watchlist (Medium Risk)
100914,0.7096825178041892,1,1,36204.03050397878,High Risk / High Value
100915,0.2675066063358783,0,0,49981.8225,Low Risk (Healthy)
100917,0.4525515640968411,0,0,4356.178947368421,Watchlist (Medium Risk)
100918,0.6015435043722882,1,0,2397.8315748031496,High Risk / Low-Med Value
100919,0.5439490020158797,1,1,8777.624285714284,Watchlist (Medium Risk)
100920,0.3068343189244834,0,0,11792.539765625,Low Risk (Healthy)
100921,0.2358178293166329,0,0,18125.31194444445,Low Risk (Healthy)
100922,0.546135029431061,1,1,5328.7657990314765,Watchlist (Medium Risk)
100923,0.243655100327099,0,0,11915.321698113208,Low Risk (Healthy)
100924,0.370272668810384,0,0,5732.921287128713,Watchlist (Medium Risk)
100925,0.3345883235384779,0,0,27662.66478527608,Low Risk (Healthy)
100926,0.712680623294804,1,1,16617.136682242988,High Risk / High Value
100927,0.6592294421767254,1,1,8093.934603421462,High Risk / Low-Med Value
100928,0.2162493696961824,0,0,37086.59573304157,Low Risk (Healthy)
100929,0.4663107777233501,0,0,4386.656904761905,Watchlist (Medium Risk)
100930,0.2788840336741442,0,0,11336.10843373494,Low Risk (Healthy)
100932,0.2654852927349157,0,1,31773.75772179628,Low Risk (Healthy)
100934,0.5104698950845105,1,0,4020.029244249726,Watchlist (Medium Risk)
100935,0.3994310449543423,0,0,17986.24276960784,Watchlist (Medium Risk)
100936,0.4501641162160358,0,1,11492.293496801703,Watchlist (Medium Risk)
100937,0.5064874480216089,1,1,7312.976862302484,Watchlist (Medium Risk)
100938,0.6111862225732078,1,0,5152.758934707904,High Risk / Low-Med Value
100939,0.2206603733053644,0,0,6101.385624999999,Low Risk (Healthy)
100941,0.5145291218076096,1,1,4324.448780487805,Watchlist (Medium Risk)
100942,0.2095046096152882,0,0,8788.030386740333,Low Risk (Healthy)
100943,0.4761795380242003,0,1,22629.61019417476,Watchlist (Medium Risk)
100944,0.2132439097633761,0,0,33604.842568370994,Low Risk (Healthy)
100945,0.632380999122758,1,1,10468.86163141994,High Risk / Low-Med Value
100946,0.2277391654016414,0,0,48628.6596590909,Low Risk (Healthy)
100947,0.5755089082199218,1,1,3463.806957547169,Watchlist (Medium Risk)
100948,0.2164789597626569,0,0,21847.02733208955,Low Risk (Healthy)
100949,0.6824967057579353,1,1,7519.534303350971,High Risk / Low-Med Value
100950,0.3470932750675116,0,0,10170.004840686275,Low Risk (Healthy)
100951,0.4311067187526669,0,0,34061.54534883721,Watchlist (Medium Risk)
100952,0.7470563369659173,1,1,5681.928641370869,High Risk / Low-Med Value
100953,0.1527511365696962,0,0,14482.551947308137,Low Risk (Healthy)
100955,0.5347237605999698,1,0,1322.7858407079646,Watchlist (Medium Risk)
100956,0.8191412767423913,1,1,12761.083008982036,High Risk / Low-Med Value
100957,0.2760954686337913,0,0,15893.859561752988,Low Risk (Healthy)
100958,0.5365853024433926,1,0,9325.961883899234,Watchlist (Medium Risk)
100959,0.3765937549293202,0,0,4299.084337349398,Watchlist (Medium Risk)
100960,0.2247294186482266,0,0,10732.20284090909,Low Risk (Healthy)
100961,0.3083454494829754,0,0,22954.54583333333,Low Risk (Healthy)
100962,0.7785025697664181,1,1,2207.2406172839505,High Risk / Low-Med Value
100965,0.5654999595068713,1,1,8708.791044776119,Watchlist (Medium Risk)
100966,0.5098975575596281,1,0,16531.65755750274,Watchlist (Medium Risk)
100967,0.5540793377254414,1,0,15757.445878524944,Watchlist (Medium Risk)
100968,0.1751805295079292,0,0,9188.622606382978,Low Risk (Healthy)
100969,0.3744611746925021,0,0,13742.966964285712,Watchlist (Medium Risk)
100970,0.2633643754246044,0,0,49999.48048780488,Low Risk (Healthy)
100971,0.5598084974745714,1,0,5367.825980392156,Watchlist (Medium Risk)
100973,0.3558536544287263,0,1,13222.271979865773,Watchlist (Medium Risk)
100974,0.7184111601008505,1,0,4412.220915619389,High Risk / Low-Med Value
100975,0.746009790067255,1,0,690.2744186046511,High Risk / Low-Med Value
100976,0.7126948848066157,1,1,10644.115379113018,High Risk / Low-Med Value
100977,0.1791739930060696,0,0,8598.822302158273,Low Risk (Healthy)
100978,0.2329415488373789,0,1,10308.63943044907,Low Risk (Healthy)
100979,0.2798985913495535,0,0,11325.221064139942,Low Risk (Healthy)
100980,0.5468911727902334,1,0,4529.998777777778,Watchlist (Medium Risk)
100981,0.7787072014754355,1,1,14366.622401433691,High Risk / Low-Med Value
100982,0.421288962836057,0,0,4531.535545023697,Watchlist (Medium Risk)
100983,0.76361320933078,1,1,429.29710884353744,High Risk / Low-Med Value
100984,0.1350779717293582,0,0,43426.47473498233,Low Risk (Healthy)
100985,0.5891678806353564,1,1,3300.764417177914,Watchlist (Medium Risk)
100986,0.5120153092047884,1,0,7006.804310344828,Watchlist (Medium Risk)
100987,0.8137953348912029,1,1,2693.92538593482,High Risk / Low-Med Value
100988,0.1615722382339801,0,0,14506.743431122448,Low Risk (Healthy)
100989,0.5830503132141517,1,0,10793.592567567566,Watchlist (Medium Risk)
100990,0.6830154071692535,1,1,28232.984110787173,High Risk / High Value
100991,0.1087484035418924,0,0,21378.26188389923,Low Risk (Healthy)
100992,0.2279891281801947,0,0,19057.336827956988,Low Risk (Healthy)
100993,0.1953253130620135,0,0,19709.01457883369,Low Risk (Healthy)
100994,0.6748044715708699,1,1,9079.864326812429,High Risk / Low-Med Value
100995,0.3766148967658581,0,0,2913.753608247422,Watchlist (Medium Risk)
100996,0.6088392749913321,1,1,7453.978109854604,High Risk / Low-Med Value
100997,0.6717081753802892,1,1,24201.243044906903,High Risk / High Value
100998,0.4586300243533647,0,0,13976.285230352303,Watchlist (Medium Risk)
100999,0.1462404071061224,0,0,67833.08892773892,Low Risk (Healthy)
101000,0.2311520307247548,0,0,50808.390374331546,Low Risk (Healthy)
101001,0.4124997786476172,0,0,23329.433725135623,Watchlist (Medium Risk)
101002,0.3625155660380767,0,0,13098.972151898734,Watchlist (Medium Risk)
101003,0.4853037367227915,0,0,10073.50985714286,Watchlist (Medium Risk)
101004,0.3577940044658402,0,0,4081.633720930232,Watchlist (Medium Risk)
101006,0.18400688955727,0,1,11537.223376623377,Low Risk (Healthy)
101007,0.1912502035411808,0,0,16533.74427312775,Low Risk (Healthy)
101008,0.3295469998590987,0,0,25253.22470355732,Low Risk (Healthy)
101009,0.8269524916320746,1,1,5742.762910447762,High Risk / Low-Med Value
101010,0.7294468741846368,1,1,11856.5670411985,High Risk / Low-Med Value
101011,0.7055590301303135,1,1,2500.5929018789143,High Risk / Low-Med Value
101012,0.4716664786263171,0,0,4296.412697160883,Watchlist (Medium Risk)
101013,0.6520028539079175,1,1,16030.199085365855,High Risk / High Value
101014,0.6871916705552623,1,1,1888.952991452992,High Risk / Low-Med Value
101015,0.385431631900694,0,0,10851.235676156584,Watchlist (Medium Risk)
101016,0.2353517441999745,0,0,28112.95315789473,Low Risk (Healthy)
101017,0.281548873025758,0,0,37230.04679487179,Low Risk (Healthy)
101018,0.6599591319014023,1,0,7875.068893756846,High Risk / Low-Med Value
101019,0.7475959420780081,1,1,1469.0456521739131,High Risk / Low-Med Value
101020,0.3783063084863459,0,0,10257.940789473683,Watchlist (Medium Risk)
101021,0.3595269613815323,0,1,16699.27925,Watchlist (Medium Risk)
101022,0.4918535740384931,0,0,15000.15108695652,Watchlist (Medium Risk)
101023,0.8590639058844022,1,1,1047.2322717622085,High Risk / Low-Med Value
101024,0.3630886813931902,0,0,8661.357761732854,Watchlist (Medium Risk)
101025,0.1871406952083962,0,0,21749.991517857143,Low Risk (Healthy)
101026,0.0878577104959372,0,0,32492.147916666665,Low Risk (Healthy)
101027,0.4265718539355819,0,0,2834.647201492537,Watchlist (Medium Risk)
101029,0.1773909736137824,0,0,58692.19553571428,Low Risk (Healthy)
101030,0.4655007542568047,0,0,5268.365512465374,Watchlist (Medium Risk)
101032,0.1179679824821266,0,0,18662.749522900765,Low Risk (Healthy)
101033,0.1985031519027888,0,0,9945.880898876405,Low Risk (Healthy)
101034,0.3813345960321234,0,0,6162.565950920245,Watchlist (Medium Risk)
101035,0.357695266907534,0,0,14413.7432748538,Watchlist (Medium Risk)
101036,0.6207327225397365,1,0,1830.587886597938,High Risk / Low-Med Value
101037,0.5756974287020866,1,0,1878.395701357466,Watchlist (Medium Risk)
101038,0.5688182612415552,1,1,8920.155727923628,Watchlist (Medium Risk)
101039,0.4249933556855924,0,0,10620.445555555556,Watchlist (Medium Risk)
101040,0.4333517026429458,0,0,7626.635326086956,Watchlist (Medium Risk)
101041,0.5512186187485768,1,1,6964.239247311829,Watchlist (Medium Risk)
101042,0.3126761601598258,0,0,12545.800857142858,Low Risk (Healthy)
101043,0.5546225250113612,1,0,10229.265384615384,Watchlist (Medium Risk)
101044,0.7462373706998021,1,1,20267.75438116101,High Risk / High Value
101045,0.6786862145740252,1,1,7223.981730769231,High Risk / Low-Med Value
101046,0.4080648336600534,0,0,10131.568532818534,Watchlist (Medium Risk)
101047,0.143709931454505,0,0,11398.491335978835,Low Risk (Healthy)
101048,0.4307233101215055,0,0,11561.717799642218,Watchlist (Medium Risk)
101049,0.5322046921545854,1,0,7448.177030456854,Watchlist (Medium Risk)
101050,0.6420360304060647,1,1,2612.513919821826,High Risk / Low-Med Value
101051,0.7598693385569352,1,1,1687.810988074957,High Risk / Low-Med Value
101052,0.4050235363191598,0,1,15194.618181818185,Watchlist (Medium Risk)
101053,0.765416312056826,1,1,5917.735950413224,High Risk / Low-Med Value
101054,0.8118343007933959,1,1,3131.915881708653,High Risk / Low-Med Value
101055,0.4007023603551143,0,0,8982.505649717516,Watchlist (Medium Risk)
101056,0.1659488516467226,0,0,27019.066707616712,Low Risk (Healthy)
101057,0.1149612532562794,0,0,47344.29147286821,Low Risk (Healthy)
101058,0.4537241844651498,0,1,2404.0865384615386,Watchlist (Medium Risk)
101059,0.6889632104814809,1,1,7622.953896103896,High Risk / Low-Med Value
101060,0.8175344680716917,1,1,1153.989672801636,High Risk / Low-Med Value
101061,0.4693920333389513,0,1,18422.36111111111,Watchlist (Medium Risk)
101062,0.7631436612485958,1,1,3216.8133625410733,High Risk / Low-Med Value
101063,0.3160905426938002,0,0,3486.9526011560697,Low Risk (Healthy)
101064,0.3507536757782301,0,0,7448.069291338583,Watchlist (Medium Risk)
101065,0.270588936895527,0,0,6432.720992366411,Low Risk (Healthy)
101066,0.6375436421210091,1,0,2969.2024147727275,High Risk / Low-Med Value
101067,0.3057388532207568,0,0,12078.45,Low Risk (Healthy)
101068,0.2981933682017608,0,0,33161.14437086093,Low Risk (Healthy)
101069,0.8505841171439947,1,1,1326.2208502024291,High Risk / Low-Med Value
101070,0.1268082871993627,0,0,14543.82297507788,Low Risk (Healthy)
101071,0.2463785785478668,0,0,9388.994545454549,Low Risk (Healthy)
101072,0.4059323944361467,0,1,7843.754052573932,Watchlist (Medium Risk)
101073,0.4957889348443517,0,0,4307.161822660099,Watchlist (Medium Risk)
101074,0.2495066051180704,0,0,5261.442603550296,Low Risk (Healthy)
101075,0.4000416785883072,0,0,11815.603793103448,Watchlist (Medium Risk)
101076,0.4436981082104426,0,0,18115.34107142857,Watchlist (Medium Risk)
101077,0.5105440599151817,1,0,9071.577272727272,Watchlist (Medium Risk)
101078,0.7119848906499258,1,1,4850.337027027027,High Risk / Low-Med Value
101079,0.4813708516080148,0,0,7579.188980263158,Watchlist (Medium Risk)
101080,0.5107698447594565,1,0,14528.147371303396,Watchlist (Medium Risk)
101082,0.2762444169165166,0,0,63369.62297297297,Low Risk (Healthy)
101083,0.0993539936998095,0,0,21812.020208105147,Low Risk (Healthy)
101084,0.5704690703458883,1,0,4638.046766917293,Watchlist (Medium Risk)
101085,0.2909855351373289,0,0,10633.885042735044,Low Risk (Healthy)
101086,0.6482581599462194,1,1,10608.598847926269,High Risk / Low-Med Value
101087,0.1684755157120728,0,0,36904.72126984127,Low Risk (Healthy)
101088,0.2649986175228911,0,0,27925.455901639343,Low Risk (Healthy)
101089,0.3066247347467858,0,0,5067.653240740741,Low Risk (Healthy)
101090,0.7366872153444333,1,1,6644.499752475248,High Risk / Low-Med Value
101091,0.8840423020251241,1,1,3808.472990543735,High Risk / Low-Med Value
101092,0.6643777037230629,1,1,6613.568987341772,High Risk / Low-Med Value
101093,0.7066314067533886,1,1,7449.882598039216,High Risk / Low-Med Value
101094,0.7306383818970241,1,1,7595.959410919541,High Risk / Low-Med Value
101095,0.7020576326815247,1,0,3224.3412376779847,High Risk / Low-Med Value
101096,0.3708265787739829,0,0,2064.2292253521127,Watchlist (Medium Risk)
101097,0.8223578701667421,1,1,2091.401591511936,High Risk / Low-Med Value
101098,0.4894042460662373,0,1,3374.009788359788,Watchlist (Medium Risk)
101099,0.8060028651830318,1,1,6348.972222222223,High Risk / Low-Med Value
101100,0.5532644658959213,1,0,15141.598258706468,Watchlist (Medium Risk)
101101,0.3160009949402974,0,0,37852.9702020202,Low Risk (Healthy)
101102,0.460650782819177,0,0,5046.704705882353,Watchlist (Medium Risk)
101103,0.1424512589435919,0,0,19356.77754654984,Low Risk (Healthy)
101104,0.8766493410109506,1,1,3235.662746858168,High Risk / Low-Med Value
101105,0.4330445230299297,0,1,7161.035507246377,Watchlist (Medium Risk)
101106,0.209687660632921,0,0,11475.182061068705,Low Risk (Healthy)
101107,0.4790398006800991,0,0,43528.15611111111,Watchlist (Medium Risk)
101108,0.4113516671635621,0,0,32555.08,Watchlist (Medium Risk)
101109,0.2282250056631669,0,0,17267.59030668127,Low Risk (Healthy)
101110,0.2338779440931233,0,0,34256.6962264151,Low Risk (Healthy)
101111,0.2705447495258896,0,0,10495.353392857143,Low Risk (Healthy)
101113,0.1830218402241509,0,0,15920.847605633804,Low Risk (Healthy)
101115,0.4608527340038983,0,0,7632.514430577224,Watchlist (Medium Risk)
101116,0.6711126965313077,1,0,6852.076979293544,High Risk / Low-Med Value
101117,0.3984955020876649,0,0,14802.072570850203,Watchlist (Medium Risk)
101118,0.1351866232096603,0,0,44467.68313679245,Low Risk (Healthy)
101120,0.4468479377653455,0,1,9295.015439429928,Watchlist (Medium Risk)
101121,0.0902937728775784,0,0,42030.05965703971,Low Risk (Healthy)
101122,0.4538367758617634,0,0,8940.612274959083,Watchlist (Medium Risk)
101123,0.7766002047757066,1,0,2731.451231060606,High Risk / Low-Med Value
101124,0.8003862916290108,1,1,6061.368679549115,High Risk / Low-Med Value
101125,0.1842047695569546,0,0,25029.8793764988,Low Risk (Healthy)
101127,0.6935677736221996,1,1,12600.993925233644,High Risk / Low-Med Value
101128,0.627997716688197,1,1,18362.594304490693,High Risk / High Value
101129,0.3841887459903413,0,0,9767.66738372093,Watchlist (Medium Risk)
101130,0.1643846705823695,0,0,16047.525824175824,Low Risk (Healthy)
101131,0.5260786066711473,1,1,22582.89148773006,Watchlist (Medium Risk)
101132,0.7816178611290847,1,0,4158.945425667091,High Risk / Low-Med Value
101133,0.2412164454081984,0,1,14128.657486136786,Low Risk (Healthy)
101134,0.7517640272144966,1,1,8090.370920043811,High Risk / Low-Med Value
101135,0.2284387216064389,0,0,40547.56797312429,Low Risk (Healthy)
101136,0.823821014913282,1,1,5769.21878422782,High Risk / Low-Med Value
101137,0.3390818892356096,0,0,30233.65066964285,Low Risk (Healthy)
101138,0.3634908952183964,0,0,47095.48574561404,Watchlist (Medium Risk)
101139,0.8567209288402436,1,1,9778.95235756385,High Risk / Low-Med Value
101140,0.2282175161365258,0,0,13077.446276013145,Low Risk (Healthy)
101141,0.514229856299818,1,1,29988.807776560792,Watchlist (Medium Risk)
101142,0.726556202299454,1,1,3122.605672268908,High Risk / Low-Med Value
101143,0.2564585701873245,0,0,8290.161445783131,Low Risk (Healthy)
101144,0.1705501821668876,0,0,14850.947241992882,Low Risk (Healthy)
101145,0.3482892404625872,0,0,13503.76183745583,Low Risk (Healthy)
101146,0.7777637156826843,1,1,12986.8639101862,High Risk / Low-Med Value
101147,0.4335043388951055,0,1,11611.79536862004,Watchlist (Medium Risk)
101148,0.732886448820286,1,1,7083.105290102389,High Risk / Low-Med Value
101151,0.6252419938531929,1,1,2911.931134259259,High Risk / Low-Med Value
101152,0.3814808582177501,0,1,18472.244444444445,Watchlist (Medium Risk)
101153,0.1871333747512563,0,0,26757.335407725324,Low Risk (Healthy)
101154,0.1870284533323322,0,0,8602.15350877193,Low Risk (Healthy)
101155,0.3263099754397761,0,1,13808.741566265058,Low Risk (Healthy)
101156,0.1536718648688564,0,0,46533.40530759952,Low Risk (Healthy)
101157,0.3459551821387929,0,0,9930.726506024095,Low Risk (Healthy)
101159,0.6156926799857493,1,0,3918.554178470255,High Risk / Low-Med Value
101160,0.381884253617063,0,0,5796.5003164556965,Watchlist (Medium Risk)
101161,0.3452071589240646,0,0,9765.353121577218,Low Risk (Healthy)
101162,0.4810582465478684,0,0,5401.959444444445,Watchlist (Medium Risk)
101163,0.4161514638572983,0,0,7560.539027777778,Watchlist (Medium Risk)
101164,0.2689327812511496,0,0,17611.727976190476,Low Risk (Healthy)
101165,0.3419056952063254,0,0,8628.419647058823,Low Risk (Healthy)
101166,0.4616549623948413,0,0,4188.968674698795,Watchlist (Medium Risk)
101167,0.4738478245811619,0,0,5895.54156626506,Watchlist (Medium Risk)
101168,0.5564027992101245,1,0,18897.56509433962,Watchlist (Medium Risk)
101169,0.861959641820235,1,1,5058.632146768894,High Risk / Low-Med Value
101170,0.6637076923066622,1,1,8358.159389400922,High Risk / Low-Med Value
101171,0.274647427659318,0,0,8721.320503597122,Low Risk (Healthy)
101172,0.3992198192464203,0,0,7969.477040816326,Watchlist (Medium Risk)
101173,0.711002463535941,1,1,9003.449552238808,High Risk / Low-Med Value
101174,0.5911986416930018,1,1,3343.7179924242428,Watchlist (Medium Risk)
101175,0.1633972343511208,0,0,14383.92,Low Risk (Healthy)
101176,0.6269118522045126,1,1,5424.088630490956,High Risk / Low-Med Value
101177,0.3194989312918262,0,0,31423.54947735192,Low Risk (Healthy)
101178,0.557398939809736,1,1,19172.92857142857,Watchlist (Medium Risk)
101179,0.3951147305961576,0,0,16972.16612403101,Watchlist (Medium Risk)
101180,0.3969750950720761,0,0,7267.992307692308,Watchlist (Medium Risk)
101181,0.1153458135853664,0,0,13005.852011494251,Low Risk (Healthy)
101183,0.429402737145159,0,0,8252.832499999999,Watchlist (Medium Risk)
101184,0.6200168658672308,1,0,6026.546739130434,High Risk / Low-Med Value
101185,0.5380826941587955,1,1,9847.1244813278,Watchlist (Medium Risk)
101186,0.613420857503399,1,1,4956.604450261781,High Risk / Low-Med Value
101187,0.4523480599800911,0,0,15864.390416666669,Watchlist (Medium Risk)
101188,0.1879811332054866,0,0,28701.25907172996,Low Risk (Healthy)
101189,0.6167648436141332,1,1,2166.609154929577,High Risk / Low-Med Value
101190,0.2778456239620899,0,0,15871.971548117155,Low Risk (Healthy)
101192,0.2907282806038224,0,0,7098.384814814815,Low Risk (Healthy)
101194,0.8586694999039807,1,1,4035.227436194896,High Risk / Low-Med Value
101195,0.2376734866599584,0,0,12736.892261904764,Low Risk (Healthy)
101196,0.2061156375969353,0,0,16243.029071661238,Low Risk (Healthy)
101198,0.6528201772603944,1,1,12968.513964950713,High Risk / Low-Med Value
101199,0.638790729901659,1,1,7509.606617647059,High Risk / Low-Med Value
101200,0.4623979580692723,0,0,12294.930517711173,Watchlist (Medium Risk)
101201,0.3944088426226982,0,1,13118.30277777778,Watchlist (Medium Risk)
101202,0.222696156675985,0,1,40502.75796460178,Low Risk (Healthy)
101203,0.3590863081592305,0,0,9880.402027027028,Watchlist (Medium Risk)
101204,0.201082515607164,0,0,22017.742916666662,Low Risk (Healthy)
101205,0.2232516694380942,0,0,36514.0661875,Low Risk (Healthy)
101206,0.7025791441710244,1,1,11103.21725440806,High Risk / Low-Med Value
101207,0.2959821409799626,0,0,9006.584426229509,Low Risk (Healthy)
101208,0.8716018417711584,1,1,1258.03161971831,High Risk / Low-Med Value
101209,0.5902591827879814,1,0,6888.441279069767,Watchlist (Medium Risk)
101210,0.2428460661925149,0,0,14673.425655976676,Low Risk (Healthy)
101211,0.6675704537455883,1,1,1405.0649769585254,High Risk / Low-Med Value
101212,0.6921569602707344,1,0,4927.09165232358,High Risk / Low-Med Value
101213,0.245078074740373,0,0,19704.35642570281,Low Risk (Healthy)
101214,0.3300516345241916,0,1,23462.428125,Low Risk (Healthy)
101216,0.2205046262812256,0,0,10745.05,Low Risk (Healthy)
101217,0.4329609281153476,0,0,6378.312848297214,Watchlist (Medium Risk)
101218,0.3360244231955247,0,0,6061.866384180792,Low Risk (Healthy)
101219,0.3954111883075692,0,1,14288.826141078836,Watchlist (Medium Risk)
101220,0.2484783972721267,0,1,15520.392047244097,Low Risk (Healthy)
101221,0.724521981538378,1,1,5972.807415254237,High Risk / Low-Med Value
101222,0.665157742694071,1,1,9609.500406504065,High Risk / Low-Med Value
101223,0.3250729360774878,0,0,18070.27835820896,Low Risk (Healthy)
101225,0.090738354599766,0,0,20908.650366568912,Low Risk (Healthy)
101226,0.4750780224685346,0,1,23945.870974808327,Watchlist (Medium Risk)
101227,0.7079501573104277,1,1,16342.566777777776,High Risk / High Value
101228,0.2314698921864994,0,0,11139.832205882352,Low Risk (Healthy)
101229,0.4893936410657041,0,0,14371.180609756097,Watchlist (Medium Risk)
101230,0.2119810934969042,0,0,22711.67124863089,Low Risk (Healthy)
101231,0.7265845968359922,1,0,4970.225054945056,High Risk / Low-Med Value
101232,0.184493811132518,0,0,20623.38156779661,Low Risk (Healthy)
101233,0.4014878964669195,0,0,8511.79466374269,Watchlist (Medium Risk)
101234,0.6024738119131772,1,1,24094.15551643193,High Risk / High Value
101235,0.1768957837738632,0,0,11326.717267267268,Low Risk (Healthy)
101236,0.7027794818400417,1,1,7182.074299065422,High Risk / Low-Med Value
101237,0.2584568054339886,0,0,7003.81433447099,Low Risk (Healthy)
101238,0.1088682077561119,0,0,18237.24083023544,Low Risk (Healthy)
101239,0.8310948900999746,1,1,3566.44978094195,High Risk / Low-Med Value
101240,0.6535107196523872,1,1,11044.772070098576,High Risk / Low-Med Value
101241,0.8045796711929902,1,1,9857.918061088978,High Risk / Low-Med Value
101242,0.3798092537738231,0,0,4045.779850746269,Watchlist (Medium Risk)
101243,0.671811909937564,1,0,4708.929888888889,High Risk / Low-Med Value
101244,0.2089908984261466,0,0,20821.52151442308,Low Risk (Healthy)
101245,0.3997871722714595,0,1,14750.143766578249,Watchlist (Medium Risk)
101246,0.2301592797980149,0,0,12247.074446337308,Low Risk (Healthy)
101247,0.6115464630747425,1,0,16408.796393442623,High Risk / High Value
101248,0.2243761209914863,0,0,34189.13114754098,Low Risk (Healthy)
101249,0.2556798881833897,0,0,7720.745454545455,Low Risk (Healthy)
101250,0.6698827752932298,1,1,13942.384714285714,High Risk / Low-Med Value
101251,0.7792359584382537,1,1,11528.380637544276,High Risk / Low-Med Value
101252,0.8101439548716788,1,1,6353.943947963801,High Risk / Low-Med Value
101253,0.4714942224605452,0,0,10571.18554347826,Watchlist (Medium Risk)
101254,0.4899573325815659,0,0,6127.981545741326,Watchlist (Medium Risk)
101255,0.3536446548856737,0,0,10365.28028169014,Watchlist (Medium Risk)
101256,0.3538311177904272,0,0,51413.9,Watchlist (Medium Risk)
101257,0.664609282151799,1,1,30234.79557165861,High Risk / High Value
101258,0.682850257661492,1,0,3655.81219047619,High Risk / Low-Med Value
101259,0.8741491501026734,1,1,2721.1616546762584,High Risk / Low-Med Value
101260,0.5517765621895545,1,1,19191.349344978167,Watchlist (Medium Risk)
101261,0.6767113668522388,1,0,16062.390690032857,High Risk / High Value
101262,0.4002794803758906,0,0,7478.681438721137,Watchlist (Medium Risk)
101263,0.5320114644890157,1,1,7215.423668639054,Watchlist (Medium Risk)
101265,0.1982012121235593,0,0,10050.154280155642,Low Risk (Healthy)
101266,0.2755076405873048,0,0,13370.391041666666,Low Risk (Healthy)
101267,0.2993957476395504,0,0,35288.3439211391,Low Risk (Healthy)
101268,0.2468045366602743,0,0,46760.05592783505,Low Risk (Healthy)
101269,0.6749194139351603,1,0,12976.61752464403,High Risk / Low-Med Value
101270,0.4837319154402894,0,1,922.731496062992,Watchlist (Medium Risk)
101271,0.7898480121939677,1,1,7199.753903345725,High Risk / Low-Med Value
101272,0.209745101719809,0,0,18527.38672727273,Low Risk (Healthy)
101273,0.8598863305134264,1,1,2345.659360000001,High Risk / Low-Med Value
101274,0.2284281212131872,0,0,14125.976086956522,Low Risk (Healthy)
101275,0.876928900463745,1,1,3063.415175097276,High Risk / Low-Med Value
101276,0.4856666338783831,0,0,893.8048780487804,Watchlist (Medium Risk)
101277,0.2307766198385585,0,0,7655.737075575027,Low Risk (Healthy)
101278,0.7444638466765493,1,1,17724.817938931297,High Risk / High Value
101279,0.7041795570923824,1,1,21735.57374245473,High Risk / High Value
101280,0.4321800540648856,0,0,17159.4849375,Watchlist (Medium Risk)
101281,0.0948520916142964,0,0,16369.038663745892,Low Risk (Healthy)
101282,0.7506008956486183,1,1,6854.65275080906,High Risk / Low-Med Value
101283,0.5760657644711281,1,0,5433.334830230012,Watchlist (Medium Risk)
101284,0.5763285114197563,1,0,6666.22928679818,Watchlist (Medium Risk)
101285,0.4323475179233261,0,0,17274.36225165563,Watchlist (Medium Risk)
101286,0.485641873638964,0,1,6530.938865546218,Watchlist (Medium Risk)
101287,0.7954172860414562,1,1,3315.8542527339005,High Risk / Low-Med Value
101288,0.7306643017701024,1,1,5863.866922234392,High Risk / Low-Med Value
101289,0.7638585149803316,1,1,4890.819550561798,High Risk / Low-Med Value
101290,0.2265151469645235,0,0,138885.55955882353,Low Risk (Healthy)
101291,0.4950255620145942,0,0,17275.991612903228,Watchlist (Medium Risk)
101292,0.4670400422922215,0,0,9202.179838709675,Watchlist (Medium Risk)
101293,0.5030082150667345,1,0,8693.97191011236,Watchlist (Medium Risk)
101294,0.3461867112725664,0,0,3529.0901574803142,Low Risk (Healthy)
101295,0.3732431980999922,0,0,1605.7207650273222,Watchlist (Medium Risk)
101296,0.1132903481376137,0,0,51961.16174934725,Low Risk (Healthy)
101297,0.7831151333650016,1,1,1870.9668127053667,High Risk / Low-Med Value
101298,0.3055444165148582,0,0,7534.542582417583,Low Risk (Healthy)
101299,0.4018257892025383,0,0,28894.393973214286,Watchlist (Medium Risk)
101300,0.5533020437606407,1,1,3603.137616099071,Watchlist (Medium Risk)
101301,0.8427184665140834,1,1,4592.115772179627,High Risk / Low-Med Value
101302,0.5968821209013072,1,0,23366.811977715875,Watchlist (Medium Risk)
101303,0.161757524553804,0,0,65459.56008403362,Low Risk (Healthy)
101304,0.7994634110817338,1,1,3786.792266666667,High Risk / Low-Med Value
101305,0.0615881892108371,0,0,61773.96725082147,Low Risk (Healthy)
101306,0.2986596016790496,0,1,42788.95,Low Risk (Healthy)
101307,0.2125756927703305,0,0,27943.046829268296,Low Risk (Healthy)
101308,0.5791818485567506,1,1,15469.814098837209,Watchlist (Medium Risk)
101309,0.3210872972982938,0,1,15848.241129032256,Low Risk (Healthy)
101310,0.2699124963883299,0,0,32777.056677018634,Low Risk (Healthy)
101311,0.4534195707978467,0,1,2913.818018018018,Watchlist (Medium Risk)
101312,0.1009294906481136,0,0,13464.590142387731,Low Risk (Healthy)
101314,0.502549938900402,1,0,6932.299,Watchlist (Medium Risk)
101315,0.646575758024294,1,1,8701.52843137255,High Risk / Low-Med Value
101316,0.6304053011417268,1,1,11978.575793650794,High Risk / Low-Med Value
101317,0.1177869249995834,0,0,21006.32241697417,Low Risk (Healthy)
101318,0.6174525957881714,1,1,8729.528651685394,High Risk / Low-Med Value
101319,0.3562537843522522,0,0,37903.12083333333,Watchlist (Medium Risk)
101320,0.8773594701929203,1,1,3220.33152173913,High Risk / Low-Med Value
101321,0.1713681311298769,0,0,26049.96128472222,Low Risk (Healthy)
101322,0.2498994733284962,0,0,11863.859042553191,Low Risk (Healthy)
101323,0.376726093287392,0,0,10524.21730558598,Watchlist (Medium Risk)
101324,0.4956857628598749,0,1,6156.12145421903,Watchlist (Medium Risk)
101325,0.2461244848476725,0,0,16882.776232741617,Low Risk (Healthy)
101326,0.7401941249652922,1,1,20427.84620811288,High Risk / High Value
101327,0.8117645746344475,1,1,1111.324356617647,High Risk / Low-Med Value
101328,0.180017992904334,0,0,13634.58102310231,Low Risk (Healthy)
101329,0.5851515905542231,1,1,9823.934444444443,Watchlist (Medium Risk)
101330,0.664217778412436,1,0,7656.6447867298575,High Risk / Low-Med Value
101331,0.5997287028876754,1,0,1400.051515151515,Watchlist (Medium Risk)
101333,0.6022695631569271,1,1,4824.050450450451,High Risk / Low-Med Value
101334,0.6049077934224248,1,0,4559.745019157089,High Risk / Low-Med Value
101335,0.1267166136434581,0,0,21807.170988446727,Low Risk (Healthy)
101336,0.4259036720064486,0,0,17776.205896226416,Watchlist (Medium Risk)
101337,0.6213673974720126,1,1,3481.9213286713293,High Risk / Low-Med Value
101338,0.4311670032925576,0,0,6512.474479166667,Watchlist (Medium Risk)
101339,0.5815897287078556,1,0,18898.14320441989,Watchlist (Medium Risk)
101340,0.5710294268711749,1,1,4501.212341772152,Watchlist (Medium Risk)
101342,0.6995405135116708,1,1,6647.50818452381,High Risk / Low-Med Value
101343,0.1289236125735132,0,0,11578.634603658536,Low Risk (Healthy)
101344,0.4435346022800986,0,0,7712.727717391304,Watchlist (Medium Risk)
101345,0.632212529339284,1,0,8177.133712121213,High Risk / Low-Med Value
101346,0.7406067428451644,1,1,3302.390675990676,High Risk / Low-Med Value
101347,0.332147233643057,0,0,15550.409405940592,Low Risk (Healthy)
101348,0.1250637257859494,0,0,11074.767634173057,Low Risk (Healthy)
101349,0.5530735008389104,1,0,27045.84701834862,Watchlist (Medium Risk)
101350,0.171820541214204,0,0,9190.306923076923,Low Risk (Healthy)
101351,0.2091099056929332,0,0,9940.786477987422,Low Risk (Healthy)
101352,0.277565394050633,0,0,12359.15347222222,Low Risk (Healthy)
101353,0.238587203176086,0,0,6074.484848484849,Low Risk (Healthy)
101354,0.6539426300784456,1,1,4292.586382978723,High Risk / Low-Med Value
101355,0.329053430564577,0,0,57436.443625498,Low Risk (Healthy)
101356,0.730710109360023,1,1,3582.2125418060195,High Risk / Low-Med Value
101357,0.8429772213414521,1,1,986.1636363636364,High Risk / Low-Med Value
101358,0.4142639824891068,0,0,13857.906836248012,Watchlist (Medium Risk)
101360,0.4234586802154513,0,1,31277.61195286195,Watchlist (Medium Risk)
101361,0.2049993570687672,0,0,7308.75686695279,Low Risk (Healthy)
101362,0.2813314116086174,0,0,11914.966050295858,Low Risk (Healthy)
101363,0.2188085912238419,0,0,15672.381496062992,Low Risk (Healthy)
101364,0.2829829859312181,0,0,19507.354126213595,Low Risk (Healthy)
101365,0.4405605461435241,0,0,6481.95487804878,Watchlist (Medium Risk)
101366,0.2391331388910645,0,0,10783.200910931171,Low Risk (Healthy)
101367,0.4048576186004802,0,0,29405.595176630435,Watchlist (Medium Risk)
101369,0.2470733817595619,0,0,14512.836040268456,Low Risk (Healthy)
101370,0.3873250893803865,0,1,21690.298324022344,Watchlist (Medium Risk)
101371,0.1025206635612779,0,0,26934.977108433737,Low Risk (Healthy)
101372,0.7677812807811009,1,1,4552.975947521866,High Risk / Low-Med Value
101373,0.3363403280558025,0,0,6433.066917922949,Low Risk (Healthy)
101374,0.4429779561493568,0,0,9554.25140625,Watchlist (Medium Risk)
101375,0.7422562970553271,1,0,7187.0418948521365,High Risk / Low-Med Value
101376,0.7046565283647458,1,0,4242.961914893617,High Risk / Low-Med Value
101377,0.2649555745980874,0,0,10846.87149122807,Low Risk (Healthy)
101378,0.2257669764351102,0,0,11397.505614973265,Low Risk (Healthy)
101379,0.7377312955155507,1,0,5610.9254773269695,High Risk / Low-Med Value
101380,0.7684895480456457,1,1,2696.8453086419754,High Risk / Low-Med Value
101381,0.1124062052227517,0,0,25845.350988700564,Low Risk (Healthy)
101382,0.5845003914250204,1,1,20175.6269874477,Watchlist (Medium Risk)
101383,0.5630396838059384,1,1,10685.3912462908,Watchlist (Medium Risk)
101384,0.3814021763196369,0,0,6680.141216216216,Watchlist (Medium Risk)
101385,0.3314924130022207,0,0,7491.605070202808,Low Risk (Healthy)
101386,0.777008820714142,1,1,2488.2625,High Risk / Low-Med Value
101387,0.3917515586771737,0,0,3626.3418848167535,Watchlist (Medium Risk)
101388,0.2979636942930265,0,0,13265.80209656925,Low Risk (Healthy)
101389,0.242103889464888,0,0,18994.082916666663,Low Risk (Healthy)
101390,0.7008606546833497,1,0,25285.19695121951,High Risk / High Value
101392,0.3577412786557994,0,0,28501.807142857146,Watchlist (Medium Risk)
101393,0.2811316558668091,0,1,6166.953625954199,Low Risk (Healthy)
101394,0.2361806448640898,0,0,31824.13133640553,Low Risk (Healthy)
101395,0.2478114237885854,0,0,12555.545852534562,Low Risk (Healthy)
101396,0.8363321970888786,1,0,2000.7493487698985,High Risk / Low-Med Value
101397,0.4110807617128928,0,0,33926.148407202214,Watchlist (Medium Risk)
101398,0.524206534705846,1,1,6216.625363825363,Watchlist (Medium Risk)
101399,0.2679687120971015,0,0,26382.430180180178,Low Risk (Healthy)
101400,0.1985741594357708,0,0,29091.970895522387,Low Risk (Healthy)
101401,0.7912283227996753,1,1,3474.6600766703173,High Risk / Low-Med Value
101402,0.3147046335863244,0,1,26350.25750273823,Low Risk (Healthy)
101403,0.1815746654918801,0,0,16348.25321969697,Low Risk (Healthy)
101404,0.1614359500374313,0,0,13081.693589743589,Low Risk (Healthy)
101405,0.5574364087665236,1,0,5045.801035502958,Watchlist (Medium Risk)
101406,0.5118447107829018,1,0,24818.780659340657,Watchlist (Medium Risk)
101407,0.3943624376223668,0,0,9776.593609022557,Watchlist (Medium Risk)
101408,0.7783025872046844,1,1,2425.397251461988,High Risk / Low-Med Value
101409,0.2426456683298546,0,0,14870.26392215569,Low Risk (Healthy)
101410,0.2813384246350979,0,0,15248.381944444449,Low Risk (Healthy)
101411,0.4663925381686248,0,1,13877.523469387756,Watchlist (Medium Risk)
101412,0.4901574876808105,0,0,13075.076202531644,Watchlist (Medium Risk)
101413,0.8823907120116047,1,1,2441.9019715224536,High Risk / Low-Med Value
101414,0.5090609016124829,1,0,8267.36902173913,Watchlist (Medium Risk)
101415,0.8401489569743394,1,1,2092.373493975904,High Risk / Low-Med Value
101416,0.81611498798404,1,1,2047.4399280575544,High Risk / Low-Med Value
101417,0.4338233423027817,0,0,8329.3,Watchlist (Medium Risk)
101418,0.7993109013536208,1,1,3342.367202572348,High Risk / Low-Med Value
101419,0.8715737884189291,1,1,2646.0900876232204,High Risk / Low-Med Value
101420,0.4658556383544388,0,0,3930.1,Watchlist (Medium Risk)
101421,0.4519628917121295,0,0,16119.487404162102,Watchlist (Medium Risk)
101422,0.3457130656108717,0,0,7463.826722689077,Low Risk (Healthy)
101423,0.294162639137941,0,0,4849.11475409836,Low Risk (Healthy)
101426,0.4316238161740323,0,1,20927.64675925926,Watchlist (Medium Risk)
101427,0.4590687188033506,0,1,13939.293846153849,Watchlist (Medium Risk)
101428,0.741947110351289,1,1,8769.225167336012,High Risk / Low-Med Value
101429,0.1520728652374585,0,0,19850.180738636365,Low Risk (Healthy)
101430,0.3074007369872955,0,0,10600.657971014494,Low Risk (Healthy)
101431,0.2163597116344304,0,0,10799.917535545024,Low Risk (Healthy)
101432,0.2485989894444973,0,0,19171.30848708487,Low Risk (Healthy)
101433,0.2692316900017261,0,0,10705.815,Low Risk (Healthy)
101434,0.2874124750519344,0,0,9583.977688172045,Low Risk (Healthy)
101435,0.3341467435875708,0,1,35068.287500000006,Low Risk (Healthy)
101436,0.4007395568061918,0,1,12235.593875000002,Watchlist (Medium Risk)
101437,0.6656254306614499,1,0,32410.384680851064,High Risk / High Value
101439,0.3154287201268426,0,0,10333.116203703705,Low Risk (Healthy)
101440,0.431490090859026,0,0,14196.95322997416,Watchlist (Medium Risk)
101441,0.7655877862714877,1,1,4195.895921052632,High Risk / Low-Med Value
101442,0.2205820441704122,0,0,8890.553350515464,Low Risk (Healthy)
101443,0.0939026839177927,0,0,14944.45125958379,Low Risk (Healthy)
101445,0.5482935862241802,1,0,6412.330394304491,Watchlist (Medium Risk)
101446,0.1586185794112965,0,0,13878.639266155533,Low Risk (Healthy)
101447,0.1541192880176118,0,0,21307.33064729194,Low Risk (Healthy)
101448,0.8241806681837356,1,1,12673.388189845473,High Risk / Low-Med Value
101449,0.6161051175971453,1,1,20227.994240837696,High Risk / High Value
101450,0.8141736613729855,1,1,1928.596733333333,High Risk / Low-Med Value
101451,0.5436862888259288,1,0,26367.85465116279,Watchlist (Medium Risk)
101452,0.6040805797464763,1,0,10307.71902173913,High Risk / Low-Med Value
101453,0.5595403859840605,1,1,5303.61387755102,Watchlist (Medium Risk)
101454,0.8090668071821185,1,1,10116.875450180072,High Risk / Low-Med Value
101455,0.7120196396817084,1,1,6188.696933187294,High Risk / Low-Med Value
101456,0.3673983786943388,0,0,6329.646407185628,Watchlist (Medium Risk)
101457,0.2994529375534202,0,0,6144.301259583789,Low Risk (Healthy)
101458,0.3790755251749333,0,0,6032.388652482269,Watchlist (Medium Risk)
101459,0.1650402776378514,0,0,18065.498127753308,Low Risk (Healthy)
101460,0.1736015724927621,0,0,14384.601883239173,Low Risk (Healthy)
101461,0.66290077547305,1,1,5040.148939732143,High Risk / Low-Med Value
101462,0.2787995629899696,0,0,32955.33394698085,Low Risk (Healthy)
101463,0.7300335690476877,1,1,1544.3525735294115,High Risk / Low-Med Value
101465,0.5971403021372446,1,1,14522.692114384748,Watchlist (Medium Risk)
101466,0.4106814071285429,0,0,7923.283333333335,Watchlist (Medium Risk)
101467,0.5169723338097355,1,1,33182.76690140845,Watchlist (Medium Risk)
101468,0.5396233674890129,1,0,2866.141718426501,Watchlist (Medium Risk)
101469,0.54282343645883,1,1,20680.61335078534,Watchlist (Medium Risk)
101470,0.265631869019928,0,0,9774.432146768895,Low Risk (Healthy)
101471,0.7129618234220232,1,1,14430.137075575029,High Risk / Low-Med Value
101472,0.2396333940147004,0,0,12469.212102689486,Low Risk (Healthy)
101473,0.3070544330521143,0,0,9700.724655647382,Low Risk (Healthy)
101474,0.7092107469334704,1,0,6258.824275362318,High Risk / Low-Med Value
101475,0.2853628147071596,0,0,6804.242767295597,Low Risk (Healthy)
101476,0.6289120026076901,1,0,3135.478391959799,High Risk / Low-Med Value
101477,0.1719201229045856,0,0,25420.377113702623,Low Risk (Healthy)
101478,0.6267429858805726,1,0,3397.5141935483875,High Risk / Low-Med Value
101479,0.3036231781849329,0,1,14917.376190476189,Low Risk (Healthy)
101480,0.0835971216020908,0,0,19274.14282584885,Low Risk (Healthy)
101481,0.8175904591208571,1,1,3200.8501095290253,High Risk / Low-Med Value
101482,0.3258135455552052,0,0,14972.655805038336,Low Risk (Healthy)
101483,0.821778227492374,1,1,7057.856681270538,High Risk / Low-Med Value
101484,0.156452468380905,0,0,21219.72875136911,Low Risk (Healthy)
101485,0.2293894575791277,0,0,30167.205214723926,Low Risk (Healthy)
101486,0.3595589769219359,0,0,9499.003066812706,Watchlist (Medium Risk)
101487,0.2520881098888879,0,0,7361.95537037037,Low Risk (Healthy)
101488,0.4664440590756868,0,0,6132.3328438949,Watchlist (Medium Risk)
101489,0.4506914870218489,0,0,30577.93030303029,Watchlist (Medium Risk)
101490,0.2819464546028976,0,0,17519.23893617021,Low Risk (Healthy)
101491,0.6095772697664958,1,0,7043.053113772454,High Risk / Low-Med Value
101492,0.8181746421398965,1,1,7069.865327380951,High Risk / Low-Med Value
101493,0.451633215277138,0,0,7584.89283018868,Watchlist (Medium Risk)
101494,0.3411719985656575,0,0,28564.785386473428,Low Risk (Healthy)
101495,0.4926744417932939,0,0,6419.791148325358,Watchlist (Medium Risk)
101496,0.8302277556793648,1,1,2799.1906962785115,High Risk / Low-Med Value
101497,0.3153070150118086,0,1,14900.111555312158,Low Risk (Healthy)
101498,0.222372056864095,0,0,10130.753048780489,Low Risk (Healthy)
101499,0.6191293698133443,1,1,12189.112068965518,High Risk / Low-Med Value
101500,0.3833859677197515,0,0,20008.41896551724,Watchlist (Medium Risk)
101501,0.5513479801836304,1,1,5343.770488322718,Watchlist (Medium Risk)
101502,0.2522854570900776,0,0,26152.151848739497,Low Risk (Healthy)
101503,0.6142698648800974,1,1,9440.956746031745,High Risk / Low-Med Value
101504,0.1725859326159259,0,0,34686.178942652325,Low Risk (Healthy)
101505,0.5005328762594793,1,1,31955.246920821115,Watchlist (Medium Risk)
101506,0.4429844699966599,0,0,6059.5752148997135,Watchlist (Medium Risk)
101507,0.1657337356439126,0,0,25479.01077844312,Low Risk (Healthy)
101508,0.2715511120010682,0,0,13148.580701754388,Low Risk (Healthy)
101509,0.5440426402957861,1,1,6071.00694980695,Watchlist (Medium Risk)
101510,0.2728245153914712,0,0,12290.44179755672,Low Risk (Healthy)
101511,0.718912473769416,1,1,4498.587020810514,High Risk / Low-Med Value
101512,0.1975413740339569,0,0,6368.5992248062,Low Risk (Healthy)
101513,0.8104037206296961,1,1,5853.32040229885,High Risk / Low-Med Value
101514,0.4425922952684086,0,1,25536.828260869563,Watchlist (Medium Risk)
101515,0.570057765003579,1,0,1608.1081896551725,Watchlist (Medium Risk)
101516,0.4575842948212188,0,0,6978.2558181818185,Watchlist (Medium Risk)
101517,0.3370127417602772,0,0,23379.51060948081,Low Risk (Healthy)
101518,0.2018324087834261,0,1,19512.79041570439,Low Risk (Healthy)
101519,0.4064564151384274,0,0,9592.44398395722,Watchlist (Medium Risk)
101520,0.6278764707007339,1,1,4190.159141791045,High Risk / Low-Med Value
101521,0.2119069979063946,0,0,12094.635034013603,Low Risk (Healthy)
101522,0.5115317070948133,1,0,5375.230605381166,Watchlist (Medium Risk)
101523,0.5897655391464105,1,1,7320.037755102041,Watchlist (Medium Risk)
101524,0.1741553986022826,0,0,14228.73923611111,Low Risk (Healthy)
101526,0.1551107676226493,0,0,14460.242028985507,Low Risk (Healthy)
101528,0.2511475159380155,0,0,20127.77568181818,Low Risk (Healthy)
101529,0.3927073644859105,0,0,12715.19657228018,Watchlist (Medium Risk)
101530,0.4802382527880169,0,0,7283.520522388058,Watchlist (Medium Risk)
101531,0.2944895591451857,0,0,9760.146437659034,Low Risk (Healthy)
101532,0.1891784448879696,0,0,66663.6,Low Risk (Healthy)
101533,0.4236162147437992,0,0,21181.500943396222,Watchlist (Medium Risk)
101534,0.4852373702835552,0,0,2428.388172043011,Watchlist (Medium Risk)
101535,0.2714860447420112,0,0,11977.028457446808,Low Risk (Healthy)
101536,0.311451087652641,0,0,26440.9631840796,Low Risk (Healthy)
101537,0.2330513647503106,0,0,24412.27840909091,Low Risk (Healthy)
101538,0.7586768645914319,1,1,12435.453369434415,High Risk / Low-Med Value
101539,0.2790046302010193,0,0,9012.169845360824,Low Risk (Healthy)
101540,0.3511560094217353,0,0,7820.608472553699,Watchlist (Medium Risk)
101541,0.2544362497084103,0,0,10274.272875816992,Low Risk (Healthy)
101542,0.4333771728498547,0,0,9243.107283680174,Watchlist (Medium Risk)
101543,0.7991259449581041,1,1,3187.4747467438497,High Risk / Low-Med Value
101544,0.1933774819347628,0,0,26248.5700443787,Low Risk (Healthy)
101545,0.326259492163464,0,0,22395.36037151703,Low Risk (Healthy)
101546,0.214322212981409,0,0,14835.967567567568,Low Risk (Healthy)
101547,0.7018636976787352,1,1,8334.591666666667,High Risk / Low-Med Value
101548,0.7074840921599259,1,0,4417.163636363636,High Risk / Low-Med Value
101549,0.2078543021695345,0,0,37808.92848639456,Low Risk (Healthy)
101550,0.6577914950159746,1,1,11117.581404174573,High Risk / Low-Med Value
101551,0.3906657807060182,0,0,20145.877406679763,Watchlist (Medium Risk)
101552,0.310541267384213,0,1,23179.019189189192,Low Risk (Healthy)
101554,0.5362874567236369,1,1,2588.704255319149,Watchlist (Medium Risk)
101555,0.501410171479829,1,1,6362.990990453461,Watchlist (Medium Risk)
101556,0.1955743283086349,0,0,10916.874151150056,Low Risk (Healthy)
101557,0.8158407023420071,1,1,6392.069496166484,High Risk / Low-Med Value
101558,0.4881101873651832,0,1,15762.635129310343,Watchlist (Medium Risk)
101559,0.2130250752595261,0,0,9369.743235294118,Low Risk (Healthy)
101560,0.205102108461445,0,0,23899.515625000004,Low Risk (Healthy)
101561,0.6825870150426231,1,1,14696.167139737989,High Risk / Low-Med Value
101562,0.5164366037511817,1,1,4895.140298507463,Watchlist (Medium Risk)
101563,0.1770985866865216,0,0,34745.61474164134,Low Risk (Healthy)
101564,0.2639802619054261,0,1,15926.332919254655,Low Risk (Healthy)
101565,0.2303111889111044,0,0,21247.20379310345,Low Risk (Healthy)
101566,0.2574831000654217,0,0,12738.869101123595,Low Risk (Healthy)
101567,0.194406192745094,0,0,27099.202744425387,Low Risk (Healthy)
101568,0.249989160520753,0,0,46231.58792834891,Low Risk (Healthy)
101569,0.2952157915323363,0,1,18513.13782696177,Low Risk (Healthy)
101570,0.5937595251538075,1,1,3079.110204081633,Watchlist (Medium Risk)
101572,0.6116392961318121,1,0,17294.471682098767,High Risk / High Value
101573,0.272643217643002,0,0,14806.72616580311,Low Risk (Healthy)
101574,0.2909981165048897,0,0,77636.96,Low Risk (Healthy)
101575,0.7768133554364518,1,1,4127.025632183909,High Risk / Low-Med Value
101576,0.6304367459601562,1,1,33562.112865497074,High Risk / High Value
101577,0.5676682617878989,1,1,19822.401282051283,Watchlist (Medium Risk)
101578,0.44340079481043,0,0,19573.60981387479,Watchlist (Medium Risk)
101579,0.3859843436846841,0,0,13032.677192982455,Watchlist (Medium Risk)
101580,0.3831698107440636,0,0,12147.115606936415,Watchlist (Medium Risk)
101581,0.5898278313964436,1,0,3379.711206896551,Watchlist (Medium Risk)
101582,0.4526749312410268,0,0,24308.10562913907,Watchlist (Medium Risk)
101583,0.5554071043699244,1,0,764.9541176470589,Watchlist (Medium Risk)
101584,0.2036883065539075,0,0,13357.13123501199,Low Risk (Healthy)
101585,0.4464721108177458,0,0,11846.41384364821,Watchlist (Medium Risk)
101586,0.4797929234938053,0,0,8028.61093117409,Watchlist (Medium Risk)
101587,0.2802496418414832,0,0,24223.74467488789,Low Risk (Healthy)
101588,0.4761950778346185,0,0,25343.00378346915,Watchlist (Medium Risk)
101589,0.2141326614335355,0,0,22304.15578358209,Low Risk (Healthy)
101590,0.3080418970593145,0,0,14304.178673469389,Low Risk (Healthy)
101591,0.2744423986851955,0,0,29125.021495327102,Low Risk (Healthy)
101592,0.2640348099857809,0,0,4626.9798866855535,Low Risk (Healthy)
101593,0.5469775678474907,1,0,8069.302678571429,Watchlist (Medium Risk)
101594,0.5496834457335423,1,1,3864.2197632058287,Watchlist (Medium Risk)
101595,0.8133269904697329,1,1,7279.707119386639,High Risk / Low-Med Value
101596,0.6858497738137044,1,1,4270.463681592039,High Risk / Low-Med Value
101597,0.7668351386671709,1,1,5452.101243781094,High Risk / Low-Med Value
101599,0.3685698570990603,0,0,9254.871674876847,Watchlist (Medium Risk)
101600,0.8044887425927931,1,0,3721.766051136364,High Risk / Low-Med Value
101601,0.3205224984449198,0,0,4049.484328358209,Low Risk (Healthy)
101602,0.3803998832878793,0,1,63254.33777777777,Watchlist (Medium Risk)
101603,0.2339059695406334,0,0,21304.7621577218,Low Risk (Healthy)
101604,0.2219088322334518,0,0,11364.262585034014,Low Risk (Healthy)
101605,0.8945343407823954,1,1,2922.7234133790744,High Risk / Low-Med Value
101606,0.7700703612716113,1,1,4162.944494047619,High Risk / Low-Med Value
101607,0.3990342695309674,0,0,7801.509999999999,Watchlist (Medium Risk)
101608,0.6337632802153007,1,0,2232.742758620689,High Risk / Low-Med Value
101609,0.3870317249105507,0,0,12344.088064516129,Watchlist (Medium Risk)
101610,0.1993128969300769,0,0,30394.440423387096,Low Risk (Healthy)
101611,0.608835025176341,1,1,3761.665254237288,High Risk / Low-Med Value
101612,0.2012685534425469,0,0,44519.091666666674,Low Risk (Healthy)
101613,0.6307766381732027,1,1,4304.267597765364,High Risk / Low-Med Value
101614,0.283616382149415,0,0,13230.52929936306,Low Risk (Healthy)
101615,0.7730053775801615,1,1,8138.092771084337,High Risk / Low-Med Value
101616,0.844124161900487,1,1,2592.155640744797,High Risk / Low-Med Value
101617,0.4160367639687559,0,1,15040.523791821564,Watchlist (Medium Risk)
101618,0.4112896404864857,0,0,15545.861,Watchlist (Medium Risk)
101619,0.2742372355457798,0,0,19316.651533406355,Low Risk (Healthy)
101620,0.7803360351116955,1,1,800.9464354527939,High Risk / Low-Med Value
101621,0.3551517550299706,0,1,10092.422361111112,Watchlist (Medium Risk)
101622,0.6200813502674871,1,0,2439.6888157894737,High Risk / Low-Med Value
101623,0.3054771814890127,0,0,9318.973345588234,Low Risk (Healthy)
101624,0.1990388686214669,0,0,5253.651550387597,Low Risk (Healthy)
101625,0.4683549847546942,0,0,8225.294623655915,Watchlist (Medium Risk)
101627,0.4937698176254813,0,0,11763.254761904762,Watchlist (Medium Risk)
101628,0.5386600702869014,1,0,8302.343284671533,Watchlist (Medium Risk)
101629,0.1646805363835448,0,0,12781.612376779847,Low Risk (Healthy)
101630,0.6524110525905307,1,1,14160.99591078067,High Risk / Low-Med Value
101631,0.7886753980189709,1,1,3523.060629453682,High Risk / Low-Med Value
101632,0.5230271440001186,1,1,3634.4135135135134,Watchlist (Medium Risk)
101633,0.2117870645853428,0,0,16504.798414376324,Low Risk (Healthy)
101634,0.6303995501939282,1,0,14640.261925042589,High Risk / Low-Med Value
101635,0.1316996450570451,0,0,16202.19594155844,Low Risk (Healthy)
101636,0.3481832207662993,0,0,22147.96218130312,Low Risk (Healthy)
101637,0.6700403786712625,1,0,8411.71631455399,High Risk / Low-Med Value
101638,0.8646931006139433,1,1,1080.8666455696202,High Risk / Low-Med Value
101639,0.450348137361407,0,1,11764.763245614036,Watchlist (Medium Risk)
101640,0.4535031313182586,0,0,7976.358931297709,Watchlist (Medium Risk)
101641,0.5206413800794346,1,0,10799.194166666666,Watchlist (Medium Risk)
101642,0.2592813101815291,0,0,11718.02615262321,Low Risk (Healthy)
101643,0.2596792165164747,0,0,12941.816270783847,Low Risk (Healthy)
101644,0.2026345286213625,0,0,15588.88073770492,Low Risk (Healthy)
101645,0.5807238935537556,1,0,9469.954594594596,Watchlist (Medium Risk)
101646,0.6820669879345964,1,0,6140.286773255815,High Risk / Low-Med Value
101647,0.5215122551664817,1,0,5086.314673913043,Watchlist (Medium Risk)
101648,0.5603415826008575,1,1,5779.531666666667,Watchlist (Medium Risk)
101649,0.7457146462319119,1,1,7294.767052631578,High Risk / Low-Med Value
101650,0.2981333349733763,0,0,15293.444556962024,Low Risk (Healthy)
101651,0.7355259443761544,1,1,4321.324054982817,High Risk / Low-Med Value
101652,0.57109804550483,1,0,5580.809556786703,Watchlist (Medium Risk)
101653,0.6300795092933802,1,0,1246.482213438735,High Risk / Low-Med Value
101654,0.632706430985798,1,0,3097.1978947368425,High Risk / Low-Med Value
101655,0.1405364700379067,0,0,21225.22096774193,Low Risk (Healthy)
101657,0.5894838055486133,1,0,9973.59560761347,Watchlist (Medium Risk)
101658,0.0909904298828536,0,0,26288.724132947977,Low Risk (Healthy)
101659,0.2714360193357084,0,0,8413.054682274247,Low Risk (Healthy)
101660,0.1282409872195337,0,0,30521.51816091954,Low Risk (Healthy)
101661,0.4679278759819051,0,1,6467.965909090908,Watchlist (Medium Risk)
101663,0.7110062197579383,1,1,717.9432258064516,High Risk / Low-Med Value
101665,0.5695493188035243,1,1,6425.291292442497,Watchlist (Medium Risk)
101666,0.350826139344307,0,0,6162.26592920354,Watchlist (Medium Risk)
101667,0.5112246510122772,1,0,10094.508050847458,Watchlist (Medium Risk)
101668,0.5473427076031209,1,1,7902.339420935412,Watchlist (Medium Risk)
101669,0.3745921666577911,0,0,38163.79057450628,Watchlist (Medium Risk)
101670,0.4440856713451532,0,0,13097.315013054833,Watchlist (Medium Risk)
101671,0.6191743745974734,1,0,6145.29265010352,High Risk / Low-Med Value
101672,0.6238409684823532,1,0,10343.464675767918,High Risk / Low-Med Value
101674,0.6398774656158535,1,0,7880.054054054053,High Risk / Low-Med Value
101675,0.6612666908896382,1,0,3576.149514563107,High Risk / Low-Med Value
101676,0.2504249168430608,0,0,7566.182926829268,Low Risk (Healthy)
101677,0.3882037440329804,0,0,10193.805408388522,Watchlist (Medium Risk)
101678,0.0853102018173344,0,0,27304.85443592552,Low Risk (Healthy)
101679,0.2301553367095787,0,0,9264.745845272208,Low Risk (Healthy)
101680,0.485973901363938,0,0,2585.85,Watchlist (Medium Risk)
101682,0.5354116101724766,1,1,19511.128155339808,Watchlist (Medium Risk)
101683,0.2778388666806388,0,0,20510.372929936308,Low Risk (Healthy)
101684,0.2963108962197771,0,0,9943.45775,Low Risk (Healthy)
101685,0.6165004881926126,1,1,29238.60888888889,High Risk / High Value
101686,0.198926326119551,0,0,25302.85086372361,Low Risk (Healthy)
101687,0.2469226607668014,0,0,14156.201714285717,Low Risk (Healthy)
101689,0.3265955378769113,0,0,11694.966666666664,Low Risk (Healthy)
101690,0.6633787049829958,1,1,15771.803831417626,High Risk / High Value
101691,0.4082226430142397,0,0,7091.402500000001,Watchlist (Medium Risk)
101694,0.304137885923785,0,0,12457.572248803828,Low Risk (Healthy)
101695,0.2751221288034549,0,0,66772.13163265307,Low Risk (Healthy)
101696,0.582173906145319,1,1,31223.44334140436,Watchlist (Medium Risk)
101697,0.1856987753420624,0,0,9078.575476190475,Low Risk (Healthy)
101698,0.2159204280593184,0,0,7994.577526595744,Low Risk (Healthy)
101699,0.2199934369502308,0,0,9202.988769414576,Low Risk (Healthy)
101700,0.6496450285341748,1,0,19986.498151750973,High Risk / High Value
101701,0.6015820855694735,1,0,10717.015662650603,High Risk / Low-Med Value
101702,0.1960951119251178,0,0,9267.10485074627,Low Risk (Healthy)
101703,0.3475503021093342,0,0,3404.7200000000003,Low Risk (Healthy)
101704,0.3930542042088463,0,0,3262.65582010582,Watchlist (Medium Risk)
101705,0.767446439967555,1,1,4958.961971830986,High Risk / Low-Med Value
101706,0.4983419098182235,0,0,7963.828258488499,Watchlist (Medium Risk)
101707,0.8127628300539481,1,1,2642.7016455696203,High Risk / Low-Med Value
101708,0.1492759652796814,0,0,15576.400465116278,Low Risk (Healthy)
101709,0.4778022441432313,0,0,5570.523170731707,Watchlist (Medium Risk)
101710,0.1840487485450006,0,0,11080.234027777777,Low Risk (Healthy)
101711,0.3343359300851121,0,0,82868.8448275862,Low Risk (Healthy)
101712,0.220926621503723,0,0,7684.497316538883,Low Risk (Healthy)
101713,0.4386020603744166,0,1,36294.17677984666,Watchlist (Medium Risk)
101714,0.617451772161272,1,0,4518.715973741794,High Risk / Low-Med Value
101715,0.2094655409604554,0,0,11372.36926910299,Low Risk (Healthy)
101716,0.3474499637486859,0,1,7830.484558823529,Low Risk (Healthy)
101717,0.5298698016725641,1,1,11271.2,Watchlist (Medium Risk)
101718,0.2628691333637525,0,0,14165.415357142856,Low Risk (Healthy)
101719,0.6706423358126169,1,1,40520.96872946331,High Risk / High Value
101720,0.5144631336818248,1,0,29425.6843373494,Watchlist (Medium Risk)
101722,0.1694125610449685,0,0,15668.608021077283,Low Risk (Healthy)
101723,0.2337316734783249,0,0,7592.224615384615,Low Risk (Healthy)
101725,0.8179998957047894,1,1,2877.380637813212,High Risk / Low-Med Value
101726,0.1780130479374909,0,0,19276.47367256637,Low Risk (Healthy)
101727,0.3604340808973371,0,0,8151.093029150823,Watchlist (Medium Risk)
101728,0.8273213352575981,1,1,7778.837466124662,High Risk / Low-Med Value
101729,0.1480174145112089,0,0,17479.456586826345,Low Risk (Healthy)
101730,0.3184458882906669,0,0,10332.083910891088,Low Risk (Healthy)
101732,0.4952871122453384,0,0,7103.4507017543865,Watchlist (Medium Risk)
101733,0.1617187945558595,0,0,18976.40596933188,Low Risk (Healthy)
101734,0.3056043579665961,0,0,12050.974378109451,Low Risk (Healthy)
101735,0.6717310542720208,1,0,3089.5425,High Risk / Low-Med Value
101736,0.6092819403804386,1,0,3008.7961148648646,High Risk / Low-Med Value
101737,0.3270827403632506,0,0,16963.735313001605,Low Risk (Healthy)
101738,0.416855853902479,0,0,6775.301864801865,Watchlist (Medium Risk)
101739,0.8105168919976511,1,1,2096.096507936508,High Risk / Low-Med Value
101740,0.4651874363623961,0,1,17987.700857632935,Watchlist (Medium Risk)
101741,0.4281523902877353,0,0,7964.171478873239,Watchlist (Medium Risk)
101742,0.3470090080327363,0,1,17460.533076923075,Low Risk (Healthy)
101743,0.7744549997700831,1,1,11178.943353174604,High Risk / Low-Med Value
101744,0.2167861842943875,0,0,26462.122181146024,Low Risk (Healthy)
101745,0.6027172128491224,1,0,16890.49602122016,High Risk / High Value
101746,0.4060530339695511,0,0,16312.040988372091,Watchlist (Medium Risk)
101747,0.3306229253749616,0,0,18752.906521739133,Low Risk (Healthy)
101748,0.2275657124225376,0,0,26206.972137404584,Low Risk (Healthy)
101749,0.8242795158521328,1,1,10036.188834951456,High Risk / Low-Med Value
101751,0.7338768972185774,1,1,3266.090361445783,High Risk / Low-Med Value
101752,0.1737159591304012,0,0,9672.492004381162,Low Risk (Healthy)
101753,0.3340391973305766,0,0,11095.224954627947,Low Risk (Healthy)
101754,0.4791051104212636,0,0,5179.16512987013,Watchlist (Medium Risk)
101755,0.1663060026397742,0,0,34423.76331967213,Low Risk (Healthy)
101756,0.8375372569189679,1,1,2097.902528735632,High Risk / Low-Med Value
101757,0.4725101546672969,0,0,14058.952476780183,Watchlist (Medium Risk)
101758,0.1798724804645855,0,0,34622.8517301038,Low Risk (Healthy)
101759,0.2167776891903413,0,0,36247.13855421687,Low Risk (Healthy)
101760,0.2955337448667014,0,0,11360.224390243902,Low Risk (Healthy)
101761,0.4444676724478718,0,0,6245.2151785714295,Watchlist (Medium Risk)
101762,0.4633807747025473,0,1,5980.398294762484,Watchlist (Medium Risk)
101763,0.4570760292253149,0,0,20953.25019633508,Watchlist (Medium Risk)
101764,0.6751009325808701,1,1,1104.3635620915031,High Risk / Low-Med Value
101765,0.3441707376547051,0,0,7502.066193656095,Low Risk (Healthy)
101766,0.5808900367720305,1,0,7708.385854765507,Watchlist (Medium Risk)
101767,0.3047685633783357,0,0,17766.45,Low Risk (Healthy)
101768,0.4014438649991648,0,0,7357.284611171962,Watchlist (Medium Risk)
101769,0.8400515349245719,1,1,2826.784190620272,High Risk / Low-Med Value
101770,0.4666550088707381,0,0,41945.355992844365,Watchlist (Medium Risk)
101771,0.5252875239466781,1,1,29903.08879699248,Watchlist (Medium Risk)
101772,0.6191994647968171,1,0,9380.492800788954,High Risk / Low-Med Value
101773,0.5087164195012942,1,1,7477.606145251396,Watchlist (Medium Risk)
101774,0.5364041076849119,1,0,29110.158333333336,Watchlist (Medium Risk)
101775,0.571778680495525,1,1,2503.481147540984,Watchlist (Medium Risk)
101776,0.6758830382836623,1,0,18716.5643483023,High Risk / High Value
101777,0.3528962185188015,0,0,15103.855539772729,Watchlist (Medium Risk)
101778,0.6795906880942941,1,1,15507.750602409638,High Risk / High Value
101779,0.2079740114137415,0,0,16265.753370786517,Low Risk (Healthy)
101780,0.5138091376311931,1,0,6368.738317757009,Watchlist (Medium Risk)
101781,0.7585791069503973,1,1,7336.196166484118,High Risk / Low-Med Value
101782,0.2470920630073383,0,1,49015.81626617375,Low Risk (Healthy)
101783,0.3282662067578263,0,0,3964.179846659365,Low Risk (Healthy)
101784,0.4446936943012604,0,1,17711.818028846155,Watchlist (Medium Risk)
101785,0.8101879588967251,1,1,8624.993975903615,High Risk / Low-Med Value
101786,0.7445352458388521,1,1,5079.440744797371,High Risk / Low-Med Value
101787,0.1731796756195787,0,0,19482.087571022726,Low Risk (Healthy)
101788,0.1495675849204396,0,0,15459.033296823658,Low Risk (Healthy)
101789,0.5230748021900065,1,0,9113.005694444444,Watchlist (Medium Risk)
101790,0.3827349419029733,0,0,19913.661042944783,Watchlist (Medium Risk)
101791,0.1921266476173805,0,0,37212.961489361696,Low Risk (Healthy)
101792,0.5926155380886087,1,0,10463.72243436754,Watchlist (Medium Risk)
101793,0.4777474847218003,0,0,25280.214569083448,Watchlist (Medium Risk)
101794,0.4990349420396874,0,0,2785.362429378531,Watchlist (Medium Risk)
101795,0.7325849191959758,1,1,657.4405172413793,High Risk / Low-Med Value
101796,0.1619532813167056,0,0,20785.00025773196,Low Risk (Healthy)
101797,0.8194719741206304,1,1,4509.550842358604,High Risk / Low-Med Value
101798,0.3422730673477991,0,0,13879.055038335158,Low Risk (Healthy)
101799,0.5356491154074882,1,1,5389.421538461539,Watchlist (Medium Risk)
101800,0.4204186770679918,0,0,4295.973590982287,Watchlist (Medium Risk)
101801,0.6414189060474698,1,0,7048.877588105726,High Risk / Low-Med Value
101802,0.2113404120174626,0,0,29471.727108433737,Low Risk (Healthy)
101803,0.3196598739630535,0,0,21568.064705882352,Low Risk (Healthy)
101804,0.6136784746269666,1,0,2857.786089813801,High Risk / Low-Med Value
101805,0.3652297717939553,0,1,35949.945,Watchlist (Medium Risk)
101806,0.1401892326710455,0,0,25968.65460021906,Low Risk (Healthy)
101807,0.3710838259642899,0,0,6460.749736842105,Watchlist (Medium Risk)
101808,0.4195912080539613,0,0,17691.289285714287,Watchlist (Medium Risk)
101809,0.2808305564931166,0,0,17774.192322834642,Low Risk (Healthy)
101810,0.255564660121747,0,0,17232.55782051282,Low Risk (Healthy)
101811,0.7342373109996645,1,1,9443.13870967742,High Risk / Low-Med Value
101812,0.2792965162954753,0,0,7482.5661631419935,Low Risk (Healthy)
101813,0.3126540325932918,0,0,11146.37,Low Risk (Healthy)
101814,0.1991308524787843,0,0,14703.411336254108,Low Risk (Healthy)
101815,0.2737987461775695,0,0,10139.739037433155,Low Risk (Healthy)
101816,0.4292920766168071,0,1,42932.2929118774,Watchlist (Medium Risk)
101817,0.6748456397273819,1,1,6380.971971252568,High Risk / Low-Med Value
101818,0.5419245979920447,1,1,10641.386206896552,Watchlist (Medium Risk)
101820,0.4193227417720826,0,0,6605.665714285715,Watchlist (Medium Risk)
101821,0.3613164814511047,0,0,12596.365826086956,Watchlist (Medium Risk)
101823,0.1564327496884743,0,0,13798.942935377874,Low Risk (Healthy)
101824,0.4197395055377012,0,1,17612.919934640522,Watchlist (Medium Risk)
101825,0.369017513520475,0,0,9349.648375,Watchlist (Medium Risk)
101826,0.1294775741437066,0,0,37863.53483050848,Low Risk (Healthy)
101827,0.5709779925997601,1,0,3232.281171548117,Watchlist (Medium Risk)
101828,0.2734607714897878,0,0,11266.888486140724,Low Risk (Healthy)
101829,0.7980305321534352,1,0,3439.217636022514,High Risk / Low-Med Value
101830,0.6661799949494376,1,0,7892.639266155531,High Risk / Low-Med Value
101831,0.397488022083175,0,1,3562.971304347827,Watchlist (Medium Risk)
101833,0.2251524207140565,0,0,15324.756012658228,Low Risk (Healthy)
101834,0.6127506561361457,1,0,6179.917656250001,High Risk / Low-Med Value
101835,0.3181524826562889,0,0,11383.882051282051,Low Risk (Healthy)
101836,0.1963063994284433,0,0,11482.873357664232,Low Risk (Healthy)
101837,0.2495161111602412,0,0,7288.297187499999,Low Risk (Healthy)
101838,0.2770916085989541,0,0,13637.96254180602,Low Risk (Healthy)
101839,0.1558613360528112,0,0,52985.06237623762,Low Risk (Healthy)
101840,0.2984805375937194,0,0,9728.44965034965,Low Risk (Healthy)
101841,0.5837984486140377,1,0,10788.12421630094,Watchlist (Medium Risk)
101842,0.8461028595479282,1,1,2263.282875,High Risk / Low-Med Value
101843,0.2092139837676288,0,0,25263.155944055947,Low Risk (Healthy)
101844,0.7058060388561944,1,0,4597.168240740741,High Risk / Low-Med Value
101845,0.3833167565043497,0,0,14529.15611814346,Watchlist (Medium Risk)
101846,0.2005421564364401,0,0,49583.4950844854,Low Risk (Healthy)
101847,0.2325845151639131,0,0,13598.190873015874,Low Risk (Healthy)
101848,0.8158573679633375,1,1,5466.868455640744,High Risk / Low-Med Value
101849,0.4391902739667253,0,0,12338.179501607718,Watchlist (Medium Risk)
101850,0.6971879018461504,1,0,6049.103036876356,High Risk / Low-Med Value
101851,0.7917682311294527,1,1,1599.7061255742726,High Risk / Low-Med Value
101852,0.6427757488768954,1,0,2580.324517374517,High Risk / Low-Med Value
101853,0.6113275660836878,1,1,11257.816666666666,High Risk / Low-Med Value
101854,0.8265948624261168,1,1,1536.3461664841184,High Risk / Low-Med Value
101855,0.1929359314034649,0,0,41620.47801724138,Low Risk (Healthy)
101856,0.3127895990269088,0,0,21637.35484848485,Low Risk (Healthy)
101857,0.1204171278529427,0,0,21243.464331723026,Low Risk (Healthy)
101858,0.7872836266994028,1,1,1893.2871647509576,High Risk / Low-Med Value
101859,0.4767231654254694,0,0,10749.390945406123,Watchlist (Medium Risk)
101860,0.5488057908863091,1,1,5672.33587075575,Watchlist (Medium Risk)
101861,0.3950089968625835,0,1,15514.069689119173,Watchlist (Medium Risk)
101862,0.2059396879236092,0,0,20485.71625,Low Risk (Healthy)
101863,0.479741810887383,0,0,3987.986784140969,Watchlist (Medium Risk)
101864,0.4758571833609203,0,0,40973.83634969325,Watchlist (Medium Risk)
101865,0.8620825081493251,1,1,11488.543461538462,High Risk / Low-Med Value
101866,0.6681662971683262,1,1,5291.693958333333,High Risk / Low-Med Value
101867,0.1504122360112228,0,0,53739.44875776398,Low Risk (Healthy)
101868,0.2526381992171559,0,0,8340.43717948718,Low Risk (Healthy)
101869,0.1333005715592374,0,0,15179.598951507209,Low Risk (Healthy)
101870,0.6534197506397916,1,1,12590.830065359478,High Risk / Low-Med Value
101871,0.3763479376136712,0,0,11259.85622406639,Watchlist (Medium Risk)
101872,0.6378950539154669,1,1,7355.486886792453,High Risk / Low-Med Value
101873,0.6948254981284733,1,1,8501.668251173709,High Risk / Low-Med Value
101874,0.2996229187822525,0,0,17952.11641791045,Low Risk (Healthy)
101875,0.7238157894362344,1,0,3402.1869627507167,High Risk / Low-Med Value
101876,0.2757108389626742,0,1,49171.47142857143,Low Risk (Healthy)
101877,0.5528246304451093,1,0,4582.819291338583,Watchlist (Medium Risk)
101878,0.7496563909143991,1,0,6288.451660516605,High Risk / Low-Med Value
101879,0.2577474563513717,0,0,10586.970920043812,Low Risk (Healthy)
101880,0.6698924579155825,1,1,16556.431465517242,High Risk / High Value
101881,0.6613335966641459,1,1,9048.293629343629,High Risk / Low-Med Value
101882,0.1392995180847657,0,0,17069.93603896104,Low Risk (Healthy)
101883,0.5347435220839492,1,0,2086.422641509434,Watchlist (Medium Risk)
101884,0.4874943514591517,0,0,7159.813342696629,Watchlist (Medium Risk)
101885,0.3900511487873839,0,0,5988.994311377245,Watchlist (Medium Risk)
101886,0.1657731455033546,0,0,11325.382053941908,Low Risk (Healthy)
101888,0.2580798361187432,0,0,25583.07172897197,Low Risk (Healthy)
101889,0.859214297689809,1,1,3693.402198852773,High Risk / Low-Med Value
101890,0.6404072377581744,1,0,5651.539208633094,High Risk / Low-Med Value
101891,0.6000321007091133,1,0,8607.550844594594,High Risk / Low-Med Value
101892,0.3469396574378113,0,0,26925.44166666667,Low Risk (Healthy)
101893,0.717817022112987,1,1,5166.056534090909,High Risk / Low-Med Value
101894,0.5008084501890938,1,1,10864.770700985762,Watchlist (Medium Risk)
101895,0.6332465539198142,1,1,31220.40352112676,High Risk / High Value
101896,0.7860070331157694,1,1,3941.2948863636366,High Risk / Low-Med Value
101897,0.1691574005382342,0,0,32050.83786764706,Low Risk (Healthy)
101898,0.3117499969097479,0,1,10238.812310866577,Low Risk (Healthy)
101899,0.7422686605906589,1,1,2643.0312910284465,High Risk / Low-Med Value
101900,0.6616307270357299,1,1,6809.912704918032,High Risk / Low-Med Value
101901,0.2067241873343877,0,0,82528.93718354432,Low Risk (Healthy)
101902,0.2973115465464524,0,0,16226.692661555311,Low Risk (Healthy)
101903,0.7410577145099186,1,1,7009.100502512563,High Risk / Low-Med Value
101904,0.5085191422777752,1,0,5896.361861313869,Watchlist (Medium Risk)
101905,0.4240411823332292,0,0,4766.966363636363,Watchlist (Medium Risk)
101906,0.482471040214724,0,0,12410.463854166668,Watchlist (Medium Risk)
101907,0.5741496133726351,1,0,6402.454104477612,Watchlist (Medium Risk)
101908,0.703780461951646,1,1,13759.53947368421,High Risk / Low-Med Value
101909,0.8492672825260557,1,1,779.891621253406,High Risk / Low-Med Value
101910,0.1060959738867649,0,0,61757.092039801,Low Risk (Healthy)
101912,0.4860928019866191,0,0,7053.281683168318,Watchlist (Medium Risk)
101913,0.2029977669511749,0,0,23944.12166666667,Low Risk (Healthy)
101914,0.7676118554029937,1,1,5194.3588,High Risk / Low-Med Value
101915,0.6007829710001523,1,1,4485.804375,High Risk / Low-Med Value
101916,0.4395765993473814,0,0,6564.503529411765,Watchlist (Medium Risk)
101917,0.5048273229409397,1,0,9275.153686200378,Watchlist (Medium Risk)
101918,0.3713559558636604,0,0,5101.425872689938,Watchlist (Medium Risk)
101919,0.6379094856947104,1,1,11088.83482849604,High Risk / Low-Med Value
101920,0.315613053134628,0,0,11560.606578947369,Low Risk (Healthy)
101921,0.2266671452064827,0,1,19215.06,Low Risk (Healthy)
101922,0.3609541978066006,0,0,20672.37848605577,Watchlist (Medium Risk)
101923,0.2356555048558953,0,0,14993.41625766871,Low Risk (Healthy)
101924,0.4904489286718972,0,0,10134.3846875,Watchlist (Medium Risk)
101925,0.7002947340599142,1,0,6697.394194961665,High Risk / Low-Med Value
101926,0.7853555263637564,1,1,14830.385761226724,High Risk / High Value
101927,0.4866690744023323,0,0,5182.925510204082,Watchlist (Medium Risk)
101928,0.2945232810996808,0,0,15765.159475806451,Low Risk (Healthy)
101929,0.5709503870162022,1,0,4822.095639534884,Watchlist (Medium Risk)
101931,0.3070465819178175,0,0,10049.310849056605,Low Risk (Healthy)
101932,0.6252838299157137,1,1,2621.981224489796,High Risk / Low-Med Value
101933,0.550326042568337,1,1,11665.813858267717,Watchlist (Medium Risk)
101934,0.3971816782034046,0,1,5076.931,Watchlist (Medium Risk)
101935,0.4775980577071718,0,0,26670.33012048193,Watchlist (Medium Risk)
101936,0.1651429542351891,0,0,18562.91990740741,Low Risk (Healthy)
101937,0.4414648158261866,0,1,7945.77625,Watchlist (Medium Risk)
101938,0.2935219206206917,0,0,7808.913143483023,Low Risk (Healthy)
101939,0.3310343107790492,0,0,3052.48359375,Low Risk (Healthy)
101940,0.779301918457591,1,1,1533.616554054054,High Risk / Low-Med Value
101941,0.6176932795212958,1,0,1044.575925925926,High Risk / Low-Med Value
101942,0.299036557307794,0,0,13894.727167630055,Low Risk (Healthy)
101943,0.6665547991063978,1,0,7210.435636363637,High Risk / Low-Med Value
101944,0.2557426801482061,0,0,15511.485792778649,Low Risk (Healthy)
101945,0.1493106528625653,0,1,40270.827248322144,Low Risk (Healthy)
101946,0.2637456216713429,0,0,58206.55,Low Risk (Healthy)
101947,0.446995641595359,0,0,6956.877878787879,Watchlist (Medium Risk)
101948,0.3777083069738418,0,0,10702.880486008837,Watchlist (Medium Risk)
101949,0.5010234221389495,1,1,11893.559112149533,Watchlist (Medium Risk)
101950,0.5921953360785891,1,1,3416.269351230425,Watchlist (Medium Risk)
101951,0.1451675868041435,0,0,12888.395545454545,Low Risk (Healthy)
101952,0.2008470582626965,0,0,41570.88543263965,Low Risk (Healthy)
101953,0.2925886037731551,0,0,11460.645503597125,Low Risk (Healthy)
101954,0.7926127245566676,1,1,2923.139164785553,High Risk / Low-Med Value
101955,0.0871150403363473,0,0,22460.89665936473,Low Risk (Healthy)
101956,0.0763510790022146,0,0,20664.97272727273,Low Risk (Healthy)
101957,0.3139735442173939,0,0,37608.43488700565,Low Risk (Healthy)
101958,0.3424912577024461,0,0,39371.29796511628,Low Risk (Healthy)
101959,0.3848212927647823,0,1,15530.55242165242,Watchlist (Medium Risk)
101960,0.6594944317217866,1,1,16030.952879581151,High Risk / High Value
101962,0.7543944451726239,1,1,1820.2211340206184,High Risk / Low-Med Value
101963,0.0825455181521126,0,0,28244.0078313253,Low Risk (Healthy)
101964,0.3343338513937153,0,0,11271.538791593695,Low Risk (Healthy)
101965,0.644943489719318,1,1,16545.76952861953,High Risk / High Value
101966,0.6247708899547159,1,1,15380.91282051282,High Risk / High Value
101967,0.3074823895982291,0,0,15698.279441624369,Low Risk (Healthy)
101969,0.114883432304706,0,0,23827.400109649127,Low Risk (Healthy)
101970,0.2306042786174373,0,0,7377.754864864865,Low Risk (Healthy)
101971,0.1517236440223954,0,0,38375.15564681725,Low Risk (Healthy)
101972,0.2554832187671489,0,0,12569.652299703266,Low Risk (Healthy)
101973,0.5861256733310529,1,1,5180.618597560976,Watchlist (Medium Risk)
101974,0.5902914483174166,1,1,5484.871590909092,Watchlist (Medium Risk)
101975,0.1606773928379035,0,0,9407.109677419356,Low Risk (Healthy)
101976,0.3035400061737556,0,0,8742.371276595746,Low Risk (Healthy)
101977,0.3928601160053773,0,0,18415.532107574098,Watchlist (Medium Risk)
101979,0.4416904984291207,0,1,15848.615107913669,Watchlist (Medium Risk)
101980,0.5959948035070356,1,1,4414.7950657894735,Watchlist (Medium Risk)
101981,0.3185451260953198,0,1,8702.79110012361,Low Risk (Healthy)
101982,0.630255836976362,1,0,4426.793386243386,High Risk / Low-Med Value
101983,0.2599061705044554,0,0,13908.26993534483,Low Risk (Healthy)
101984,0.8709158643216507,1,1,3284.4342887473463,High Risk / Low-Med Value
101985,0.2678293408851735,0,0,13632.5860898138,Low Risk (Healthy)
101986,0.3818023770944094,0,0,10657.482363636364,Watchlist (Medium Risk)
101987,0.3882341712146472,0,0,2834.8662162162163,Watchlist (Medium Risk)
101988,0.5022099632888074,1,0,6396.0046442687735,Watchlist (Medium Risk)
101989,0.4810215672920139,0,0,11335.247063369396,Watchlist (Medium Risk)
101990,0.3042443293998547,0,0,8442.07066974596,Low Risk (Healthy)
101991,0.7884735449885986,1,1,2825.491785323111,High Risk / Low-Med Value
101992,0.2033794105767909,0,0,8360.231751824816,Low Risk (Healthy)
101993,0.1770246486584751,0,0,16048.39762443439,Low Risk (Healthy)
101994,0.3339760013445982,0,0,11596.55344827586,Low Risk (Healthy)
101995,0.3513656714887907,0,1,11181.246014492754,Watchlist (Medium Risk)
101996,0.6092640886364314,1,1,16316.417277486911,High Risk / High Value
101997,0.2081778514785226,0,0,51734.76818181817,Low Risk (Healthy)
101998,0.1922772025176452,0,0,16103.519230769232,Low Risk (Healthy)
101999,0.2249256907952496,0,1,16910.28602329451,Low Risk (Healthy)
102000,0.4876542656148512,0,0,3297.902325581395,Watchlist (Medium Risk)
102001,0.5429689626438604,1,1,4158.413417305586,Watchlist (Medium Risk)
102002,0.5137917899705959,1,1,3976.5016759776536,Watchlist (Medium Risk)
102003,0.1278915781422051,0,0,24687.23913580247,Low Risk (Healthy)
102004,0.3797937867757905,0,1,56959.933839779005,Watchlist (Medium Risk)
102006,0.1438084939761396,0,0,26275.665625,Low Risk (Healthy)
102007,0.2835460116822171,0,0,7157.973417721519,Low Risk (Healthy)
102008,0.8713301795957382,1,1,3497.939530201342,High Risk / Low-Med Value
102009,0.4148678211301406,0,0,35376.85786948177,Watchlist (Medium Risk)
102010,0.5171422916392783,1,1,41407.9556302521,Watchlist (Medium Risk)
102011,0.3492727035588177,0,0,7827.1884720327425,Low Risk (Healthy)
102012,0.6976884238918309,1,1,6801.277823920266,High Risk / Low-Med Value
102013,0.3655104153802436,0,0,17074.65239130435,Watchlist (Medium Risk)
102014,0.4436504315593775,0,1,24605.210052910053,Watchlist (Medium Risk)
102015,0.3346523532610545,0,0,7644.511556064073,Low Risk (Healthy)
102016,0.3263494826523914,0,0,24224.2523178808,Low Risk (Healthy)
102017,0.1988846483490888,0,0,6722.873099415205,Low Risk (Healthy)
102018,0.6852565157941995,1,1,14369.929537953796,High Risk / Low-Med Value
102019,0.7215912036853809,1,1,7612.831152647976,High Risk / Low-Med Value
102020,0.5930297492096586,1,1,6410.693670886076,Watchlist (Medium Risk)
102022,0.5778579047294832,1,1,15175.228458498024,Watchlist (Medium Risk)
102023,0.2544575081793308,0,0,7024.439837398374,Low Risk (Healthy)
102024,0.4258486311624675,0,0,14375.858897243108,Watchlist (Medium Risk)
102025,0.1934733414408872,0,0,17828.909730722153,Low Risk (Healthy)
102026,0.6667028281609837,1,1,2045.897039473684,High Risk / Low-Med Value
102027,0.2670207973725318,0,0,12283.96141078838,Low Risk (Healthy)
102028,0.66994753805252,1,0,1888.381270536692,High Risk / Low-Med Value
102029,0.6190686842282935,1,1,568.0116564417178,High Risk / Low-Med Value
102030,0.4555586438336189,0,0,7316.244368600682,Watchlist (Medium Risk)
102031,0.1710895337413806,0,0,43738.59888888889,Low Risk (Healthy)
102032,0.3140429454675139,0,0,8827.082369402986,Low Risk (Healthy)
102033,0.225408537171297,0,0,12316.79839255499,Low Risk (Healthy)
102034,0.5083556275996162,1,0,9726.479192546583,Watchlist (Medium Risk)
102035,0.5124033081697461,1,0,9294.373773584906,Watchlist (Medium Risk)
102037,0.7988752784959411,1,0,6893.902519167579,High Risk / Low-Med Value
102038,0.3407177110263777,0,0,14729.206281833616,Low Risk (Healthy)
102039,0.1902597325740013,0,0,15928.676439790575,Low Risk (Healthy)
102040,0.521231698362317,1,0,2273.096753246753,Watchlist (Medium Risk)
102041,0.511899206934021,1,1,10233.813073394494,Watchlist (Medium Risk)
102042,0.3516937547542064,0,0,17475.536363636365,Watchlist (Medium Risk)
102043,0.5014263500712244,1,0,3542.939736842105,Watchlist (Medium Risk)
102044,0.4141718964798905,0,0,2515.416379310345,Watchlist (Medium Risk)
102045,0.5635595188864384,1,1,29557.46207407408,Watchlist (Medium Risk)
102046,0.2879999522819174,0,1,10411.900556930694,Low Risk (Healthy)
102047,0.2275393640488592,0,0,8172.110655737705,Low Risk (Healthy)
102048,0.1311258836231771,0,0,17495.416440886696,Low Risk (Healthy)
102049,0.3149793396569554,0,1,21333.73273453093,Low Risk (Healthy)
102050,0.3645344350046186,0,0,9282.120560747664,Watchlist (Medium Risk)
102051,0.5514277789020252,1,1,3996.714019715225,Watchlist (Medium Risk)
102052,0.5354258345977545,1,1,14295.46304347826,Watchlist (Medium Risk)
102053,0.5785227627957186,1,1,5236.663957055215,Watchlist (Medium Risk)
102054,0.3093154743151134,0,0,39725.03741830066,Low Risk (Healthy)
102055,0.4310085994214108,0,1,40788.01147859922,Watchlist (Medium Risk)
102057,0.8745794669763244,1,1,2056.3412376779847,High Risk / Low-Med Value
102059,0.4481194537463924,0,0,4199.099123767798,Watchlist (Medium Risk)
102060,0.369482442194247,0,0,20045.75067567568,Watchlist (Medium Risk)
102061,0.3910504969053812,0,0,3242.237914691944,Watchlist (Medium Risk)
102062,0.8090426401008034,1,1,10865.154490690033,High Risk / Low-Med Value
102063,0.6949082202474366,1,0,6327.780642201835,High Risk / Low-Med Value
102064,0.3407613107784301,0,0,8201.608870967742,Low Risk (Healthy)
102065,0.5000231097503675,1,1,11748.863333333333,Watchlist (Medium Risk)
102066,0.5905027717796417,1,0,5876.288405797101,Watchlist (Medium Risk)
102067,0.444530333009545,0,0,14269.251339285714,Watchlist (Medium Risk)
102068,0.7688599884268625,1,1,4892.285575221238,High Risk / Low-Med Value
102069,0.1249510954805533,0,0,19806.74893442623,Low Risk (Healthy)
102070,0.6894139197036949,1,1,2770.7627976190474,High Risk / Low-Med Value
102071,0.6829298051303522,1,0,1761.3459641255604,High Risk / Low-Med Value
102072,0.4178220468032538,0,0,6702.077016129031,Watchlist (Medium Risk)
102073,0.7059466912318284,1,1,773.6852201257861,High Risk / Low-Med Value
102074,0.5666796226461125,1,1,7171.729875,Watchlist (Medium Risk)
102075,0.1806142607143955,0,0,23301.67196056955,Low Risk (Healthy)
102076,0.8531811382471672,1,1,2882.961359223301,High Risk / Low-Med Value
102077,0.4779421106766343,0,0,3480.1001915708816,Watchlist (Medium Risk)
102078,0.6677159718352769,1,0,7538.417360350493,High Risk / Low-Med Value
102079,0.2532348312746779,0,0,13549.7599859353,Low Risk (Healthy)
102080,0.2294003755314745,0,0,8476.778879310345,Low Risk (Healthy)
102081,0.6792531500570556,1,1,3973.012585034013,High Risk / Low-Med Value
102083,0.329628929011744,0,0,6354.351431492843,Low Risk (Healthy)
102085,0.6671983308413535,1,0,7706.229408543262,High Risk / Low-Med Value
102086,0.6017216567233674,1,1,11062.562499999998,High Risk / Low-Med Value
102087,0.1024466520982157,0,0,60370.48978494624,Low Risk (Healthy)
102088,0.5560224564493504,1,1,3571.108052434457,Watchlist (Medium Risk)
102089,0.6602890509184989,1,1,7570.554356846473,High Risk / Low-Med Value
102090,0.6518805334576834,1,1,3835.254090909091,High Risk / Low-Med Value
102091,0.6347520087992912,1,1,25518.385384615383,High Risk / High Value
102092,0.5515212386413482,1,0,6927.951861993428,Watchlist (Medium Risk)
102093,0.7196055335810506,1,1,3363.8088170865285,High Risk / Low-Med Value
102094,0.1620089324622469,0,0,23994.6082694414,Low Risk (Healthy)
102095,0.5436059853499252,1,1,6718.878422782039,Watchlist (Medium Risk)
102096,0.3726203653087019,0,0,2591.0133333333333,Watchlist (Medium Risk)
102097,0.7163305967430073,1,0,5916.341153846154,High Risk / Low-Med Value
102098,0.6486531462107712,1,1,5279.872972972973,High Risk / Low-Med Value
102099,0.5802792950219637,1,0,9123.796973094171,Watchlist (Medium Risk)
102100,0.2011887703900314,0,0,17560.179435483875,Low Risk (Healthy)
102101,0.787687024600827,1,1,4524.828641840088,High Risk / Low-Med Value
102102,0.5620122949323942,1,1,23011.23224719101,Watchlist (Medium Risk)
102103,0.3552977993562078,0,0,10152.553890489911,Watchlist (Medium Risk)
102104,0.4871600357168517,0,1,16251.582114882503,Watchlist (Medium Risk)
102105,0.2453052188274668,0,0,23389.62263157895,Low Risk (Healthy)
102106,0.4224968558885278,0,1,2280.641666666667,Watchlist (Medium Risk)
102107,0.5482094811321877,1,0,2281.766814159292,Watchlist (Medium Risk)
102108,0.3773857403677059,0,1,14154.602449888644,Watchlist (Medium Risk)
102109,0.3076820922948735,0,0,7025.388974358975,Low Risk (Healthy)
102110,0.6099444659590862,1,1,18290.40259515571,High Risk / High Value
102111,0.8817007255417089,1,1,5113.774730215828,High Risk / Low-Med Value
102112,0.230046160722622,0,0,64531.42246835444,Low Risk (Healthy)
102114,0.545042064400166,1,0,14700.345016429355,Watchlist (Medium Risk)
102115,0.4668843869974722,0,1,7962.612447698744,Watchlist (Medium Risk)
102116,0.1939794420966712,0,0,19335.60982905983,Low Risk (Healthy)
102117,0.71623785008081,1,1,1536.3326086956522,High Risk / Low-Med Value
102118,0.197102098180503,0,0,119927.02051282053,Low Risk (Healthy)
102119,0.2706925416336307,0,0,17516.69488188976,Low Risk (Healthy)
102120,0.3120411919951724,0,0,11065.771830985916,Low Risk (Healthy)
102121,0.7116657130521594,1,1,7845.115895953758,High Risk / Low-Med Value
102122,0.7289027726025603,1,1,9508.341425818882,High Risk / Low-Med Value
102123,0.4227056042080538,0,1,14660.19298245614,Watchlist (Medium Risk)
102124,0.1887697391218403,0,0,20004.4757751938,Low Risk (Healthy)
102125,0.4242209165949159,0,0,4871.166867469879,Watchlist (Medium Risk)
102126,0.1170299826855831,0,0,13764.9895,Low Risk (Healthy)
102127,0.3785315979443019,0,0,2784.9646586345384,Watchlist (Medium Risk)
102128,0.3003783179549285,0,0,42002.84428571428,Low Risk (Healthy)
102129,0.1687100776389627,0,0,23191.53761329305,Low Risk (Healthy)
102130,0.6727864572871205,1,1,3002.7989626556014,High Risk / Low-Med Value
102131,0.2149932463024771,0,0,9263.005985915494,Low Risk (Healthy)
102132,0.2497967845550971,0,0,26440.08643216081,Low Risk (Healthy)
102133,0.3835205012118505,0,0,6120.774054982818,Watchlist (Medium Risk)
102134,0.1798164890415289,0,0,42307.74167579408,Low Risk (Healthy)
102135,0.4902086469653874,0,0,2842.133333333333,Watchlist (Medium Risk)
102136,0.4147994886501556,0,0,6334.796531791907,Watchlist (Medium Risk)
102137,0.5667401287052531,1,1,5968.662499999999,Watchlist (Medium Risk)
102138,0.3337960087729935,0,0,10665.237339055797,Low Risk (Healthy)
102139,0.6925104139546413,1,1,6365.158467741935,High Risk / Low-Med Value
102140,0.2813182665664123,0,0,64966.980589430896,Low Risk (Healthy)
102141,0.7631904182363369,1,1,2867.5265463917526,High Risk / Low-Med Value
102142,0.4591901482639278,0,1,9285.147520661158,Watchlist (Medium Risk)
102143,0.7972059657469964,1,1,2446.4586460032624,High Risk / Low-Med Value
102144,0.5744569963024504,1,1,7380.850396825397,Watchlist (Medium Risk)
102145,0.3929145954708989,0,1,23879.93620689656,Watchlist (Medium Risk)
102147,0.2315025099243771,0,0,103173.55968992248,Low Risk (Healthy)
102148,0.7631830012586704,1,1,6131.064328899637,High Risk / Low-Med Value
102149,0.19950661651564,0,0,19923.897386172008,Low Risk (Healthy)
102150,0.1549466197089571,0,0,14273.311007667033,Low Risk (Healthy)
102151,0.2643358194490917,0,0,14847.204545454544,Low Risk (Healthy)
102152,0.8731860340465417,1,1,2319.223450586265,High Risk / Low-Med Value
102153,0.8128415016453485,1,1,9251.267723004694,High Risk / Low-Med Value
102154,0.1352887553418899,0,0,21604.788381201044,Low Risk (Healthy)
102156,0.2116309027464717,0,0,17081.746820809247,Low Risk (Healthy)
102157,0.647924213768356,1,0,1861.4135071090047,High Risk / Low-Med Value
102158,0.2905199240321286,0,0,36764.10547445255,Low Risk (Healthy)
102159,0.3527669009262727,0,0,9200.44494274809,Watchlist (Medium Risk)
102160,0.6452137948963264,1,1,15222.69708737864,High Risk / High Value
102161,0.4813929386986509,0,0,10778.567741935483,Watchlist (Medium Risk)
102162,0.3488200205790792,0,0,11119.346846846844,Low Risk (Healthy)
102163,0.3515724252448736,0,1,13502.775623268695,Watchlist (Medium Risk)
102164,0.3642690088895307,0,0,16313.468828451882,Watchlist (Medium Risk)
102165,0.429879993324308,0,1,17553.947908366532,Watchlist (Medium Risk)
102166,0.3593727413206901,0,1,11177.352884615384,Watchlist (Medium Risk)
102168,0.6874945668088356,1,1,3150.7596118299443,High Risk / Low-Med Value
102169,0.7074056360181983,1,0,17609.124542682926,High Risk / High Value
102171,0.3764086129312192,0,0,14534.974456521735,Watchlist (Medium Risk)
102172,0.1259695422910005,0,0,21068.07201897019,Low Risk (Healthy)
102173,0.5358461643467817,1,0,2300.97972972973,Watchlist (Medium Risk)
102174,0.3626271759380949,0,0,26962.5813304721,Watchlist (Medium Risk)
102175,0.519010963336228,1,0,6462.65082146769,Watchlist (Medium Risk)
102176,0.3397025207516337,0,0,14358.030741410488,Low Risk (Healthy)
102177,0.6167773342143942,1,1,8069.087481146304,High Risk / Low-Med Value
102178,0.1575126510152289,0,0,44955.57719298246,Low Risk (Healthy)
102180,0.6135435696352864,1,1,3929.179061784897,High Risk / Low-Med Value
102181,0.2902102752430239,0,0,22921.29126213592,Low Risk (Healthy)
102182,0.6833431321713573,1,1,726.5573863636363,High Risk / Low-Med Value
102183,0.5816237833623488,1,0,1921.4708860759488,Watchlist (Medium Risk)
102184,0.2568844582436494,0,0,10918.654824561405,Low Risk (Healthy)
102185,0.6564338314984499,1,0,14952.812885154062,High Risk / High Value
102186,0.1823791280173239,0,0,15907.68812154696,Low Risk (Healthy)
102187,0.5131837079398982,1,0,10157.222109826587,Watchlist (Medium Risk)
102188,0.4073663230923037,0,1,14749.481797235025,Watchlist (Medium Risk)
102189,0.569191687639043,1,1,6589.188276836158,Watchlist (Medium Risk)
102190,0.1639591873353973,0,0,17541.768072289156,Low Risk (Healthy)
102191,0.6636985975517377,1,1,18502.050074074075,High Risk / High Value
102192,0.2487584080111911,0,0,9985.97796875,Low Risk (Healthy)
102193,0.4891050276269114,0,1,15885.095837897044,Watchlist (Medium Risk)
102194,0.8160139776922124,1,1,3483.321456692913,High Risk / Low-Med Value
102195,0.1514469855585853,0,0,20055.63609234234,Low Risk (Healthy)
102196,0.4712320658415438,0,1,11151.941836734695,Watchlist (Medium Risk)
102197,0.2881909329584051,0,0,3991.149137931035,Low Risk (Healthy)
102198,0.3812525389067391,0,0,6014.416050808314,Watchlist (Medium Risk)
102199,0.2229552929031738,0,0,38055.6696485623,Low Risk (Healthy)
102200,0.2115877084472958,0,0,8400.942816901408,Low Risk (Healthy)
102201,0.7342698441418561,1,0,9631.557899305555,High Risk / Low-Med Value
102202,0.1917941419878733,0,0,19572.179013761463,Low Risk (Healthy)
102203,0.7066401087309826,1,1,4995.554350828729,High Risk / Low-Med Value
102204,0.6813526713277609,1,1,13954.366408450704,High Risk / Low-Med Value
102205,0.3085212576777372,0,1,21151.21585365853,Low Risk (Healthy)
102207,0.4477114499476872,0,0,21332.11814159292,Watchlist (Medium Risk)
102208,0.2024198586073082,0,0,10954.544607843138,Low Risk (Healthy)
102209,0.4840886043991648,0,0,7781.771108179419,Watchlist (Medium Risk)
102210,0.4831112232903828,0,0,34700.00493333334,Watchlist (Medium Risk)
102211,0.1807704374579454,0,0,41914.45949152542,Low Risk (Healthy)
102212,0.2038675398648606,0,0,42694.593320610686,Low Risk (Healthy)
102213,0.1566435217355482,0,0,14374.363636363636,Low Risk (Healthy)
102214,0.2056948448530593,0,0,14447.596712802766,Low Risk (Healthy)
102215,0.6883636908542168,1,1,16007.433482142858,High Risk / High Value
102216,0.5484487859291752,1,1,7828.04704225352,Watchlist (Medium Risk)
102217,0.1746621541131124,0,0,8837.761675126905,Low Risk (Healthy)
102218,0.8116924984102712,1,1,8254.116293103447,High Risk / Low-Med Value
102219,0.4209657592435881,0,0,10931.590727272727,Watchlist (Medium Risk)
102220,0.5232768465640728,1,1,4429.683223684211,Watchlist (Medium Risk)
102221,0.5736763964041666,1,0,4474.113173652694,Watchlist (Medium Risk)
102222,0.7923233679163111,1,1,8487.00060483871,High Risk / Low-Med Value
102223,0.126513921243377,0,0,59159.129437609845,Low Risk (Healthy)
102224,0.2533241039708156,0,1,35792.03153153153,Low Risk (Healthy)
102225,0.7739313034450623,1,1,10969.958510638298,High Risk / Low-Med Value
102226,0.4931326442484639,0,0,9437.435933147632,Watchlist (Medium Risk)
102227,0.7748637464324917,1,1,4357.54526431718,High Risk / Low-Med Value
102228,0.2488880377795935,0,0,9754.19502617801,Low Risk (Healthy)
102229,0.3106805908565282,0,1,42617.94579439252,Low Risk (Healthy)
102230,0.7925786280015228,1,1,12697.364233576644,High Risk / Low-Med Value
102231,0.304282103590159,0,0,10807.866296296295,Low Risk (Healthy)
102232,0.2109043339576746,0,0,10476.06844262295,Low Risk (Healthy)
102233,0.4410368719942258,0,0,9064.449107142857,Watchlist (Medium Risk)
102235,0.4755538225523539,0,1,21911.12765486725,Watchlist (Medium Risk)
102236,0.1579738606069388,0,0,17436.669081272084,Low Risk (Healthy)
102237,0.5864989776510708,1,0,8521.522889842632,Watchlist (Medium Risk)
102238,0.7324872779699227,1,0,5960.877765607886,High Risk / Low-Med Value
102239,0.6361984905629652,1,1,5423.773043478262,High Risk / Low-Med Value
102240,0.8414263852738961,1,1,4281.749180327869,High Risk / Low-Med Value
102241,0.532463749169505,1,1,7707.480031446541,Watchlist (Medium Risk)
102242,0.2745492131241341,0,0,24127.30868263473,Low Risk (Healthy)
102243,0.8708824679151206,1,1,3828.924967907574,High Risk / Low-Med Value
102244,0.3878781375941288,0,1,41224.464485981305,Watchlist (Medium Risk)
102246,0.5313512631226446,1,0,36209.40425072046,Watchlist (Medium Risk)
102247,0.3064843875833164,0,0,12779.030674846628,Low Risk (Healthy)
102248,0.2297001343617069,0,0,49475.90590452262,Low Risk (Healthy)
102249,0.2326150587996999,0,0,28783.46547619048,Low Risk (Healthy)
102250,0.2799774225722723,0,0,25568.258314350795,Low Risk (Healthy)
102251,0.5362901395848633,1,0,9960.586144578314,Watchlist (Medium Risk)
102252,0.3467033279233514,0,0,11502.356485355647,Low Risk (Healthy)
102253,0.2704184154663264,0,0,23156.44230769231,Low Risk (Healthy)
102254,0.8824972750599944,1,1,1990.8307086614177,High Risk / Low-Med Value
102255,0.7831637773502911,1,1,2345.049273858921,High Risk / Low-Med Value
102256,0.4427185501693196,0,1,10926.291898148149,Watchlist (Medium Risk)
102257,0.5719223982983557,1,0,11831.928343949045,Watchlist (Medium Risk)
102258,0.5602755309462367,1,0,12020.607317073169,Watchlist (Medium Risk)
102259,0.2024238626707864,0,0,5602.673157894737,Low Risk (Healthy)
102260,0.2538836229331028,0,0,20428.29121863799,Low Risk (Healthy)
102261,0.2079994617760124,0,0,16282.893333333332,Low Risk (Healthy)
102262,0.4156542612956865,0,0,7759.744874999999,Watchlist (Medium Risk)
102263,0.6131878787258088,1,0,2048.0961111111114,High Risk / Low-Med Value
102264,0.1787951576551279,0,0,15245.55427163198,Low Risk (Healthy)
102265,0.3797125379418712,0,1,17053.551683168316,Watchlist (Medium Risk)
102266,0.7292420687351014,1,1,6403.274712643678,High Risk / Low-Med Value
102267,0.3169526902326446,0,1,11846.118660287082,Low Risk (Healthy)
102268,0.8155586038105214,1,1,3306.4297546012267,High Risk / Low-Med Value
102269,0.746308255034994,1,0,3784.2863475177305,High Risk / Low-Med Value
102271,0.1443460497180561,0,0,48028.513338658144,Low Risk (Healthy)
102272,0.3733354191656455,0,0,25498.81948529412,Watchlist (Medium Risk)
102273,0.7151086607278362,1,1,6073.212389380531,High Risk / Low-Med Value
102274,0.3537665900823482,0,0,56986.99187242799,Watchlist (Medium Risk)
102275,0.1751289726998693,0,0,47427.799515738494,Low Risk (Healthy)
102276,0.5561636158985518,1,0,3049.923897058824,Watchlist (Medium Risk)
102277,0.2927350469693752,0,0,19606.93469827586,Low Risk (Healthy)
102278,0.2113665457497777,0,0,22973.73358490566,Low Risk (Healthy)
102279,0.1683619039665013,0,0,15899.348470588237,Low Risk (Healthy)
102281,0.1710257649962536,0,0,10988.724823321554,Low Risk (Healthy)
102283,0.1730894067005322,0,0,9229.505873015873,Low Risk (Healthy)
102284,0.5582067172445526,1,0,9003.502573932092,Watchlist (Medium Risk)
102285,0.5056684934801079,1,1,40814.84361702127,Watchlist (Medium Risk)
102286,0.8336193340152621,1,1,3671.468047337278,High Risk / Low-Med Value
102287,0.2140655582826166,0,0,10400.334829931971,Low Risk (Healthy)
102288,0.2672431169236791,0,0,10061.79878296146,Low Risk (Healthy)
102289,0.3269764814687647,0,0,9087.7004381161,Low Risk (Healthy)
102290,0.3301410156625627,0,0,19604.479252577315,Low Risk (Healthy)
102291,0.7421084162706935,1,1,17860.90255102041,High Risk / High Value
102292,0.118721458212021,0,0,77187.47909090908,Low Risk (Healthy)
102293,0.5080771456447127,1,0,4670.105038335159,Watchlist (Medium Risk)
102294,0.6888690437342849,1,1,13607.860905349791,High Risk / Low-Med Value
102295,0.1327604475649201,0,1,26434.09156626506,Low Risk (Healthy)
102296,0.4346341679605567,0,0,28296.36989247312,Watchlist (Medium Risk)
102297,0.6263298303659062,1,1,4196.156736035049,High Risk / Low-Med Value
102298,0.2203021829167722,0,0,38834.39525862069,Low Risk (Healthy)
102299,0.4576822882373574,0,1,10336.103897180765,Watchlist (Medium Risk)
102300,0.5441896617628978,1,1,35188.41977715877,Watchlist (Medium Risk)
102301,0.1356471622043193,0,0,19476.470677731675,Low Risk (Healthy)
102302,0.4750239990573053,0,0,4178.99584139265,Watchlist (Medium Risk)
102303,0.1542980033198469,0,0,16266.098775216138,Low Risk (Healthy)
102304,0.2998425334092232,0,0,7182.403636363637,Low Risk (Healthy)
102306,0.3945405302786494,0,0,2795.73023255814,Watchlist (Medium Risk)
102308,0.309035369130701,0,0,7112.869907407408,Low Risk (Healthy)
102309,0.231909622946094,0,0,7260.726,Low Risk (Healthy)
102310,0.5361445945424443,1,1,31506.67095959596,Watchlist (Medium Risk)
102311,0.241631006886538,0,0,24832.00710382514,Low Risk (Healthy)
102312,0.1906912053734743,0,0,7984.019798657718,Low Risk (Healthy)
102313,0.2245490829849956,0,0,11015.901533742332,Low Risk (Healthy)
102314,0.6018707046509725,1,0,5167.187416107383,High Risk / Low-Med Value
102315,0.7328788911211511,1,0,2295.904887218045,High Risk / Low-Med Value
102316,0.6262108169182277,1,0,19542.00836820084,High Risk / High Value
102317,0.3661367449491664,0,0,18286.39420289855,Watchlist (Medium Risk)
102318,0.113064995195619,0,0,29798.76549118388,Low Risk (Healthy)
102319,0.3907618286486357,0,0,6963.222834645669,Watchlist (Medium Risk)
102320,0.2706030523651971,0,1,30256.54315589353,Low Risk (Healthy)
102321,0.5543160509550482,1,0,5240.360055865922,Watchlist (Medium Risk)
102322,0.1555481427036146,0,0,24507.84885598924,Low Risk (Healthy)
102323,0.6577419418197005,1,1,8146.465329512893,High Risk / Low-Med Value
102324,0.1917372911418167,0,0,13506.882389937104,Low Risk (Healthy)
102325,0.6615546968078312,1,1,22663.89439528024,High Risk / High Value
102326,0.0868978143097449,0,0,15885.574617996605,Low Risk (Healthy)
102327,0.1353173546437715,0,0,21391.582838983053,Low Risk (Healthy)
102328,0.343837834533769,0,0,11426.317898832684,Low Risk (Healthy)
102329,0.6316473180837895,1,1,2211.9285156250003,High Risk / Low-Med Value
102330,0.5929113216132476,1,0,14872.94644030668,Watchlist (Medium Risk)
102331,0.5072309152890685,1,1,17786.131794871795,Watchlist (Medium Risk)
102332,0.4144463312171751,0,1,6476.567724867725,Watchlist (Medium Risk)
102333,0.2461606195000455,0,0,27841.14202898551,Low Risk (Healthy)
102334,0.7621991421707561,1,1,22781.63344051447,High Risk / High Value
102335,0.8175224228215464,1,1,7736.287340301974,High Risk / Low-Med Value
102336,0.6943091046775869,1,1,7871.895726495726,High Risk / Low-Med Value
102337,0.4586338342933212,0,1,8096.313813813814,Watchlist (Medium Risk)
102338,0.428349453252276,0,0,11532.634015151514,Watchlist (Medium Risk)
102339,0.1681009912573477,0,0,9386.879940828405,Low Risk (Healthy)
102340,0.8307565726372002,1,1,4820.340817790531,High Risk / Low-Med Value
102341,0.3549960656968177,0,0,239485.99,Watchlist (Medium Risk)
102342,0.7037029125587693,1,0,4495.85045112782,High Risk / Low-Med Value
102343,0.8548750643946977,1,1,3408.715065913371,High Risk / Low-Med Value
102344,0.4281048841395436,0,1,11727.285161290323,Watchlist (Medium Risk)
102345,0.5872661351900038,1,0,3555.580263157895,Watchlist (Medium Risk)
102346,0.5080589731839918,1,0,9379.648897911831,Watchlist (Medium Risk)
102347,0.3704146654995335,0,0,7832.009756097561,Watchlist (Medium Risk)
102348,0.8409430142804654,1,1,7335.720340136055,High Risk / Low-Med Value
102349,0.2735333358238632,0,0,8025.447064989517,Low Risk (Healthy)
102351,0.2296373712106851,0,0,19959.532865168538,Low Risk (Healthy)
102352,0.6787208072792328,1,1,2576.234924078091,High Risk / Low-Med Value
102353,0.295213986631976,0,0,13023.999270072993,Low Risk (Healthy)
102354,0.3469064677343234,0,0,24162.92566191446,Low Risk (Healthy)
102355,0.3910734993681716,0,1,7419.139164086686,Watchlist (Medium Risk)
102356,0.3472958624253525,0,0,5794.876725082147,Low Risk (Healthy)
102357,0.2770168450536894,0,0,28449.960784313724,Low Risk (Healthy)
102358,0.5350211425320321,1,1,17030.0103125,Watchlist (Medium Risk)
102359,0.3278174246526038,0,0,17078.102192362094,Low Risk (Healthy)
102360,0.2299341052744282,0,0,19767.75364583333,Low Risk (Healthy)
102361,0.2775222109310626,0,0,11182.394100294983,Low Risk (Healthy)
102362,0.726980439391125,1,0,14811.070287539937,High Risk / High Value
102363,0.139354408821456,0,0,16600.00081120944,Low Risk (Healthy)
102364,0.4154998707806298,0,0,8927.047196261683,Watchlist (Medium Risk)
102365,0.4365928931471448,0,0,11668.0007493188,Watchlist (Medium Risk)
102366,0.1656935567024524,0,0,43176.70768551237,Low Risk (Healthy)
102367,0.1883477613167702,0,0,59405.92081051479,Low Risk (Healthy)
102368,0.5893959211191716,1,0,5424.863194444444,Watchlist (Medium Risk)
102369,0.2276861111712798,0,0,8313.749159663865,Low Risk (Healthy)
102370,0.5439182715201466,1,1,12973.581766055046,Watchlist (Medium Risk)
102371,0.4827735086989759,0,0,4649.259439834024,Watchlist (Medium Risk)
102372,0.1301098230292539,0,0,18337.28817086528,Low Risk (Healthy)
102373,0.3572967540324632,0,0,6322.944491525424,Watchlist (Medium Risk)
102374,0.3657372689703887,0,0,38523.22307692308,Watchlist (Medium Risk)
102375,0.3654559328484599,0,1,18560.39830699774,Watchlist (Medium Risk)
102376,0.3052373507723001,0,0,12902.074370208104,Low Risk (Healthy)
102377,0.8257562278733104,1,1,3987.211410459588,High Risk / Low-Med Value
102378,0.302174260450433,0,1,27695.17136363636,Low Risk (Healthy)
102379,0.3292004155231663,0,0,8932.047727272726,Low Risk (Healthy)
102380,0.7141982327221403,1,1,8850.432552083334,High Risk / Low-Med Value
102381,0.7095983135400428,1,1,3431.815553121577,High Risk / Low-Med Value
102382,0.7644914945858933,1,1,8753.531930184805,High Risk / Low-Med Value
102383,0.424715496909946,0,0,570.3125,Watchlist (Medium Risk)
102384,0.2205347821812033,0,0,7197.974270557029,Low Risk (Healthy)
102385,0.5715048927586605,1,1,13840.873244147157,Watchlist (Medium Risk)
102386,0.4428393305751947,0,0,6284.454398826979,Watchlist (Medium Risk)
102387,0.4040513208867028,0,0,4479.101438848921,Watchlist (Medium Risk)
102388,0.7198748232827774,1,1,3483.947717842324,High Risk / Low-Med Value
102389,0.6191971271521866,1,1,7044.932040816327,High Risk / Low-Med Value
102390,0.5013712080260065,1,0,3529.0285714285715,Watchlist (Medium Risk)
102391,0.268992974499102,0,0,35370.64239130435,Low Risk (Healthy)
102392,0.6911200288768488,1,0,3923.0230932203385,High Risk / Low-Med Value
102393,0.5060844914210839,1,1,20655.9856516977,Watchlist (Medium Risk)
102394,0.5339720144060395,1,1,14700.785406698567,Watchlist (Medium Risk)
102395,0.4615000857707341,0,0,8331.4476010101,Watchlist (Medium Risk)
102396,0.4915086239049283,0,0,5856.429972752044,Watchlist (Medium Risk)
102397,0.1829748811613847,0,0,22464.78283410138,Low Risk (Healthy)
102398,0.5063265894680701,1,0,25137.29813800657,Watchlist (Medium Risk)
102399,0.587370303006568,1,1,12211.703678929764,Watchlist (Medium Risk)
102400,0.2272714683564365,0,0,16740.826824034335,Low Risk (Healthy)
102401,0.6321094225508854,1,0,8329.439923329683,High Risk / Low-Med Value
102402,0.2318832256955086,0,0,7238.277426470589,Low Risk (Healthy)
102403,0.2031527816131192,0,0,22491.17731092437,Low Risk (Healthy)
102404,0.8783316608103366,1,1,2100.4050930996714,High Risk / Low-Med Value
102405,0.2723018548469845,0,0,12472.50625,Low Risk (Healthy)
102406,0.3548048904644272,0,0,12057.431683168315,Watchlist (Medium Risk)
102409,0.6602503034023713,1,1,13262.181051478645,High Risk / Low-Med Value
102410,0.2059037622146969,0,0,11129.4569476082,Low Risk (Healthy)
102412,0.3187680970760201,0,0,16093.033519553072,Low Risk (Healthy)
102413,0.7318476011105087,1,1,2618.472140957447,High Risk / Low-Med Value
102414,0.2301955484524778,0,0,16555.44970414201,Low Risk (Healthy)
102415,0.5483084753146343,1,1,5968.988868613139,Watchlist (Medium Risk)
102416,0.678099030288276,1,1,6597.209090909091,High Risk / Low-Med Value
102417,0.7068219468968274,1,1,792.8678929765887,High Risk / Low-Med Value
102418,0.3686382420354803,0,1,10830.379545454543,Watchlist (Medium Risk)
102419,0.1934187349990573,0,0,9830.354128440367,Low Risk (Healthy)
102421,0.8356468491603188,1,1,1387.6704081632654,High Risk / Low-Med Value
102422,0.377107226950126,0,1,10098.980496453902,Watchlist (Medium Risk)
102423,0.1712732717538777,0,0,9170.383455882353,Low Risk (Healthy)
102424,0.521036493310922,1,0,9942.12426067908,Watchlist (Medium Risk)
102425,0.249819321210981,0,0,5688.829166666666,Low Risk (Healthy)
102426,0.2931641655522688,0,0,19647.826271186445,Low Risk (Healthy)
102427,0.216156673721543,0,0,25617.44128440367,Low Risk (Healthy)
102428,0.704362838635251,1,1,7001.704935064935,High Risk / Low-Med Value
102429,0.7430131533428309,1,0,7643.1,High Risk / Low-Med Value
102430,0.4068107687691153,0,1,14737.647441860465,Watchlist (Medium Risk)
102431,0.2784759362821442,0,0,7739.034793814432,Low Risk (Healthy)
102432,0.2850363285619324,0,0,11044.310853432282,Low Risk (Healthy)
102433,0.5960567827754039,1,0,15084.579801324504,Watchlist (Medium Risk)
102434,0.4604863479422695,0,0,6339.062893081761,Watchlist (Medium Risk)
102435,0.8034893557929554,1,1,4108.363157894737,High Risk / Low-Med Value
102436,0.1701984363106319,0,0,17798.517346938777,Low Risk (Healthy)
102437,0.3134034351945585,0,0,15914.32724137931,Low Risk (Healthy)
102438,0.2023604984187445,0,0,17383.237947882735,Low Risk (Healthy)
102439,0.4217568601175462,0,1,13595.36948453608,Watchlist (Medium Risk)
102440,0.1144270874958752,0,0,59484.45130890052,Low Risk (Healthy)
102441,0.1228903950043951,0,0,12692.125410733845,Low Risk (Healthy)
102442,0.6834650110228767,1,1,15833.473520923522,High Risk / High Value
102443,0.3382375106050588,0,0,5067.531756756756,Low Risk (Healthy)
102444,0.4447763182171386,0,1,17702.93074534162,Watchlist (Medium Risk)
102445,0.4951246938570851,0,0,3801.025992063492,Watchlist (Medium Risk)
102446,0.5301218786485947,1,0,5436.380515916576,Watchlist (Medium Risk)
102448,0.3554895692267106,0,0,14233.42911392405,Watchlist (Medium Risk)
102449,0.5780401235573138,1,1,14310.279553903343,Watchlist (Medium Risk)
102450,0.1707775427093665,0,0,16755.48712984055,Low Risk (Healthy)
102451,0.3854639021823156,0,0,10712.093,Watchlist (Medium Risk)
102452,0.6204175688794656,1,0,32545.21097694841,High Risk / High Value
102453,0.6155641850551938,1,0,7999.9324753559695,High Risk / Low-Med Value
102454,0.5317354307167917,1,1,10879.388062015503,Watchlist (Medium Risk)
102455,0.541383883889141,1,0,5615.92278203724,Watchlist (Medium Risk)
102456,0.4527686208296485,0,0,4367.4388671875,Watchlist (Medium Risk)
102457,0.8534611508002078,1,1,4665.045376344086,High Risk / Low-Med Value
102458,0.5717317851536282,1,1,5903.307656967841,Watchlist (Medium Risk)
102459,0.2369559132357139,0,0,13987.23656862745,Low Risk (Healthy)
102460,0.5986944740100867,1,1,1883.160862068965,Watchlist (Medium Risk)
102461,0.686283567958125,1,1,2869.02507788162,High Risk / Low-Med Value
102462,0.6831377073220015,1,1,7133.683132530121,High Risk / Low-Med Value
102463,0.3648373849488452,0,1,13101.063324175824,Watchlist (Medium Risk)
102464,0.773699669188502,1,0,4165.698226544622,High Risk / Low-Med Value
102465,0.3986152978763118,0,1,14255.280115273776,Watchlist (Medium Risk)
102466,0.6217586308265124,1,1,8435.22132183908,High Risk / Low-Med Value
102467,0.1690374338505549,0,0,48259.0225,Low Risk (Healthy)
102468,0.6729176316922078,1,1,4913.95736497545,High Risk / Low-Med Value
102469,0.1992616730565374,0,0,28168.502150537635,Low Risk (Healthy)
102470,0.2893624680149267,0,0,7890.356034482758,Low Risk (Healthy)
102471,0.4619658108590488,0,0,7309.849206349206,Watchlist (Medium Risk)
102472,0.2878662088254947,0,1,26819.62831325301,Low Risk (Healthy)
102473,0.6426264854842293,1,1,8597.29889298893,High Risk / Low-Med Value
102474,0.4994028104791481,0,0,13459.294145569622,Watchlist (Medium Risk)
102475,0.8748174153293103,1,1,1678.9267252195734,High Risk / Low-Med Value
102476,0.3005610047414557,0,0,17073.635416666664,Low Risk (Healthy)
102477,0.3893136551368509,0,1,35337.05318396226,Watchlist (Medium Risk)
102478,0.4230068014727627,0,0,6611.548050458716,Watchlist (Medium Risk)
102479,0.7487466672280216,1,0,2842.621214642263,High Risk / Low-Med Value
102480,0.3023268971954513,0,0,24418.256666666664,Low Risk (Healthy)
102481,0.4515949551578399,0,0,2476.796808510638,Watchlist (Medium Risk)
102482,0.0878361330551597,0,0,25688.33994197292,Low Risk (Healthy)
102483,0.6692384839233207,1,1,5436.908149779736,High Risk / Low-Med Value
102485,0.3926050381759615,0,0,9083.37261904762,Watchlist (Medium Risk)
102486,0.5156026864107927,1,0,14898.772701688556,Watchlist (Medium Risk)
102487,0.4506863301580611,0,0,14776.616417910447,Watchlist (Medium Risk)
102488,0.6974222508050469,1,1,13611.215000000002,High Risk / Low-Med Value
102489,0.7316950742342344,1,1,6445.487499999998,High Risk / Low-Med Value
102490,0.275716734958164,0,0,3818.1243016759777,Low Risk (Healthy)
102491,0.6464434924081135,1,1,6384.234210526316,High Risk / Low-Med Value
102492,0.327828115943354,0,0,13106.454761904764,Low Risk (Healthy)
102493,0.3820704290931451,0,1,2370.949346405229,Watchlist (Medium Risk)
102494,0.5224651734543417,1,1,8007.328798842258,Watchlist (Medium Risk)
102496,0.5408861288708259,1,1,13166.871045576409,Watchlist (Medium Risk)
102497,0.6691111988455829,1,1,7506.454048582997,High Risk / Low-Med Value
102498,0.630968167596537,1,1,4742.00470852018,High Risk / Low-Med Value
102499,0.4992011067667609,0,1,10703.95950134771,Watchlist (Medium Risk)
102500,0.1140764191331661,0,0,13230.124618991797,Low Risk (Healthy)
102501,0.4020713083728152,0,0,11829.176851851851,Watchlist (Medium Risk)
102502,0.6715255918564891,1,0,8793.148427672955,High Risk / Low-Med Value
102504,0.6290135518265343,1,0,3327.578199718706,High Risk / Low-Med Value
102505,0.207143768382251,0,0,46810.78732394367,Low Risk (Healthy)
102507,0.6457135210471283,1,1,6734.903395061728,High Risk / Low-Med Value
102508,0.236764193144329,0,0,12811.461170212764,Low Risk (Healthy)
102509,0.3837177879018208,0,0,2381.5162251655624,Watchlist (Medium Risk)
102511,0.7929419865591565,1,1,7371.276944140197,High Risk / Low-Med Value
102512,0.3396502441338643,0,0,12059.980869565215,Low Risk (Healthy)
102513,0.2966298645303802,0,0,8146.1916666666675,Low Risk (Healthy)
102514,0.8009999850858663,1,0,990.985349716446,High Risk / Low-Med Value
102515,0.1293559017667486,0,0,13197.122072599532,Low Risk (Healthy)
102516,0.4040635073773469,0,0,17993.16579634465,Watchlist (Medium Risk)
102517,0.4519526182363587,0,0,10951.989756944444,Watchlist (Medium Risk)
102518,0.3638859505558713,0,1,28412.85640703517,Watchlist (Medium Risk)
102519,0.3880204706884527,0,0,13893.792592592592,Watchlist (Medium Risk)
102520,0.2945076498080617,0,0,14357.35041322314,Low Risk (Healthy)
102521,0.6711532649748342,1,1,18829.025088967974,High Risk / High Value
102523,0.3624387701565664,0,0,3125.536885245902,Watchlist (Medium Risk)
102524,0.196140337732934,0,0,21103.47835497836,Low Risk (Healthy)
102525,0.4754206396905437,0,0,7787.308981380065,Watchlist (Medium Risk)
102526,0.7431140208206173,1,1,9999.636746987951,High Risk / Low-Med Value
102527,0.2453557852069518,0,0,10936.042897727271,Low Risk (Healthy)
102528,0.7628289084764254,1,1,6149.181215469614,High Risk / Low-Med Value
102529,0.2373638919789177,0,0,9060.864285714286,Low Risk (Healthy)
102530,0.2335211878236333,0,0,20430.502825552827,Low Risk (Healthy)
102531,0.4067322459439647,0,0,7939.537689969605,Watchlist (Medium Risk)
102532,0.4042218104643391,0,0,2022.763636363636,Watchlist (Medium Risk)
102533,0.2920220014725077,0,0,92833.8670212766,Low Risk (Healthy)
102534,0.3740655048693515,0,0,6767.243581780538,Watchlist (Medium Risk)
102535,0.3772416761832419,0,0,3523.626229508197,Watchlist (Medium Risk)
102536,0.3469702099406829,0,0,6393.64770723104,Low Risk (Healthy)
102537,0.7963158777142547,1,1,9640.130604982209,High Risk / Low-Med Value
102538,0.3424438341404194,0,0,14069.707142857142,Low Risk (Healthy)
102539,0.6204832984204681,1,1,2762.241785714286,High Risk / Low-Med Value
102540,0.3841413871084906,0,0,8639.505757575756,Watchlist (Medium Risk)
102541,0.4196701058433422,0,1,12720.733506493509,Watchlist (Medium Risk)
102542,0.1883031607996483,0,0,26961.908187919467,Low Risk (Healthy)
102543,0.4520425035080325,0,0,17363.376116838488,Watchlist (Medium Risk)
102544,0.5717982958764471,1,1,16531.176517571883,Watchlist (Medium Risk)
102545,0.3733068473006131,0,0,13250.752260638295,Watchlist (Medium Risk)
102546,0.2773346165638214,0,0,10102.856188389924,Low Risk (Healthy)
102547,0.6483954670022544,1,1,10123.810541310542,High Risk / Low-Med Value
102548,0.5224763959827449,1,1,14648.569886363635,Watchlist (Medium Risk)
102549,0.6559841400906141,1,0,10399.364203233255,High Risk / Low-Med Value
102550,0.5846027280020558,1,1,10415.82518382353,Watchlist (Medium Risk)
102551,0.6693994078954748,1,1,1501.066591928251,High Risk / Low-Med Value
102552,0.3489179385950141,0,0,10753.024954954955,Low Risk (Healthy)
102553,0.3439329793265037,0,0,8038.659957173448,Low Risk (Healthy)
102554,0.3283971446334512,0,0,28631.05625,Low Risk (Healthy)
102555,0.2286626274680897,0,0,14345.63275862069,Low Risk (Healthy)
102556,0.7742092703435561,1,1,1930.6641203703705,High Risk / Low-Med Value
102557,0.3032195868929311,0,0,50714.72068311196,Low Risk (Healthy)
102558,0.3925324370983955,0,0,9540.692475728156,Watchlist (Medium Risk)
102559,0.8168615260298641,1,1,4450.462380952381,High Risk / Low-Med Value
102560,0.3184344037207265,0,1,30384.2345652174,Low Risk (Healthy)
102561,0.4112791007627294,0,0,8722.891666666666,Watchlist (Medium Risk)
102562,0.7012737445383008,1,0,6658.335596933188,High Risk / Low-Med Value
102563,0.4578288645695936,0,0,4082.92513368984,Watchlist (Medium Risk)
102564,0.509105831797547,1,1,10062.758159912377,Watchlist (Medium Risk)
102565,0.4064194208942318,0,0,18660.01979434448,Watchlist (Medium Risk)
102566,0.1509562773960079,0,0,28018.1357480315,Low Risk (Healthy)
102567,0.572580792337913,1,1,7737.538947368422,Watchlist (Medium Risk)
102568,0.2444925018056264,0,0,20796.50205128205,Low Risk (Healthy)
102569,0.6324928833263346,1,0,9945.653661971832,High Risk / Low-Med Value
102570,0.0816446955498062,0,0,28423.53745892661,Low Risk (Healthy)
102571,0.5213516612915668,1,1,32940.56902985075,Watchlist (Medium Risk)
102573,0.3569312149875951,0,0,17026.192355117142,Watchlist (Medium Risk)
102574,0.3199788998972103,0,0,15252.356541353383,Low Risk (Healthy)
102575,0.5378955714249906,1,0,12476.466049382718,Watchlist (Medium Risk)
102576,0.8643060534880865,1,1,4111.491128148959,High Risk / Low-Med Value
102577,0.665314787255847,1,0,6376.478039430449,High Risk / Low-Med Value
102579,0.3754220242933238,0,1,9745.934054054052,Watchlist (Medium Risk)
102580,0.4876292688020493,0,0,2526.637535410765,Watchlist (Medium Risk)
102581,0.8892807829750392,1,1,2188.9085436893206,High Risk / Low-Med Value
102582,0.5015230447504463,1,0,12398.583700440528,Watchlist (Medium Risk)
102583,0.6212481357506848,1,0,2804.1615591397845,High Risk / Low-Med Value
102584,0.4387826901688813,0,0,10863.211111111112,Watchlist (Medium Risk)
102585,0.7435985326673928,1,1,3576.029665492957,High Risk / Low-Med Value
102586,0.77200338495717,1,1,2817.8675925925927,High Risk / Low-Med Value
102587,0.7533206670412171,1,0,4113.066493506494,High Risk / Low-Med Value
102588,0.4340695315576123,0,0,726.8534482758621,Watchlist (Medium Risk)
102589,0.2542065412804662,0,0,6325.474092409241,Low Risk (Healthy)
102590,0.4439046772700752,0,1,11488.114285714286,Watchlist (Medium Risk)
102591,0.2495931933875147,0,0,8558.294047619047,Low Risk (Healthy)
102592,0.7630343090008066,1,1,2386.83143812709,High Risk / Low-Med Value
102593,0.1908532520016228,0,0,9070.47025862069,Low Risk (Healthy)
102594,0.2595369358891651,0,0,45900.30573770492,Low Risk (Healthy)
102595,0.734178829513796,1,1,11475.676041666668,High Risk / Low-Med Value
102596,0.7021747085006657,1,1,5372.1966942148765,High Risk / Low-Med Value
102597,0.3432353154339823,0,0,4015.0834285714286,Low Risk (Healthy)
102598,0.8442302930541824,1,1,4157.506256860593,High Risk / Low-Med Value
102599,0.841990228867757,1,1,1370.496957236842,High Risk / Low-Med Value
102601,0.1700921675230673,0,0,18528.745849420848,Low Risk (Healthy)
102602,0.2031521122178738,0,0,18945.48062015504,Low Risk (Healthy)
102603,0.4223648656647573,0,0,16304.944250871082,Watchlist (Medium Risk)
102604,0.4391896230727306,0,1,9766.4875,Watchlist (Medium Risk)
102605,0.3191188726782719,0,0,43635.62413793104,Low Risk (Healthy)
102606,0.18807056424465,0,0,13887.6143483023,Low Risk (Healthy)
102607,0.3793996305918221,0,0,5558.766275167784,Watchlist (Medium Risk)
102608,0.3483806768921034,0,1,22201.949193548386,Low Risk (Healthy)
102609,0.1677466871442149,0,0,49432.521405750806,Low Risk (Healthy)
102610,0.5652065412521243,1,0,13883.69775280899,Watchlist (Medium Risk)
102611,0.7771570275491827,1,1,9188.475140449438,High Risk / Low-Med Value
102612,0.1725452418052621,0,0,8654.072156398104,Low Risk (Healthy)
102613,0.559073837659925,1,1,9467.272666666668,Watchlist (Medium Risk)
102614,0.6998996552338235,1,1,9371.244908350303,High Risk / Low-Med Value
102615,0.2188979524846737,0,0,24970.4206744868,Low Risk (Healthy)
102616,0.225026384752954,0,0,23853.89337349397,Low Risk (Healthy)
102617,0.2456674118617823,0,0,12031.5797979798,Low Risk (Healthy)
102618,0.625724679138639,1,0,8095.3729390681,High Risk / Low-Med Value
102619,0.3809119413056795,0,1,14148.29024390244,Watchlist (Medium Risk)
102620,0.8048895430647868,1,1,11682.465183246071,High Risk / Low-Med Value
102621,0.1623520017441729,0,0,9476.153380782918,Low Risk (Healthy)
102622,0.2473616742484833,0,0,9560.331512605044,Low Risk (Healthy)
102623,0.2286126978034433,0,0,33138.73421052632,Low Risk (Healthy)
102624,0.7591182608428197,1,1,8898.5859375,High Risk / Low-Med Value
102625,0.588205837443122,1,1,8232.49328358209,Watchlist (Medium Risk)
102626,0.2591322616170204,0,0,31152.71275510204,Low Risk (Healthy)
102627,0.5617236370256415,1,1,3480.362834224599,Watchlist (Medium Risk)
102628,0.3049893869864645,0,0,7989.227043269232,Low Risk (Healthy)
102629,0.5255327050837257,1,1,12370.895020746888,Watchlist (Medium Risk)
102630,0.2713545420177477,0,1,71236.1375,Low Risk (Healthy)
102631,0.1973660887522713,0,1,16107.917948717948,Low Risk (Healthy)
102632,0.5201209219317272,1,0,23148.40623700624,Watchlist (Medium Risk)
102633,0.2854585006735888,0,0,20156.737007874013,Low Risk (Healthy)
102634,0.6901055409001047,1,0,5462.375294117648,High Risk / Low-Med Value
102635,0.6143035171613752,1,1,5675.756576576577,High Risk / Low-Med Value
102636,0.158443015342237,0,0,22647.63309859155,Low Risk (Healthy)
102637,0.636440945493415,1,1,17853.187745098036,High Risk / High Value
102638,0.4340676363192435,0,0,11893.211834319529,Watchlist (Medium Risk)
102639,0.5051587624125937,1,0,5367.342775974026,Watchlist (Medium Risk)
102640,0.5055696653412379,1,1,11987.316564417177,Watchlist (Medium Risk)
102641,0.3877248077932613,0,1,21651.034233668342,Watchlist (Medium Risk)
102642,0.2716416523400188,0,1,23524.4139101862,Low Risk (Healthy)
102643,0.8388341428306606,1,1,6322.512619047619,High Risk / Low-Med Value
102644,0.4731390950242308,0,0,6701.403997809419,Watchlist (Medium Risk)
102645,0.4296304276151108,0,0,2164.693333333333,Watchlist (Medium Risk)
102646,0.7246356888540572,1,1,10092.745357142858,High Risk / Low-Med Value
102647,0.5809023513384785,1,1,5030.231456043955,Watchlist (Medium Risk)
102648,0.2143607781122025,0,0,12093.436196769457,Low Risk (Healthy)
102650,0.7744976695929005,1,1,5601.273153846154,High Risk / Low-Med Value
102651,0.4267455344510813,0,1,1859.364361702128,Watchlist (Medium Risk)
102652,0.7997222494934882,1,1,2632.9851315789474,High Risk / Low-Med Value
102653,0.4741965685257701,0,0,6581.389759036144,Watchlist (Medium Risk)
102654,0.1673290609627013,0,0,42041.46173913044,Low Risk (Healthy)
102655,0.5926949965559853,1,1,10317.262596899223,Watchlist (Medium Risk)
102656,0.3460841276113197,0,0,5785.015734989648,Low Risk (Healthy)
102657,0.6453494473262,1,1,3182.846794871795,High Risk / Low-Med Value
102658,0.8034728527107042,1,1,11375.086623748211,High Risk / Low-Med Value
102659,0.6467927927075627,1,1,9237.318069815195,High Risk / Low-Med Value
102660,0.4961417873739087,0,1,8244.01138952164,Watchlist (Medium Risk)
102661,0.2081009257848668,0,0,18516.18614457831,Low Risk (Healthy)
102662,0.5141212397474962,1,0,4255.256502890174,Watchlist (Medium Risk)
102663,0.3567460197586471,0,0,83351.31309523809,Watchlist (Medium Risk)
102664,0.3127341317284265,0,0,8407.900973451327,Low Risk (Healthy)
102665,0.4199367702337565,0,0,18605.31880952381,Watchlist (Medium Risk)
102666,0.5532695773996241,1,0,6458.775404530745,Watchlist (Medium Risk)
102667,0.8443439693171888,1,1,3007.9381471389647,High Risk / Low-Med Value
102668,0.2672289876268274,0,0,13311.900564971753,Low Risk (Healthy)
102669,0.6550349785360058,1,0,4507.672340425532,High Risk / Low-Med Value
102670,0.3477102433659216,0,0,13795.170665083137,Low Risk (Healthy)
102671,0.2748157170933214,0,0,4036.7529304029295,Low Risk (Healthy)
102672,0.4249215349329362,0,1,7677.860952902519,Watchlist (Medium Risk)
102673,0.5722491899475167,1,1,7962.093209200439,Watchlist (Medium Risk)
102674,0.6093032399257816,1,0,12359.747535596936,High Risk / Low-Med Value
102675,0.242191502909305,0,0,7508.902169421488,Low Risk (Healthy)
102676,0.7525734596831836,1,1,5046.377692307693,High Risk / Low-Med Value
102677,0.4092558465953888,0,1,7498.060013351134,Watchlist (Medium Risk)
102678,0.5403867353829436,1,0,10652.903272727272,Watchlist (Medium Risk)
102679,0.3029306064584073,0,1,48208.213266583225,Low Risk (Healthy)
102680,0.1925332969723917,0,0,13736.35081081081,Low Risk (Healthy)
102681,0.3583966159232121,0,1,7350.395614035087,Watchlist (Medium Risk)
102682,0.7427790451053622,1,0,3321.285050962628,High Risk / Low-Med Value
102683,0.4699411342151633,0,1,6465.043620689656,Watchlist (Medium Risk)
102684,0.6235429880212,1,1,12465.204671280277,High Risk / Low-Med Value
102685,0.3559259837475564,0,0,13833.05306122449,Watchlist (Medium Risk)
102686,0.5959970911118825,1,1,3224.60390625,Watchlist (Medium Risk)
102687,0.4363586491275818,0,1,10875.484905660376,Watchlist (Medium Risk)
102688,0.760620020510124,1,1,9894.232402234638,High Risk / Low-Med Value
102689,0.1072821388674377,0,0,15983.29525,Low Risk (Healthy)
102691,0.2501039414800059,0,0,12323.299275362318,Low Risk (Healthy)
102692,0.3322264914642423,0,0,18423.05634920635,Low Risk (Healthy)
102693,0.6763272594090917,1,0,3844.695951859957,High Risk / Low-Med Value
102695,0.6373812305417259,1,1,13508.035643564355,High Risk / Low-Med Value
102696,0.908333929473648,1,1,1846.5614492753623,High Risk / Low-Med Value
102697,0.4442228272800598,0,0,13350.690783410138,Watchlist (Medium Risk)
102698,0.7948074367531711,1,1,1890.5640744797367,High Risk / Low-Med Value
102699,0.3136599876168809,0,0,7207.696084828711,Low Risk (Healthy)
102700,0.417937253605853,0,0,6358.525,Watchlist (Medium Risk)
102701,0.2181243502732761,0,0,12933.753751617076,Low Risk (Healthy)
102702,0.2192313905160288,0,0,22129.487974683547,Low Risk (Healthy)
102703,0.1508038706452599,0,0,14556.034090909092,Low Risk (Healthy)
102704,0.6568186501855493,1,0,6468.40497237569,High Risk / Low-Med Value
102705,0.7007609713242917,1,1,21374.667183622827,High Risk / High Value
102706,0.4457796556549508,0,0,5246.9710526315785,Watchlist (Medium Risk)
102707,0.4734197130538509,0,1,3755.4886138613865,Watchlist (Medium Risk)
102708,0.2449211623520347,0,0,24561.819531250003,Low Risk (Healthy)
102709,0.3432907858788511,0,0,12253.515196078431,Low Risk (Healthy)
102710,0.8430357137616501,1,1,3074.734725050916,High Risk / Low-Med Value
102711,0.4859531662599729,0,0,8501.115633423182,Watchlist (Medium Risk)
102712,0.7751974782893472,1,0,5463.556756756757,High Risk / Low-Med Value
102713,0.4624722301318049,0,0,5223.588327721661,Watchlist (Medium Risk)
102714,0.3672829822042022,0,0,8830.566666666668,Watchlist (Medium Risk)
102715,0.6855917628914651,1,0,9552.44978094195,High Risk / Low-Med Value
102716,0.4693216876723592,0,0,8149.091585760517,Watchlist (Medium Risk)
102717,0.4356388431005565,0,0,8382.438882803945,Watchlist (Medium Risk)
102718,0.3595315615128557,0,0,21878.163662790696,Watchlist (Medium Risk)
102720,0.6530951859034146,1,1,6816.764805825242,High Risk / Low-Med Value
102721,0.5372294811313851,1,0,7815.041071428572,Watchlist (Medium Risk)
102722,0.3143440129525092,0,0,44632.75619047619,Low Risk (Healthy)
102723,0.2604806608289902,0,0,40055.46198347108,Low Risk (Healthy)
102724,0.2152902290016571,0,0,17565.31910511364,Low Risk (Healthy)
102725,0.5112892331682122,1,0,10757.945588235296,Watchlist (Medium Risk)
102726,0.2301839861346461,0,0,8454.192348754448,Low Risk (Healthy)
102727,0.4099791460086785,0,0,6908.339130434783,Watchlist (Medium Risk)
102728,0.4428351828947049,0,0,14681.294042553192,Watchlist (Medium Risk)
102729,0.526578299676155,1,1,3227.7553956834536,Watchlist (Medium Risk)
102730,0.4983299635050239,0,1,16315.951344086025,Watchlist (Medium Risk)
102731,0.1114018761628096,0,0,18377.71572769953,Low Risk (Healthy)
102732,0.4558423174662469,0,0,11837.577645502646,Watchlist (Medium Risk)
102733,0.6868860662558347,1,1,11446.581463068183,High Risk / Low-Med Value
102734,0.1530325078274834,0,0,12322.040197152246,Low Risk (Healthy)
102735,0.3627285436636224,0,0,29607.81848739496,Watchlist (Medium Risk)
102736,0.2911188469023615,0,0,11215.41604095563,Low Risk (Healthy)
102737,0.4806590657313805,0,0,1401.9091205211726,Watchlist (Medium Risk)
102738,0.2024261671453735,0,1,47618.73217893218,Low Risk (Healthy)
102739,0.5740885015707817,1,1,2492.8228855721395,Watchlist (Medium Risk)
102740,0.749219845900592,1,1,12292.095105421688,High Risk / Low-Med Value
102741,0.5367225531700737,1,1,4416.500000000001,Watchlist (Medium Risk)
102742,0.3557541190897286,0,1,25084.2965,Watchlist (Medium Risk)
102743,0.4579577881769064,0,0,4335.402135678392,Watchlist (Medium Risk)
102744,0.7377483576474089,1,1,586.4662162162161,High Risk / Low-Med Value
102745,0.6299733410951981,1,1,30486.14030023095,High Risk / High Value
102746,0.2280033552252832,0,0,18381.197222222225,Low Risk (Healthy)
102747,0.5024277801763247,1,0,15244.117647058823,Watchlist (Medium Risk)
102748,0.4051465536236557,0,0,18810.421,Watchlist (Medium Risk)
102749,0.2623896225667235,0,0,38702.25226130653,Low Risk (Healthy)
102750,0.6031638162058125,1,1,5900.305021216407,High Risk / Low-Med Value
102751,0.1891660205020753,0,0,20940.61197511664,Low Risk (Healthy)
102752,0.3055686567382087,0,0,5501.845161290323,Low Risk (Healthy)
102753,0.2510061567346087,0,1,28177.73847352025,Low Risk (Healthy)
102754,0.4905062160356378,0,1,9296.355422794117,Watchlist (Medium Risk)
102755,0.566447655499036,1,1,16165.13455149502,Watchlist (Medium Risk)
102756,0.607250398825753,1,0,12021.56867816092,High Risk / Low-Med Value
102757,0.737757712416097,1,1,3323.6206703910616,High Risk / Low-Med Value
102758,0.6653250261097916,1,0,6764.543551587301,High Risk / Low-Med Value
102759,0.3351854055502696,0,0,6399.782116788321,Low Risk (Healthy)
102760,0.1067666136944544,0,0,18577.09805414552,Low Risk (Healthy)
102761,0.4740233879746326,0,0,4995.360381861575,Watchlist (Medium Risk)
102762,0.5925865705633966,1,1,9805.142680921052,Watchlist (Medium Risk)
102763,0.3802977136862895,0,1,6854.200854700855,Watchlist (Medium Risk)
102764,0.1828908734925446,0,0,32006.730065717416,Low Risk (Healthy)
102765,0.4683209569808553,0,0,14209.714919354838,Watchlist (Medium Risk)
102766,0.705413112991834,1,0,10699.693806646526,High Risk / Low-Med Value
102767,0.7861316997598636,1,1,12339.30754237288,High Risk / Low-Med Value
102768,0.5242391009032609,1,0,13043.257728706623,Watchlist (Medium Risk)
102769,0.791303570997258,1,1,7668.238286334056,High Risk / Low-Med Value
102770,0.6476971930945212,1,1,8323.789563106797,High Risk / Low-Med Value
102771,0.5177598415551694,1,1,17175.904545454545,Watchlist (Medium Risk)
102772,0.4690119155489705,0,0,8688.875600739371,Watchlist (Medium Risk)
102773,0.6430132216674512,1,1,9280.170061728397,High Risk / Low-Med Value
102774,0.3151837000926968,0,1,13648.505366922234,Low Risk (Healthy)
102775,0.4082544304252648,0,0,17931.372590361447,Watchlist (Medium Risk)
102776,0.1021762159746427,0,0,17343.50532060027,Low Risk (Healthy)
102777,0.4882672872685062,0,1,15059.193548387097,Watchlist (Medium Risk)
102778,0.8457009972911298,1,1,1629.7270952927668,High Risk / Low-Med Value
102779,0.4082642539855995,0,0,5938.320133587787,Watchlist (Medium Risk)
102780,0.4486336785427455,0,1,18136.1,Watchlist (Medium Risk)
102781,0.8711587873761896,1,1,5384.867635658915,High Risk / Low-Med Value
102782,0.8031691425460032,1,1,6595.466046002191,High Risk / Low-Med Value
102783,0.1984178418835459,0,0,8487.997887323943,Low Risk (Healthy)
102784,0.3239454904456678,0,1,18922.67761904762,Low Risk (Healthy)
102785,0.42493123451675,0,0,33685.150319488814,Watchlist (Medium Risk)
102786,0.2447308497132776,0,0,11454.22670886076,Low Risk (Healthy)
102787,0.3621178590709279,0,0,5434.650390625,Watchlist (Medium Risk)
102788,0.1273887398186134,0,0,20385.89058500914,Low Risk (Healthy)
102789,0.4534917488803287,0,1,22363.456709265178,Watchlist (Medium Risk)
102790,0.5878476607609613,1,0,3655.3640461215937,Watchlist (Medium Risk)
102791,0.0686067561031949,0,0,19017.95920043812,Low Risk (Healthy)
102792,0.6102747771087533,1,1,8588.761012861736,High Risk / Low-Med Value
102793,0.4362241593591859,0,0,15204.106831395353,Watchlist (Medium Risk)
102794,0.3167039306284842,0,0,5173.9710526315785,Low Risk (Healthy)
102795,0.2778626841775147,0,0,7841.315054945054,Low Risk (Healthy)
102796,0.1876214063530094,0,0,15053.36741130092,Low Risk (Healthy)
102797,0.3174782675740248,0,0,23021.77335164836,Low Risk (Healthy)
102798,0.6117911097238516,1,0,6474.117103347889,High Risk / Low-Med Value
102799,0.3027065126060881,0,1,17169.286834319526,Low Risk (Healthy)
102800,0.8054318908463297,1,1,3855.274479166667,High Risk / Low-Med Value
102801,0.576357636323539,1,1,26360.076122672508,Watchlist (Medium Risk)
102802,0.696068895759058,1,1,9428.415590551182,High Risk / Low-Med Value
102803,0.3438739473876513,0,1,21770.107608695656,Low Risk (Healthy)
102804,0.3555977223228808,0,1,17098.879501915708,Watchlist (Medium Risk)
102805,0.6026884161979059,1,0,4742.256717363752,High Risk / Low-Med Value
102806,0.6096497102877128,1,0,14534.772620904836,High Risk / Low-Med Value
102808,0.4693400750152338,0,0,35453.25891891892,Watchlist (Medium Risk)
102809,0.4338704593547475,0,1,5922.057407407407,Watchlist (Medium Risk)
102810,0.5475537040454889,1,0,10578.758284023668,Watchlist (Medium Risk)
102811,0.332789489722433,0,0,19623.777911646583,Low Risk (Healthy)
102812,0.3715396649094574,0,0,9850.708859784285,Watchlist (Medium Risk)
102813,0.7084780617242081,1,0,11797.540034364263,High Risk / Low-Med Value
102814,0.3797431553041845,0,0,19062.56891891892,Watchlist (Medium Risk)
102815,0.2914413464778018,0,0,26924.094642857137,Low Risk (Healthy)
102816,0.8225527782052495,1,1,1113.6086705202313,High Risk / Low-Med Value
102817,0.2868433952921305,0,0,14783.76427536232,Low Risk (Healthy)
102818,0.6531343305796027,1,0,3360.01261682243,High Risk / Low-Med Value
102820,0.8059217851799301,1,0,6071.624133333334,High Risk / Low-Med Value
102821,0.3190625434847163,0,0,9635.466374269006,Low Risk (Healthy)
102822,0.1697148509872162,0,0,28225.72689655173,Low Risk (Healthy)
102823,0.5276874704643911,1,1,24225.13171641791,Watchlist (Medium Risk)
102824,0.3107717646341847,0,0,10834.239651639344,Low Risk (Healthy)
102825,0.634602204352786,1,1,3644.947631578947,High Risk / Low-Med Value
102826,0.2239772216839328,0,0,10412.606367924527,Low Risk (Healthy)
102827,0.4088860809824852,0,0,15643.632460732984,Watchlist (Medium Risk)
102828,0.1730892272518587,0,0,37291.54007352941,Low Risk (Healthy)
102829,0.333481658133635,0,0,28178.497727272723,Low Risk (Healthy)
102830,0.3988448542493648,0,0,6725.4579120879125,Watchlist (Medium Risk)
102831,0.223623556734504,0,0,20983.59885321101,Low Risk (Healthy)
102832,0.6103052341687877,1,0,19696.536186770427,High Risk / High Value
102833,0.3238966732877555,0,0,2534.89406779661,Low Risk (Healthy)
102834,0.6922159860814943,1,1,6374.079353778751,High Risk / Low-Med Value
102835,0.2071701232943888,0,0,11188.164003294893,Low Risk (Healthy)
102836,0.2155120734933491,0,0,12645.53094194962,Low Risk (Healthy)
102837,0.6268776453166448,1,1,5201.186851211072,High Risk / Low-Med Value
102838,0.2590483465531152,0,0,12104.55141955836,Low Risk (Healthy)
102839,0.3504194255853871,0,0,10422.5908008658,Watchlist (Medium Risk)
102840,0.255945496817931,0,0,9770.349494949494,Low Risk (Healthy)
102841,0.6394798830118245,1,1,3323.95034965035,High Risk / Low-Med Value
102842,0.7218524215776239,1,1,10857.19859967051,High Risk / Low-Med Value
102843,0.2013569822358901,0,0,19812.63675213675,Low Risk (Healthy)
102844,0.7923839743980675,1,1,4735.7283683559945,High Risk / Low-Med Value
102845,0.3658375030884393,0,0,14026.077726218096,Watchlist (Medium Risk)
102846,0.6303333848408452,1,0,18197.288828337874,High Risk / High Value
102847,0.5439522233080109,1,1,6225.25252918288,Watchlist (Medium Risk)
102849,0.5010970302012285,1,1,29568.294864864867,Watchlist (Medium Risk)
102850,0.6748455532214055,1,1,7046.99105839416,High Risk / Low-Med Value
102851,0.8151208822938716,1,1,2832.4856807511733,High Risk / Low-Med Value
102852,0.4957062961016893,0,0,7277.3951058201055,Watchlist (Medium Risk)
102853,0.3205154010047685,0,0,23061.71103286385,Low Risk (Healthy)
102855,0.2574704018149431,0,0,13189.4506795017,Low Risk (Healthy)
102857,0.1067109504423764,0,0,18342.66922234392,Low Risk (Healthy)
102858,0.3175714145158143,0,0,4198.32462962963,Low Risk (Healthy)
102859,0.8398110617853984,1,1,14915.977071823205,High Risk / High Value
102861,0.3286509457133531,0,0,12083.789254385963,Low Risk (Healthy)
102862,0.7812312451309738,1,1,3879.0435833333336,High Risk / Low-Med Value
102863,0.6913696177929212,1,1,23333.37797202797,High Risk / High Value
102865,0.4200462481589476,0,1,27353.915882352943,Watchlist (Medium Risk)
102866,0.5999194360073191,1,1,9467.514023210832,Watchlist (Medium Risk)
102867,0.6259975513766368,1,0,8320.63441108545,High Risk / Low-Med Value
102868,0.4549214184870538,0,0,9270.71524822695,Watchlist (Medium Risk)
102869,0.4177004999203412,0,0,7209.575,Watchlist (Medium Risk)
102870,0.2745949136590923,0,0,6773.900918367347,Low Risk (Healthy)
102871,0.8476050735907057,1,1,3072.816265060241,High Risk / Low-Med Value
102872,0.2624364918559745,0,0,12904.954455445544,Low Risk (Healthy)
102873,0.7609008242985279,1,1,13772.081203007518,High Risk / Low-Med Value
102874,0.6430027175296021,1,1,7977.720524017466,High Risk / Low-Med Value
102875,0.2102191407032853,0,0,22846.68510324484,Low Risk (Healthy)
102876,0.4583325840633807,0,1,11176.551861993428,Watchlist (Medium Risk)
102877,0.6697936836040551,1,1,3695.5273239436615,High Risk / Low-Med Value
102878,0.2267087190477716,0,0,11813.478860898138,Low Risk (Healthy)
102879,0.3077175505684459,0,0,12492.00569007264,Low Risk (Healthy)
102880,0.2291004299803973,0,0,10301.855147864184,Low Risk (Healthy)
102881,0.5745274171616501,1,1,57361.740909090906,Watchlist (Medium Risk)
102882,0.2952446713355369,0,0,12989.190588235297,Low Risk (Healthy)
102883,0.2184524339086553,0,0,5993.939265536724,Low Risk (Healthy)
102884,0.1773607788342363,0,0,22305.175215889467,Low Risk (Healthy)
102885,0.335808108545101,0,0,2215.889534883721,Low Risk (Healthy)
102886,0.8935706077216604,1,1,4561.21496559633,High Risk / Low-Med Value
102887,0.4647791835010704,0,0,7998.467634854772,Watchlist (Medium Risk)
102888,0.2701308291340714,0,0,16564.782627118646,Low Risk (Healthy)
102889,0.7258157942223125,1,1,11992.06900328587,High Risk / Low-Med Value
102890,0.2700947842632409,0,0,30395.00093167702,Low Risk (Healthy)
102891,0.6244429588983053,1,0,6699.7238197424895,High Risk / Low-Med Value
102892,0.7046199317135847,1,1,12965.275114854516,High Risk / Low-Med Value
102893,0.3431716522353046,0,0,6833.182129963899,Low Risk (Healthy)
102895,0.3910941213972705,0,0,4217.905238095238,Watchlist (Medium Risk)
102896,0.0899844552484964,0,0,15768.775575027385,Low Risk (Healthy)
102897,0.1465018755429742,0,0,16331.498655462186,Low Risk (Healthy)
102898,0.2925777134899898,0,0,10545.062518195047,Low Risk (Healthy)
102899,0.5696040469343767,1,1,5158.728662420383,Watchlist (Medium Risk)
102900,0.5955921142889453,1,1,8865.381005586592,Watchlist (Medium Risk)
102901,0.6289305442820808,1,0,2897.1626459143968,High Risk / Low-Med Value
102902,0.6981022335316369,1,1,10389.044929245283,High Risk / Low-Med Value
102904,0.3770301457796654,0,1,11920.122512755104,Watchlist (Medium Risk)
102905,0.3532558429755134,0,0,6341.257086614173,Watchlist (Medium Risk)
102906,0.2433952448679701,0,0,25741.643814432988,Low Risk (Healthy)
102907,0.2236208602691535,0,0,17402.994481981983,Low Risk (Healthy)
102908,0.4420920970421336,0,1,10297.951104100946,Watchlist (Medium Risk)
102909,0.8260037566438142,1,1,1004.9587041884816,High Risk / Low-Med Value
102910,0.3286089432712527,0,0,19178.293074792244,Low Risk (Healthy)
102911,0.521783453575637,1,0,1978.1753658536584,Watchlist (Medium Risk)
102912,0.5452940593545025,1,0,12293.99132791328,Watchlist (Medium Risk)
102913,0.3728179649189244,0,0,22685.22973713034,Watchlist (Medium Risk)
102914,0.2457516598017196,0,0,12217.92049808429,Low Risk (Healthy)
102915,0.4820652142376518,0,1,10555.726262626264,Watchlist (Medium Risk)
102916,0.6861191614460661,1,1,15961.468091697649,High Risk / High Value
102917,0.7125252793690788,1,0,1941.0862480127184,High Risk / Low-Med Value
102918,0.4317414381746755,0,0,11415.660544217688,Watchlist (Medium Risk)
102919,0.2392466777368053,0,0,34563.175832127345,Low Risk (Healthy)
102920,0.8860505392796304,1,1,1907.3351767388824,High Risk / Low-Med Value
102921,0.1213754160261733,0,1,13061.934775465495,Low Risk (Healthy)
102922,0.4368733146768007,0,1,20720.35318181818,Watchlist (Medium Risk)
102923,0.6854821173826057,1,1,8824.60811965812,High Risk / Low-Med Value
102924,0.2343356973996495,0,0,9434.021105527638,Low Risk (Healthy)
102925,0.5980522099611804,1,0,19374.328975265016,Watchlist (Medium Risk)
102926,0.3316706910700269,0,0,4685.932723948811,Low Risk (Healthy)
102927,0.2074574191647608,0,0,20648.385632183905,Low Risk (Healthy)
102928,0.3584373495133331,0,0,12402.775517241378,Watchlist (Medium Risk)
102929,0.3280750782740906,0,1,14865.459285714283,Low Risk (Healthy)
102930,0.2334474123487547,0,0,20012.93377777778,Low Risk (Healthy)
102931,0.3756636382734458,0,1,10493.993866374589,Watchlist (Medium Risk)
102932,0.4651867503558949,0,0,4567.084400000001,Watchlist (Medium Risk)
102933,0.237635723550184,0,0,17522.37865168539,Low Risk (Healthy)
102934,0.2021252524854354,0,0,16567.777239884395,Low Risk (Healthy)
102935,0.4524680893104345,0,0,10703.19115913556,Watchlist (Medium Risk)
102936,0.8080502580537271,1,0,3479.487983978638,High Risk / Low-Med Value
102937,0.8202259930670317,1,1,10716.55825174825,High Risk / Low-Med Value
102938,0.2118474465960156,0,0,17265.398167539268,Low Risk (Healthy)
102939,0.8239484082654149,1,1,2726.984815436241,High Risk / Low-Med Value
102940,0.2055592874490777,0,1,38505.466915887846,Low Risk (Healthy)
102941,0.1408236768092208,0,0,23038.78128205128,Low Risk (Healthy)
102942,0.3154915016275215,0,0,17668.00124610592,Low Risk (Healthy)
102943,0.1121275110870373,0,0,23662.286363636365,Low Risk (Healthy)
102944,0.470407819159764,0,0,6200.61253196931,Watchlist (Medium Risk)
102945,0.7649648109802003,1,0,11225.136006051438,High Risk / Low-Med Value
102946,0.5933398463789636,1,1,11741.938061336255,Watchlist (Medium Risk)
102947,0.6723313633426877,1,0,9293.310318791946,High Risk / Low-Med Value
102948,0.3969597206875315,0,0,13617.489826086956,Watchlist (Medium Risk)
102949,0.6190353065039442,1,1,6698.771628498727,High Risk / Low-Med Value
102950,0.1704488635705198,0,0,35190.9002762431,Low Risk (Healthy)
102951,0.2777663775614045,0,0,17978.76554054054,Low Risk (Healthy)
102952,0.2900530495279433,0,0,16827.36752464403,Low Risk (Healthy)
102953,0.4877479294839781,0,1,21479.45,Watchlist (Medium Risk)
102954,0.4372156849188373,0,0,6105.491740412979,Watchlist (Medium Risk)
102955,0.1263110477086804,0,0,49157.21940298508,Low Risk (Healthy)
102956,0.4892177838564908,0,0,8201.404253472223,Watchlist (Medium Risk)
102957,0.4362526377158625,0,1,32559.41807432432,Watchlist (Medium Risk)
102958,0.4567436525779884,0,0,4605.796551724138,Watchlist (Medium Risk)
102959,0.4170612713045264,0,0,3852.248421052632,Watchlist (Medium Risk)
102960,0.2361294036697555,0,0,16218.723535791758,Low Risk (Healthy)
102962,0.171094157481193,0,0,40480.238915094335,Low Risk (Healthy)
102963,0.7099409783032405,1,1,5348.217469879518,High Risk / Low-Med Value
102964,0.1605290674463853,0,0,29540.19314404432,Low Risk (Healthy)
102965,0.4006685962462828,0,0,13532.63697225573,Watchlist (Medium Risk)
102967,0.7971963465944483,1,1,4440.575732899023,High Risk / Low-Med Value
102968,0.5187525189903551,1,0,11780.031954887218,Watchlist (Medium Risk)
102969,0.5572141125327613,1,1,2248.558695652174,Watchlist (Medium Risk)
102970,0.179755556112442,0,0,30535.4748995984,Low Risk (Healthy)
102971,0.7207189931354381,1,0,7708.532146768893,High Risk / Low-Med Value
102972,0.7871104005349774,1,1,3426.55843373494,High Risk / Low-Med Value
102973,0.1703791698256164,0,0,11674.361217948715,Low Risk (Healthy)
102974,0.3377054718833042,0,0,16541.351445783133,Low Risk (Healthy)
102975,0.2790198210364769,0,0,12654.298510242086,Low Risk (Healthy)
102976,0.3455722515897097,0,0,4280.871197411003,Low Risk (Healthy)
102977,0.5741253246784257,1,0,21350.01736035049,Watchlist (Medium Risk)
102978,0.2369773381180805,0,0,19660.948616600792,Low Risk (Healthy)
102979,0.4164934056142059,0,1,13556.788679245285,Watchlist (Medium Risk)
102980,0.2516543085721359,0,0,30969.9877245509,Low Risk (Healthy)
102983,0.6460219425279622,1,0,13509.593769470406,High Risk / Low-Med Value
102984,0.5824598979459239,1,0,1481.7158256880737,Watchlist (Medium Risk)
102985,0.7685898551222934,1,1,6805.924891304348,High Risk / Low-Med Value
102986,0.5451837214389958,1,1,11056.14674796748,Watchlist (Medium Risk)
102987,0.0932650829929669,0,0,36571.441482300885,Low Risk (Healthy)
102988,0.8262044223794398,1,1,3324.625056179776,High Risk / Low-Med Value
102989,0.7387008270018031,1,1,6887.018211920531,High Risk / Low-Med Value
102990,0.2226811659244429,0,0,20462.65792349727,Low Risk (Healthy)
102991,0.5634715480549791,1,0,4182.459482758621,Watchlist (Medium Risk)
102992,0.2342809241486866,0,0,16063.53338658147,Low Risk (Healthy)
102994,0.3347599194865804,0,1,15289.946193265008,Low Risk (Healthy)
102995,0.5314716477209174,1,1,10436.660915492956,Watchlist (Medium Risk)
102996,0.2828738353183471,0,0,12271.93964460784,Low Risk (Healthy)
102997,0.1431001781050707,0,0,15614.80029868578,Low Risk (Healthy)
102998,0.5035879234244584,1,1,26332.87683284458,Watchlist (Medium Risk)
102999,0.4577936774753453,0,0,9512.674923076924,Watchlist (Medium Risk)
103000,0.2358544299144044,0,0,21844.950819672133,Low Risk (Healthy)
103001,0.4924235370326863,0,0,9922.212531017369,Watchlist (Medium Risk)
103002,0.6253033528793507,1,0,13630.478777472526,High Risk / Low-Med Value
103003,0.2513463912568699,0,0,21105.687,Low Risk (Healthy)
103004,0.3232211859420318,0,0,27380.26111719606,Low Risk (Healthy)
103005,0.6708049928050286,1,0,3767.244802867384,High Risk / Low-Med Value
103006,0.5821944130598944,1,0,22809.5564516129,Watchlist (Medium Risk)
103007,0.3796210315732069,0,0,37346.27857142857,Watchlist (Medium Risk)
103008,0.2533434071027005,0,0,18836.902409638555,Low Risk (Healthy)
103010,0.8616126364780834,1,1,2242.493251088534,High Risk / Low-Med Value
103011,0.8308386182713247,1,1,10753.99648173207,High Risk / Low-Med Value
103012,0.4708833994992614,0,0,12806.499092178772,Watchlist (Medium Risk)
103013,0.5534509194412692,1,1,22948.44649122807,Watchlist (Medium Risk)
103014,0.4601898132721321,0,1,34085.24134897361,Watchlist (Medium Risk)
103015,0.7562710742754026,1,1,21990.17925445705,High Risk / High Value
103016,0.3443650445188615,0,0,23627.801851851847,Low Risk (Healthy)
103017,0.5633845417220096,1,1,47819.0406354515,Watchlist (Medium Risk)
103018,0.169003860640586,0,0,13396.860454545456,Low Risk (Healthy)
103019,0.2975473934776035,0,0,13620.261358313815,Low Risk (Healthy)
103020,0.2621471881774404,0,0,18185.87202970297,Low Risk (Healthy)
103021,0.4205846751942234,0,1,8617.24622124863,Watchlist (Medium Risk)
103022,0.4041936964155035,0,1,13810.115550239236,Watchlist (Medium Risk)
103023,0.5359629371591321,1,0,1128.7827777777777,Watchlist (Medium Risk)
103024,0.6341060477656896,1,1,6894.813861386139,High Risk / Low-Med Value
103025,0.328240106739204,0,0,13209.151289398278,Low Risk (Healthy)
103026,0.719588994450787,1,0,1406.72825,High Risk / Low-Med Value
103027,0.134738677700394,0,0,26870.116648411826,Low Risk (Healthy)
103028,0.693166681221802,1,1,10409.744030668127,High Risk / Low-Med Value
103029,0.3937398692208896,0,1,4653.392156862745,Watchlist (Medium Risk)
103030,0.3532239303341341,0,1,9836.410968379443,Watchlist (Medium Risk)
103031,0.4064504143162105,0,1,7290.928155339805,Watchlist (Medium Risk)
103032,0.7933063927498333,1,0,1175.8765942028988,High Risk / Low-Med Value
103033,0.5085308566059684,1,1,7515.90569550931,Watchlist (Medium Risk)
103034,0.6485870803917055,1,0,664.7451219512195,High Risk / Low-Med Value
103035,0.3477421179350156,0,0,6972.365185185186,Low Risk (Healthy)
103036,0.6162560111798556,1,1,10495.721532846715,High Risk / Low-Med Value
103037,0.2307634688990386,0,0,24558.75513784461,Low Risk (Healthy)
103038,0.2937210726565004,0,0,16126.146009975064,Low Risk (Healthy)
103039,0.7986341070993654,1,1,701.6423076923077,High Risk / Low-Med Value
103040,0.2947990775373915,0,0,19212.665876777253,Low Risk (Healthy)
103041,0.5236598210807624,1,0,5484.698140495869,Watchlist (Medium Risk)
103042,0.1977746706349671,0,0,9980.55498281787,Low Risk (Healthy)
103043,0.6686375737929362,1,0,9344.39578313253,High Risk / Low-Med Value
103044,0.7315435325185494,1,1,7293.1832752613245,High Risk / Low-Med Value
103045,0.1249140843846944,0,0,34877.790212264146,Low Risk (Healthy)
103046,0.6317617691441785,1,1,4186.332495344506,High Risk / Low-Med Value
103047,0.3102643040402887,0,0,39389.39615384615,Low Risk (Healthy)
103048,0.242751530231738,0,0,25294.849130434784,Low Risk (Healthy)
103049,0.829803712778138,1,1,2077.861445783132,High Risk / Low-Med Value
103050,0.2254593163781174,0,0,13334.65407503234,Low Risk (Healthy)
103051,0.3836229192917149,0,0,16299.46056338028,Watchlist (Medium Risk)
103052,0.1619370268683486,0,0,15292.439812138728,Low Risk (Healthy)
103053,0.3253285433672963,0,0,10702.03187294633,Low Risk (Healthy)
103054,0.6115575876474064,1,1,8721.513149847095,High Risk / Low-Med Value
103055,0.6434574172260864,1,1,9819.591085790886,High Risk / Low-Med Value
103056,0.7649682762907625,1,1,1743.376194029851,High Risk / Low-Med Value
103058,0.3033575964960621,0,0,6838.591185410334,Low Risk (Healthy)
103059,0.5923918417944795,1,0,6505.779189485214,Watchlist (Medium Risk)
103060,0.3895033722073419,0,0,12839.59660460022,Watchlist (Medium Risk)
103061,0.1743164406940726,0,0,9349.733033419025,Low Risk (Healthy)
103062,0.2717085575302927,0,0,23543.881081081083,Low Risk (Healthy)
103064,0.2253163931611325,0,0,15728.002879581154,Low Risk (Healthy)
103065,0.6982099508104835,1,1,2090.3764705882354,High Risk / Low-Med Value
103066,0.7394720612051026,1,1,9417.55569550931,High Risk / Low-Med Value
103068,0.3609057972537507,0,0,8737.336818181819,Watchlist (Medium Risk)
103069,0.2681745944065514,0,0,18919.79800420168,Low Risk (Healthy)
103070,0.463044944963381,0,0,17708.671984924622,Watchlist (Medium Risk)
103071,0.1901771749417427,0,0,15709.98778751369,Low Risk (Healthy)
103072,0.2653636353732069,0,0,10324.210641627542,Low Risk (Healthy)
103073,0.5347349956041374,1,0,8028.887321937323,Watchlist (Medium Risk)
103074,0.337313159825553,0,0,4953.517743702081,Low Risk (Healthy)
103075,0.5429590736485362,1,1,6133.454710144926,Watchlist (Medium Risk)
103076,0.8306537202403931,1,1,6325.090197152245,High Risk / Low-Med Value
103077,0.3457905712732106,0,1,14266.260122699388,Low Risk (Healthy)
103078,0.5004232953959914,1,0,4672.73948051948,Watchlist (Medium Risk)
103080,0.7615643326844164,1,1,5635.012747524752,High Risk / Low-Med Value
103081,0.6464596489067348,1,1,4105.309361233481,High Risk / Low-Med Value
103082,0.1304036750028947,0,0,16016.571796276015,Low Risk (Healthy)
103083,0.2298044590946239,0,0,9147.680503144657,Low Risk (Healthy)
103084,0.4244104992020543,0,1,5811.321428571428,Watchlist (Medium Risk)
103085,0.4825824356101009,0,0,6328.151126516465,Watchlist (Medium Risk)
103086,0.4257456037708736,0,0,4067.116455696203,Watchlist (Medium Risk)
103087,0.5293242130371969,1,0,27686.57406896552,Watchlist (Medium Risk)
103088,0.3666465757157462,0,0,2277.2284431137728,Watchlist (Medium Risk)
103089,0.8243520995915962,1,1,2763.669660460022,High Risk / Low-Med Value
103090,0.6813220238139089,1,1,14767.908628841607,High Risk / High Value
103091,0.2244625339355502,0,0,48645.1987215909,Low Risk (Healthy)
103092,0.4467285280592014,0,0,9237.310460021905,Watchlist (Medium Risk)
103093,0.4387620919976371,0,1,18006.20948592411,Watchlist (Medium Risk)
103094,0.2099420109971075,0,0,20410.33205128205,Low Risk (Healthy)
103095,0.2098547744493808,0,0,16090.849123904882,Low Risk (Healthy)
103096,0.3441792883843438,0,0,9973.908651026391,Low Risk (Healthy)
103097,0.1996752704801585,0,0,20610.60297297297,Low Risk (Healthy)
103098,0.3387573030711182,0,1,21737.37868525897,Low Risk (Healthy)
103099,0.7890992615071984,1,1,2806.742059145673,High Risk / Low-Med Value
103100,0.2303883955688681,0,0,14038.015263157897,Low Risk (Healthy)
103101,0.4907560883799597,0,0,2428.648687664041,Watchlist (Medium Risk)
103102,0.1917853537051023,0,0,41397.70674931129,Low Risk (Healthy)
103103,0.5084930214295946,1,0,1745.897043010753,Watchlist (Medium Risk)
103104,0.1782092435840302,0,0,17413.392819148936,Low Risk (Healthy)
103105,0.4697258722082608,0,0,10510.067647058824,Watchlist (Medium Risk)
103106,0.3862991873499565,0,0,4872.194565217392,Watchlist (Medium Risk)
103107,0.2653426229653032,0,0,17051.514465408807,Low Risk (Healthy)
103109,0.1944599201220579,0,0,14901.738882554164,Low Risk (Healthy)
103110,0.2103928563742595,0,0,18353.07282608696,Low Risk (Healthy)
103111,0.6556539063470095,1,1,16443.353943044905,High Risk / High Value
103112,0.218186584671079,0,0,38689.6475862069,Low Risk (Healthy)
103113,0.2639677960610423,0,1,9414.07360350493,Low Risk (Healthy)
103114,0.4000256219456684,0,1,4132.002076124567,Watchlist (Medium Risk)
103115,0.6147459772586872,1,0,6780.564745972739,High Risk / Low-Med Value
103116,0.447526750691054,0,0,12245.22394678492,Watchlist (Medium Risk)
103117,0.1940493952442078,0,0,11010.598295454543,Low Risk (Healthy)
103118,0.2152339562070986,0,0,13021.2609375,Low Risk (Healthy)
103119,0.7164927184613014,1,1,628.3040476190477,High Risk / Low-Med Value
103120,0.4524325715981679,0,1,21585.17747252747,Watchlist (Medium Risk)
103121,0.8234888293652096,1,1,840.2580769230768,High Risk / Low-Med Value
103122,0.7667870932447767,1,0,3134.5761726078804,High Risk / Low-Med Value
103123,0.6546359114524404,1,1,18795.143804034586,High Risk / High Value
103124,0.6385569683117747,1,0,3506.3500000000004,High Risk / Low-Med Value
103125,0.8081117648668124,1,1,2845.8589810017274,High Risk / Low-Med Value
103126,0.6759990125020566,1,0,4898.135585585585,High Risk / Low-Med Value
103127,0.3237770717465219,0,0,40649.86560178306,Low Risk (Healthy)
103128,0.4790627053237656,0,0,26393.769898605828,Watchlist (Medium Risk)
103129,0.5520204380644036,1,0,4860.132487309645,Watchlist (Medium Risk)
103130,0.1345497412945739,0,0,11888.333954619124,Low Risk (Healthy)
103131,0.802866568160216,1,1,12173.858860759494,High Risk / Low-Med Value
103132,0.342946212864217,0,0,4351.783461117197,Low Risk (Healthy)
103133,0.2749375156187131,0,0,4059.396105527638,Low Risk (Healthy)
103134,0.6743792382443814,1,1,11406.48878504673,High Risk / Low-Med Value
103135,0.2670568756004513,0,0,7193.657965686274,Low Risk (Healthy)
103136,0.4212583198555865,0,0,5789.621978021978,Watchlist (Medium Risk)
103138,0.7065620493715606,1,0,3119.017171717172,High Risk / Low-Med Value
103139,0.1834253132920339,0,0,11652.962814895947,Low Risk (Healthy)
103140,0.639479826075632,1,0,11199.584060402683,High Risk / Low-Med Value
103141,0.8409435792877301,1,1,6728.157518796993,High Risk / Low-Med Value
103143,0.8615284710485376,1,1,6396.575675675676,High Risk / Low-Med Value
103144,0.357053871620637,0,0,9215.46525,Watchlist (Medium Risk)
103145,0.1883446342378501,0,0,15032.53899233297,Low Risk (Healthy)
103146,0.4628973772767377,0,1,12041.11150568182,Watchlist (Medium Risk)
103147,0.321032307955267,0,0,47539.61856060606,Low Risk (Healthy)
103149,0.7342791518808602,1,1,3659.241299019608,High Risk / Low-Med Value
103150,0.2184260714531929,0,0,12356.882489451478,Low Risk (Healthy)
103151,0.749523681284306,1,1,5989.869219219218,High Risk / Low-Med Value
103152,0.8543293509709012,1,1,3612.0102959309497,High Risk / Low-Med Value
103153,0.1004844885503729,0,0,16429.98926615553,Low Risk (Healthy)
103154,0.32470558770148,0,1,20119.393898305083,Low Risk (Healthy)
103156,0.3482872308772629,0,0,16446.373489278754,Low Risk (Healthy)
103157,0.172302384803948,0,0,29411.903888280394,Low Risk (Healthy)
103158,0.569104238728061,1,1,19383.01672297297,Watchlist (Medium Risk)
103159,0.749552866852525,1,1,5044.406482982173,High Risk / Low-Med Value
103160,0.2120918247207163,0,0,12394.326470588234,Low Risk (Healthy)
103161,0.3896005184279563,0,0,6362.066103379722,Watchlist (Medium Risk)
103162,0.701689323390884,1,1,7296.903913738019,High Risk / Low-Med Value
103163,0.7294138981007906,1,1,6716.956796116506,High Risk / Low-Med Value
103164,0.2863041817532508,0,0,18180.40213581599,Low Risk (Healthy)
103165,0.1873186386513179,0,0,56960.456790799566,Low Risk (Healthy)
103166,0.2616210433954347,0,0,11473.007670454546,Low Risk (Healthy)
103167,0.291273210799028,0,0,34274.909569648924,Low Risk (Healthy)
103168,0.8707200400232115,1,1,2578.5498,High Risk / Low-Med Value
103169,0.48102615293942,0,0,8456.14935064935,Watchlist (Medium Risk)
103170,0.3011832746726699,0,0,11248.53445692884,Low Risk (Healthy)
103171,0.233921823488272,0,0,9438.805603448276,Low Risk (Healthy)
103172,0.8375134685407781,1,1,3130.052902519168,High Risk / Low-Med Value
103173,0.6680013132469128,1,1,12590.892880613364,High Risk / Low-Med Value
103174,0.7431985681099941,1,0,9287.8845323741,High Risk / Low-Med Value
103175,0.2573441669875126,0,0,13577.706619385342,Low Risk (Healthy)
103176,0.2041535361305997,0,0,42527.86199690403,Low Risk (Healthy)
103177,0.2179921631169858,0,0,29801.373587570622,Low Risk (Healthy)
103178,0.2080736738592413,0,0,8664.88686131387,Low Risk (Healthy)
103179,0.4069731940746448,0,0,6706.937931034484,Watchlist (Medium Risk)
103180,0.5167741357768216,1,1,7395.311774370209,Watchlist (Medium Risk)
103181,0.5950108217953346,1,1,4775.978205128205,Watchlist (Medium Risk)
103182,0.479984973655846,0,0,13911.651320754718,Watchlist (Medium Risk)
103183,0.4818319923710161,0,0,3513.125,Watchlist (Medium Risk)
103184,0.2073340653205175,0,0,18152.10284552845,Low Risk (Healthy)
103185,0.5901230419935612,1,1,2767.7713310580207,Watchlist (Medium Risk)
103186,0.3045332947718778,0,0,20117.20633802817,Low Risk (Healthy)
103187,0.7861911662211968,1,1,2463.909653092006,High Risk / Low-Med Value
103188,0.2563958520215578,0,0,8999.752016129032,Low Risk (Healthy)
103189,0.476808794361105,0,1,11828.52181818182,Watchlist (Medium Risk)
103190,0.7208592167064747,1,0,4497.500556328233,High Risk / Low-Med Value
103191,0.3701797218178378,0,1,17284.061525423727,Watchlist (Medium Risk)
103192,0.2928825678423963,0,0,11726.08605263158,Low Risk (Healthy)
103193,0.1675910831597956,0,0,17245.51223404255,Low Risk (Healthy)
103194,0.4222285885431178,0,0,12081.75172413793,Watchlist (Medium Risk)
103195,0.3107702192716848,0,0,37534.8425925926,Low Risk (Healthy)
103196,0.3108415127029419,0,0,8374.403285870754,Low Risk (Healthy)
103197,0.8247467704266039,1,1,9273.018893756846,High Risk / Low-Med Value
103198,0.2242551401431339,0,0,24092.780470914127,Low Risk (Healthy)
103199,0.2816375507144074,0,0,26248.49957983193,Low Risk (Healthy)
103200,0.7865760411947167,1,1,3284.5716836734696,High Risk / Low-Med Value
103201,0.8632944579768838,1,1,2459.5163198247533,High Risk / Low-Med Value
103203,0.4436046821992065,0,1,6693.057142857143,Watchlist (Medium Risk)
103204,0.8392565986122092,1,1,7341.454618473896,High Risk / Low-Med Value
103205,0.620819073905525,1,1,12019.333355525963,High Risk / Low-Med Value
103206,0.3992713438751434,0,1,11882.330086580088,Watchlist (Medium Risk)
103207,0.8650083358073988,1,1,1693.492471358429,High Risk / Low-Med Value
103208,0.1977404785453363,0,0,10560.665334063528,Low Risk (Healthy)
103209,0.63563148460293,1,0,12119.7109375,High Risk / Low-Med Value
103210,0.5561885308693926,1,0,4768.671029572837,Watchlist (Medium Risk)
103211,0.4884771557439515,0,0,20244.63298319328,Watchlist (Medium Risk)
103212,0.5185190399979881,1,0,7411.041226818831,Watchlist (Medium Risk)
103213,0.7634803257710219,1,1,6799.097445255475,High Risk / Low-Med Value
103214,0.4985085927545625,0,0,5253.14781420765,Watchlist (Medium Risk)
103215,0.2545928239484009,0,0,12957.8754784689,Low Risk (Healthy)
103216,0.2382721735218864,0,0,16397.08243243243,Low Risk (Healthy)
103217,0.1315987734741729,0,0,15222.043154435923,Low Risk (Healthy)
103218,0.394542078192296,0,0,6287.207665505227,Watchlist (Medium Risk)
103219,0.360785506773631,0,0,4361.11125,Watchlist (Medium Risk)
103220,0.180151828716084,0,0,13918.641953125,Low Risk (Healthy)
103221,0.8550982335840431,1,1,3463.190361445784,High Risk / Low-Med Value
103222,0.2055337805230729,0,0,44228.658662613976,Low Risk (Healthy)
103223,0.4687005047191788,0,1,16885.044302325583,Watchlist (Medium Risk)
103225,0.7848139239254266,1,1,1949.7338935574228,High Risk / Low-Med Value
103226,0.1718024392102818,0,0,47501.626279069766,Low Risk (Healthy)
103227,0.395262842637927,0,1,12066.275657894736,Watchlist (Medium Risk)
103228,0.6572910947671581,1,1,6064.570335820896,High Risk / Low-Med Value
103229,0.2800270810271621,0,0,60922.66157480316,Low Risk (Healthy)
103230,0.2851642266311073,0,0,12801.603285714287,Low Risk (Healthy)
103231,0.5822593360197766,1,0,2800.04263803681,Watchlist (Medium Risk)
103232,0.5850883430791171,1,0,17070.59375,Watchlist (Medium Risk)
103233,0.3093560942027016,0,0,11452.59393939394,Low Risk (Healthy)
103234,0.1935472624238631,0,0,21059.75942028985,Low Risk (Healthy)
103235,0.8965505224720873,1,1,2218.5493036211697,High Risk / Low-Med Value
103236,0.8146760097804835,1,1,1244.9860957642727,High Risk / Low-Med Value
103237,0.224544527209213,0,0,19330.61188389924,Low Risk (Healthy)
103238,0.5979711668132618,1,1,21744.64112814896,Watchlist (Medium Risk)
103239,0.4623129035943705,0,0,6881.79488372093,Watchlist (Medium Risk)
103240,0.2149037043826594,0,0,89116.91232227489,Low Risk (Healthy)
103241,0.6334243667589028,1,0,2044.3073684210524,High Risk / Low-Med Value
103242,0.2875066191438322,0,0,19538.33412698413,Low Risk (Healthy)
103243,0.7708729601232177,1,0,621.4765654648957,High Risk / Low-Med Value
103245,0.3679203371247675,0,1,10192.324175824177,Watchlist (Medium Risk)
103246,0.7764016001444031,1,1,4015.034629981024,High Risk / Low-Med Value
103247,0.4490865756653262,0,0,18434.216109785204,Watchlist (Medium Risk)
103248,0.6064464131959016,1,0,8271.021521997622,High Risk / Low-Med Value
103249,0.7817669511108792,1,1,3768.449440715883,High Risk / Low-Med Value
103250,0.4225488796768432,0,0,8555.830223390276,Watchlist (Medium Risk)
103251,0.614017900679847,1,0,8558.754271631982,High Risk / Low-Med Value
103252,0.4848628979944794,0,0,11015.1304964539,Watchlist (Medium Risk)
103253,0.6995109770929102,1,1,7197.981264108353,High Risk / Low-Med Value
103254,0.1876906995860465,0,0,40530.15543478261,Low Risk (Healthy)
103255,0.2935271544069304,0,0,18164.41379310345,Low Risk (Healthy)
103256,0.2180433310818564,0,0,42716.963210702335,Low Risk (Healthy)
103257,0.4268089869559244,0,0,7479.8765625,Watchlist (Medium Risk)
103258,0.8579581801769849,1,1,4423.243701399689,High Risk / Low-Med Value
103259,0.1975076798544232,0,0,10102.433950617282,Low Risk (Healthy)
103260,0.2190893937058524,0,0,17868.439256198344,Low Risk (Healthy)
103261,0.3763299623513255,0,1,41165.576,Watchlist (Medium Risk)
103262,0.611073694316107,1,1,8111.9625,High Risk / Low-Med Value
103263,0.448778973033382,0,1,36596.071122994654,Watchlist (Medium Risk)
103264,0.1663286642924852,0,0,20831.597903225807,Low Risk (Healthy)
103265,0.4920078873437188,0,1,4872.918697478992,Watchlist (Medium Risk)
103266,0.4045257525252264,0,0,12696.988648648648,Watchlist (Medium Risk)
103267,0.8171025189664999,1,1,10633.484277879345,High Risk / Low-Med Value
103268,0.3550206103429532,0,0,10582.78121577218,Watchlist (Medium Risk)
103269,0.5773114887188131,1,1,23237.411328125,Watchlist (Medium Risk)
103270,0.163536313277827,0,0,11338.71096153846,Low Risk (Healthy)
103271,0.2065510892315476,0,0,21305.751129943503,Low Risk (Healthy)
103272,0.1471332585084858,0,0,20015.50060240964,Low Risk (Healthy)
103273,0.5461127758797172,1,1,8166.65847457627,Watchlist (Medium Risk)
103274,0.7079325174197288,1,1,18411.83893510816,High Risk / High Value
103275,0.3396124290690039,0,0,14824.272222222222,Low Risk (Healthy)
103277,0.7550870766931689,1,1,9671.082441860464,High Risk / Low-Med Value
103278,0.2038924457181092,0,0,50445.75703363915,Low Risk (Healthy)
103279,0.3042404207994707,0,0,30430.81230982019,Low Risk (Healthy)
103280,0.208146063699997,0,0,6687.145789473684,Low Risk (Healthy)
103281,0.5993305135879624,1,0,2322.441844660194,Watchlist (Medium Risk)
103282,0.1358855762744366,0,0,16993.416498559076,Low Risk (Healthy)
103283,0.2285867244845872,0,0,17742.760606060605,Low Risk (Healthy)
103284,0.6472031984584393,1,1,22422.54816053512,High Risk / High Value
103285,0.6647835357175853,1,1,8233.098695652174,High Risk / Low-Med Value
103286,0.8509550553269364,1,1,832.2393530997304,High Risk / Low-Med Value
103287,0.2024279281248802,0,0,19336.83706070288,Low Risk (Healthy)
103288,0.6569884077497502,1,0,5071.796299093657,High Risk / Low-Med Value
103289,0.7349730491780714,1,1,19679.478834355832,High Risk / High Value
103290,0.0898276045271637,0,0,20341.550404530743,Low Risk (Healthy)
103291,0.2548399041918147,0,0,4382.088668555241,Low Risk (Healthy)
103292,0.1246526627607514,0,0,16945.874589266157,Low Risk (Healthy)
103293,0.4980592393081868,0,1,7670.315710723192,Watchlist (Medium Risk)
103294,0.5063348753263601,1,0,5512.366821885914,Watchlist (Medium Risk)
103295,0.5624288419399999,1,1,30934.05137614679,Watchlist (Medium Risk)
103296,0.102114380627026,0,0,19607.927929901423,Low Risk (Healthy)
103297,0.4965678452715669,0,1,2282.286931818182,Watchlist (Medium Risk)
103298,0.3805831532656996,0,0,15868.861022927693,Watchlist (Medium Risk)
103299,0.7136132042354386,1,1,6804.491474654377,High Risk / Low-Med Value
103300,0.3462022249280355,0,0,9116.88480885312,Low Risk (Healthy)
103301,0.4469863597199551,0,1,17906.40924369748,Watchlist (Medium Risk)
103302,0.2495790612573749,0,0,14401.042982456142,Low Risk (Healthy)
103303,0.6161729946498649,1,0,2640.2155109489045,High Risk / Low-Med Value
103304,0.2547618125178097,0,0,41415.22174556213,Low Risk (Healthy)
103305,0.6134563823823144,1,0,3494.1462457337884,High Risk / Low-Med Value
103306,0.496865488311826,0,0,5949.692105263158,Watchlist (Medium Risk)
103307,0.6174455853374523,1,0,5866.179310344828,High Risk / Low-Med Value
103308,0.4453211112114891,0,0,6218.727672955975,Watchlist (Medium Risk)
103309,0.5452777071006811,1,1,4537.573170731707,Watchlist (Medium Risk)
103310,0.2038426020233476,0,0,13087.43485915493,Low Risk (Healthy)
103311,0.1747942312378161,0,0,56425.20202702704,Low Risk (Healthy)
103312,0.5050821808544577,1,0,10871.466572504709,Watchlist (Medium Risk)
103313,0.3431939786073373,0,0,12266.937450199204,Low Risk (Healthy)
103314,0.5410096142472424,1,1,5821.715279429251,Watchlist (Medium Risk)
103315,0.7403264047306396,1,1,14776.207447973711,High Risk / High Value
103317,0.3457297071128974,0,1,11958.260057471263,Low Risk (Healthy)
103318,0.5083427737024669,1,1,5505.130971659919,Watchlist (Medium Risk)
103319,0.2648051476561898,0,0,8689.846130952381,Low Risk (Healthy)
103320,0.2967796053530435,0,0,19852.223742138365,Low Risk (Healthy)
103321,0.2153739176451512,0,0,33654.202352941174,Low Risk (Healthy)
103322,0.1304126632476749,0,0,11159.24534501643,Low Risk (Healthy)
103323,0.74897356009269,1,1,2072.153963414634,High Risk / Low-Med Value
103324,0.7576894332062785,1,1,4898.4125,High Risk / Low-Med Value
103325,0.618743471926212,1,0,3298.653929765886,High Risk / Low-Med Value
103326,0.33352670928412,0,0,8757.972222222223,Low Risk (Healthy)
103327,0.6207613551271328,1,1,17685.853979238753,High Risk / High Value
103328,0.5533875204678268,1,0,4829.443521126761,Watchlist (Medium Risk)
103329,0.3657048763074733,0,0,6718.182803943046,Watchlist (Medium Risk)
103330,0.335834754677095,0,0,6091.033389830508,Low Risk (Healthy)
103332,0.2859815100001475,0,0,22070.29026548673,Low Risk (Healthy)
103333,0.5054265050521022,1,1,21642.204240282685,Watchlist (Medium Risk)
103334,0.2238027899408892,0,0,7098.126923076923,Low Risk (Healthy)
103335,0.5646201458745148,1,0,7288.774528301887,Watchlist (Medium Risk)
103336,0.4732413271083209,0,0,3639.165873015873,Watchlist (Medium Risk)
103337,0.2383498107914897,0,0,16994.787610619467,Low Risk (Healthy)
103338,0.2477584977006196,0,0,14243.88486842105,Low Risk (Healthy)
103339,0.8513242961481753,1,1,9557.209985734666,High Risk / Low-Med Value
103340,0.7353664712951982,1,1,3316.953579295154,High Risk / Low-Med Value
103341,0.809633229653219,1,1,8790.85,High Risk / Low-Med Value
103342,0.4812478834482004,0,1,3108.6245762711865,Watchlist (Medium Risk)
103343,0.5099645307233264,1,0,2949.350826446281,Watchlist (Medium Risk)
103345,0.2282120439629287,0,0,19389.58756845564,Low Risk (Healthy)
103346,0.3280644361571987,0,0,15399.314390243904,Low Risk (Healthy)
103347,0.739278542928771,1,1,2543.849450549451,High Risk / Low-Med Value
103348,0.8065642267366927,1,0,3415.112761020882,High Risk / Low-Med Value
103349,0.4553656382935555,0,0,13853.517031763417,Watchlist (Medium Risk)
103350,0.3042096144510226,0,0,10619.175526315788,Low Risk (Healthy)
103351,0.2610693417061486,0,0,89611.5405904059,Low Risk (Healthy)
103352,0.5272689472483612,1,0,17027.54561983471,Watchlist (Medium Risk)
103353,0.2156931998694911,0,0,27533.75700985761,Low Risk (Healthy)
103354,0.1993445959871582,0,0,29788.73415841584,Low Risk (Healthy)
103355,0.4666386203607331,0,0,14291.799122807017,Watchlist (Medium Risk)
103356,0.2012087105287165,0,0,13622.59347826087,Low Risk (Healthy)
103357,0.7586656060824499,1,1,1996.7216898954705,High Risk / Low-Med Value
103359,0.4928105845943531,0,1,8323.12078804348,Watchlist (Medium Risk)
103360,0.4978636364376992,0,1,8396.951152073732,Watchlist (Medium Risk)
103361,0.3232285003012333,0,0,46937.66634615385,Low Risk (Healthy)
103362,0.2632510980967238,0,0,15967.930823863637,Low Risk (Healthy)
103363,0.3272060644236749,0,0,11587.56911764706,Low Risk (Healthy)
103364,0.5335020320334765,1,0,10332.27847754655,Watchlist (Medium Risk)
103365,0.5997010881767679,1,0,7111.129716981131,Watchlist (Medium Risk)
103366,0.5420101850205508,1,0,16444.970714285715,Watchlist (Medium Risk)
103367,0.7856301028414311,1,1,5066.64075471698,High Risk / Low-Med Value
103368,0.4870426108857811,0,0,6766.732201533406,Watchlist (Medium Risk)
103369,0.6700422206052692,1,0,4313.420481927711,High Risk / Low-Med Value
103370,0.5540166241176178,1,0,12022.14754816112,Watchlist (Medium Risk)
103371,0.4682620971153777,0,0,8850.563838120104,Watchlist (Medium Risk)
103372,0.4611817624758963,0,1,9019.233908045975,Watchlist (Medium Risk)
103373,0.2996020263122249,0,0,9140.095679012344,Low Risk (Healthy)
103374,0.2674782426563972,0,0,12005.75064935065,Low Risk (Healthy)
103375,0.3209783882405231,0,0,27012.170270270268,Low Risk (Healthy)
103376,0.3306945848486449,0,0,27651.70280898876,Low Risk (Healthy)
103377,0.4047079881958752,0,1,6277.804214559387,Watchlist (Medium Risk)
103378,0.3571696764903535,0,0,8835.92,Watchlist (Medium Risk)
103380,0.4346467339341053,0,1,13859.261201780417,Watchlist (Medium Risk)
103381,0.6877669715518279,1,1,4805.565376984127,High Risk / Low-Med Value
103382,0.5166872651916808,1,0,13629.774556962024,Watchlist (Medium Risk)
103383,0.4849943308273587,0,1,9405.583458646615,Watchlist (Medium Risk)
103384,0.3936499667335457,0,1,6778.285483870969,Watchlist (Medium Risk)
103385,0.1425502276385712,0,0,40374.66379310345,Low Risk (Healthy)
103386,0.4404259004355,0,1,30036.134984984983,Watchlist (Medium Risk)
103387,0.851212115493697,1,1,982.4269170579032,High Risk / Low-Med Value
103388,0.5635654381317324,1,1,15591.737558685443,Watchlist (Medium Risk)
103389,0.6849526350101854,1,1,8286.050144927536,High Risk / Low-Med Value
103390,0.511826737687213,1,0,12463.846606786426,Watchlist (Medium Risk)
103391,0.5576413347527334,1,1,13377.88641025641,Watchlist (Medium Risk)
103392,0.2372708824346613,0,0,36029.78340563992,Low Risk (Healthy)
103393,0.3617359068264616,0,0,14521.98125,Watchlist (Medium Risk)
103394,0.6222182495825552,1,0,20385.99045346062,High Risk / High Value
103395,0.4932437918691152,0,0,6967.541238670695,Watchlist (Medium Risk)
103396,0.1227382972166948,0,0,16727.306352683463,Low Risk (Healthy)
103397,0.7644990301450437,1,0,815.616135881104,High Risk / Low-Med Value
103399,0.5875004705934446,1,1,2861.5275793650794,Watchlist (Medium Risk)
103400,0.7309932500215668,1,1,818.3104026845638,High Risk / Low-Med Value
103401,0.2612170096857712,0,0,10649.016491458608,Low Risk (Healthy)
103402,0.2721518012884907,0,0,23608.417178502885,Low Risk (Healthy)
103403,0.2762707736461225,0,0,15144.404799999998,Low Risk (Healthy)
103404,0.174185715521787,0,0,48557.36922234392,Low Risk (Healthy)
103405,0.0843090160634198,0,0,18560.230010952902,Low Risk (Healthy)
103406,0.1988566128406898,0,0,16857.028751857353,Low Risk (Healthy)
103407,0.534028654712278,1,0,7297.155147058824,Watchlist (Medium Risk)
103408,0.4904956035129379,0,0,19976.50214285714,Watchlist (Medium Risk)
103409,0.8767726801043401,1,1,4307.31582694414,High Risk / Low-Med Value
103410,0.2973252756499481,0,0,4816.508602150538,Low Risk (Healthy)
103411,0.4668751455932125,0,0,5453.637057220709,Watchlist (Medium Risk)
103412,0.4555230070494406,0,0,14364.937044534412,Watchlist (Medium Risk)
103413,0.6228355247738488,1,1,5384.860869565217,High Risk / Low-Med Value
103414,0.6441339204037423,1,1,6915.5466593647325,High Risk / Low-Med Value
103415,0.7473211211907466,1,1,14402.96924119241,High Risk / Low-Med Value
103416,0.3659814390172805,0,0,14097.767196056951,Watchlist (Medium Risk)
103417,0.5339001324663557,1,0,13233.932685512367,Watchlist (Medium Risk)
103418,0.4804299192525229,0,0,1506.7164215686275,Watchlist (Medium Risk)
103419,0.1473211814753948,0,0,11822.84246031746,Low Risk (Healthy)
103420,0.3531473297975276,0,0,4623.145823529411,Watchlist (Medium Risk)
103421,0.3970854543697398,0,1,32941.91438202247,Watchlist (Medium Risk)
103422,0.1703036015472472,0,0,26987.16808510638,Low Risk (Healthy)
103423,0.4204272174432787,0,0,8037.911013215858,Watchlist (Medium Risk)
103424,0.4884705039115147,0,0,13610.945633187772,Watchlist (Medium Risk)
103425,0.2358518658304771,0,0,11133.16843373494,Low Risk (Healthy)
103426,0.289942973957437,0,0,39772.71166666666,Low Risk (Healthy)
103427,0.1911101968875729,0,0,17459.85988372093,Low Risk (Healthy)
103428,0.7398211478818253,1,1,2666.121279069768,High Risk / Low-Med Value
103429,0.4052546561890879,0,0,3799.025225225225,Watchlist (Medium Risk)
103430,0.5247741245711144,1,0,3382.37140175219,Watchlist (Medium Risk)
103431,0.5758314761098151,1,1,21982.08976833977,Watchlist (Medium Risk)
103432,0.421935522722632,0,1,10712.825647668396,Watchlist (Medium Risk)
103433,0.55661115666484,1,1,35077.375,Watchlist (Medium Risk)
103434,0.5225916717901592,1,0,4576.689728682171,Watchlist (Medium Risk)
103435,0.3577993720299778,0,0,6045.428636363637,Watchlist (Medium Risk)
103436,0.4180864916065621,0,0,7584.208653846154,Watchlist (Medium Risk)
103437,0.3619318171995462,0,0,15576.460882352942,Watchlist (Medium Risk)
103439,0.5026269731150754,1,1,13920.448214285714,Watchlist (Medium Risk)
103440,0.6802446720068904,1,1,4532.105115089514,High Risk / Low-Med Value
103441,0.5341481856661607,1,0,8766.900322061192,Watchlist (Medium Risk)
103442,0.6027294939516721,1,0,8550.904721362229,High Risk / Low-Med Value
103444,0.5409835149346849,1,0,16486.584563758388,Watchlist (Medium Risk)
103445,0.7252745597493658,1,1,3508.0150000000003,High Risk / Low-Med Value
103446,0.3985787927128967,0,1,11819.955312157725,Watchlist (Medium Risk)
103447,0.7538301973469848,1,1,2162.8080906148866,High Risk / Low-Med Value
103448,0.3130009560111834,0,0,11964.870936639118,Low Risk (Healthy)
103449,0.4536210681668613,0,0,6072.857627118644,Watchlist (Medium Risk)
103450,0.4430710880821917,0,0,13521.812121212122,Watchlist (Medium Risk)
103451,0.469226781448859,0,1,32255.400961538464,Watchlist (Medium Risk)
103452,0.8070112895616193,1,1,711.2285714285714,High Risk / Low-Med Value
103453,0.1979519336642712,0,0,12383.626451259584,Low Risk (Healthy)
103454,0.2605996491634607,0,0,21995.748837209303,Low Risk (Healthy)
103455,0.3387393939577151,0,0,9022.588745980707,Low Risk (Healthy)
103456,0.2542199184989674,0,0,21275.874333333333,Low Risk (Healthy)
103457,0.4304006477452312,0,0,3361.4943127962083,Watchlist (Medium Risk)
103458,0.7820419925214861,1,1,6578.299404761905,High Risk / Low-Med Value
103459,0.6159991369423132,1,0,7566.042223439213,High Risk / Low-Med Value
103460,0.2971655943926775,0,0,24405.555093099672,Low Risk (Healthy)
103461,0.0971245485801016,0,0,31905.50553121577,Low Risk (Healthy)
103462,0.1391221313784437,0,0,23811.463191763192,Low Risk (Healthy)
103463,0.6246807020222535,1,0,8915.362012987012,High Risk / Low-Med Value
103464,0.3350901406738858,0,0,8971.984944237916,Low Risk (Healthy)
103465,0.1810328659153205,0,0,14650.403757225436,Low Risk (Healthy)
103466,0.204611689924914,0,0,20078.36089108911,Low Risk (Healthy)
103467,0.6973887498152253,1,0,2912.676013143483,High Risk / Low-Med Value
103468,0.7888075841195946,1,1,6446.383734939759,High Risk / Low-Med Value
103469,0.3962025330842309,0,0,4735.301314348302,Watchlist (Medium Risk)
103470,0.7335786651316445,1,0,7082.902572706934,High Risk / Low-Med Value
103471,0.3237485143114426,0,0,20611.42413793104,Low Risk (Healthy)
103472,0.1596054329947134,0,0,19260.882682512736,Low Risk (Healthy)
103473,0.7693555082688558,1,0,4871.778532311063,High Risk / Low-Med Value
103474,0.1284452926624801,0,0,10465.0217415115,Low Risk (Healthy)
103475,0.6778818163443938,1,1,5958.938075313808,High Risk / Low-Med Value
103476,0.2885981634205806,0,0,39261.9297029703,Low Risk (Healthy)
103477,0.2832270613323081,0,0,11130.522916666669,Low Risk (Healthy)
103478,0.2126232578503592,0,0,10358.30752688172,Low Risk (Healthy)
103479,0.5635274903930841,1,0,3149.8,Watchlist (Medium Risk)
103480,0.3405913518352412,0,1,24912.794230769232,Low Risk (Healthy)
103481,0.2534015267769917,0,1,45451.1960829493,Low Risk (Healthy)
103482,0.4115919444156142,0,0,5834.531588447654,Watchlist (Medium Risk)
103483,0.4980055547404038,0,0,37422.22418546367,Watchlist (Medium Risk)
103485,0.3360040007254761,0,1,38826.484682080925,Low Risk (Healthy)
103486,0.24198616027369,0,0,11264.745731707317,Low Risk (Healthy)
103488,0.2242636750123592,0,0,18679.63203703704,Low Risk (Healthy)
103489,0.4159509492859936,0,0,13324.122222222222,Watchlist (Medium Risk)
103490,0.3374654672035963,0,0,12520.426984126983,Low Risk (Healthy)
103491,0.2510652229889862,0,1,17755.15938967136,Low Risk (Healthy)
103492,0.8498429258494454,1,1,775.2312157721796,High Risk / Low-Med Value
103494,0.3438210099085117,0,1,13678.813701923076,Low Risk (Healthy)
103495,0.3400462652644997,0,0,9862.3,Low Risk (Healthy)
103496,0.4680705082687935,0,1,16875.260256410256,Watchlist (Medium Risk)
103497,0.6302710029923627,1,1,4763.417907995618,High Risk / Low-Med Value
103498,0.7819858740488358,1,1,5458.6988687782805,High Risk / Low-Med Value
103499,0.6643041674416179,1,1,7854.051943462898,High Risk / Low-Med Value
103500,0.4867578655588844,0,1,6957.659583789705,Watchlist (Medium Risk)
103501,0.4102982200131147,0,0,16501.1536,Watchlist (Medium Risk)
103502,0.6049631745509501,1,1,8944.96375,High Risk / Low-Med Value
103503,0.6988955332923992,1,1,7185.481250000001,High Risk / Low-Med Value
103504,0.3559903734466748,0,0,952.5426470588236,Watchlist (Medium Risk)
103505,0.150243235042678,0,0,52659.30474576271,Low Risk (Healthy)
103506,0.176419171154396,0,0,10723.715991237676,Low Risk (Healthy)
103507,0.2562332796074308,0,0,11258.381753554504,Low Risk (Healthy)
103508,0.8303328058215845,1,1,1042.1326315789472,High Risk / Low-Med Value
103509,0.1345301791639963,0,0,10930.815855181025,Low Risk (Healthy)
103510,0.4742918031282177,0,0,3794.1250273822566,Watchlist (Medium Risk)
103511,0.5472124359880313,1,1,5371.408762322016,Watchlist (Medium Risk)
103513,0.4095023936498373,0,1,17745.312560386476,Watchlist (Medium Risk)
103514,0.286636842994109,0,0,12213.167539267017,Low Risk (Healthy)
103515,0.4107195483947361,0,1,19257.17694444444,Watchlist (Medium Risk)
103517,0.7199427067674549,1,0,6048.219925512104,High Risk / Low-Med Value
103518,0.8563719143503361,1,1,3430.3546577946768,High Risk / Low-Med Value
103519,0.302223712158563,0,0,39176.72423273657,Low Risk (Healthy)
103520,0.1935300025936313,0,0,25439.824421593832,Low Risk (Healthy)
103522,0.6288549579570618,1,1,3784.9283333333337,High Risk / Low-Med Value
103523,0.4625762701029667,0,1,3379.480544354839,Watchlist (Medium Risk)
103524,0.5197771192844235,1,0,11216.108919902912,Watchlist (Medium Risk)
103525,0.1214399419215304,0,0,19784.602439024387,Low Risk (Healthy)
103526,0.2860249921091251,0,0,11481.276598837208,Low Risk (Healthy)
103527,0.2786497934897849,0,0,4692.613989637306,Low Risk (Healthy)
103528,0.1753781523213304,0,0,12101.417409470752,Low Risk (Healthy)
103530,0.620105162918577,1,0,4779.078037383178,High Risk / Low-Med Value
103531,0.6645248136921924,1,1,12691.6856516977,High Risk / Low-Med Value
103532,0.6063286765131057,1,0,20313.37150837989,High Risk / High Value
103533,0.4994183744581381,0,0,12365.317738791422,Watchlist (Medium Risk)
103534,0.2993946452317059,0,0,61411.25,Low Risk (Healthy)
103535,0.3759720147562302,0,0,16138.218742368745,Watchlist (Medium Risk)
103536,0.3129210187304135,0,0,14671.43094512195,Low Risk (Healthy)
103537,0.4565426923104054,0,0,8890.024849699399,Watchlist (Medium Risk)
103538,0.5612060910922411,1,1,9168.150423728814,Watchlist (Medium Risk)
103539,0.1408130792980887,0,0,11937.505897114175,Low Risk (Healthy)
103540,0.3884724787892626,0,0,9188.391666666666,Watchlist (Medium Risk)
103541,0.3578988758137179,0,0,13661.50328358209,Watchlist (Medium Risk)
103542,0.2802952901763783,0,0,8693.8989010989,Low Risk (Healthy)
103543,0.4023604482789868,0,0,12778.65,Watchlist (Medium Risk)
103544,0.3553034990882535,0,0,9531.301740139212,Watchlist (Medium Risk)
103545,0.2526117369457447,0,1,17977.566035856573,Low Risk (Healthy)
103546,0.1418123123674574,0,0,15351.17640350877,Low Risk (Healthy)
103547,0.1692801825168847,0,0,63491.937179487184,Low Risk (Healthy)
103548,0.4525295112399536,0,0,1197.2,Watchlist (Medium Risk)
103549,0.5956696650695958,1,1,4772.254481132076,Watchlist (Medium Risk)
103550,0.5781906554589652,1,1,8471.486788617887,Watchlist (Medium Risk)
103551,0.6930155158013294,1,1,27940.63406352683,High Risk / High Value
103552,0.3814529121541586,0,0,12649.706398104265,Watchlist (Medium Risk)
103553,0.2199772741447655,0,0,60515.73971698112,Low Risk (Healthy)
103554,0.1439467181913735,0,0,15026.82756232687,Low Risk (Healthy)
103555,0.4500201320918813,0,0,7957.763841059604,Watchlist (Medium Risk)
103556,0.2323624695430964,0,0,31581.587136929465,Low Risk (Healthy)
103557,0.7875590689304537,1,1,3805.716891891892,High Risk / Low-Med Value
103558,0.0958408665493913,0,0,20671.877145522387,Low Risk (Healthy)
103559,0.4777563853402571,0,1,7538.699264705881,Watchlist (Medium Risk)
103560,0.1338209925761639,0,0,21187.18107142857,Low Risk (Healthy)
103561,0.4370569821638616,0,1,9435.360606060607,Watchlist (Medium Risk)
103562,0.8776791721051938,1,1,6454.193304535638,High Risk / Low-Med Value
103563,0.31672630287678,0,0,13174.872297297296,Low Risk (Healthy)
103564,0.558641358471,1,1,17906.114966740577,Watchlist (Medium Risk)
103565,0.8564669182863605,1,1,1566.6006048387096,High Risk / Low-Med Value
103566,0.6617153607829732,1,0,3577.1644622093027,High Risk / Low-Med Value
103567,0.7494784974235169,1,1,6930.7571925754055,High Risk / Low-Med Value
103568,0.9061920901390272,1,1,3755.050438116101,High Risk / Low-Med Value
103569,0.552694500851714,1,0,8986.890751445086,Watchlist (Medium Risk)
103570,0.1519261558889525,0,0,69280.63406113538,Low Risk (Healthy)
103571,0.1549385115005179,0,0,24854.88888280394,Low Risk (Healthy)
103572,0.73486279460229,1,0,3856.937721893492,High Risk / Low-Med Value
103573,0.6904126245765968,1,1,4032.23203517588,High Risk / Low-Med Value
103574,0.7537945174970758,1,1,5667.744969818913,High Risk / Low-Med Value
103575,0.1608396120942689,0,0,18200.342656587472,Low Risk (Healthy)
103576,0.3823285830821362,0,1,10752.96603618421,Watchlist (Medium Risk)
103577,0.5695354172131254,1,1,29891.72492401216,Watchlist (Medium Risk)
103578,0.1808925623643183,0,0,10866.15528846154,Low Risk (Healthy)
103579,0.3813015777327264,0,1,9579.867961165046,Watchlist (Medium Risk)
103580,0.3022659942057562,0,0,20095.04508196721,Low Risk (Healthy)
103581,0.0733626339002614,0,0,17565.55903614458,Low Risk (Healthy)
103582,0.7339517458991152,1,1,13760.943130990414,High Risk / Low-Med Value
103583,0.4704191645291485,0,1,7306.348047419804,Watchlist (Medium Risk)
103584,0.4573117654485444,0,0,39529.62511177347,Watchlist (Medium Risk)
103585,0.2747019907963332,0,0,13288.90716080402,Low Risk (Healthy)
103586,0.3209243398422107,0,0,11813.904901960785,Low Risk (Healthy)
103587,0.3603052684373659,0,1,23828.78486842105,Watchlist (Medium Risk)
103588,0.7689201941498399,1,1,5443.417098445596,High Risk / Low-Med Value
103589,0.3623494216833094,0,0,1919.006914893617,Watchlist (Medium Risk)
103590,0.2180694450430641,0,0,8749.771169354839,Low Risk (Healthy)
103591,0.3224947576940228,0,0,4536.602380952381,Low Risk (Healthy)
103592,0.6609432239914441,1,0,14138.80846153846,High Risk / Low-Med Value
103593,0.7812312080263015,1,1,1523.243269230769,High Risk / Low-Med Value
103594,0.500351421838821,1,0,4013.7209401709406,Watchlist (Medium Risk)
103595,0.3855607278460002,0,1,19672.012101910823,Watchlist (Medium Risk)
103596,0.5486762136304076,1,0,5453.3746359223305,Watchlist (Medium Risk)
103597,0.3578875955744907,0,0,9170.555775862067,Watchlist (Medium Risk)
103598,0.3016250764117765,0,0,12020.540197368422,Low Risk (Healthy)
103599,0.7794659807063183,1,1,3960.4071770334926,High Risk / Low-Med Value
103600,0.4793160405595064,0,0,1315.2765027322407,Watchlist (Medium Risk)
103601,0.1626786350397318,0,0,18197.34386160714,Low Risk (Healthy)
103602,0.1522488998516461,0,0,20590.76291989664,Low Risk (Healthy)
103603,0.1895651103680692,0,0,13393.900706713785,Low Risk (Healthy)
103604,0.1665620423063044,0,0,12779.627165354328,Low Risk (Healthy)
103605,0.7386766801024008,1,1,3658.649635701275,High Risk / Low-Med Value
103606,0.2754809270120187,0,0,7653.26932457786,Low Risk (Healthy)
103607,0.7346921692646492,1,1,1558.128222222222,High Risk / Low-Med Value
103608,0.2601673065745316,0,0,24023.009913793107,Low Risk (Healthy)
103609,0.5581371107107133,1,0,6785.403676470588,Watchlist (Medium Risk)
103610,0.292424406873759,0,0,16908.112949640286,Low Risk (Healthy)
103611,0.2751912235176839,0,0,37551.7696531792,Low Risk (Healthy)
103612,0.2363179562262618,0,0,12726.980733944954,Low Risk (Healthy)
103613,0.6072135291434242,1,0,8386.625995575223,High Risk / Low-Med Value
103614,0.3890201069290935,0,0,3151.161740890688,Watchlist (Medium Risk)
103615,0.4873989782096353,0,0,9778.384433962265,Watchlist (Medium Risk)
103616,0.287457777930783,0,0,6492.7971498371335,Low Risk (Healthy)
103617,0.4633882008292862,0,0,6870.108166969148,Watchlist (Medium Risk)
103618,0.7080595743368154,1,0,3487.637734375,High Risk / Low-Med Value
103619,0.4097108126662732,0,1,13722.870238095238,Watchlist (Medium Risk)
103620,0.2427617069102237,0,0,6372.252709359605,Low Risk (Healthy)
103621,0.426927716355753,0,0,7949.550511945393,Watchlist (Medium Risk)
103622,0.1914711581752989,0,0,27044.42782167043,Low Risk (Healthy)
103623,0.434414340791433,0,0,5425.931171548117,Watchlist (Medium Risk)
103624,0.6543320353620516,1,0,4628.633850129199,High Risk / Low-Med Value
103625,0.4314004627546264,0,0,17244.261941580757,Watchlist (Medium Risk)
103626,0.8228467193337569,1,1,1643.9152245345017,High Risk / Low-Med Value
103627,0.198198020038728,0,0,20104.327530120485,Low Risk (Healthy)
103628,0.5075883914972998,1,0,3939.784827586207,Watchlist (Medium Risk)
103629,0.733036579225631,1,1,2570.1647969052224,High Risk / Low-Med Value
103630,0.240981503233337,0,0,6110.534893617022,Low Risk (Healthy)
103631,0.3557980089206902,0,1,11314.383445945949,Watchlist (Medium Risk)
103632,0.2168560730778417,0,0,24681.41952141058,Low Risk (Healthy)
103633,0.376707194128914,0,1,10743.439054726368,Watchlist (Medium Risk)
103634,0.621616024424003,1,1,11069.38997005988,High Risk / Low-Med Value
103635,0.2350209689610388,0,0,11204.368801652892,Low Risk (Healthy)
103636,0.6362273211663451,1,0,7356.311820330969,High Risk / Low-Med Value
103637,0.2472440871694267,0,0,21492.05506993007,Low Risk (Healthy)
103638,0.2347007474557169,0,0,15407.541511500547,Low Risk (Healthy)
103639,0.2023359158359746,0,0,14486.8416091954,Low Risk (Healthy)
103640,0.5577048884948992,1,1,5420.041711956522,Watchlist (Medium Risk)
103641,0.553259250725176,1,1,6644.99716981132,Watchlist (Medium Risk)
103642,0.2340944726589761,0,0,37337.406993007,Low Risk (Healthy)
103644,0.5317293483864475,1,0,31689.58547486033,Watchlist (Medium Risk)
103645,0.8798659462473368,1,1,1387.6196604600218,High Risk / Low-Med Value
103646,0.1808855482325199,0,0,16249.92268907563,Low Risk (Healthy)
103647,0.5614713520116081,1,0,3283.3382785956965,Watchlist (Medium Risk)
103648,0.592852097917907,1,1,15691.162102957283,Watchlist (Medium Risk)
103649,0.8763784427937356,1,1,5814.142168674698,High Risk / Low-Med Value
103650,0.856505518694233,1,1,2356.4727820372395,High Risk / Low-Med Value
103651,0.3652706279704456,0,0,4501.558035714285,Watchlist (Medium Risk)
103652,0.4950890406890962,0,0,9807.251363636362,Watchlist (Medium Risk)
103653,0.3184893215864599,0,0,18010.884952978056,Low Risk (Healthy)
103654,0.4669825294800248,0,0,15697.996547314577,Watchlist (Medium Risk)
103656,0.371816403649141,0,1,18924.138533834583,Watchlist (Medium Risk)
103657,0.1419510018789028,0,0,16781.556412337664,Low Risk (Healthy)
103658,0.5504848164662786,1,1,8142.127138643067,Watchlist (Medium Risk)
103659,0.1663973531335447,0,0,26641.77831632653,Low Risk (Healthy)
103660,0.4200473350997499,0,1,9319.180000000002,Watchlist (Medium Risk)
103661,0.306143050186118,0,0,11194.03650190114,Low Risk (Healthy)
103662,0.1495151180913554,0,0,11948.178046875,Low Risk (Healthy)
103663,0.1853190285651019,0,0,34923.5504,Low Risk (Healthy)
103664,0.6884479890256994,1,1,6034.601369112816,High Risk / Low-Med Value
103665,0.8312359500410506,1,1,1947.703875,High Risk / Low-Med Value
103666,0.6483478057223239,1,1,20504.774178832115,High Risk / High Value
103667,0.4446989911518539,0,0,4260.49586645469,Watchlist (Medium Risk)
103668,0.632072027895319,1,0,12908.099344262297,High Risk / Low-Med Value
103669,0.3121833223855061,0,0,24908.277857142857,Low Risk (Healthy)
103670,0.4270184098677216,0,1,26399.834593023257,Watchlist (Medium Risk)
103672,0.4821389983239756,0,1,14121.0625,Watchlist (Medium Risk)
103673,0.6056067116123183,1,1,3868.256050955414,High Risk / Low-Med Value
103674,0.2245020444782569,0,0,7308.216255144033,Low Risk (Healthy)
103675,0.7371289001883551,1,1,3290.219158878505,High Risk / Low-Med Value
103676,0.73287313243526,1,1,5406.749101123595,High Risk / Low-Med Value
103677,0.147024422973606,0,0,37937.50408163265,Low Risk (Healthy)
103678,0.1666364204355777,0,0,26864.399556213026,Low Risk (Healthy)
103679,0.3782877725977763,0,0,6593.3699416342415,Watchlist (Medium Risk)
103680,0.5546252234096091,1,0,11625.703835978837,Watchlist (Medium Risk)
103681,0.7268102291990849,1,1,4378.426724137931,High Risk / Low-Med Value
103682,0.6312983974651715,1,0,15175.698416886544,High Risk / High Value
103683,0.5991529180264199,1,1,7066.47595837897,Watchlist (Medium Risk)
103684,0.2586798726361985,0,0,27792.033082706763,Low Risk (Healthy)
103685,0.4801390423620978,0,0,15075.962543554006,Watchlist (Medium Risk)
103686,0.3448269382875183,0,1,18549.228780487803,Low Risk (Healthy)
103687,0.1878909344686912,0,0,41291.70250544663,Low Risk (Healthy)
103688,0.2010809279230406,0,0,18434.668045112783,Low Risk (Healthy)
103689,0.2453082654950963,0,0,12794.814285714288,Low Risk (Healthy)
103690,0.2893073724025487,0,0,48117.81807228916,Low Risk (Healthy)
103691,0.260615769433149,0,0,8416.900000000001,Low Risk (Healthy)
103692,0.4367597656138734,0,0,7541.506461538461,Watchlist (Medium Risk)
103693,0.4967181187547798,0,0,10493.930855855857,Watchlist (Medium Risk)
103694,0.3408812896709904,0,0,11785.929347826086,Low Risk (Healthy)
103695,0.562924117620685,1,1,3653.609594095941,Watchlist (Medium Risk)
103696,0.2784461278971815,0,0,8842.63353437877,Low Risk (Healthy)
103697,0.5017981651838462,1,0,5474.132475355969,Watchlist (Medium Risk)
103698,0.870798954346715,1,1,2161.81209439528,High Risk / Low-Med Value
103700,0.5257892583492613,1,1,9673.38807785888,Watchlist (Medium Risk)
103701,0.3504836121432289,0,0,6845.367706013363,Watchlist (Medium Risk)
103702,0.196182620682992,0,0,32647.909183673462,Low Risk (Healthy)
103703,0.651758941066539,1,1,4413.876562500001,High Risk / Low-Med Value
103704,0.8850465498977047,1,1,2394.2455934195063,High Risk / Low-Med Value
103705,0.6483093134433565,1,1,27272.09638554217,High Risk / High Value
103706,0.6595300997029043,1,1,5839.289466666667,High Risk / Low-Med Value
103707,0.2865591695406216,0,0,6711.046428571428,Low Risk (Healthy)
103708,0.4605883599559571,0,1,9447.748484848484,Watchlist (Medium Risk)
103709,0.590483556768906,1,0,7456.619517102616,Watchlist (Medium Risk)
103710,0.2712996906110424,0,0,34811.28429951691,Low Risk (Healthy)
103711,0.2106139777995585,0,0,15223.615352112678,Low Risk (Healthy)
103712,0.7163939198451527,1,1,4367.705263157895,High Risk / Low-Med Value
103713,0.5280974624767408,1,0,7760.204166666667,Watchlist (Medium Risk)
103714,0.494373094831532,0,1,9444.114285714286,Watchlist (Medium Risk)
103715,0.1543568408731921,0,0,32876.40456349206,Low Risk (Healthy)
103716,0.4143352604421951,0,0,11505.03188235294,Watchlist (Medium Risk)
103717,0.5087688658377645,1,0,8444.452947845806,Watchlist (Medium Risk)
103718,0.5886561379386747,1,1,22977.75233160621,Watchlist (Medium Risk)
103719,0.5243646787452634,1,0,13287.978915662652,Watchlist (Medium Risk)
103720,0.3797320092464397,0,1,4244.070089285714,Watchlist (Medium Risk)
103721,0.4965908753446152,0,0,5972.198145780051,Watchlist (Medium Risk)
103722,0.4545280459016843,0,0,7785.740942028987,Watchlist (Medium Risk)
103723,0.737543056083986,1,0,386.3108267716535,High Risk / Low-Med Value
103724,0.2355189445640809,0,0,15071.60127504554,Low Risk (Healthy)
103725,0.5129709149969081,1,1,20118.77614379085,Watchlist (Medium Risk)
103726,0.3979693435599198,0,0,3043.334677419354,Watchlist (Medium Risk)
103727,0.4307381097389146,0,1,4891.289108910892,Watchlist (Medium Risk)
103728,0.4979783636127651,0,0,16719.306597222225,Watchlist (Medium Risk)
103729,0.4864584098415082,0,0,14649.17635135135,Watchlist (Medium Risk)
103730,0.1742348962652768,0,0,24750.95377113134,Low Risk (Healthy)
103731,0.222097950228193,0,0,36208.55094339622,Low Risk (Healthy)
103732,0.2123306077028369,0,0,13464.079648241208,Low Risk (Healthy)
103733,0.2206904060283147,0,0,23068.1273255814,Low Risk (Healthy)
103734,0.6376252521837951,1,1,1748.7477564102562,High Risk / Low-Med Value
103735,0.359733980360656,0,0,17372.53549382716,Watchlist (Medium Risk)
103736,0.2919193166093474,0,0,25613.281875,Low Risk (Healthy)
103737,0.6317072216322474,1,0,7484.504088785047,High Risk / Low-Med Value
103738,0.3088246714039475,0,0,12410.752121212125,Low Risk (Healthy)
103739,0.4618107246749074,0,0,16488.59952830189,Watchlist (Medium Risk)
103740,0.4134402155700173,0,0,20104.2,Watchlist (Medium Risk)
103741,0.2651464196348772,0,0,16755.50322265625,Low Risk (Healthy)
103742,0.4651332128276063,0,1,5545.188245931284,Watchlist (Medium Risk)
103743,0.8651790533780043,1,1,6324.42656078861,High Risk / Low-Med Value
103744,0.5429865963400151,1,0,7009.515094339624,Watchlist (Medium Risk)
103745,0.184564278308976,0,0,11113.358488499453,Low Risk (Healthy)
103746,0.3253972286302779,0,0,12612.477925531915,Low Risk (Healthy)
103747,0.3663111466294838,0,0,8840.54386637459,Watchlist (Medium Risk)
103748,0.1134588662280792,0,0,22095.41952117864,Low Risk (Healthy)
103749,0.8227909306770897,1,1,1549.3469450101834,High Risk / Low-Med Value
103750,0.4455029479270384,0,0,26211.4270967742,Watchlist (Medium Risk)
103751,0.6526612240873275,1,1,4708.413438735178,High Risk / Low-Med Value
103752,0.4311776629134503,0,1,63500.40980392157,Watchlist (Medium Risk)
103753,0.3521503613084104,0,0,9774.660021905804,Watchlist (Medium Risk)
103754,0.7196148072196225,1,1,6095.196843853821,High Risk / Low-Med Value
103755,0.4919539835668437,0,0,8483.421415607985,Watchlist (Medium Risk)
103756,0.2558269403349578,0,0,18205.940092879257,Low Risk (Healthy)
103757,0.8144285362481889,1,1,4168.23716744914,High Risk / Low-Med Value
103758,0.6171174946428547,1,1,39572.30686046512,High Risk / High Value
103759,0.2826073619121046,0,0,9779.45339539978,Low Risk (Healthy)
103760,0.4163082519807983,0,0,23702.04305019305,Watchlist (Medium Risk)
103761,0.1888292229713664,0,1,42098.751507537694,Low Risk (Healthy)
103762,0.5579013372070526,1,1,1932.847169811321,Watchlist (Medium Risk)
103763,0.482774246820405,0,0,11656.883333333331,Watchlist (Medium Risk)
103764,0.8717710599605542,1,1,1722.1760683760683,High Risk / Low-Med Value
103765,0.686687748735913,1,1,4532.131005110732,High Risk / Low-Med Value
103766,0.6140418661277067,1,0,4013.787220447284,High Risk / Low-Med Value
103767,0.6084678719808286,1,1,5657.486556169429,High Risk / Low-Med Value
103768,0.2665479553967773,0,0,7250.683922829581,Low Risk (Healthy)
103769,0.1921588267891411,0,0,25693.2,Low Risk (Healthy)
103770,0.5174737415099576,1,0,7485.880737704917,Watchlist (Medium Risk)
103771,0.4466105693057393,0,0,43859.3042153048,Watchlist (Medium Risk)
103773,0.4338121087815186,0,0,5537.234810126582,Watchlist (Medium Risk)
103774,0.3128067466100003,0,1,17693.045901639343,Low Risk (Healthy)
103775,0.0985897946223022,0,0,14647.557940854327,Low Risk (Healthy)
103776,0.4361557711341775,0,1,27903.981313703283,Watchlist (Medium Risk)
103777,0.127557373390575,0,0,38148.60303643725,Low Risk (Healthy)
103778,0.2173735032293959,0,0,16415.9303030303,Low Risk (Healthy)
103779,0.3651907460077596,0,0,1504.5156862745098,Watchlist (Medium Risk)
103780,0.203628735095889,0,0,18236.46537958116,Low Risk (Healthy)
103781,0.3488033177669474,0,0,22222.09024390244,Low Risk (Healthy)
103782,0.7253440640713171,1,1,12838.460675675677,High Risk / Low-Med Value
103783,0.7708790377768762,1,1,8479.88548148148,High Risk / Low-Med Value
103784,0.6238884835324132,1,1,2444.13125,High Risk / Low-Med Value
103785,0.5516502669978458,1,1,6528.477520435968,Watchlist (Medium Risk)
103786,0.5294999446310338,1,0,14297.573505976095,Watchlist (Medium Risk)
103787,0.698336562909746,1,0,6619.8,High Risk / Low-Med Value
103788,0.4992581218481975,0,0,11930.673224043716,Watchlist (Medium Risk)
103789,0.6759695259037664,1,0,6388.881494413407,High Risk / Low-Med Value
103790,0.830260985050089,1,1,2821.9217415115004,High Risk / Low-Med Value
103791,0.3146495301344822,0,0,15786.073183391,Low Risk (Healthy)
103792,0.5380476918680359,1,1,4410.628904665314,Watchlist (Medium Risk)
103793,0.7455757832376152,1,0,3131.826871657754,High Risk / Low-Med Value
103795,0.6885198001726544,1,1,8136.648028673836,High Risk / Low-Med Value
103797,0.7619803979741389,1,1,1179.1880434782609,High Risk / Low-Med Value
103798,0.5731221645253939,1,0,7427.86215083799,Watchlist (Medium Risk)
103799,0.6414582570011915,1,0,28115.03031496063,High Risk / High Value
103800,0.5228411738414187,1,1,7787.577838427946,Watchlist (Medium Risk)
103801,0.8462284374794546,1,1,8619.21,High Risk / Low-Med Value
103802,0.6703763682277188,1,1,809.2847682119206,High Risk / Low-Med Value
103803,0.6307167781442646,1,0,6224.341401971522,High Risk / Low-Med Value
103804,0.133400956102839,0,0,16303.74244249726,Low Risk (Healthy)
103806,0.3981006925633556,0,0,16968.748611111114,Watchlist (Medium Risk)
103807,0.1812530418992176,0,0,10823.508262108264,Low Risk (Healthy)
103808,0.2445133734813543,0,0,10971.197417840374,Low Risk (Healthy)
103809,0.7140462017083377,1,0,7994.927620967742,High Risk / Low-Med Value
103810,0.6027135231685119,1,1,10640.60032967033,High Risk / Low-Med Value
103811,0.5006309450666012,1,0,45329.19447403462,Watchlist (Medium Risk)
103812,0.2868809077045808,0,0,6712.966901408451,Low Risk (Healthy)
103813,0.2293924878943051,0,0,36902.26204033215,Low Risk (Healthy)
103814,0.3537302213804515,0,0,16967.361452513964,Watchlist (Medium Risk)
103815,0.3315885665479852,0,1,18390.495016429355,Low Risk (Healthy)
103816,0.5702718390988686,1,0,6728.948904709749,Watchlist (Medium Risk)
103817,0.3656522410192271,0,1,7444.52175,Watchlist (Medium Risk)
103819,0.4620129717676725,0,1,15673.886153846152,Watchlist (Medium Risk)
103820,0.540218975944737,1,0,1865.6526946107783,Watchlist (Medium Risk)
103821,0.7327733808526193,1,1,6998.871837088388,High Risk / Low-Med Value
103823,0.5018181001709604,1,0,37473.76081081081,Watchlist (Medium Risk)
103824,0.1901793869167961,0,0,13316.459734513272,Low Risk (Healthy)
103825,0.6318373556455278,1,1,7675.995911949685,High Risk / Low-Med Value
103826,0.5361635874547961,1,0,836.069313304721,Watchlist (Medium Risk)
103827,0.6030657472306181,1,0,5495.110252600297,High Risk / Low-Med Value
103828,0.7231634899239009,1,1,12363.533054123707,High Risk / Low-Med Value
103829,0.766896902716878,1,1,6378.737569367369,High Risk / Low-Med Value
103830,0.5006795136039288,1,0,15332.388985736923,Watchlist (Medium Risk)
103831,0.4245898915342683,0,0,10583.573841059602,Watchlist (Medium Risk)
103832,0.2616630047629422,0,0,6311.608781362007,Low Risk (Healthy)
103833,0.5519135550239195,1,1,18805.635542168675,Watchlist (Medium Risk)
103834,0.4199183951653393,0,1,3116.311931818182,Watchlist (Medium Risk)
103835,0.427841778936247,0,1,3390.1470370370366,Watchlist (Medium Risk)
103836,0.1247616448558245,0,0,16800.35280830281,Low Risk (Healthy)
103837,0.3339030831063011,0,0,15738.369382022473,Low Risk (Healthy)
103838,0.2719602906964232,0,0,24511.718539325844,Low Risk (Healthy)
103839,0.5308995262753259,1,0,5313.24493670886,Watchlist (Medium Risk)
103840,0.3740759378359107,0,0,10792.653810623557,Watchlist (Medium Risk)
103841,0.8269684079020664,1,1,5829.7496166484125,High Risk / Low-Med Value
103842,0.5005310745677025,1,0,18630.523493975903,Watchlist (Medium Risk)
103843,0.3696129419156086,0,1,14315.914356435644,Watchlist (Medium Risk)
103844,0.6139163792274157,1,0,9529.278851963743,High Risk / Low-Med Value
103845,0.4410599339010679,0,0,3005.864754098361,Watchlist (Medium Risk)
103846,0.4199728762459385,0,0,17540.572727272727,Watchlist (Medium Risk)
103847,0.4974435042100729,0,0,7682.239462809918,Watchlist (Medium Risk)
103848,0.2565697895972936,0,0,43520.9729661017,Low Risk (Healthy)
103849,0.857393300323553,1,1,2424.923355817876,High Risk / Low-Med Value
103850,0.2838710620753994,0,0,19387.36849442379,Low Risk (Healthy)
103851,0.1923098421606668,0,0,78280.09485049835,Low Risk (Healthy)
103852,0.5425863716661651,1,0,22182.22131280389,Watchlist (Medium Risk)
103853,0.4652591344602185,0,1,209.77011494252872,Watchlist (Medium Risk)
103854,0.2084162335127956,0,0,15661.625,Low Risk (Healthy)
103855,0.1528266993123131,0,0,22337.355298913044,Low Risk (Healthy)
103856,0.4038550272811045,0,0,15758.535614035089,Watchlist (Medium Risk)
103857,0.4314912483024669,0,1,14258.611946902658,Watchlist (Medium Risk)
103858,0.2882356177340515,0,0,5022.3708,Low Risk (Healthy)
103859,0.3843077175711532,0,0,8381.651805054153,Watchlist (Medium Risk)
103860,0.2419997267337521,0,0,15117.194861111111,Low Risk (Healthy)
103861,0.4730536179187279,0,1,30915.817391304347,Watchlist (Medium Risk)
103862,0.1510974339975084,0,0,10321.393484419264,Low Risk (Healthy)
103863,0.7281956977615215,1,1,7249.254861111111,High Risk / Low-Med Value
103864,0.2282903641585933,0,0,22514.377278177457,Low Risk (Healthy)
103865,0.2806984745585297,0,0,13515.009278350515,Low Risk (Healthy)
103866,0.2924039770872889,0,0,6643.39362745098,Low Risk (Healthy)
103867,0.1688707617415782,0,0,15363.1347,Low Risk (Healthy)
103868,0.689169774851007,1,0,5846.39919871795,High Risk / Low-Med Value
103869,0.165144563336509,0,0,25643.44732441472,Low Risk (Healthy)
103870,0.6492162229608005,1,0,6004.889649507119,High Risk / Low-Med Value
103871,0.1784520505957204,0,0,19321.811056105613,Low Risk (Healthy)
103872,0.5469735457712087,1,0,22830.16931818182,Watchlist (Medium Risk)
103873,0.356791510600573,0,0,7778.481818181819,Watchlist (Medium Risk)
103874,0.2046785980466224,0,0,16720.4164,Low Risk (Healthy)
103875,0.3692227151852483,0,1,24156.72378048781,Watchlist (Medium Risk)
103876,0.2851166696009926,0,0,10070.135294117646,Low Risk (Healthy)
103877,0.2203099157057955,0,0,20933.572535211264,Low Risk (Healthy)
103878,0.4239554714079687,0,0,22972.919123252857,Watchlist (Medium Risk)
103880,0.2129539431964758,0,0,17553.625,Low Risk (Healthy)
103881,0.6032382819000934,1,1,12458.358976833975,High Risk / Low-Med Value
103882,0.6068479944231892,1,1,8863.85390625,High Risk / Low-Med Value
103883,0.3185420013256541,0,0,33867.58604651163,Low Risk (Healthy)
103884,0.218871810155658,0,0,10531.317348484848,Low Risk (Healthy)
103885,0.4572977174532946,0,1,11714.243636363635,Watchlist (Medium Risk)
103886,0.2061056343348711,0,0,19596.3782584885,Low Risk (Healthy)
103887,0.3514666606582024,0,0,11552.368625,Watchlist (Medium Risk)
103888,0.2013724821466252,0,0,25635.3852135816,Low Risk (Healthy)
103889,0.5038814974170418,1,0,4146.893243243243,Watchlist (Medium Risk)
103890,0.7067731225657237,1,1,3999.124839743589,High Risk / Low-Med Value
103891,0.2344742752914184,0,0,28325.53209876544,Low Risk (Healthy)
103892,0.6197748932156175,1,1,15123.38921139102,High Risk / High Value
103893,0.6741864231539964,1,1,17318.197354948803,High Risk / High Value
103894,0.3064899414938271,0,0,14031.425595238094,Low Risk (Healthy)
103895,0.2450686165632909,0,0,10269.424917853232,Low Risk (Healthy)
103896,0.4673525475331519,0,0,15110.745348837208,Watchlist (Medium Risk)
103898,0.5133803021331669,1,0,17169.6,Watchlist (Medium Risk)
103899,0.6431400350101426,1,0,3091.1348125,High Risk / Low-Med Value
103900,0.1809341190727106,0,0,29204.84326923077,Low Risk (Healthy)
103901,0.6329292807175264,1,1,27482.671973466007,High Risk / High Value
103902,0.1869120867055099,0,0,10992.872508214678,Low Risk (Healthy)
103904,0.351067349983621,0,1,19535.03898809524,Watchlist (Medium Risk)
103905,0.2639621558742278,0,0,10579.442705570293,Low Risk (Healthy)
103906,0.6832702367061871,1,0,8982.051346389228,High Risk / Low-Med Value
103907,0.2674201330318742,0,0,19637.334862385324,Low Risk (Healthy)
103908,0.7195286210394878,1,1,2630.3593155893536,High Risk / Low-Med Value
103909,0.6204966375912266,1,1,7342.164145658264,High Risk / Low-Med Value
103910,0.2609097151225961,0,0,10769.657861635222,Low Risk (Healthy)
103911,0.2349773328496253,0,0,14669.660198300284,Low Risk (Healthy)
103912,0.4276884756320853,0,0,23101.9884244373,Watchlist (Medium Risk)
103913,0.358247737430056,0,0,29170.313333333328,Watchlist (Medium Risk)
103914,0.6712076986078397,1,1,9368.757966616084,High Risk / Low-Med Value
103915,0.2050111675906749,0,0,16076.536865148862,Low Risk (Healthy)
103916,0.3008167570392731,0,0,10892.87026431718,Low Risk (Healthy)
103917,0.4563030522266186,0,0,9395.225688705235,Watchlist (Medium Risk)
103919,0.430875893586743,0,0,6334.439814814814,Watchlist (Medium Risk)
103920,0.7129726856610391,1,1,4129.268071312804,High Risk / Low-Med Value
103921,0.3949628714822016,0,0,7025.017532467534,Watchlist (Medium Risk)
103922,0.2741014242269145,0,0,18186.34183168317,Low Risk (Healthy)
103923,0.2623177681966603,0,0,15656.911176470589,Low Risk (Healthy)
103924,0.4946469719904505,0,0,12632.30014306152,Watchlist (Medium Risk)
103925,0.6175917826380384,1,0,9222.2786966046,High Risk / Low-Med Value
103926,0.1830561652779953,0,0,15111.282710926696,Low Risk (Healthy)
103927,0.2061368126040657,0,0,9251.721363636363,Low Risk (Healthy)
103928,0.231679183946979,0,0,9208.44486607143,Low Risk (Healthy)
103930,0.5334378315159516,1,0,12438.221649484536,Watchlist (Medium Risk)
103932,0.2799503792225266,0,0,4459.920779220779,Low Risk (Healthy)
103933,0.5522801319250541,1,1,6251.198067632849,Watchlist (Medium Risk)
103934,0.2741237313005692,0,1,17143.186473165388,Low Risk (Healthy)
103935,0.2117898785331435,0,0,9866.47323699422,Low Risk (Healthy)
103938,0.2717040038016752,0,0,12922.8021875,Low Risk (Healthy)
103939,0.332242286941973,0,0,34491.35662650602,Low Risk (Healthy)
103941,0.6560263454602776,1,1,6559.007309941519,High Risk / Low-Med Value
103942,0.4137687808979133,0,1,8067.294411764705,Watchlist (Medium Risk)
103943,0.4585898638243199,0,0,19910.01853707415,Watchlist (Medium Risk)
103944,0.1372967852820937,0,0,14141.506715328467,Low Risk (Healthy)
103945,0.38005978869096,0,0,57256.11788194445,Watchlist (Medium Risk)
103946,0.178163570840455,0,0,51988.133783783785,Low Risk (Healthy)
103948,0.1831621701628119,0,0,10417.854521963824,Low Risk (Healthy)
103949,0.2917346419977987,0,0,5427.721905805039,Low Risk (Healthy)
103950,0.178865421567187,0,0,17292.92842278204,Low Risk (Healthy)
103951,0.2255472392337998,0,0,7926.625717213115,Low Risk (Healthy)
103952,0.3126191083131555,0,0,12157.785,Low Risk (Healthy)
103953,0.455796327181498,0,0,3862.599595959596,Watchlist (Medium Risk)
103954,0.2258686951043221,0,0,18913.34629032258,Low Risk (Healthy)
103955,0.377506442695561,0,0,32061.70735294117,Watchlist (Medium Risk)
103956,0.5328588831904181,1,0,14765.564,Watchlist (Medium Risk)
103958,0.0991167040576877,0,0,72587.6208737864,Low Risk (Healthy)
103959,0.5027214022049674,1,0,4733.470317634173,Watchlist (Medium Risk)
103960,0.6500699036274322,1,1,4084.9171846435097,High Risk / Low-Med Value
103961,0.1863244522615801,0,0,9274.04550473186,Low Risk (Healthy)
103962,0.2436848913913596,0,0,22453.450606060607,Low Risk (Healthy)
103963,0.6456001600830911,1,0,325.919191919192,High Risk / Low-Med Value
103964,0.4877666367124317,0,1,13850.888103756708,Watchlist (Medium Risk)
103965,0.7189328031936775,1,1,19896.93040089087,High Risk / High Value
103966,0.3094105417958748,0,0,18956.51413793104,Low Risk (Healthy)
103967,0.2197318995814754,0,0,52217.11521226415,Low Risk (Healthy)
103968,0.2832081426461134,0,0,12350.494571428571,Low Risk (Healthy)
103969,0.2736957373482688,0,0,8713.500957854407,Low Risk (Healthy)
103970,0.3189746309504749,0,0,10149.694502617802,Low Risk (Healthy)
103971,0.3649418805619326,0,0,10427.04774590164,Watchlist (Medium Risk)
103972,0.1675463025507308,0,0,21606.753658536585,Low Risk (Healthy)
103973,0.8042333010625267,1,1,4077.837568455641,High Risk / Low-Med Value
103974,0.4002370544260511,0,0,25985.152725563912,Watchlist (Medium Risk)
103975,0.5384501808847283,1,0,6704.430606060605,Watchlist (Medium Risk)
103976,0.3111040750227995,0,0,17395.875503355703,Low Risk (Healthy)
103977,0.4585793627979282,0,0,12148.181512605042,Watchlist (Medium Risk)
103979,0.5648325674372962,1,0,27361.86464968153,Watchlist (Medium Risk)
103981,0.3677204036799413,0,0,161349.1625,Watchlist (Medium Risk)
103982,0.2650578066736671,0,0,23354.89935897436,Low Risk (Healthy)
103983,0.4374216531316991,0,0,29739.776155580606,Watchlist (Medium Risk)
103984,0.5179534608617036,1,0,5879.675169683258,Watchlist (Medium Risk)
103985,0.3341190316401093,0,0,15566.168518518518,Low Risk (Healthy)
103987,0.4172629814936501,0,0,1627.9321585903083,Watchlist (Medium Risk)
103988,0.4070023071149736,0,1,8488.550570032574,Watchlist (Medium Risk)
103989,0.8051379912937255,1,0,2471.863786279684,High Risk / Low-Med Value
103990,0.2022719942057197,0,1,45119.34868735084,Low Risk (Healthy)
103991,0.4842412200366116,0,0,5325.931884057971,Watchlist (Medium Risk)
103992,0.5752900417051978,1,0,5944.365393258427,Watchlist (Medium Risk)
103994,0.627811941173499,1,0,772.7381818181817,High Risk / Low-Med Value
103995,0.1047708900095097,0,0,12425.731380065718,Low Risk (Healthy)
103996,0.6803554058770662,1,1,12663.801918465228,High Risk / Low-Med Value
103998,0.2594911940601497,0,0,14855.643984220906,Low Risk (Healthy)
103999,0.2414266479546454,0,0,42341.20661157025,Low Risk (Healthy)
104000,0.7722106810228649,1,1,10665.050310945277,High Risk / Low-Med Value
104001,0.2890974893450138,0,0,22513.15080862533,Low Risk (Healthy)
104002,0.2332910674909782,0,0,20680.912436115843,Low Risk (Healthy)
104003,0.5663337427258784,1,1,13088.829297820825,Watchlist (Medium Risk)
104004,0.8956421386846575,1,1,2912.200273822563,High Risk / Low-Med Value
104005,0.8781036093440562,1,1,8688.11139101862,High Risk / Low-Med Value
104006,0.3175973461596364,0,1,41006.728,Low Risk (Healthy)
104007,0.2164027137215018,0,0,12871.085309278347,Low Risk (Healthy)
104008,0.2216486356488768,0,0,12210.592746113987,Low Risk (Healthy)
104009,0.5471643971094448,1,1,32304.126237623765,Watchlist (Medium Risk)
104010,0.5594334315709254,1,1,25450.574479737126,Watchlist (Medium Risk)
104011,0.5724276693797798,1,1,9642.888888888889,Watchlist (Medium Risk)
104012,0.1408910564324727,0,0,26662.442550790063,Low Risk (Healthy)
104013,0.5063305303431849,1,0,1215.0644366197182,Watchlist (Medium Risk)
104014,0.379471995709507,0,0,6498.567141292442,Watchlist (Medium Risk)
104015,0.2490882041377319,0,1,17673.733050847455,Low Risk (Healthy)
104016,0.2520422947337909,0,0,11507.922289156626,Low Risk (Healthy)
104017,0.202950402850653,0,0,11499.870940170938,Low Risk (Healthy)
104018,0.3161239585388457,0,0,40072.90342577488,Low Risk (Healthy)
104019,0.6900936578123522,1,1,5840.901593625498,High Risk / Low-Med Value
104020,0.8139747441178183,1,1,16209.83832923833,High Risk / High Value
104021,0.5532799282614254,1,1,3487.2518229166667,Watchlist (Medium Risk)
104022,0.4502540284944612,0,0,22274.26797235023,Watchlist (Medium Risk)
104023,0.8035400647260593,1,1,6806.782256297918,High Risk / Low-Med Value
104024,0.6865666651814195,1,0,4854.5,High Risk / Low-Med Value
104025,0.2400402021880449,0,0,16138.8647864184,Low Risk (Healthy)
104027,0.6383194387578518,1,1,14392.79987745098,High Risk / Low-Med Value
104028,0.3706834945326022,0,0,3972.626158940397,Watchlist (Medium Risk)
104029,0.1063301373348203,0,0,12984.523094170405,Low Risk (Healthy)
104030,0.4112835745767181,0,0,18846.0033557047,Watchlist (Medium Risk)
104031,0.7459831599694088,1,1,6163.258974358974,High Risk / Low-Med Value
104032,0.4424802809367543,0,1,11895.801546391756,Watchlist (Medium Risk)
104033,0.2791366792311278,0,1,19634.92503681885,Low Risk (Healthy)
104034,0.7763047225506158,1,1,5127.244094488189,High Risk / Low-Med Value
104035,0.4008532062060698,0,0,34786.40636942675,Watchlist (Medium Risk)
104037,0.2872114767888595,0,0,16003.01922234392,Low Risk (Healthy)
104038,0.3494544864112157,0,1,8668.52817679558,Low Risk (Healthy)
104039,0.4988020937441436,0,0,16704.71405228758,Watchlist (Medium Risk)
104040,0.1769018406546496,0,0,34096.03346774194,Low Risk (Healthy)
104041,0.6603788885445628,1,1,5888.68600953895,High Risk / Low-Med Value
104042,0.5744640137762242,1,1,10418.67484423676,Watchlist (Medium Risk)
104043,0.7208658400515643,1,1,5015.81161007667,High Risk / Low-Med Value
104044,0.6795321079541351,1,0,12122.01324940048,High Risk / Low-Med Value
104045,0.4108008275782028,0,0,11771.821464646464,Watchlist (Medium Risk)
104046,0.35983781064072,0,1,14956.866966966969,Watchlist (Medium Risk)
104047,0.2579497675894515,0,0,15365.599831081085,Low Risk (Healthy)
104048,0.472186152905411,0,1,9144.05264847512,Watchlist (Medium Risk)
104049,0.8161808681821343,1,1,1975.2044303797468,High Risk / Low-Med Value
104050,0.4968016471784417,0,0,15937.184970760234,Watchlist (Medium Risk)
104051,0.3000106197858977,0,0,6221.311946902656,Low Risk (Healthy)
104052,0.3376655594942825,0,0,186605.6416666667,Low Risk (Healthy)
104053,0.3704281896856997,0,0,25574.4085689046,Watchlist (Medium Risk)
104054,0.3582778322850057,0,0,11813.992028985507,Watchlist (Medium Risk)
104055,0.6697004835470776,1,1,1934.0488764044944,High Risk / Low-Med Value
104056,0.7806146417963902,1,1,9058.140635268344,High Risk / Low-Med Value
104057,0.5345324072512723,1,1,9939.3432320442,Watchlist (Medium Risk)
104058,0.603399615745819,1,1,3119.6172413793106,High Risk / Low-Med Value
104059,0.2307860620759728,0,0,27904.47182320441,Low Risk (Healthy)
104060,0.1747229734514642,0,0,43105.627757352944,Low Risk (Healthy)
104061,0.2961054511497165,0,0,11026.3223518851,Low Risk (Healthy)
104062,0.3539052590241336,0,0,9799.247252747253,Watchlist (Medium Risk)
104063,0.2726047641784959,0,0,16374.005967741936,Low Risk (Healthy)
104064,0.5013245457249352,1,0,8639.101754385963,Watchlist (Medium Risk)
104065,0.2816574278329635,0,0,13350.099243856332,Low Risk (Healthy)
104066,0.7747238478717535,1,1,840.126656626506,High Risk / Low-Med Value
104067,0.6497788932466902,1,1,4657.79978094195,High Risk / Low-Med Value
104068,0.6586340477716827,1,0,10408.983779527558,High Risk / Low-Med Value
104069,0.5589894010842698,1,1,16222.001070840195,Watchlist (Medium Risk)
104070,0.4996746203805632,0,0,15598.980254237287,Watchlist (Medium Risk)
104071,0.1478714820441273,0,0,17646.353662790698,Low Risk (Healthy)
104072,0.7756483182471559,1,1,1936.027906976744,High Risk / Low-Med Value
104073,0.544369564226562,1,1,3143.512727272728,Watchlist (Medium Risk)
104074,0.8528530781640237,1,1,2439.629822834646,High Risk / Low-Med Value
104075,0.1527767569252465,0,0,10279.698932384345,Low Risk (Healthy)
104076,0.5188792680650548,1,0,5539.748521358159,Watchlist (Medium Risk)
104077,0.4205609361912313,0,0,23552.220526315785,Watchlist (Medium Risk)
104078,0.3766447894592894,0,1,14481.679166666669,Watchlist (Medium Risk)
104079,0.4221337407153727,0,0,6249.484986595175,Watchlist (Medium Risk)
104080,0.7384489528430668,1,1,11253.276865671642,High Risk / Low-Med Value
104081,0.2694778907252926,0,0,16154.57794117647,Low Risk (Healthy)
104082,0.4116708657285566,0,0,8450.524242424242,Watchlist (Medium Risk)
104083,0.8403515841470752,1,1,2221.499652294854,High Risk / Low-Med Value
104084,0.2240444369801246,0,0,11662.144594594594,Low Risk (Healthy)
104085,0.5606759522653489,1,1,24542.005185185182,Watchlist (Medium Risk)
104086,0.1895782423019457,0,0,9974.268832891248,Low Risk (Healthy)
104087,0.1289451694273906,0,0,14736.936241610736,Low Risk (Healthy)
104089,0.6656724249421699,1,1,6424.215101289135,High Risk / Low-Med Value
104090,0.6030770069132175,1,0,21842.066125541125,High Risk / High Value
104091,0.5871411623516898,1,1,30830.07859375,Watchlist (Medium Risk)
104092,0.3021183279891751,0,0,2998.9144897959186,Low Risk (Healthy)
104093,0.637496597836017,1,1,3339.8402091254748,High Risk / Low-Med Value
104094,0.2637849446013964,0,0,21452.424117647057,Low Risk (Healthy)
104095,0.547123565494973,1,0,8905.124280230326,Watchlist (Medium Risk)
104096,0.6339438598059901,1,1,14833.060211267604,High Risk / High Value
104097,0.3425588899995107,0,0,14142.476931567327,Low Risk (Healthy)
104098,0.323725282326968,0,0,14763.042913385829,Low Risk (Healthy)
104099,0.6647601549611173,1,1,16384.030449069003,High Risk / High Value
104100,0.3299144023068635,0,0,6907.477027027027,Low Risk (Healthy)
104101,0.6457636096721312,1,0,4259.299999999999,High Risk / Low-Med Value
104102,0.5739254859614163,1,1,7856.186525974026,Watchlist (Medium Risk)
104103,0.6492476350815894,1,0,5343.876050420168,High Risk / Low-Med Value
104104,0.4168233865400693,0,1,7807.772108843537,Watchlist (Medium Risk)
104105,0.501110951380835,1,1,57988.32424242424,Watchlist (Medium Risk)
104106,0.2776571636433956,0,0,15605.44245810056,Low Risk (Healthy)
104107,0.5752247301757304,1,0,8027.65831168831,Watchlist (Medium Risk)
104108,0.1420924936674083,0,0,15263.536418400876,Low Risk (Healthy)
104109,0.3777258301114944,0,0,13801.358208955226,Watchlist (Medium Risk)
104110,0.2407585134731347,0,0,17391.493693693694,Low Risk (Healthy)
104111,0.1197161259062125,0,0,24533.2491237678,Low Risk (Healthy)
104112,0.6035888896138458,1,0,7081.647311212815,High Risk / Low-Med Value
104113,0.2273591494570794,0,0,40374.320338983045,Low Risk (Healthy)
104114,0.2910994544514417,0,0,7219.123100303952,Low Risk (Healthy)
104115,0.412136715909413,0,0,8343.23001912046,Watchlist (Medium Risk)
104116,0.2526526285232491,0,0,16992.8638996139,Low Risk (Healthy)
104117,0.1513656826347822,0,0,9232.713478915664,Low Risk (Healthy)
104118,0.411755386226348,0,1,28338.250869565218,Watchlist (Medium Risk)
104119,0.4568738947580704,0,0,4124.075132275133,Watchlist (Medium Risk)
104120,0.1858266185291293,0,0,21108.593429487177,Low Risk (Healthy)
104121,0.1651336315112702,0,0,40035.71214574899,Low Risk (Healthy)
104122,0.5455325409821815,1,1,13097.486475409836,Watchlist (Medium Risk)
104123,0.5605982101490377,1,1,16701.646991404014,Watchlist (Medium Risk)
104124,0.3733465003071856,0,0,10971.488963963962,Watchlist (Medium Risk)
104125,0.3860548894677569,0,0,8209.111921296297,Watchlist (Medium Risk)
104126,0.6882320824456017,1,1,5471.528800675675,High Risk / Low-Med Value
104127,0.3894614771543635,0,1,9955.065094339623,Watchlist (Medium Risk)
104128,0.4085421143726565,0,0,26408.845000000005,Watchlist (Medium Risk)
104129,0.3923222677558468,0,0,10665.055580357144,Watchlist (Medium Risk)
104130,0.4048324666137652,0,0,20237.23432835821,Watchlist (Medium Risk)
104131,0.7546609411407553,1,1,9447.64757853403,High Risk / Low-Med Value
104132,0.7005168067020403,1,1,6510.884673366834,High Risk / Low-Med Value
104133,0.4035518892016029,0,0,5929.546666666667,Watchlist (Medium Risk)
104134,0.307302317060387,0,1,17941.4544546851,Low Risk (Healthy)
104136,0.3121390079464258,0,0,6763.24043062201,Low Risk (Healthy)
104137,0.2950029423321164,0,0,7033.917449664429,Low Risk (Healthy)
104138,0.7756747220551229,1,1,3046.100327510917,High Risk / Low-Med Value
104139,0.8100772342692499,1,1,8311.906480218282,High Risk / Low-Med Value
104140,0.1731142095544778,0,0,17812.815553121578,Low Risk (Healthy)
104141,0.7660326624364336,1,1,3972.567250821468,High Risk / Low-Med Value
104142,0.409371263988079,0,0,4839.127681159421,Watchlist (Medium Risk)
104143,0.4067238265459186,0,0,9865.875073313784,Watchlist (Medium Risk)
104144,0.7211296055990115,1,1,18775.3121577218,High Risk / High Value
104145,0.3001334378597596,0,1,40911.40814917127,Low Risk (Healthy)
104146,0.2805888280940878,0,0,17906.04117647059,Low Risk (Healthy)
104147,0.325803219847311,0,0,10549.55161498708,Low Risk (Healthy)
104148,0.1642494496515947,0,0,12088.05619747899,Low Risk (Healthy)
104150,0.4155801152712777,0,0,12418.300370370367,Watchlist (Medium Risk)
104151,0.3406798645995584,0,0,1789.3225352112674,Low Risk (Healthy)
104153,0.6907621251635245,1,1,8580.334446878422,High Risk / Low-Med Value
104154,0.3853474801439832,0,0,19166.663703703704,Watchlist (Medium Risk)
104155,0.1578002096029113,0,0,31047.35625,Low Risk (Healthy)
104156,0.2862977638843949,0,0,8263.435585585585,Low Risk (Healthy)
104157,0.1759807051163487,0,0,34507.95067750678,Low Risk (Healthy)
104158,0.4722915226257283,0,0,8411.75,Watchlist (Medium Risk)
104159,0.5279432558001531,1,0,16541.106198347108,Watchlist (Medium Risk)
104160,0.1533265568154951,0,0,43202.91952789699,Low Risk (Healthy)
104161,0.1858100750712353,0,0,28512.22886089814,Low Risk (Healthy)
104162,0.1081864846245536,0,0,28253.52286465177,Low Risk (Healthy)
104163,0.306087432944984,0,1,12459.674463519312,Low Risk (Healthy)
104164,0.2185165698195312,0,0,13818.348302300108,Low Risk (Healthy)
104165,0.5107417461783725,1,0,33281.1495601173,Watchlist (Medium Risk)
104166,0.5120820593563972,1,0,9982.33679245283,Watchlist (Medium Risk)
104167,0.1481616248266012,0,0,18421.68299595141,Low Risk (Healthy)
104168,0.7340554192485514,1,0,5122.357228915663,High Risk / Low-Med Value
104169,0.8255133817881151,1,1,7564.067305585979,High Risk / Low-Med Value
104170,0.3297424079098939,0,0,9189.188165680474,Low Risk (Healthy)
104172,0.3934257732876693,0,0,19552.5794921875,Watchlist (Medium Risk)
104173,0.2678854580017361,0,0,4650.300976909413,Low Risk (Healthy)
104174,0.2674220793850665,0,0,8005.657798833819,Low Risk (Healthy)
104175,0.581644391377639,1,0,9681.337921348317,Watchlist (Medium Risk)
104176,0.3471274068133503,0,0,13280.542216981134,Low Risk (Healthy)
104177,0.457980884183,0,0,3834.1157110091744,Watchlist (Medium Risk)
104178,0.2969242707320167,0,0,16039.387712895375,Low Risk (Healthy)
104179,0.8094990324189786,1,1,2817.8090458488227,High Risk / Low-Med Value
104180,0.7477950949751988,1,0,5994.081393678161,High Risk / Low-Med Value
104181,0.4428986018034974,0,1,13495.559567901237,Watchlist (Medium Risk)
104182,0.4248835747389898,0,0,14304.292246835445,Watchlist (Medium Risk)
104183,0.4978140934321476,0,1,4396.004941482445,Watchlist (Medium Risk)
104184,0.6603761149320835,1,1,10716.252208588956,High Risk / Low-Med Value
104185,0.4487440291493055,0,1,36652.94800838574,Watchlist (Medium Risk)
104186,0.5645738574456507,1,1,11126.768859649124,Watchlist (Medium Risk)
104187,0.2765151081682833,0,0,8744.464366197182,Low Risk (Healthy)
104188,0.3379744824351403,0,0,16070.161825192805,Low Risk (Healthy)
104189,0.3793452861157984,0,0,10346.758543263964,Watchlist (Medium Risk)
104190,0.2346829502423912,0,0,9093.37275,Low Risk (Healthy)
104191,0.564481820680931,1,1,18314.17401129944,Watchlist (Medium Risk)
104192,0.2938015923470992,0,0,7866.577835051547,Low Risk (Healthy)
104193,0.6918884977810272,1,0,6540.659615384615,High Risk / Low-Med Value
104194,0.2048699224010486,0,0,22646.531265822785,Low Risk (Healthy)
104195,0.2549279230047786,0,0,55832.97647058823,Low Risk (Healthy)
104196,0.6220425982107561,1,1,20835.683187294635,High Risk / High Value
104197,0.5560756877322627,1,1,9555.788888888888,Watchlist (Medium Risk)
104198,0.1346126000432932,0,0,22362.3186746988,Low Risk (Healthy)
104199,0.1743780256742667,0,0,19755.09516129032,Low Risk (Healthy)
104200,0.3283459037803964,0,1,20509.39355608592,Low Risk (Healthy)
104201,0.2803913882729531,0,0,9628.995945945946,Low Risk (Healthy)
104202,0.4142516220323259,0,0,26001.00472027972,Watchlist (Medium Risk)
104203,0.1442331309080543,0,0,20117.140416047547,Low Risk (Healthy)
104205,0.4986582544170181,0,1,64593.612672811054,Watchlist (Medium Risk)
104206,0.3872245153304933,0,0,3193.3241666666663,Watchlist (Medium Risk)
104207,0.4229593287634243,0,0,5491.723636363636,Watchlist (Medium Risk)
104208,0.3192238820335735,0,0,10473.35158227848,Low Risk (Healthy)
104209,0.4077297731542636,0,0,4720.01970899471,Watchlist (Medium Risk)
104210,0.8688342316427184,1,1,5057.834255725191,High Risk / Low-Med Value
104211,0.6392537398032246,1,1,14121.5237006237,High Risk / Low-Med Value
104212,0.1624242753426307,0,0,72956.6511235955,Low Risk (Healthy)
104213,0.4180227955989097,0,1,10694.951123595509,Watchlist (Medium Risk)
104215,0.1301240760465331,0,0,41884.00465116279,Low Risk (Healthy)
104216,0.2320441943357361,0,0,15333.625170068028,Low Risk (Healthy)
104217,0.5235550537402716,1,1,27715.376119402983,Watchlist (Medium Risk)
104218,0.4590756468311822,0,1,13057.22671641791,Watchlist (Medium Risk)
104219,0.4324134696523398,0,0,11334.098378378378,Watchlist (Medium Risk)
104220,0.7245445397903972,1,0,3910.750741525425,High Risk / Low-Med Value
104221,0.3937716267786114,0,0,11111.763186813188,Watchlist (Medium Risk)
104222,0.7299500961693013,1,1,432.3189516129033,High Risk / Low-Med Value
104223,0.8128841695589903,1,1,4135.54653652393,High Risk / Low-Med Value
104224,0.3913365127013651,0,1,9842.294961664842,Watchlist (Medium Risk)
104225,0.7290623607021341,1,1,8636.810129870131,High Risk / Low-Med Value
104226,0.2057016031277949,0,0,93257.98373493976,Low Risk (Healthy)
104228,0.435789694109052,0,0,6374.970921985815,Watchlist (Medium Risk)
104229,0.3864189864972057,0,1,7946.942222222223,Watchlist (Medium Risk)
104230,0.4901670644008227,0,0,4262.308720930232,Watchlist (Medium Risk)
104231,0.7324537944513856,1,1,13748.244525547449,High Risk / Low-Med Value
104232,0.2982097073898844,0,0,13444.091819371728,Low Risk (Healthy)
104234,0.1760614285505822,0,0,38440.39753694581,Low Risk (Healthy)
104235,0.2744990399325824,0,0,11628.004398148149,Low Risk (Healthy)
104236,0.7096964475722878,1,1,3125.919189189189,High Risk / Low-Med Value
104237,0.8812837253063259,1,1,5576.532365826944,High Risk / Low-Med Value
104238,0.2427953535405073,0,0,14859.098591549297,Low Risk (Healthy)
104239,0.2237840934642504,0,0,21965.207073954985,Low Risk (Healthy)
104240,0.1564800471276477,0,0,8928.010429936305,Low Risk (Healthy)
104241,0.2497434010229134,0,0,7085.736582809224,Low Risk (Healthy)
104242,0.5128961265826516,1,0,4286.884643734644,Watchlist (Medium Risk)
104243,0.8182016935009657,1,1,3392.9569105691053,High Risk / Low-Med Value
104244,0.0872595182540743,0,0,71050.76007667031,Low Risk (Healthy)
104245,0.1820084659108583,0,0,10873.525480769233,Low Risk (Healthy)
104246,0.7051095825508185,1,1,11258.05498281787,High Risk / Low-Med Value
104247,0.6497881483382865,1,0,7574.505585980285,High Risk / Low-Med Value
104248,0.6487128738178087,1,1,24335.99413043478,High Risk / High Value
104249,0.5492287287337974,1,1,9613.875246305415,Watchlist (Medium Risk)
104250,0.3755405681133215,0,0,11144.898542600897,Watchlist (Medium Risk)
104251,0.2901241357959562,0,0,24742.79856115108,Low Risk (Healthy)
104252,0.764568217548719,1,1,6372.97595837897,High Risk / Low-Med Value
104253,0.2818175345939626,0,0,23265.37547169812,Low Risk (Healthy)
104254,0.4558706941197135,0,0,7213.182930513595,Watchlist (Medium Risk)
104255,0.2125657087125472,0,0,16449.831745049505,Low Risk (Healthy)
104256,0.2243237177189549,0,0,18998.356903765693,Low Risk (Healthy)
104257,0.2341690701961593,0,0,87196.29197530865,Low Risk (Healthy)
104258,0.1492018395239515,0,0,9843.839423076925,Low Risk (Healthy)
104259,0.3945457875663374,0,0,8666.40569105691,Watchlist (Medium Risk)
104260,0.238416643063649,0,0,22781.42285714285,Low Risk (Healthy)
104264,0.2204595518835389,0,0,13362.550054764512,Low Risk (Healthy)
104266,0.2600251657120678,0,0,29831.60466101695,Low Risk (Healthy)
104267,0.6033039250079711,1,1,28952.169345238093,High Risk / High Value
104268,0.1537510154677955,0,0,10904.095387149917,Low Risk (Healthy)
104269,0.3710297781940968,0,0,5973.684732824428,Watchlist (Medium Risk)
104270,0.5490248470080037,1,0,6900.456927710843,Watchlist (Medium Risk)
104271,0.2052057699228447,0,0,31562.9735,Low Risk (Healthy)
104272,0.3074209056485267,0,0,8816.725688073395,Low Risk (Healthy)
104273,0.4271858107755795,0,0,15343.18802631579,Watchlist (Medium Risk)
104274,0.4996473199299411,0,1,15746.78705882353,Watchlist (Medium Risk)
104275,0.1881619072368862,0,0,23202.9101532567,Low Risk (Healthy)
104276,0.7049954797750887,1,1,2426.922877358491,High Risk / Low-Med Value
104277,0.4780087292981597,0,1,4625.0968164794,Watchlist (Medium Risk)
104278,0.3904994023579604,0,0,5798.686637458926,Watchlist (Medium Risk)
104279,0.3422045726259506,0,1,32514.63606194689,Low Risk (Healthy)
104280,0.5347014187052753,1,0,4953.328694581281,Watchlist (Medium Risk)
104281,0.562639568652586,1,1,6150.2721212121205,Watchlist (Medium Risk)
104282,0.5871237112899343,1,0,7047.311989795919,Watchlist (Medium Risk)
104283,0.6098931654767904,1,0,5999.624301336573,High Risk / Low-Med Value
104284,0.5844811294345091,1,0,3046.747124600639,Watchlist (Medium Risk)
104285,0.1765145975205965,0,0,14898.629591836736,Low Risk (Healthy)
104286,0.395920620826031,0,0,10718.751442307694,Watchlist (Medium Risk)
104287,0.278273228242063,0,0,9782.3731629393,Low Risk (Healthy)
104288,0.2572330523261688,0,0,22755.44782110092,Low Risk (Healthy)
104289,0.4131545867255757,0,0,3096.6425149700594,Watchlist (Medium Risk)
104290,0.3415342936946077,0,0,14486.25132275132,Low Risk (Healthy)
104291,0.5479652226984122,1,0,36329.99922222223,Watchlist (Medium Risk)
104292,0.5924285715819599,1,1,12096.911987041036,Watchlist (Medium Risk)
104293,0.6046202862148669,1,1,12689.527935222672,High Risk / Low-Med Value
104294,0.6181436858508036,1,1,5314.026097560976,High Risk / Low-Med Value
104295,0.3338579558309002,0,0,11576.101420959149,Low Risk (Healthy)
104296,0.5506179959698945,1,0,21180.48545454546,Watchlist (Medium Risk)
104297,0.3012575947498258,0,0,17972.81561181435,Low Risk (Healthy)
104298,0.4730026977694647,0,0,4596.047794117647,Watchlist (Medium Risk)
104299,0.5439899447056683,1,0,2037.9674934725847,Watchlist (Medium Risk)
104301,0.4923235129260614,0,1,3690.382978723405,Watchlist (Medium Risk)
104302,0.2407024366040455,0,0,25113.277207062605,Low Risk (Healthy)
104303,0.2270630647897721,0,0,20681.151724137933,Low Risk (Healthy)
104304,0.6792543763614097,1,0,7014.069476082005,High Risk / Low-Med Value
104305,0.2691261061444015,0,0,43837.620771756985,Low Risk (Healthy)
104306,0.5152949564460529,1,0,49323.65599415204,Watchlist (Medium Risk)
104307,0.646545810134177,1,0,7419.68931698774,High Risk / Low-Med Value
104308,0.2974657009382691,0,0,17394.914025974027,Low Risk (Healthy)
104309,0.6023779199117814,1,1,9855.318578553615,High Risk / Low-Med Value
104310,0.5845070955805024,1,0,9480.99638761468,Watchlist (Medium Risk)
104311,0.2972571263618798,0,0,6079.94629032258,Low Risk (Healthy)
104312,0.6621693299739058,1,1,31093.21082802548,High Risk / High Value
104314,0.769552231989051,1,1,6892.433802816901,High Risk / Low-Med Value
104315,0.1654968001328921,0,0,14443.909529025192,Low Risk (Healthy)
104316,0.8532212776037928,1,1,11262.532749178534,High Risk / Low-Med Value
104318,0.3022643654507788,0,1,20281.7111969112,Low Risk (Healthy)
104319,0.3648131767727409,0,0,13458.476984126986,Watchlist (Medium Risk)
104320,0.5018156203632406,1,1,6405.62492211838,Watchlist (Medium Risk)
104321,0.2714273151770474,0,1,24107.27287535411,Low Risk (Healthy)
104322,0.7267088877153971,1,1,2778.205257270693,High Risk / Low-Med Value
104323,0.622200719094681,1,1,13331.127272727274,High Risk / Low-Med Value
104324,0.639338378144815,1,1,6338.765740740741,High Risk / Low-Med Value
104325,0.2469875845959173,0,0,16057.058643617023,Low Risk (Healthy)
104326,0.5963949176842122,1,0,1794.4199004975126,Watchlist (Medium Risk)
104327,0.7399570455777433,1,1,6966.649342105263,High Risk / Low-Med Value
104328,0.5909432208501211,1,1,6156.712554112553,Watchlist (Medium Risk)
104329,0.1750609002402985,0,0,132757.86083333334,Low Risk (Healthy)
104330,0.8546385642108014,1,1,4393.054833333334,High Risk / Low-Med Value
104331,0.6905657948120273,1,1,7213.523076923077,High Risk / Low-Med Value
104332,0.1627523952157993,0,0,47588.29048780487,Low Risk (Healthy)
104333,0.4335490424882651,0,0,16613.148904709746,Watchlist (Medium Risk)
104334,0.193971437465676,0,0,26164.04230769231,Low Risk (Healthy)
104335,0.2442795766991755,0,0,17574.169961240314,Low Risk (Healthy)
104336,0.7623733582105834,1,1,5522.145833333333,High Risk / Low-Med Value
104337,0.2579945087336003,0,0,11759.332530120482,Low Risk (Healthy)
104338,0.1184972103379128,0,0,28417.82515337424,Low Risk (Healthy)
104339,0.4383900678521115,0,0,36937.63901098901,Watchlist (Medium Risk)
104340,0.2675358591788762,0,0,49538.54967907573,Low Risk (Healthy)
104341,0.2452088318382626,0,0,17523.43726993865,Low Risk (Healthy)
104342,0.2137833147469526,0,0,11479.789788732396,Low Risk (Healthy)
104343,0.3888397229365458,0,0,10728.633296823658,Watchlist (Medium Risk)
104344,0.5216194636869396,1,1,19411.715273037546,Watchlist (Medium Risk)
104345,0.1974129739311098,0,0,18045.85239361702,Low Risk (Healthy)
104346,0.3065048463019083,0,0,13130.819696969698,Low Risk (Healthy)
104348,0.3807681711552848,0,0,10045.6406496063,Watchlist (Medium Risk)
104350,0.624448175017319,1,0,10913.676612903226,High Risk / Low-Med Value
104351,0.2172686335802703,0,0,44009.28033707866,Low Risk (Healthy)
104352,0.5026434177845875,1,0,12909.639177489178,Watchlist (Medium Risk)
104353,0.4525588229233275,0,0,5996.142442497262,Watchlist (Medium Risk)
104354,0.3069087927774059,0,0,17831.99388888889,Low Risk (Healthy)
104355,0.48528144837579,0,0,13077.0375,Watchlist (Medium Risk)
104356,0.4906329469916233,0,1,9638.238397790055,Watchlist (Medium Risk)
104357,0.2889295021830922,0,0,17973.917409766458,Low Risk (Healthy)
104358,0.5382359647273449,1,1,14333.04474940334,Watchlist (Medium Risk)
104359,0.1398261890572555,0,0,39389.65201612903,Low Risk (Healthy)
104360,0.8566706865974706,1,1,1140.015108834827,High Risk / Low-Med Value
104362,0.292720379260634,0,0,54244.33461538461,Low Risk (Healthy)
104363,0.4508389359145308,0,1,54174.19222222222,Watchlist (Medium Risk)
104364,0.4135208152931191,0,0,7852.46226190476,Watchlist (Medium Risk)
104365,0.2747304211826648,0,0,12189.932867783984,Low Risk (Healthy)
104367,0.6113939705521422,1,1,10031.256578947368,High Risk / Low-Med Value
104368,0.4632311640618932,0,0,10144.982894736842,Watchlist (Medium Risk)
104369,0.0597156281396696,0,0,24372.54518072289,Low Risk (Healthy)
104370,0.1773079487927625,0,0,20219.54291417166,Low Risk (Healthy)
104371,0.170255628364811,0,0,10025.382639649506,Low Risk (Healthy)
104372,0.4344039739304249,0,0,13022.596456692914,Watchlist (Medium Risk)
104373,0.2900405161188801,0,1,25020.173684210527,Low Risk (Healthy)
104374,0.79306913639423,1,1,9816.898942172073,High Risk / Low-Med Value
104375,0.4407199923342376,0,0,40550.604716981135,Watchlist (Medium Risk)
104376,0.8497781929411425,1,1,705.3095290251916,High Risk / Low-Med Value
104377,0.7269514343766305,1,1,6758.629482758621,High Risk / Low-Med Value
104378,0.1662707252810397,0,0,19827.42141577061,Low Risk (Healthy)
104379,0.2272538679246006,0,0,15632.346330777656,Low Risk (Healthy)
104380,0.8331750659933206,1,1,4664.554506065858,High Risk / Low-Med Value
104381,0.1753172401022348,0,0,22774.90041841004,Low Risk (Healthy)
104382,0.3195525287941193,0,0,29707.251351351355,Low Risk (Healthy)
104384,0.5274351461258941,1,0,6439.529716981131,Watchlist (Medium Risk)
104385,0.7366361049399781,1,1,10381.576911764703,High Risk / Low-Med Value
104386,0.5485227485719973,1,1,2542.701086956522,Watchlist (Medium Risk)
104387,0.2801691996289285,0,0,15267.329555895869,Low Risk (Healthy)
104388,0.1327980096645327,0,0,17060.41640866873,Low Risk (Healthy)
104389,0.6922503276948017,1,1,21027.007164179107,High Risk / High Value
104390,0.7653055262398665,1,1,8617.506078860897,High Risk / Low-Med Value
104392,0.774553148031171,1,1,6233.729032258066,High Risk / Low-Med Value
104393,0.2115370312224473,0,0,14545.377177700348,Low Risk (Healthy)
104394,0.4086017844661066,0,0,5275.71,Watchlist (Medium Risk)
104395,0.3742285955075837,0,0,10826.165170940172,Watchlist (Medium Risk)
104396,0.4437906416532907,0,1,10247.681293706291,Watchlist (Medium Risk)
104398,0.324857752970566,0,0,7701.124205914568,Low Risk (Healthy)
104399,0.6005897912734347,1,0,2267.1495437956205,High Risk / Low-Med Value
104400,0.5479457807182739,1,1,3354.2000000000003,Watchlist (Medium Risk)
104402,0.6171502213729683,1,0,9617.39067357513,High Risk / Low-Med Value
104403,0.4453650237396893,0,1,9888.236470588234,Watchlist (Medium Risk)
104404,0.6796964661413157,1,0,11632.249725776965,High Risk / Low-Med Value
104406,0.7639721912364863,1,0,2463.72,High Risk / Low-Med Value
104407,0.299160295607024,0,0,9789.788621151272,Low Risk (Healthy)
104408,0.6849864803403622,1,0,1352.1112612612617,High Risk / Low-Med Value
104409,0.5188320069246573,1,1,5825.056188389924,Watchlist (Medium Risk)
104410,0.7033631824173419,1,0,2702.478717948718,High Risk / Low-Med Value
104411,0.3059966262439014,0,0,13666.230454545455,Low Risk (Healthy)
104412,0.3280506808370688,0,0,11723.55254237288,Low Risk (Healthy)
104413,0.2226600986545011,0,0,5568.121794871796,Low Risk (Healthy)
104414,0.4420828217175576,0,0,10726.513323782234,Watchlist (Medium Risk)
104415,0.7196103730022068,1,1,11472.129901423878,High Risk / Low-Med Value
104416,0.8342827598792621,1,1,2723.043921139102,High Risk / Low-Med Value
104417,0.5701153582287662,1,0,5458.446478873239,Watchlist (Medium Risk)
104418,0.5939595027543491,1,0,13141.151699029126,Watchlist (Medium Risk)
104419,0.3077850825064566,0,0,10332.0417673716,Low Risk (Healthy)
104420,0.6652601565463665,1,0,1685.5622340425532,High Risk / Low-Med Value
104421,0.313289098955046,0,0,17537.726286966044,Low Risk (Healthy)
104422,0.5394589074154541,1,1,14955.369277108435,Watchlist (Medium Risk)
104423,0.2869871145679923,0,0,5433.675874125874,Low Risk (Healthy)
104425,0.807803455031626,1,0,3229.806081081081,High Risk / Low-Med Value
104426,0.5750473882208202,1,1,8734.657386363637,Watchlist (Medium Risk)
104428,0.2931497236981664,0,0,21246.09696969697,Low Risk (Healthy)
104429,0.1874778795662174,0,0,21431.70949033392,Low Risk (Healthy)
104430,0.4034493100908625,0,0,8793.734161490684,Watchlist (Medium Risk)
104431,0.7826866622461663,1,1,7049.496724137931,High Risk / Low-Med Value
104432,0.3326186762967601,0,0,21011.7595959596,Low Risk (Healthy)
104433,0.1937013424149476,0,0,17709.72259380098,Low Risk (Healthy)
104434,0.7817006216655769,1,1,8309.75072016461,High Risk / Low-Med Value
104435,0.6291320848386244,1,1,8188.713040123457,High Risk / Low-Med Value
104436,0.2059638824637737,0,0,84171.80891304347,Low Risk (Healthy)
104437,0.4919283691687214,0,0,11020.039444444445,Watchlist (Medium Risk)
104439,0.3616513462820915,0,1,12463.19338235294,Watchlist (Medium Risk)
104440,0.0589288764152344,0,0,67338.5516826923,Low Risk (Healthy)
104441,0.3669244109972231,0,0,6874.657064622125,Watchlist (Medium Risk)
104442,0.2265133696150559,0,0,76613.33023255815,Low Risk (Healthy)
104443,0.3597337872772248,0,0,18214.68180515759,Watchlist (Medium Risk)
104444,0.8644194156307856,1,1,2398.641675794085,High Risk / Low-Med Value
104445,0.2696615607023482,0,1,21663.24572836802,Low Risk (Healthy)
104446,0.3663832946169328,0,0,6653.586398467433,Watchlist (Medium Risk)
104447,0.1245143092210489,0,0,10003.150451467269,Low Risk (Healthy)
104448,0.43082552788996,0,0,15526.261296534018,Watchlist (Medium Risk)
104449,0.8427460238592769,1,1,1775.8646174863386,High Risk / Low-Med Value
104450,0.2512647332264424,0,0,37009.27105263159,Low Risk (Healthy)
104451,0.3314034818090551,0,0,3087.462,Low Risk (Healthy)
104452,0.3528340277707538,0,1,4810.653650793651,Watchlist (Medium Risk)
104453,0.2040298151017962,0,0,20848.074755700327,Low Risk (Healthy)
104454,0.8203283863492401,1,1,11952.790028901736,High Risk / Low-Med Value
104455,0.2048266629312543,0,0,49636.23806133625,Low Risk (Healthy)
104456,0.6983180554326257,1,0,11349.675,High Risk / Low-Med Value
104457,0.1470956475695014,0,0,28242.61584158416,Low Risk (Healthy)
104458,0.5392049230496262,1,1,9578.9706122449,Watchlist (Medium Risk)
104459,0.5113451614290669,1,0,9293.671714285714,Watchlist (Medium Risk)
104460,0.3043690388363853,0,0,80183.69947368422,Low Risk (Healthy)
104461,0.3966439878483468,0,0,3579.47048346056,Watchlist (Medium Risk)
104463,0.2939873541756764,0,0,17977.81809872029,Low Risk (Healthy)
104465,0.7969227554299562,1,1,16287.758562992123,High Risk / High Value
104466,0.6796283556458096,1,1,32206.60984042553,High Risk / High Value
104467,0.4207645252352399,0,0,7547.513675213676,Watchlist (Medium Risk)
104468,0.2238144966138923,0,0,17538.66402985075,Low Risk (Healthy)
104469,0.5214944356209703,1,0,6781.302928870292,Watchlist (Medium Risk)
104470,0.3523487038505598,0,0,7569.7496,Watchlist (Medium Risk)
104471,0.3113496072229361,0,0,50295.83863636364,Low Risk (Healthy)
104472,0.3132616428708641,0,1,32305.85016429354,Low Risk (Healthy)
104473,0.7516374777736218,1,1,4258.619607843137,High Risk / Low-Med Value
104474,0.1831851869248983,0,0,19528.269362745097,Low Risk (Healthy)
104475,0.5037596225130374,1,1,9849.275539568349,Watchlist (Medium Risk)
104477,0.8447360919739222,1,1,1866.485268346112,High Risk / Low-Med Value
104478,0.7004433541521138,1,1,252.35538461538465,High Risk / Low-Med Value
104479,0.7734818168345045,1,1,5125.807338444688,High Risk / Low-Med Value
104480,0.2523784403777633,0,0,22744.88047808765,Low Risk (Healthy)
104482,0.7073323693518002,1,1,6007.615494296577,High Risk / Low-Med Value
104483,0.0879224506695847,0,0,18439.1843373494,Low Risk (Healthy)
104484,0.4243168720396032,0,0,26786.15395480226,Watchlist (Medium Risk)
104485,0.5051866529794011,1,0,20224.91071428572,Watchlist (Medium Risk)
104486,0.6386104583121202,1,1,5327.518942307693,High Risk / Low-Med Value
104487,0.3421112965115757,0,0,23507.506794871795,Low Risk (Healthy)
104488,0.4043191010639021,0,1,21426.62338444688,Watchlist (Medium Risk)
104489,0.8902918791482779,1,1,3251.20944363104,High Risk / Low-Med Value
104490,0.3055815530332717,0,0,18393.67021276596,Low Risk (Healthy)
104491,0.3018402231344535,0,0,18563.06483050848,Low Risk (Healthy)
104492,0.7985348380703451,1,1,3357.127711864407,High Risk / Low-Med Value
104493,0.2387093960714154,0,0,60538.08888888889,Low Risk (Healthy)
104494,0.5455577286420491,1,0,6284.895443349754,Watchlist (Medium Risk)
104495,0.4022621456333629,0,0,10790.017537826683,Watchlist (Medium Risk)
104496,0.4662717238109349,0,0,6130.199149338375,Watchlist (Medium Risk)
104498,0.1964642357431214,0,0,23093.521484375,Low Risk (Healthy)
104499,0.3744953975688906,0,0,15708.56482504604,Watchlist (Medium Risk)
104500,0.7341752341685084,1,1,4138.156516976998,High Risk / Low-Med Value
104501,0.5811471291826134,1,0,2535.1982035928145,Watchlist (Medium Risk)
104502,0.8807037542302574,1,1,4272.171084337349,High Risk / Low-Med Value
104503,0.8198442724032557,1,1,5970.338555347092,High Risk / Low-Med Value
104504,0.6076208633201765,1,1,23295.712903225805,High Risk / High Value
104505,0.7583718334374907,1,1,10927.85763612218,High Risk / Low-Med Value
104506,0.3237067572412314,0,0,41958.67105263158,Low Risk (Healthy)
104507,0.6797909894990147,1,1,23283.40639044944,High Risk / High Value
104508,0.4184201146253263,0,1,13088.33294642857,Watchlist (Medium Risk)
104509,0.3297292493816355,0,0,10345.47536231884,Low Risk (Healthy)
104510,0.2461791217172853,0,0,11207.094660194176,Low Risk (Healthy)
104511,0.2190123747801333,0,0,33588.548684210524,Low Risk (Healthy)
104512,0.6415439215363985,1,0,2730.6103550295857,High Risk / Low-Med Value
104513,0.3418009639384655,0,0,25297.66333333333,Low Risk (Healthy)
104514,0.2127002330742639,0,0,18617.71594488189,Low Risk (Healthy)
104515,0.2850386249916285,0,0,16117.81811594203,Low Risk (Healthy)
104517,0.2651957619662176,0,0,16722.40740740741,Low Risk (Healthy)
104518,0.3009039689180383,0,0,20116.369549763032,Low Risk (Healthy)
104519,0.6649491962108788,1,1,4384.69530516432,High Risk / Low-Med Value
104520,0.6149699276033634,1,0,2488.041379310345,High Risk / Low-Med Value
104521,0.1997030276796906,0,0,33563.04811715481,Low Risk (Healthy)
104522,0.7811226113762254,1,1,7384.03395399781,High Risk / Low-Med Value
104523,0.259993560000057,0,0,10906.66737804878,Low Risk (Healthy)
104524,0.3156480174840235,0,0,16539.29366666667,Low Risk (Healthy)
104525,0.3645887312990448,0,1,19672.34096491228,Watchlist (Medium Risk)
104526,0.3219855183544882,0,0,9235.52603686636,Low Risk (Healthy)
104527,0.6918781736125869,1,0,6065.667667238423,High Risk / Low-Med Value
104528,0.3908161579785238,0,0,39842.18113718412,Watchlist (Medium Risk)
104529,0.762722449273682,1,1,1683.6290364583333,High Risk / Low-Med Value
104530,0.2620340466357833,0,0,9240.0890625,Low Risk (Healthy)
104531,0.8419808883391657,1,1,9677.209677419354,High Risk / Low-Med Value
104532,0.2336778540152738,0,0,12700.3321192053,Low Risk (Healthy)
104534,0.8841350783834949,1,1,2361.742105263158,High Risk / Low-Med Value
104535,0.8065945441196589,1,1,6916.666571428571,High Risk / Low-Med Value
104536,0.2123753711125121,0,0,22828.21919889503,Low Risk (Healthy)
104537,0.337801178135053,0,0,8155.301028277636,Low Risk (Healthy)
104538,0.3157589589348159,0,0,18619.43725490196,Low Risk (Healthy)
104539,0.2737351714081566,0,1,44728.59743589744,Low Risk (Healthy)
104540,0.4521565859015055,0,1,16544.52594936709,Watchlist (Medium Risk)
104541,0.8316968028671539,1,1,4378.298820058997,High Risk / Low-Med Value
104543,0.67554744024647,1,1,14703.810841836734,High Risk / Low-Med Value
104544,0.7989005585251807,1,1,1339.6647347740668,High Risk / Low-Med Value
104545,0.5929913997725401,1,0,26805.05702479339,Watchlist (Medium Risk)
104546,0.2014825892366396,0,0,13482.98503937008,Low Risk (Healthy)
104547,0.6289793140204286,1,0,8402.315835140998,High Risk / Low-Med Value
104548,0.5357214504650762,1,0,6250.990000000001,Watchlist (Medium Risk)
104549,0.2198097117997277,0,0,21045.51506591337,Low Risk (Healthy)
104550,0.6818939885959102,1,1,10090.137274774776,High Risk / Low-Med Value
104551,0.7784902634726265,1,1,10355.006024096385,High Risk / Low-Med Value
104552,0.386667687957657,0,0,10972.36774370208,Watchlist (Medium Risk)
104553,0.2003999399240379,0,0,17284.67854609929,Low Risk (Healthy)
104554,0.5505761984833147,1,0,8443.817090909091,Watchlist (Medium Risk)
104555,0.2600801690124495,0,0,14784.007915057917,Low Risk (Healthy)
104556,0.7162920593363896,1,1,5167.21686351706,High Risk / Low-Med Value
104557,0.6700521204614774,1,1,7235.512957317072,High Risk / Low-Med Value
104558,0.2608980220114942,0,0,19280.424330357146,Low Risk (Healthy)
104559,0.8038096539661912,1,1,4876.600109649123,High Risk / Low-Med Value
104560,0.3599202741545722,0,0,16713.10077092511,Watchlist (Medium Risk)
104561,0.4119051126779933,0,1,10223.930421313506,Watchlist (Medium Risk)
104562,0.4905966535442952,0,0,20185.036764705885,Watchlist (Medium Risk)
104563,0.1956481645942652,0,0,11320.492990142387,Low Risk (Healthy)
104564,0.199063962936328,0,0,32385.02173913043,Low Risk (Healthy)
104565,0.6619283122922233,1,0,2283.857142857143,High Risk / Low-Med Value
104566,0.6389758011404222,1,0,10125.450676589986,High Risk / Low-Med Value
104568,0.668913217996018,1,0,48.53723404255319,High Risk / Low-Med Value
104569,0.547214902146115,1,1,7592.649466192171,Watchlist (Medium Risk)
104570,0.7365229494619459,1,1,4372.959857612267,High Risk / Low-Med Value
104571,0.2438748342544074,0,0,14731.709905660378,Low Risk (Healthy)
104573,0.1519468362606577,0,0,25596.290635268346,Low Risk (Healthy)
104574,0.2958171626337804,0,0,3636.543838028169,Low Risk (Healthy)
104575,0.5133831507564387,1,0,10738.953114382786,Watchlist (Medium Risk)
104576,0.2477193350775356,0,0,14829.859128630706,Low Risk (Healthy)
104577,0.2394426024367278,0,0,10059.751336898396,Low Risk (Healthy)
104578,0.6457904938911512,1,1,26603.262869660462,High Risk / High Value
104579,0.3768927164664847,0,1,12171.290799561884,Watchlist (Medium Risk)
104580,0.309497916015925,0,1,10835.854545454546,Low Risk (Healthy)
104581,0.3058950024416784,0,0,8059.102666666668,Low Risk (Healthy)
104582,0.4835772095000776,0,1,35498.367403314915,Watchlist (Medium Risk)
104583,0.3366538504274575,0,0,7627.089772727272,Low Risk (Healthy)
104584,0.5603177780536034,1,0,1987.2672839506167,Watchlist (Medium Risk)
104585,0.3028459828201728,0,0,10744.42335526316,Low Risk (Healthy)
104586,0.547463434613667,1,1,9919.621255060729,Watchlist (Medium Risk)
104587,0.3640439233681479,0,0,15914.3078313253,Watchlist (Medium Risk)
104588,0.2194779479836014,0,0,7554.224933333333,Low Risk (Healthy)
104589,0.2935883762128163,0,0,9377.44084720121,Low Risk (Healthy)
104590,0.3210363204053902,0,0,7757.151963048499,Low Risk (Healthy)
104591,0.2981241282866043,0,1,20339.87805872757,Low Risk (Healthy)
104592,0.2228274041625959,0,0,22977.449274310595,Low Risk (Healthy)
104593,0.474735824049283,0,1,3874.180131004367,Watchlist (Medium Risk)
104594,0.4067154923609116,0,0,9900.126242236023,Watchlist (Medium Risk)
104595,0.2053282144716741,0,0,7214.774698795181,Low Risk (Healthy)
104596,0.2102043244076623,0,0,20332.508373205743,Low Risk (Healthy)
104597,0.3080979541270722,0,0,10574.021484375,Low Risk (Healthy)
104598,0.5552347765758778,1,0,1038.323611111111,Watchlist (Medium Risk)
104599,0.162483379912266,0,0,14533.076420454545,Low Risk (Healthy)
104600,0.343222181563357,0,0,24251.59161849711,Low Risk (Healthy)
104601,0.4889907958422426,0,0,5015.18488372093,Watchlist (Medium Risk)
104603,0.4879886417155256,0,0,27224.440084985832,Watchlist (Medium Risk)
104604,0.8010536665862553,1,1,2887.9509722222224,High Risk / Low-Med Value
104605,0.1856836080999577,0,0,51439.24983870968,Low Risk (Healthy)
104606,0.3578770650456074,0,0,14822.73186915888,Watchlist (Medium Risk)
104607,0.6890058237948206,1,1,6263.3660069848665,High Risk / Low-Med Value
104608,0.4368280606674142,0,1,44505.696341463416,Watchlist (Medium Risk)
104609,0.5962607784272425,1,1,1238.3485849056606,Watchlist (Medium Risk)
104611,0.4000163881939005,0,0,12130.80477855478,Watchlist (Medium Risk)
104612,0.2843676912897805,0,1,8171.387727272728,Low Risk (Healthy)
104613,0.5247641750962614,1,1,11718.197446236562,Watchlist (Medium Risk)
104614,0.2757151223293968,0,1,16177.088374717832,Low Risk (Healthy)
104615,0.4788663177465605,0,1,50732.14347826087,Watchlist (Medium Risk)
104616,0.2194056781554995,0,0,12745.23902195609,Low Risk (Healthy)
104617,0.5294639246134043,1,0,5190.445295536791,Watchlist (Medium Risk)
104618,0.3282998945908185,0,0,9614.67567114094,Low Risk (Healthy)
104619,0.3236663395062182,0,0,17148.361023622045,Low Risk (Healthy)
104620,0.4140020191391497,0,1,11873.252421652423,Watchlist (Medium Risk)
104621,0.1634299912472442,0,0,30622.877519379846,Low Risk (Healthy)
104622,0.51429853503143,1,0,7689.216563467492,Watchlist (Medium Risk)
104623,0.2640981925780796,0,0,11618.50303030303,Low Risk (Healthy)
104624,0.2127197985812167,0,0,22549.93548387097,Low Risk (Healthy)
104625,0.1974233771836135,0,0,8268.564983164983,Low Risk (Healthy)
104626,0.383676060748008,0,1,12940.583333333334,Watchlist (Medium Risk)
104627,0.5757905906250227,1,1,3406.2923076923075,Watchlist (Medium Risk)
104629,0.2533709466899683,0,0,6269.253153153152,Low Risk (Healthy)
104630,0.2901167070765686,0,0,23633.16232201533,Low Risk (Healthy)
104631,0.3692159931572569,0,0,13181.62738095238,Watchlist (Medium Risk)
104632,0.2524929677149923,0,0,46257.94240654206,Low Risk (Healthy)
104633,0.1357462554180704,0,0,67254.34769736843,Low Risk (Healthy)
104634,0.4839031402284925,0,0,6549.635193133047,Watchlist (Medium Risk)
104636,0.2848158611326614,0,0,20771.002857142856,Low Risk (Healthy)
104637,0.4559345734395474,0,0,13288.093271221534,Watchlist (Medium Risk)
104638,0.7377245356875186,1,0,2945.533023255814,High Risk / Low-Med Value
104639,0.4763232223172606,0,1,10969.245454545457,Watchlist (Medium Risk)
104640,0.6133237464909709,1,1,6720.2150154798765,High Risk / Low-Med Value
104641,0.2407374003402271,0,0,14020.3216,Low Risk (Healthy)
104642,0.483228590442143,0,1,3484.404292929293,Watchlist (Medium Risk)
104643,0.602889550546033,1,1,8515.367045454544,High Risk / Low-Med Value
104644,0.5366864902170666,1,0,20199.67676886793,Watchlist (Medium Risk)
104645,0.7110446694816391,1,1,2135.3103305785125,High Risk / Low-Med Value
104646,0.3100213116628248,0,0,4878.784666666666,Low Risk (Healthy)
104647,0.5319107871263864,1,0,7340.752901785715,Watchlist (Medium Risk)
104648,0.4104643002352416,0,0,9764.256459330143,Watchlist (Medium Risk)
104649,0.4336150984695331,0,0,13717.05322580645,Watchlist (Medium Risk)
104650,0.3066352500890577,0,0,25347.4925925926,Low Risk (Healthy)
104651,0.4941156198280503,0,0,4381.355257393208,Watchlist (Medium Risk)
104652,0.4421077934394476,0,0,8293.015881708654,Watchlist (Medium Risk)
104653,0.7380070729562529,1,1,8623.288782051282,High Risk / Low-Med Value
104654,0.422037086990236,0,0,5550.260321100917,Watchlist (Medium Risk)
104655,0.3515261326955453,0,0,4009.5460576923074,Watchlist (Medium Risk)
104656,0.3798693723994086,0,0,17714.486277602526,Watchlist (Medium Risk)
104657,0.6557729337225265,1,1,5749.664470842333,High Risk / Low-Med Value
104658,0.2597275808132042,0,0,8581.143706896552,Low Risk (Healthy)
104659,0.580643653416993,1,1,4536.228902439024,Watchlist (Medium Risk)
104660,0.3757155036157165,0,1,12615.971374622355,Watchlist (Medium Risk)
104661,0.4283036194849536,0,0,18623.625418994416,Watchlist (Medium Risk)
104662,0.6368541256581762,1,1,10048.522792022792,High Risk / Low-Med Value
104663,0.2659588847273759,0,0,9663.253066812706,Low Risk (Healthy)
104664,0.6553317441040588,1,0,20741.141357234315,High Risk / High Value
104665,0.7200691947559104,1,1,9272.510645933016,High Risk / Low-Med Value
104666,0.1944553894786127,0,0,13868.991056910569,Low Risk (Healthy)
104667,0.2021274037776765,0,0,21880.52670299727,Low Risk (Healthy)
104668,0.5423664496999858,1,1,5947.950471698114,Watchlist (Medium Risk)
104669,0.6236741070714895,1,0,11504.724920886074,High Risk / Low-Med Value
104672,0.4468997899784711,0,1,37111.84428571429,Watchlist (Medium Risk)
104673,0.235637378421347,0,0,47034.22552182164,Low Risk (Healthy)
104674,0.3030902945587689,0,0,73262.79999999999,Low Risk (Healthy)
104675,0.2936503171951148,0,0,32644.907758620688,Low Risk (Healthy)
104676,0.2316253449968988,0,0,8917.808823529413,Low Risk (Healthy)
104677,0.1456091443614663,0,0,23264.73281437126,Low Risk (Healthy)
104678,0.2201153841113393,0,0,15739.093601462522,Low Risk (Healthy)
104679,0.4113474134408985,0,0,3715.3511029411766,Watchlist (Medium Risk)
104680,0.757837374014157,1,1,6423.44926035503,High Risk / Low-Med Value
104681,0.5437611584065717,1,1,6022.995728368018,Watchlist (Medium Risk)
104682,0.5745856664768019,1,0,7920.825540540541,Watchlist (Medium Risk)
104683,0.4683468779802691,0,0,7824.074626865672,Watchlist (Medium Risk)
104684,0.3988718718625854,0,0,5261.953688524591,Watchlist (Medium Risk)
104685,0.4884992472882051,0,0,1445.49125,Watchlist (Medium Risk)
104686,0.6104900153743202,1,0,7406.945,High Risk / Low-Med Value
104687,0.316344272699307,0,0,23251.721456692914,Low Risk (Healthy)
104688,0.3144915980901112,0,0,19384.01191536748,Low Risk (Healthy)
104689,0.2874431915832188,0,1,28947.31354166667,Low Risk (Healthy)
104690,0.4048955776412743,0,1,7541.056428571429,Watchlist (Medium Risk)
104691,0.3949653609176351,0,0,12596.809027777776,Watchlist (Medium Risk)
104692,0.2106845066250506,0,0,8484.146904761905,Low Risk (Healthy)
104693,0.640682072337508,1,0,2192.7771739130435,High Risk / Low-Med Value
104694,0.2328552006129967,0,0,25691.6148409894,Low Risk (Healthy)
104695,0.2653112284555218,0,0,13008.556024096386,Low Risk (Healthy)
104696,0.1624782109923503,0,0,27174.821205007825,Low Risk (Healthy)
104697,0.8767957698667397,1,1,3319.970132013201,High Risk / Low-Med Value
104698,0.155651477167195,0,0,23346.45142387733,Low Risk (Healthy)
104699,0.6843024519289922,1,1,9848.3408993576,High Risk / Low-Med Value
104700,0.5353993010085387,1,1,35305.406571741514,Watchlist (Medium Risk)
104701,0.1888130831296853,0,0,36743.12677984666,Low Risk (Healthy)
104702,0.4001044257993722,0,0,20312.32156862745,Watchlist (Medium Risk)
104703,0.5015050116769888,1,1,5326.045238095238,Watchlist (Medium Risk)
104704,0.3318800396733634,0,1,5695.640825688073,Low Risk (Healthy)
104705,0.6185771238081571,1,1,12121.7125,High Risk / Low-Med Value
104706,0.3071704058170955,0,0,34753.01401384083,Low Risk (Healthy)
104707,0.3678490262622885,0,0,6069.692352941177,Watchlist (Medium Risk)
104708,0.6608166032630908,1,1,7946.578985507246,High Risk / Low-Med Value
104709,0.2809841334716194,0,0,14112.503787878788,Low Risk (Healthy)
104710,0.1154713131965794,0,1,59535.411961722486,Low Risk (Healthy)
104711,0.6548415014509399,1,1,10358.389496527778,High Risk / Low-Med Value
104712,0.4820231116784412,0,1,7215.1669354838705,Watchlist (Medium Risk)
104713,0.5387362044834378,1,1,6074.271264367817,Watchlist (Medium Risk)
104714,0.3142273434668938,0,0,11288.448233695652,Low Risk (Healthy)
104715,0.4459057723701031,0,0,15939.3102189781,Watchlist (Medium Risk)
104716,0.4487539874506771,0,0,7691.454076923077,Watchlist (Medium Risk)
104717,0.398305526193317,0,0,29348.78095238095,Watchlist (Medium Risk)
104718,0.3419832117937555,0,1,22267.48463855421,Low Risk (Healthy)
104719,0.3552565616611078,0,0,12768.083789704271,Watchlist (Medium Risk)
104720,0.2407994766642381,0,0,7862.822395833334,Low Risk (Healthy)
104721,0.7041295324600639,1,1,12726.634603174603,High Risk / Low-Med Value
104722,0.7712760783218685,1,1,6891.976686046512,High Risk / Low-Med Value
104723,0.2783592905194185,0,0,22215.20849056604,Low Risk (Healthy)
104724,0.2540384831978428,0,0,11089.77429078014,Low Risk (Healthy)
104725,0.3312292764659104,0,0,15903.479411764703,Low Risk (Healthy)
104726,0.7097239011406975,1,1,8804.614342629482,High Risk / Low-Med Value
104727,0.3847469451626042,0,1,3405.871153846154,Watchlist (Medium Risk)
104728,0.3911998169993195,0,0,9406.99024,Watchlist (Medium Risk)
104729,0.2691764088257836,0,0,18525.68788659793,Low Risk (Healthy)
104730,0.6111454706134807,1,1,6432.354444444445,High Risk / Low-Med Value
104734,0.3425097816460901,0,1,22966.33970427163,Low Risk (Healthy)
104735,0.5908736036310331,1,1,13679.967145135566,Watchlist (Medium Risk)
104736,0.2532206176839152,0,0,10369.761663479923,Low Risk (Healthy)
104737,0.2050882985822848,0,0,33258.91288659794,Low Risk (Healthy)
104738,0.4161041810351755,0,0,9843.860880829016,Watchlist (Medium Risk)
104739,0.8228206727259074,1,1,11065.284905660375,High Risk / Low-Med Value
104740,0.3630031318101009,0,0,29985.08181818181,Watchlist (Medium Risk)
104741,0.2644105561672246,0,0,37381.54489361702,Low Risk (Healthy)
104742,0.1741064482577966,0,0,12268.076730987514,Low Risk (Healthy)
104743,0.2696384303773125,0,0,14046.70659574468,Low Risk (Healthy)
104744,0.5461356798506292,1,0,20312.595598006646,Watchlist (Medium Risk)
104745,0.7044211622012826,1,1,10502.15504587156,High Risk / Low-Med Value
104747,0.3125960647517484,0,0,15587.813216560507,Low Risk (Healthy)
104748,0.1551670090261402,0,0,25500.866133333333,Low Risk (Healthy)
104749,0.3358033225477228,0,0,42144.925,Low Risk (Healthy)
104750,0.4539688959865952,0,0,6453.519375,Watchlist (Medium Risk)
104751,0.206313683442306,0,0,17692.77491525424,Low Risk (Healthy)
104753,0.5707966690445322,1,1,11432.618103448276,Watchlist (Medium Risk)
104754,0.2372487768584846,0,0,22017.15359375,Low Risk (Healthy)
104755,0.4978878718405671,0,0,5584.084227820373,Watchlist (Medium Risk)
104756,0.2489165012677171,0,0,15044.136637458923,Low Risk (Healthy)
104757,0.2972303475462159,0,1,14304.564705882352,Low Risk (Healthy)
104758,0.5158765919882149,1,0,4810.7,Watchlist (Medium Risk)
104759,0.1612426511917041,0,0,12545.246813725493,Low Risk (Healthy)
104760,0.1959293474729885,0,0,37160.32946175637,Low Risk (Healthy)
104761,0.3953716187993939,0,1,14706.796296296296,Watchlist (Medium Risk)
104762,0.5041787111412078,1,0,4821.235227272727,Watchlist (Medium Risk)
104763,0.2611352681739711,0,0,6081.734573002755,Low Risk (Healthy)
104764,0.2682805343386504,0,0,18516.850867052024,Low Risk (Healthy)
104765,0.4617293742458377,0,0,3908.541666666667,Watchlist (Medium Risk)
104767,0.847560763678749,1,1,4425.962322274881,High Risk / Low-Med Value
104768,0.6008718570095137,1,1,7121.461585365854,High Risk / Low-Med Value
104769,0.1981779649863871,0,0,21878.548053892213,Low Risk (Healthy)
104770,0.4821587955945769,0,0,14669.874055415616,Watchlist (Medium Risk)
104771,0.692871310907697,1,1,5492.021855345912,High Risk / Low-Med Value
104772,0.5984427522226237,1,0,1907.3775157232703,Watchlist (Medium Risk)
104773,0.565320100546101,1,0,5108.404874041621,Watchlist (Medium Risk)
104774,0.299238672961189,0,0,5960.893756845565,Low Risk (Healthy)
104775,0.6576850742569154,1,1,5687.688876651982,High Risk / Low-Med Value
104776,0.3110058318536905,0,1,54941.54597938145,Low Risk (Healthy)
104777,0.8290323224916888,1,1,2523.1521205357144,High Risk / Low-Med Value
104778,0.4630473004084198,0,1,10960.996370235933,Watchlist (Medium Risk)
104779,0.6503418748754839,1,1,5485.162093628088,High Risk / Low-Med Value
104780,0.3830980622282688,0,0,4821.135681818181,Watchlist (Medium Risk)
104781,0.4037043458786351,0,0,20479.73422782037,Watchlist (Medium Risk)
104782,0.1622864349667451,0,0,22809.09786418401,Low Risk (Healthy)
104783,0.6189992100286896,1,1,2251.4058823529413,High Risk / Low-Med Value
104784,0.4225180025456845,0,0,5461.989516129032,Watchlist (Medium Risk)
104785,0.3032214185392058,0,0,4816.388738738739,Low Risk (Healthy)
104786,0.7326532219072659,1,1,12530.43095652174,High Risk / Low-Med Value
104787,0.7181535360293821,1,1,5836.155703422053,High Risk / Low-Med Value
104788,0.2322405640657251,0,0,15868.971800947866,Low Risk (Healthy)
104789,0.8198618952359789,1,1,12633.974336283183,High Risk / Low-Med Value
104790,0.493803437364593,0,1,3312.159139784946,Watchlist (Medium Risk)
104791,0.808017509729266,1,1,4083.412901155328,High Risk / Low-Med Value
104792,0.2417426426614319,0,0,16609.06875,Low Risk (Healthy)
104793,0.251980322610937,0,0,30033.743154435924,Low Risk (Healthy)
104794,0.5028823189857617,1,1,9096.417570498914,Watchlist (Medium Risk)
104795,0.4110141858137952,0,0,23907.088888888888,Watchlist (Medium Risk)
104796,0.787686229785714,1,1,4420.210413793104,High Risk / Low-Med Value
104797,0.2192254453923172,0,0,9714.924753559691,Low Risk (Healthy)
104798,0.8257748941241865,1,1,5135.976849642005,High Risk / Low-Med Value
104799,0.6006306288362803,1,0,16122.912727272727,High Risk / High Value
104800,0.7429848720814579,1,0,4307.434893617022,High Risk / Low-Med Value
104801,0.4824132335183442,0,0,8931.75173521851,Watchlist (Medium Risk)
104802,0.5362341734013772,1,0,30768.46079346558,Watchlist (Medium Risk)
104803,0.3358012401027692,0,0,200557.690625,Low Risk (Healthy)
104804,0.3436280973171775,0,1,9907.323329682366,Low Risk (Healthy)
104805,0.4350063245811451,0,1,30438.865094339624,Watchlist (Medium Risk)
104806,0.3492525481476662,0,0,12184.1493993994,Low Risk (Healthy)
104807,0.2730369691857477,0,0,15755.438882803945,Low Risk (Healthy)
104808,0.2614397022417795,0,0,11745.997959183673,Low Risk (Healthy)
104809,0.3364597549026764,0,0,11999.1018707483,Low Risk (Healthy)
104810,0.5617031485328201,1,1,7577.643333333334,Watchlist (Medium Risk)
104811,0.7109848261576119,1,1,9912.872240618102,High Risk / Low-Med Value
104812,0.303376591855327,0,1,12549.53618181818,Low Risk (Healthy)
104813,0.1647420744588047,0,0,66583.29299424184,Low Risk (Healthy)
104814,0.2500223925513944,0,0,32990.525,Low Risk (Healthy)
104815,0.2051574185358083,0,0,15205.088444687844,Low Risk (Healthy)
104816,0.1061451348552896,0,0,23405.7269441402,Low Risk (Healthy)
104817,0.5557128483911536,1,1,4267.273480662983,Watchlist (Medium Risk)
104818,0.5204472417608403,1,0,12037.027837259102,Watchlist (Medium Risk)
104819,0.2571466194812545,0,0,21436.057654723125,Low Risk (Healthy)
104820,0.3913613132311718,0,1,4748.298518518519,Watchlist (Medium Risk)
104821,0.6128335484291405,1,0,7317.105894590847,High Risk / Low-Med Value
104822,0.6374445837798883,1,1,1901.529934210526,High Risk / Low-Med Value
104823,0.8868247067934694,1,1,6130.017847222222,High Risk / Low-Med Value
104824,0.3435482586262195,0,1,9148.740962099128,Low Risk (Healthy)
104825,0.6992257846665959,1,1,558.0485933503836,High Risk / Low-Med Value
104826,0.3363332482475568,0,1,14050.131125827817,Low Risk (Healthy)
104827,0.3007711556217561,0,0,7647.432436260623,Low Risk (Healthy)
104829,0.1588502606313752,0,0,19048.450492880613,Low Risk (Healthy)
104830,0.1531950705788523,0,0,10090.786801752463,Low Risk (Healthy)
104831,0.5517128059722711,1,1,6516.382133995037,Watchlist (Medium Risk)
104832,0.3053671989018264,0,1,6418.68062015504,Low Risk (Healthy)
104833,0.5871886190139914,1,1,3791.459756097561,Watchlist (Medium Risk)
104834,0.2447231336966377,0,0,12565.711894273129,Low Risk (Healthy)
104835,0.3131476107000907,0,0,17873.074809160305,Low Risk (Healthy)
104836,0.1465299610050685,0,0,30726.202293577982,Low Risk (Healthy)
104837,0.4046329908954083,0,0,7565.596436525612,Watchlist (Medium Risk)
104838,0.2686258860466005,0,0,18208.41624500665,Low Risk (Healthy)
104840,0.8125892242271078,1,1,2332.431111111111,High Risk / Low-Med Value
104841,0.6456680013718605,1,1,9340.473932092003,High Risk / Low-Med Value
104842,0.2727595028310384,0,0,6842.259728867623,Low Risk (Healthy)
104843,0.3848406104686363,0,0,9930.29074479737,Watchlist (Medium Risk)
104844,0.738442664489378,1,1,11559.753888280396,High Risk / Low-Med Value
104845,0.3937957207647672,0,0,11929.912741652022,Watchlist (Medium Risk)
104847,0.1440184553401272,0,0,24828.10402097902,Low Risk (Healthy)
104848,0.4215889945814391,0,0,8565.856962025317,Watchlist (Medium Risk)
104851,0.1632293698639287,0,0,33825.4150055371,Low Risk (Healthy)
104852,0.0927956852480958,0,0,18602.384527972023,Low Risk (Healthy)
104853,0.2689299805334347,0,1,17375.06557734205,Low Risk (Healthy)
104854,0.7745293373570361,1,0,4010.04262560778,High Risk / Low-Med Value
104856,0.504794473306246,1,0,6775.652450980392,Watchlist (Medium Risk)
104857,0.3731205161716864,0,0,13293.58968253968,Watchlist (Medium Risk)
104858,0.2447430367817114,0,0,17992.415501165502,Low Risk (Healthy)
104859,0.3850793116245538,0,0,8923.217760180994,Watchlist (Medium Risk)
104860,0.4302945977473751,0,0,5587.4947147651,Watchlist (Medium Risk)
104861,0.6193611946018494,1,0,6461.611343283582,High Risk / Low-Med Value
104863,0.4866472462702129,0,1,19974.50725806452,Watchlist (Medium Risk)
104864,0.2835560121213405,0,0,6935.998947368422,Low Risk (Healthy)
104865,0.4545852342308108,0,0,20926.082666666665,Watchlist (Medium Risk)
104866,0.2519169286593228,0,0,22602.77459016393,Low Risk (Healthy)
104867,0.324120045727118,0,0,44053.97209302326,Low Risk (Healthy)
104868,0.374830137194368,0,0,10090.366443850267,Watchlist (Medium Risk)
104869,0.4090217844087738,0,0,5293.827272727272,Watchlist (Medium Risk)
104870,0.3628991853500578,0,0,5126.658974358974,Watchlist (Medium Risk)
104871,0.5325308476406339,1,0,2979.3169082125605,Watchlist (Medium Risk)
104872,0.4120234648843178,0,0,13418.370167286246,Watchlist (Medium Risk)
104873,0.5572899542724792,1,1,6388.835365853659,Watchlist (Medium Risk)
104874,0.500088166259306,1,1,7585.869417475729,Watchlist (Medium Risk)
104876,0.4008075635434281,0,1,10454.125310173698,Watchlist (Medium Risk)
104877,0.3863069365216711,0,0,15466.017469879516,Watchlist (Medium Risk)
104878,0.4634295481266129,0,0,7265.990588235293,Watchlist (Medium Risk)
104879,0.85622567435501,1,0,2854.007192254495,High Risk / Low-Med Value
104880,0.3760823021753751,0,0,17100.78814102564,Watchlist (Medium Risk)
104882,0.2754552609284267,0,0,13632.75,Low Risk (Healthy)
104883,0.4671452620465038,0,0,16123.246010186756,Watchlist (Medium Risk)
104884,0.3548828271924266,0,0,4914.476700680272,Watchlist (Medium Risk)
104885,0.747482812047734,1,1,8625.478620689655,High Risk / Low-Med Value
104886,0.8052008196163389,1,1,282.81822222222223,High Risk / Low-Med Value
104887,0.3852706614306367,0,0,14470.82731629393,Watchlist (Medium Risk)
104888,0.7427622831247054,1,1,4299.431471389646,High Risk / Low-Med Value
104889,0.4723321184175199,0,0,8033.703090909091,Watchlist (Medium Risk)
104890,0.3605531509421553,0,1,10271.865820642975,Watchlist (Medium Risk)
104891,0.3210834369861268,0,1,31780.18089887641,Low Risk (Healthy)
104892,0.8121070919655393,1,1,10131.656605504588,High Risk / Low-Med Value
104893,0.3385201203317413,0,1,23869.95946547884,Low Risk (Healthy)
104895,0.1915670108218311,0,0,17320.17850877193,Low Risk (Healthy)
104896,0.7327104097882409,1,1,4599.600968523002,High Risk / Low-Med Value
104897,0.7669823267958213,1,1,25351.81659364732,High Risk / High Value
104898,0.3632746734778396,0,1,8210.201851851853,Watchlist (Medium Risk)
104899,0.5913675254369681,1,0,10395.849780219782,Watchlist (Medium Risk)
104900,0.5866780118076202,1,1,1857.3718340611351,Watchlist (Medium Risk)
104901,0.3400215454081799,0,0,59338.05,Low Risk (Healthy)
104903,0.5411785514424013,1,0,9115.585158817086,Watchlist (Medium Risk)
104904,0.1725161658711959,0,0,16189.687061403509,Low Risk (Healthy)
104905,0.6752437646042198,1,1,10857.738118811882,High Risk / Low-Med Value
104906,0.3014731128554169,0,0,33343.69193548388,Low Risk (Healthy)
104907,0.6968003669603329,1,1,1653.537951807229,High Risk / Low-Med Value
104908,0.2979622336923207,0,0,15676.094311377246,Low Risk (Healthy)
104909,0.215646162673088,0,0,12997.04294736842,Low Risk (Healthy)
104910,0.1519589691788614,0,0,22798.769047619047,Low Risk (Healthy)
104911,0.3642101682465619,0,0,29834.83214676889,Watchlist (Medium Risk)
104912,0.808588206426196,1,1,3679.484679665738,High Risk / Low-Med Value
104913,0.2776289683579321,0,1,21704.253755868547,Low Risk (Healthy)
104914,0.812647561018597,1,1,5036.573376623377,High Risk / Low-Med Value
104915,0.5897183977298708,1,0,7703.671245059289,Watchlist (Medium Risk)
104916,0.5007645701542405,1,0,11130.333187294633,Watchlist (Medium Risk)
104917,0.1386578854158689,0,0,28872.025847457626,Low Risk (Healthy)
104918,0.3299456695815432,0,0,34177.98376623377,Low Risk (Healthy)
104919,0.3436612478139048,0,0,6625.809215686274,Low Risk (Healthy)
104920,0.4066885975579708,0,0,10930.06355748373,Watchlist (Medium Risk)
104921,0.3546476924621069,0,1,12470.624112149531,Watchlist (Medium Risk)
104922,0.3678792712666265,0,0,12844.35,Watchlist (Medium Risk)
104923,0.5961469321372322,1,1,2960.003348214286,Watchlist (Medium Risk)
104924,0.7853202981879054,1,1,8587.310624315443,High Risk / Low-Med Value
104926,0.2106584760451788,0,0,12117.127173913042,Low Risk (Healthy)
104927,0.3026908667377898,0,0,8375.38125,Low Risk (Healthy)
104928,0.5622768398977019,1,1,15839.37560321716,Watchlist (Medium Risk)
104930,0.4423820054283014,0,1,4321.650171821306,Watchlist (Medium Risk)
104931,0.7073461295110863,1,1,26442.181400437632,High Risk / High Value
104932,0.4871295594491414,0,0,10416.763547486033,Watchlist (Medium Risk)
104933,0.1691355956398813,0,0,30963.82411003236,Low Risk (Healthy)
104934,0.2623009631024659,0,0,10388.878667790892,Low Risk (Healthy)
104935,0.3297177747428267,0,0,3426.1912698412702,Low Risk (Healthy)
104936,0.4300922688779892,0,0,11386.278736842103,Watchlist (Medium Risk)
104938,0.4008262766495519,0,0,9423.562667410712,Watchlist (Medium Risk)
104939,0.5884033564805329,1,0,9351.35703125,Watchlist (Medium Risk)
104940,0.3022176421321559,0,0,8222.017191977078,Low Risk (Healthy)
104942,0.4971373599252174,0,1,9714.852889245589,Watchlist (Medium Risk)
104943,0.3311102670786826,0,0,13393.2415625,Low Risk (Healthy)
104944,0.1745246245919264,0,0,19930.975866666668,Low Risk (Healthy)
104945,0.1677080781753345,0,0,22494.510380348653,Low Risk (Healthy)
104946,0.6790750787674376,1,1,6311.39113372093,High Risk / Low-Med Value
104947,0.2399625031513208,0,0,37173.06509598604,Low Risk (Healthy)
104948,0.7744023278223433,1,1,7293.775932835821,High Risk / Low-Med Value
104949,0.3010973811631667,0,0,5770.526067907996,Low Risk (Healthy)
104950,0.2738146889498684,0,0,43237.48808777429,Low Risk (Healthy)
104951,0.5227272889319454,1,1,6965.952,Watchlist (Medium Risk)
104952,0.2359216142861756,0,1,19378.147734138976,Low Risk (Healthy)
104953,0.7422661031925449,1,1,980.8527322404371,High Risk / Low-Med Value
104954,0.4268133079770204,0,1,15057.942753623189,Watchlist (Medium Risk)
104955,0.4254521579410218,0,1,4463.920081967213,Watchlist (Medium Risk)
104956,0.7074864631008029,1,1,6321.214313222081,High Risk / Low-Med Value
104957,0.2027487177180555,0,0,18615.883739255016,Low Risk (Healthy)
104958,0.2783283252724338,0,0,11572.187575301205,Low Risk (Healthy)
104959,0.7715283983417593,1,0,6453.179417293232,High Risk / Low-Med Value
104960,0.3011099897454132,0,0,18219.6,Low Risk (Healthy)
104961,0.4038356863777765,0,0,2724.36,Watchlist (Medium Risk)
104962,0.433766677469043,0,0,7263.126704545454,Watchlist (Medium Risk)
104963,0.8125422145649084,1,1,13995.503846153844,High Risk / Low-Med Value
104964,0.7322195012750791,1,1,1044.8733333333334,High Risk / Low-Med Value
104965,0.5922408916262806,1,0,4778.874561403509,Watchlist (Medium Risk)
104967,0.6789273889661289,1,1,15446.304825174826,High Risk / High Value
104968,0.5661527854955386,1,0,12895.11018619934,Watchlist (Medium Risk)
104969,0.4573649949518998,0,0,6415.841176470589,Watchlist (Medium Risk)
104970,0.7124522157860638,1,1,6113.192291950887,High Risk / Low-Med Value
104971,0.2813722457977984,0,1,17311.027011494254,Low Risk (Healthy)
104972,0.2450673364133881,0,0,12166.618954248364,Low Risk (Healthy)
104973,0.270673938304543,0,0,13186.927386363635,Low Risk (Healthy)
104975,0.7973046781640342,1,1,2011.556925675676,High Risk / Low-Med Value
104976,0.8269147503844779,1,1,6553.239594594595,High Risk / Low-Med Value
104977,0.3685754457264311,0,0,8759.080503833517,Watchlist (Medium Risk)
104978,0.4525285686915917,0,0,21878.954255319142,Watchlist (Medium Risk)
104979,0.3697165673718086,0,1,15484.322,Watchlist (Medium Risk)
104980,0.2904998412876231,0,0,3310.4308163265305,Low Risk (Healthy)
104981,0.3551790259532751,0,1,15677.492478632475,Watchlist (Medium Risk)
104982,0.3399688566626995,0,0,7544.528143712575,Low Risk (Healthy)
104985,0.6972862254979018,1,1,8924.761719605696,High Risk / Low-Med Value
104986,0.5102839580253602,1,1,8591.03407079646,Watchlist (Medium Risk)
104987,0.4963348947032815,0,0,7234.714772727272,Watchlist (Medium Risk)
104988,0.3973895340300404,0,0,9437.503249097472,Watchlist (Medium Risk)
104989,0.2735796058286677,0,0,20245.384638554217,Low Risk (Healthy)
104990,0.2823221069769388,0,0,15866.162389380532,Low Risk (Healthy)
104991,0.3057868636900071,0,0,3865.736470588236,Low Risk (Healthy)
104992,0.3489075055601179,0,0,10362.259316770183,Low Risk (Healthy)
104993,0.1946366950696086,0,0,17553.653,Low Risk (Healthy)
104994,0.3872958798071711,0,0,9670.556493506494,Watchlist (Medium Risk)
104995,0.6988895685257033,1,1,6587.920841683367,High Risk / Low-Med Value
104998,0.4598822777799478,0,0,16352.625231481485,Watchlist (Medium Risk)
104999,0.5214512594508589,1,0,32572.56932773109,Watchlist (Medium Risk)
105000,0.8784880407071401,1,1,3134.938225629792,High Risk / Low-Med Value
105001,0.1827284761198385,0,0,16681.35166666667,Low Risk (Healthy)
105002,0.3890881060837102,0,0,195990.0681818182,Watchlist (Medium Risk)
105003,0.2362826200880749,0,0,10388.675575027384,Low Risk (Healthy)
105004,0.7986432899962927,1,1,3019.714523809524,High Risk / Low-Med Value
105005,0.4062407288260767,0,1,12624.964521452148,Watchlist (Medium Risk)
105006,0.6811911932210272,1,0,2068.5894736842106,High Risk / Low-Med Value
105007,0.377766335863208,0,1,46544.8,Watchlist (Medium Risk)
105008,0.6499758665273775,1,1,17665.374285714286,High Risk / High Value
105009,0.4027663144067211,0,0,7937.914122137405,Watchlist (Medium Risk)
105010,0.2545987995424241,0,0,8924.98,Low Risk (Healthy)
105011,0.4055973917848607,0,1,8807.304,Watchlist (Medium Risk)
105012,0.5996399330989193,1,0,15097.00225,Watchlist (Medium Risk)
105013,0.7203309989872789,1,1,1703.2642045454547,High Risk / Low-Med Value
105014,0.2297604530867257,0,0,8481.452857142858,Low Risk (Healthy)
105015,0.2584843492659526,0,0,54070.35044642857,Low Risk (Healthy)
105018,0.3795987029476146,0,1,14007.710169491527,Watchlist (Medium Risk)
105019,0.4051386357854661,0,1,23556.920197044336,Watchlist (Medium Risk)
105020,0.4256611587393593,0,0,2962.583333333333,Watchlist (Medium Risk)
105021,0.4549344671874079,0,1,6019.359302325581,Watchlist (Medium Risk)
105022,0.5923329677544797,1,0,9053.72011494253,Watchlist (Medium Risk)
105023,0.6654772984151885,1,1,1439.614192139738,High Risk / Low-Med Value
105024,0.6923358489473935,1,1,6823.315530303031,High Risk / Low-Med Value
105025,0.2239787485440399,0,0,21163.413218390804,Low Risk (Healthy)
105026,0.5358430872027025,1,0,9799.614764621969,Watchlist (Medium Risk)
105027,0.2030049307493013,0,0,9573.112295081968,Low Risk (Healthy)
105028,0.178827091263545,0,0,35815.2203875969,Low Risk (Healthy)
105029,0.7297931407498696,1,1,11254.661062431544,High Risk / Low-Med Value
105030,0.2972535702951721,0,0,8737.498699421965,Low Risk (Healthy)
105031,0.3471183275808381,0,0,36153.811538461545,Low Risk (Healthy)
105032,0.749170942572012,1,1,7808.478305400372,High Risk / Low-Med Value
105033,0.575703942115571,1,0,15033.320512820515,Watchlist (Medium Risk)
105034,0.8120243898220497,1,1,5139.263203463203,High Risk / Low-Med Value
105035,0.7345745290340783,1,1,5748.286103351956,High Risk / Low-Med Value
105036,0.2863540982294844,0,0,43151.23900414937,Low Risk (Healthy)
105037,0.7295239437999161,1,1,1977.5049504950496,High Risk / Low-Med Value
105038,0.6763505083444455,1,1,3319.505093099672,High Risk / Low-Med Value
105039,0.5285993404416869,1,0,8269.095202952029,Watchlist (Medium Risk)
105040,0.6907822796180849,1,1,18073.794341943416,High Risk / High Value
105041,0.7123040980690437,1,0,2891.2049635036497,High Risk / Low-Med Value
105042,0.2231403463140911,0,0,13056.579049939097,Low Risk (Healthy)
105043,0.2827378272280078,0,0,52097.36442105263,Low Risk (Healthy)
105044,0.739554061992,1,1,11617.95975935829,High Risk / Low-Med Value
105045,0.2767253804799138,0,0,18855.102873563217,Low Risk (Healthy)
105047,0.4152327168020129,0,1,6250.1947154471545,Watchlist (Medium Risk)
105048,0.2810768565003887,0,0,35759.301311475414,Low Risk (Healthy)
105049,0.5737334858113169,1,1,11014.086891385768,Watchlist (Medium Risk)
105050,0.310978801283971,0,1,13068.9335694051,Low Risk (Healthy)
105051,0.4881131918345967,0,1,19637.112654320987,Watchlist (Medium Risk)
105053,0.6054754328559879,1,1,3410.6910256410256,High Risk / Low-Med Value
105055,0.7133124422807201,1,0,11741.124041297937,High Risk / Low-Med Value
105056,0.452660156845719,0,1,6508.193825910932,Watchlist (Medium Risk)
105057,0.1684357299750876,0,0,8537.684716157206,Low Risk (Healthy)
105059,0.7934537880363586,1,1,5020.446756756756,High Risk / Low-Med Value
105060,0.6854513379531668,1,1,4191.283406352683,High Risk / Low-Med Value
105061,0.639956982074122,1,0,5724.735424354244,High Risk / Low-Med Value
105062,0.3008473810180188,0,0,6523.692608695651,Low Risk (Healthy)
105063,0.5730013017575131,1,0,11995.027205882352,Watchlist (Medium Risk)
105064,0.302595154841467,0,0,5581.494117647058,Low Risk (Healthy)
105065,0.4319058552671279,0,0,26163.5152676399,Watchlist (Medium Risk)
105067,0.5688188219948015,1,1,6186.328846153847,Watchlist (Medium Risk)
105068,0.1906376595143135,0,0,31017.19627601314,Low Risk (Healthy)
105069,0.6501299810429972,1,1,15746.054374999998,High Risk / High Value
105070,0.2660519764258964,0,0,77514.89130434782,Low Risk (Healthy)
105071,0.7159203027189291,1,1,6001.306916996047,High Risk / Low-Med Value
105072,0.5982336175242152,1,0,4773.2677489177495,Watchlist (Medium Risk)
105074,0.4143581311561959,0,0,12023.048951048951,Watchlist (Medium Risk)
105075,0.3055284340841729,0,0,10230.765066666663,Low Risk (Healthy)
105076,0.4693113700290501,0,0,4274.949719101123,Watchlist (Medium Risk)
105077,0.2128608013875444,0,0,23821.704570895527,Low Risk (Healthy)
105078,0.5847405635964159,1,1,1459.15,Watchlist (Medium Risk)
105079,0.3325582685715417,0,0,18029.15546038544,Low Risk (Healthy)
105080,0.1773251901382449,0,0,42869.186125,Low Risk (Healthy)
105081,0.845053126514343,1,1,8504.608281829418,High Risk / Low-Med Value
105082,0.3162673286473143,0,1,17199.801960784313,Low Risk (Healthy)
105083,0.826332673392151,1,1,7675.286363636364,High Risk / Low-Med Value
105084,0.8806705264427908,1,1,6473.22100591716,High Risk / Low-Med Value
105086,0.2885603178682206,0,0,43784.887359550565,Low Risk (Healthy)
105088,0.2424418681533693,0,0,19750.528674351583,Low Risk (Healthy)
105089,0.1660065027845453,0,0,22092.91390625,Low Risk (Healthy)
105090,0.2705554014959044,0,0,6246.504924242426,Low Risk (Healthy)
105091,0.6678089365396565,1,1,10647.77728960396,High Risk / Low-Med Value
105092,0.8588070170612019,1,1,5875.022957198444,High Risk / Low-Med Value
105093,0.6635916856109207,1,1,2980.183023001095,High Risk / Low-Med Value
105094,0.3177371383505308,0,1,8039.135928143712,Low Risk (Healthy)
105095,0.2088596772731343,0,0,31277.836486486485,Low Risk (Healthy)
105096,0.3364110456089604,0,0,21434.853125,Low Risk (Healthy)
105097,0.3008029546250665,0,0,31715.898269896195,Low Risk (Healthy)
105098,0.6395592071545453,1,0,3713.6278293135433,High Risk / Low-Med Value
105099,0.190706848552709,0,0,30942.980627009645,Low Risk (Healthy)
105100,0.37329267267098,0,0,10142.238477366256,Watchlist (Medium Risk)
105101,0.1282083166420669,0,0,22493.993649885582,Low Risk (Healthy)
105102,0.2549540207255457,0,0,11908.650711938662,Low Risk (Healthy)
105103,0.5279919334697901,1,0,10838.124260355027,Watchlist (Medium Risk)
105104,0.4846554857298839,0,0,5005.056375838925,Watchlist (Medium Risk)
105105,0.6808374506620899,1,1,13045.413246268658,High Risk / Low-Med Value
105106,0.7141315285292004,1,1,7185.848039215686,High Risk / Low-Med Value
105107,0.8132529220329294,1,1,3743.476779846659,High Risk / Low-Med Value
105108,0.6790885366349254,1,1,7777.274479737131,High Risk / Low-Med Value
105109,0.2979442771204806,0,0,27519.48465703972,Low Risk (Healthy)
105110,0.7909569504181695,1,1,7360.701355932204,High Risk / Low-Med Value
105111,0.0605125931647813,0,0,22560.021161048688,Low Risk (Healthy)
105112,0.2225527607366137,0,0,49707.66797235023,Low Risk (Healthy)
105114,0.1709723127427681,0,0,11272.07129032258,Low Risk (Healthy)
105115,0.1235004455005652,0,0,24926.79842519685,Low Risk (Healthy)
105116,0.3906048600973124,0,0,135990.000862069,Watchlist (Medium Risk)
105117,0.1935571141216615,0,0,14361.237262357414,Low Risk (Healthy)
105118,0.2944438397684759,0,0,4100.2,Low Risk (Healthy)
105120,0.7965739615839889,1,1,1666.3557632398756,High Risk / Low-Med Value
105121,0.568914883886119,1,0,3628.3884879725088,Watchlist (Medium Risk)
105122,0.51957340635764,1,0,3856.367826086956,Watchlist (Medium Risk)
105123,0.103492866117171,0,0,19762.90700985761,Low Risk (Healthy)
105124,0.210265198685665,0,0,50257.895305164326,Low Risk (Healthy)
105125,0.3323265427769925,0,0,13036.455263157894,Low Risk (Healthy)
105126,0.5535187658418408,1,0,9073.130237430169,Watchlist (Medium Risk)
105127,0.185747827502833,0,0,10172.364917452833,Low Risk (Healthy)
105128,0.4405873273262453,0,0,31648.38641840088,Watchlist (Medium Risk)
105129,0.5099232235140025,1,1,3594.85421686747,Watchlist (Medium Risk)
105130,0.7231058935773891,1,1,5246.528351955307,High Risk / Low-Med Value
105131,0.2686095382414886,0,0,19125.62627986348,Low Risk (Healthy)
105132,0.6449245845668103,1,1,11893.11318289786,High Risk / Low-Med Value
105133,0.2229443510865635,0,0,20111.93551136364,Low Risk (Healthy)
105134,0.4318166695915178,0,1,17578.18901734104,Watchlist (Medium Risk)
105135,0.8278960617132821,1,1,7048.795303867403,High Risk / Low-Med Value
105136,0.4904268404917915,0,0,9864.083023001096,Watchlist (Medium Risk)
105137,0.6246056175890522,1,0,3475.1244444444446,High Risk / Low-Med Value
105138,0.2819160105964832,0,0,9564.99090909091,Low Risk (Healthy)
105139,0.827583528038868,1,1,7718.446714129245,High Risk / Low-Med Value
105140,0.2527496671442278,0,0,15695.231012658229,Low Risk (Healthy)
105142,0.4161580871558265,0,0,5349.840932642486,Watchlist (Medium Risk)
105143,0.6020677457973277,1,0,7441.309057527539,High Risk / Low-Med Value
105144,0.2867350589175045,0,0,13433.485172413795,Low Risk (Healthy)
105145,0.3870186833083431,0,1,9813.648734177215,Watchlist (Medium Risk)
105146,0.6691285161037014,1,0,3587.865335051546,High Risk / Low-Med Value
105147,0.4219380076837455,0,0,3903.768948521358,Watchlist (Medium Risk)
105148,0.1841009765818666,0,0,17174.893199233717,Low Risk (Healthy)
105149,0.2162268396317842,0,0,47871.90089285714,Low Risk (Healthy)
105150,0.530414298550457,1,0,10271.123986856515,Watchlist (Medium Risk)
105151,0.1575513555236735,0,0,22114.174576271187,Low Risk (Healthy)
105152,0.4878065541892691,0,0,5635.913822751322,Watchlist (Medium Risk)
105153,0.2981719654130857,0,0,16810.251612903226,Low Risk (Healthy)
105154,0.72912424330743,1,1,18525.233187294634,High Risk / High Value
105155,0.2903184109365812,0,0,32431.96764705882,Low Risk (Healthy)
105156,0.3155189873963462,0,0,69766.73478260869,Low Risk (Healthy)
105157,0.4773870869127723,0,0,17102.932325581394,Watchlist (Medium Risk)
105158,0.5600502968521429,1,0,13484.142857142857,Watchlist (Medium Risk)
105159,0.4425627143895292,0,1,5780.594387755102,Watchlist (Medium Risk)
105160,0.7357538626330984,1,0,8614.252158894646,High Risk / Low-Med Value
105161,0.5314268425537457,1,1,9315.32142857143,Watchlist (Medium Risk)
105162,0.3835170180922569,0,0,30798.0547979798,Watchlist (Medium Risk)
105163,0.2383853457437446,0,0,17036.66935483871,Low Risk (Healthy)
105164,0.4493877426274747,0,0,14814.285416666666,Watchlist (Medium Risk)
105165,0.3479507674555889,0,1,24932.5806,Low Risk (Healthy)
105166,0.684143225870722,1,0,3214.54660460022,High Risk / Low-Med Value
105167,0.5049150048971393,1,1,8415.106234718827,Watchlist (Medium Risk)
105168,0.7692961472006173,1,1,692.0029953917051,High Risk / Low-Med Value
105169,0.1881275081134872,0,0,17953.124212893552,Low Risk (Healthy)
105170,0.3374005617341211,0,1,8790.825909090909,Low Risk (Healthy)
105171,0.3011538273032684,0,0,24046.98214285714,Low Risk (Healthy)
105173,0.3771601559935926,0,0,11374.381765676568,Watchlist (Medium Risk)
105174,0.381335902645894,0,1,10358.587113402062,Watchlist (Medium Risk)
105175,0.4331916378806608,0,0,1031.1630208333331,Watchlist (Medium Risk)
105176,0.3001329348915049,0,0,12126.307668711655,Low Risk (Healthy)
105177,0.4076298322240139,0,0,11807.696672077922,Watchlist (Medium Risk)
105178,0.7339343218183043,1,1,10923.743833131804,High Risk / Low-Med Value
105179,0.7450467277676589,1,0,852.5216216216215,High Risk / Low-Med Value
105181,0.5014031067243673,1,1,34714.60838709677,Watchlist (Medium Risk)
105182,0.2899868501586257,0,1,51021.99596774193,Low Risk (Healthy)
105183,0.704535836516935,1,1,32162.69196428572,High Risk / High Value
105184,0.5545051769758026,1,0,15771.58069620253,Watchlist (Medium Risk)
105185,0.2044374613308181,0,0,11769.863474025977,Low Risk (Healthy)
105186,0.4051576854007404,0,0,16191.781013615737,Watchlist (Medium Risk)
105187,0.2475025394324617,0,0,7853.188828337874,Low Risk (Healthy)
105188,0.6900362685729666,1,1,5059.179574468085,High Risk / Low-Med Value
105189,0.2003394275367411,0,0,9065.543097643098,Low Risk (Healthy)
105190,0.2586599283204858,0,0,11209.26002621232,Low Risk (Healthy)
105191,0.1278313814126365,0,0,18184.3799270073,Low Risk (Healthy)
105192,0.1080359426966202,0,1,29995.031501831498,Low Risk (Healthy)
105193,0.1068685215056221,0,0,12607.680279126214,Low Risk (Healthy)
105194,0.2337843608785635,0,0,10541.75969331873,Low Risk (Healthy)
105195,0.8316295322185785,1,1,4508.981595092025,High Risk / Low-Med Value
105196,0.7911962523520032,1,1,1764.6461764705882,High Risk / Low-Med Value
105197,0.6916486007912898,1,1,15597.326304801669,High Risk / High Value
105198,0.2560169335839466,0,0,15321.7206313416,Low Risk (Healthy)
105199,0.2795236691289563,0,0,16500.718085106382,Low Risk (Healthy)
105200,0.5262859726465485,1,1,18725.314883720926,Watchlist (Medium Risk)
105201,0.4076380253781786,0,1,14587.054872881356,Watchlist (Medium Risk)
105202,0.3632292341095038,0,0,17921.064179104476,Watchlist (Medium Risk)
105203,0.291732117453972,0,0,28162.17336065574,Low Risk (Healthy)
105204,0.5562240113826197,1,1,9506.52245145631,Watchlist (Medium Risk)
105205,0.4411047233894455,0,1,5468.979299014239,Watchlist (Medium Risk)
105206,0.4933137669829116,0,0,21031.382485875707,Watchlist (Medium Risk)
105208,0.2498391193500414,0,0,17587.224376039932,Low Risk (Healthy)
105209,0.4822896781806984,0,1,10722.937912087911,Watchlist (Medium Risk)
105210,0.1239113097878892,0,0,22953.64266155532,Low Risk (Healthy)
105211,0.2796205446627079,0,0,9641.960372340423,Low Risk (Healthy)
105212,0.3708186072885911,0,0,3639.107329842932,Watchlist (Medium Risk)
105213,0.4140564332526446,0,1,12392.619592476489,Watchlist (Medium Risk)
105214,0.1856529175152209,0,0,31070.641666666663,Low Risk (Healthy)
105215,0.7897033318966704,1,1,9848.155750273823,High Risk / Low-Med Value
105216,0.251457758905743,0,0,21729.439252336448,Low Risk (Healthy)
105217,0.2787924248415557,0,0,17519.811989342805,Low Risk (Healthy)
105219,0.3062907870605782,0,0,12282.820025188916,Low Risk (Healthy)
105220,0.2970016803239884,0,0,9930.19,Low Risk (Healthy)
105221,0.3865454631746787,0,0,9620.91161971831,Watchlist (Medium Risk)
105222,0.2166544358283572,0,0,20872.17003929273,Low Risk (Healthy)
105223,0.4942714411974829,0,0,13284.068040293045,Watchlist (Medium Risk)
105224,0.6507220528313625,1,1,9090.103271028038,High Risk / Low-Med Value
105225,0.2231726421248514,0,0,15559.331203931206,Low Risk (Healthy)
105226,0.3208046533794586,0,0,6250.0741359447,Low Risk (Healthy)
105227,0.830577460585182,1,1,1367.0829134720702,High Risk / Low-Med Value
105228,0.3424792327127994,0,0,16881.884404761906,Low Risk (Healthy)
105229,0.0774195996559141,0,0,25340.273306997744,Low Risk (Healthy)
105230,0.3429855191212073,0,0,8768.472262773723,Low Risk (Healthy)
105231,0.3711865737143508,0,0,7052.221713147411,Watchlist (Medium Risk)
105232,0.4712195265859076,0,0,17251.915434782608,Watchlist (Medium Risk)
105233,0.2694791715226683,0,0,25421.524332344216,Low Risk (Healthy)
105234,0.5622623469047828,1,1,10208.176393442624,Watchlist (Medium Risk)
105235,0.7862284638841167,1,1,4076.94304029304,High Risk / Low-Med Value
105236,0.2434633627398868,0,0,6673.572935779817,Low Risk (Healthy)
105238,0.5605639916947593,1,1,6863.100793650795,Watchlist (Medium Risk)
105239,0.1572789447656079,0,0,16857.07648305085,Low Risk (Healthy)
105240,0.4185895128755609,0,0,6943.118566176471,Watchlist (Medium Risk)
105241,0.4970172172966131,0,0,11356.446710526316,Watchlist (Medium Risk)
105242,0.1701025806305125,0,0,11516.614692482915,Low Risk (Healthy)
105244,0.1906428375285431,0,0,35203.03333333333,Low Risk (Healthy)
105245,0.4320784053178148,0,0,13862.321226415095,Watchlist (Medium Risk)
105246,0.3303120363890436,0,1,10954.53103448276,Low Risk (Healthy)
105247,0.291620167552221,0,0,15799.645018007204,Low Risk (Healthy)
105248,0.2089249411251707,0,0,21125.495366795363,Low Risk (Healthy)
105249,0.3092387664202095,0,0,9563.955952380951,Low Risk (Healthy)
105250,0.6909095669758969,1,0,4338.0070098576125,High Risk / Low-Med Value
105251,0.3961016656159523,0,0,5261.282298136646,Watchlist (Medium Risk)
105252,0.2437325518773865,0,0,12309.04916527546,Low Risk (Healthy)
105253,0.1907853270293208,0,0,39744.26462264151,Low Risk (Healthy)
105254,0.7547820812870053,1,1,5198.571467688937,High Risk / Low-Med Value
105255,0.6520435504241664,1,1,1761.7829931972788,High Risk / Low-Med Value
105256,0.572366010861986,1,1,1831.0654411764704,Watchlist (Medium Risk)
105258,0.1389268088134344,0,0,17613.7726177437,Low Risk (Healthy)
105259,0.3443059178447887,0,0,12104.01830601093,Low Risk (Healthy)
105260,0.1820899263400079,0,0,18098.50602910603,Low Risk (Healthy)
105261,0.4808070117514907,0,1,7606.383302411872,Watchlist (Medium Risk)
105262,0.7816394790086726,1,1,4202.383802816901,High Risk / Low-Med Value
105263,0.4331857338931745,0,0,35073.124557522126,Watchlist (Medium Risk)
105264,0.7866681957195897,1,1,10765.96935483871,High Risk / Low-Med Value
105265,0.7186858495084018,1,0,6645.5336928934,High Risk / Low-Med Value
105266,0.5299140415024827,1,1,14158.638157894738,Watchlist (Medium Risk)
105267,0.1716174585130655,0,0,86769.04573378839,Low Risk (Healthy)
105268,0.6562457324186525,1,0,5409.375958378971,High Risk / Low-Med Value
105269,0.4881351385576756,0,0,6033.978798586572,Watchlist (Medium Risk)
105270,0.3655802742356212,0,0,12576.245333333332,Watchlist (Medium Risk)
105271,0.6281456406420624,1,1,43506.3409090909,High Risk / High Value
105272,0.3243345013940056,0,1,24781.40922330097,Low Risk (Healthy)
105273,0.4734710722250048,0,1,10599.574204946995,Watchlist (Medium Risk)
105275,0.1413059006042176,0,0,58489.24133757962,Low Risk (Healthy)
105276,0.3862645541301105,0,0,15520.943373493978,Watchlist (Medium Risk)
105277,0.3131391894380314,0,1,10075.24149659864,Low Risk (Healthy)
105278,0.4975758433717405,0,0,7076.458951175408,Watchlist (Medium Risk)
105279,0.7243320889003704,1,1,959.8891666666668,High Risk / Low-Med Value
105280,0.4152130260384815,0,0,10222.394708994709,Watchlist (Medium Risk)
105281,0.2648985934132084,0,0,17142.209130434785,Low Risk (Healthy)
105282,0.70072908646177,1,1,13742.058425414363,High Risk / Low-Med Value
105283,0.3498934004986861,0,1,12928.687121212122,Low Risk (Healthy)
105284,0.2255688362566532,0,0,42715.575,Low Risk (Healthy)
105285,0.7394540904515604,1,1,9810.365932914046,High Risk / Low-Med Value
105286,0.3680498293654716,0,0,16370.130572597136,Watchlist (Medium Risk)
105287,0.3460717052157954,0,0,9868.694430379746,Low Risk (Healthy)
105289,0.204407374284281,0,0,9369.437258687258,Low Risk (Healthy)
105290,0.6481033298210497,1,1,14162.351745810054,High Risk / Low-Med Value
105291,0.3028123225925873,0,0,10014.17283737024,Low Risk (Healthy)
105292,0.7941792527876718,1,0,1712.684840425532,High Risk / Low-Med Value
105293,0.2315978308768283,0,0,12013.295098039216,Low Risk (Healthy)
105294,0.8955373412947929,1,1,3906.910333761232,High Risk / Low-Med Value
105295,0.2921466576500188,0,0,20742.520588235293,Low Risk (Healthy)
105296,0.3618942633305911,0,1,9373.292405063292,Watchlist (Medium Risk)
105297,0.2967481335402254,0,1,13533.584337349395,Low Risk (Healthy)
105298,0.2207815070600488,0,0,19024.18314917127,Low Risk (Healthy)
105299,0.4385558489970214,0,0,12517.049285714287,Watchlist (Medium Risk)
105300,0.1725412935309535,0,0,35853.01887755102,Low Risk (Healthy)
105301,0.2770740397996938,0,0,8858.02218137255,Low Risk (Healthy)
105302,0.7786366293052187,1,1,4512.82643678161,High Risk / Low-Med Value
105303,0.2538531670561583,0,0,11413.465444015445,Low Risk (Healthy)
105304,0.5330914988885777,1,0,6989.125097276265,Watchlist (Medium Risk)
105305,0.4057704538760432,0,0,10953.095200000002,Watchlist (Medium Risk)
105306,0.3219449434354348,0,1,23388.439583333333,Low Risk (Healthy)
105307,0.2155531092827144,0,0,40963.30111111111,Low Risk (Healthy)
105308,0.2889877316269917,0,0,10661.01913580247,Low Risk (Healthy)
105309,0.8875388386734963,1,1,1987.7947973713035,High Risk / Low-Med Value
105310,0.3899994129906942,0,0,14528.91059001513,Watchlist (Medium Risk)
105311,0.4038258967120414,0,0,13720.02912087912,Watchlist (Medium Risk)
105312,0.3548872421092837,0,0,11051.263778162913,Watchlist (Medium Risk)
105313,0.7291175324640448,1,1,21397.696381093057,High Risk / High Value
105314,0.329514868812742,0,1,11756.0796875,Low Risk (Healthy)
105315,0.3866521164633125,0,0,42538.10132743363,Watchlist (Medium Risk)
105316,0.6592218380728418,1,1,5917.013745704468,High Risk / Low-Med Value
105318,0.086170082895911,0,0,28315.525,Low Risk (Healthy)
105319,0.3975521720264846,0,0,6101.61123853211,Watchlist (Medium Risk)
105320,0.522234342056323,1,1,6664.102407407408,Watchlist (Medium Risk)
105321,0.1775043655757378,0,0,40024.989018302826,Low Risk (Healthy)
105322,0.3861834463394811,0,0,8963.274477351917,Watchlist (Medium Risk)
105323,0.3147214834487536,0,0,10519.608846153846,Low Risk (Healthy)
105324,0.7962815814378207,1,1,5296.359469153515,High Risk / Low-Med Value
105325,0.6939545230227967,1,1,5351.646590909091,High Risk / Low-Med Value
105326,0.5779234776580552,1,0,1455.8285714285714,Watchlist (Medium Risk)
105327,0.7180164444507021,1,1,21340.587727272727,High Risk / High Value
105328,0.4819996842340165,0,1,9276.824468085108,Watchlist (Medium Risk)
105329,0.4248794630101906,0,0,6591.797021943573,Watchlist (Medium Risk)
105330,0.8830792833409418,1,1,1523.71708652793,High Risk / Low-Med Value
105331,0.1809290794106193,0,0,10489.887083333331,Low Risk (Healthy)
105332,0.2361973157862326,0,0,21780.4625,Low Risk (Healthy)
105333,0.3586249366102175,0,0,12545.05,Watchlist (Medium Risk)
105334,0.2712796380548667,0,0,6270.920859872612,Low Risk (Healthy)
105335,0.3593068353480578,0,0,5307.134433962264,Watchlist (Medium Risk)
105336,0.8318941360039882,1,1,2234.1792207792205,High Risk / Low-Med Value
105337,0.4545818830182126,0,1,25180.4375,Watchlist (Medium Risk)
105338,0.1592369750833185,0,0,13847.165739268685,Low Risk (Healthy)
105341,0.356922465021693,0,0,17841.979611650484,Watchlist (Medium Risk)
105342,0.1423484014025762,0,0,13471.635311398357,Low Risk (Healthy)
105343,0.4369480311818043,0,0,5440.475939849624,Watchlist (Medium Risk)
105344,0.2471378760272051,0,0,5656.245036319612,Low Risk (Healthy)
105346,0.2588348909624783,0,0,9678.82772925764,Low Risk (Healthy)
105347,0.8855211090583239,1,1,1387.6522996057818,High Risk / Low-Med Value
105348,0.6514703374123633,1,1,21197.12365269461,High Risk / High Value
105349,0.6148459246337065,1,1,11449.412519319938,High Risk / Low-Med Value
105350,0.2929100025736607,0,0,17972.15635359116,Low Risk (Healthy)
105351,0.3611790531825297,0,0,8348.611212516298,Watchlist (Medium Risk)
105353,0.1977351096862814,0,0,26311.49462540717,Low Risk (Healthy)
105354,0.5360487177716518,1,1,23626.709325044405,Watchlist (Medium Risk)
105355,0.2848252672894117,0,0,36662.27291666667,Low Risk (Healthy)
105357,0.7763292751486953,1,1,4152.444687842278,High Risk / Low-Med Value
105358,0.1988962095598103,0,0,26041.17797029703,Low Risk (Healthy)
105359,0.292951031143692,0,0,20787.532142857144,Low Risk (Healthy)
105360,0.640723617549786,1,1,14165.95493670886,High Risk / Low-Med Value
105361,0.2966262538171799,0,0,8999.93947368421,Low Risk (Healthy)
105362,0.2224940404362287,0,0,14012.069230769232,Low Risk (Healthy)
105363,0.3991087441287416,0,1,15946.125860091744,Watchlist (Medium Risk)
105364,0.2290089348133901,0,0,7197.696698113206,Low Risk (Healthy)
105365,0.1716489777725671,0,0,7720.48,Low Risk (Healthy)
105366,0.2192903592498085,0,0,16087.881944444443,Low Risk (Healthy)
105367,0.2577993510038062,0,0,14499.937262357416,Low Risk (Healthy)
105368,0.2190517468109488,0,0,21134.765105386414,Low Risk (Healthy)
105369,0.4431688534394976,0,0,14064.12146226415,Watchlist (Medium Risk)
105370,0.8005531177970479,1,1,10189.176889375683,High Risk / Low-Med Value
105371,0.1820005500235219,0,0,57936.89345794393,Low Risk (Healthy)
105372,0.3126362327665555,0,0,6965.439622641509,Low Risk (Healthy)
105373,0.4419223390348377,0,0,8116.252976190476,Watchlist (Medium Risk)
105374,0.6993969652702825,1,1,6257.12743702081,High Risk / Low-Med Value
105375,0.8400458365980026,1,1,5220.885442073171,High Risk / Low-Med Value
105376,0.2988052783753646,0,1,14741.31225490196,Low Risk (Healthy)
105378,0.6357563627957472,1,1,5687.097524752476,High Risk / Low-Med Value
105379,0.2372219378090981,0,0,22692.25857142857,Low Risk (Healthy)
105380,0.1957686766245978,0,0,12540.826254180602,Low Risk (Healthy)
105381,0.1813100365496372,0,0,11332.516534810124,Low Risk (Healthy)
105382,0.4348289356152686,0,0,23861.46600753296,Watchlist (Medium Risk)
105383,0.7030061033344995,1,1,5695.159957627119,High Risk / Low-Med Value
105384,0.5561710017627274,1,1,4576.588280394304,Watchlist (Medium Risk)
105385,0.6530236126161761,1,1,4480.575433526012,High Risk / Low-Med Value
105386,0.4125074754767464,0,1,27472.837804878047,Watchlist (Medium Risk)
105387,0.6478887657039121,1,0,3977.3516853932592,High Risk / Low-Med Value
105388,0.4767815449215773,0,0,7612.550606060607,Watchlist (Medium Risk)
105389,0.6026758596793964,1,1,4339.850000000001,High Risk / Low-Med Value
105390,0.3781613512267454,0,1,11215.088059701491,Watchlist (Medium Risk)
105391,0.8684261736812998,1,1,1810.7702898550724,High Risk / Low-Med Value
105392,0.5874267289366154,1,0,14221.145869565218,Watchlist (Medium Risk)
105393,0.4195577355458199,0,1,5660.670119521913,Watchlist (Medium Risk)
105394,0.2464532746578187,0,0,12946.758076009502,Low Risk (Healthy)
105395,0.7751975526964479,1,1,7612.877839029768,High Risk / Low-Med Value
105396,0.2751791500923576,0,0,14513.453608247422,Low Risk (Healthy)
105400,0.1612622596833295,0,0,25306.185069444447,Low Risk (Healthy)
105401,0.8179227780923648,1,1,2578.2323193916354,High Risk / Low-Med Value
105402,0.1260049443137471,0,0,13812.467524644033,Low Risk (Healthy)
105403,0.3041067809217589,0,0,35001.54767441861,Low Risk (Healthy)
105404,0.7929502977329793,1,0,2326.385268346112,High Risk / Low-Med Value
105405,0.4339273134178578,0,1,12340.594696969696,Watchlist (Medium Risk)
105406,0.1973030191259624,0,0,16938.478093645488,Low Risk (Healthy)
105407,0.3022537438845195,0,0,15978.97,Low Risk (Healthy)
105408,0.7164202584318942,1,0,7031.543099671412,High Risk / Low-Med Value
105409,0.3653442167434697,0,0,14651.433775811209,Watchlist (Medium Risk)
105410,0.1908272735921061,0,0,11828.318729463306,Low Risk (Healthy)
105411,0.5281622027551915,1,1,8362.132903981266,Watchlist (Medium Risk)
105412,0.6180516987793482,1,1,10560.47852233677,High Risk / Low-Med Value
105413,0.208930887929766,0,0,47109.2804347826,Low Risk (Healthy)
105414,0.1827854382070198,0,0,11495.307056451613,Low Risk (Healthy)
105415,0.2367175934521978,0,0,13275.118498659518,Low Risk (Healthy)
105416,0.3078406011497306,0,0,15666.25927152318,Low Risk (Healthy)
105417,0.671906534784673,1,0,8984.364949748742,High Risk / Low-Med Value
105419,0.7525608473950673,1,1,22313.15137254902,High Risk / High Value
105420,0.3277837369611587,0,0,39782.599494097805,Low Risk (Healthy)
105421,0.3855522664287187,0,0,32235.17777777777,Watchlist (Medium Risk)
105422,0.3582446925954737,0,0,26626.17831325301,Watchlist (Medium Risk)
105423,0.1497748709585213,0,0,9939.173469387755,Low Risk (Healthy)
105424,0.243629526591095,0,0,18548.58855932204,Low Risk (Healthy)
105425,0.4763971647324794,0,1,5900.79243697479,Watchlist (Medium Risk)
105426,0.605141240588903,1,0,19785.72721417069,High Risk / High Value
105427,0.7352336897076134,1,1,3586.4401606425704,High Risk / Low-Med Value
105428,0.3817600015458959,0,0,10897.358700696055,Watchlist (Medium Risk)
105429,0.5467689212200341,1,1,11592.918310911808,Watchlist (Medium Risk)
105430,0.3490590720303319,0,0,28662.686046511622,Low Risk (Healthy)
105431,0.2958526370460344,0,0,117099.63181818182,Low Risk (Healthy)
105432,0.2497964476715196,0,0,21456.43497757848,Low Risk (Healthy)
105433,0.0731422677411541,0,0,16279.739594742608,Low Risk (Healthy)
105434,0.5932813934828496,1,0,5756.9654983570645,Watchlist (Medium Risk)
105435,0.2180450719421068,0,0,29287.110900000003,Low Risk (Healthy)
105436,0.4288964947761456,0,0,20561.66210986267,Watchlist (Medium Risk)
105437,0.473673459807732,0,0,11436.04971671388,Watchlist (Medium Risk)
105438,0.4377649100181178,0,0,7704.709798994974,Watchlist (Medium Risk)
105439,0.3849248991326294,0,0,16633.73590604027,Watchlist (Medium Risk)
105440,0.1555388376665668,0,0,17704.564857142857,Low Risk (Healthy)
105441,0.4242955331276759,0,0,23706.96188389924,Watchlist (Medium Risk)
105442,0.5091743439651656,1,0,9907.045256410258,Watchlist (Medium Risk)
105443,0.5707773232786973,1,0,7611.141813602015,Watchlist (Medium Risk)
105444,0.61561887661728,1,1,3008.9484076433123,High Risk / Low-Med Value
105445,0.3452796362671272,0,1,38185.5404162103,Low Risk (Healthy)
105446,0.1260468411625455,0,0,19054.669146005508,Low Risk (Healthy)
105447,0.6355504416199103,1,1,1275.9765217391305,High Risk / Low-Med Value
105448,0.4583832103011793,0,1,9134.418838992333,Watchlist (Medium Risk)
105450,0.1795770361971003,0,0,49836.82015334063,Low Risk (Healthy)
105451,0.6981201744402753,1,1,24424.81543134873,High Risk / High Value
105452,0.1601095154544295,0,0,50881.33606138107,Low Risk (Healthy)
105453,0.5680107493154429,1,0,10148.337696335078,Watchlist (Medium Risk)
105454,0.1464683823440803,0,0,31685.772036474165,Low Risk (Healthy)
105455,0.3225455875031603,0,0,5858.160975609755,Low Risk (Healthy)
105456,0.6144150646666448,1,1,4569.636089813801,High Risk / Low-Med Value
105457,0.2786689349237076,0,0,30515.226478494627,Low Risk (Healthy)
105458,0.6085290653169474,1,1,9901.750416666666,High Risk / Low-Med Value
105459,0.3006538077160219,0,1,16538.577765607886,Low Risk (Healthy)
105460,0.6841952702243528,1,1,9149.830656934308,High Risk / Low-Med Value
105461,0.5533341398374868,1,0,10479.664173913045,Watchlist (Medium Risk)
105462,0.5161628277032904,1,0,7639.310076670316,Watchlist (Medium Risk)
105463,0.1248113681235681,0,0,15308.048671875,Low Risk (Healthy)
105464,0.6952457940339144,1,1,6147.053886010363,High Risk / Low-Med Value
105465,0.1472375986370568,0,0,58693.556953125,Low Risk (Healthy)
105466,0.2268428931055324,0,0,13659.2190647482,Low Risk (Healthy)
105467,0.2952328081815068,0,0,36834.90675105485,Low Risk (Healthy)
105468,0.4083732771637235,0,0,8286.391889117043,Watchlist (Medium Risk)
105469,0.3346297262765275,0,0,18078.09513888889,Low Risk (Healthy)
105470,0.212865381895317,0,0,7659.755339805825,Low Risk (Healthy)
105471,0.2136450260500803,0,0,10761.3178125,Low Risk (Healthy)
105472,0.5371657524488554,1,0,5238.786277602524,Watchlist (Medium Risk)
105473,0.1016177253158695,0,0,20571.73773690078,Low Risk (Healthy)
105474,0.7759938796225719,1,1,12038.71282722513,High Risk / Low-Med Value
105475,0.8768463651823627,1,1,1762.134446878423,High Risk / Low-Med Value
105476,0.2349749658448924,0,0,22148.90843881857,Low Risk (Healthy)
105477,0.2704863433593514,0,0,6026.721889400922,Low Risk (Healthy)
105478,0.5013246343606789,1,1,3789.9273274917855,Watchlist (Medium Risk)
105479,0.7427670864137746,1,1,6037.544824707847,High Risk / Low-Med Value
105480,0.2640894501925667,0,0,15673.65569550931,Low Risk (Healthy)
105482,0.2316132075577947,0,0,15769.74692513369,Low Risk (Healthy)
105483,0.7942485859293359,1,1,1231.6496913580247,High Risk / Low-Med Value
105484,0.1688695308156424,0,0,18929.10720524017,Low Risk (Healthy)
105485,0.1981983147511602,0,0,14011.45153846154,Low Risk (Healthy)
105486,0.7279328169955828,1,0,9028.412888888888,High Risk / Low-Med Value
105487,0.3513141178772938,0,0,12280.43662420382,Watchlist (Medium Risk)
105488,0.629038565219616,1,0,929.255238095238,High Risk / Low-Med Value
105489,0.32033573060936,0,0,7016.42856321839,Low Risk (Healthy)
105490,0.6678778661315475,1,1,7045.355531215772,High Risk / Low-Med Value
105491,0.7858987305840975,1,1,13058.87701317716,High Risk / Low-Med Value
105492,0.4605589055025077,0,1,9792.259644194755,Watchlist (Medium Risk)
105493,0.7671943404914181,1,1,1050.463778409091,High Risk / Low-Med Value
105494,0.3098690579068631,0,0,9254.767701863351,Low Risk (Healthy)
105495,0.5897784609119379,1,1,2959.2114285714283,Watchlist (Medium Risk)
105496,0.4226158396537413,0,0,8758.351612903227,Watchlist (Medium Risk)
105497,0.5766126775488324,1,1,8348.350476758045,Watchlist (Medium Risk)
105498,0.5452229475303174,1,0,1475.160433070866,Watchlist (Medium Risk)
105499,0.7245536685521716,1,0,4319.761007667032,High Risk / Low-Med Value
105500,0.760185225134412,1,1,7119.913844393592,High Risk / Low-Med Value
105501,0.795254722671271,1,1,4799.419352941176,High Risk / Low-Med Value
105502,0.7367581319166585,1,0,5137.231703703704,High Risk / Low-Med Value
105503,0.3725473571469768,0,0,32133.03571428572,Watchlist (Medium Risk)
105504,0.8163949213580941,1,1,5555.347973713034,High Risk / Low-Med Value
105505,0.2628364983065149,0,0,15747.0125,Low Risk (Healthy)
105506,0.3059105097668136,0,0,15054.848523206752,Low Risk (Healthy)
105507,0.2348770831911682,0,0,8888.65193050193,Low Risk (Healthy)
105508,0.3337198761575419,0,0,7145.848333333334,Low Risk (Healthy)
105509,0.547580370961692,1,0,3475.6904395604392,Watchlist (Medium Risk)
105510,0.8664070265934964,1,1,5223.244431946006,High Risk / Low-Med Value
105511,0.0503428213836871,0,0,21371.473603504928,Low Risk (Healthy)
105512,0.1925915570457053,0,0,13540.062461538462,Low Risk (Healthy)
105513,0.61680826264733,1,0,3728.7205804749337,High Risk / Low-Med Value
105514,0.5278428533330634,1,1,3791.523488045007,Watchlist (Medium Risk)
105515,0.4744245911214269,0,1,10938.644444444444,Watchlist (Medium Risk)
105516,0.710015023193739,1,0,4982.1100766703175,High Risk / Low-Med Value
105517,0.1802505158058515,0,0,10145.628729281769,Low Risk (Healthy)
105518,0.134714965960918,0,0,58449.35104166667,Low Risk (Healthy)
105519,0.1674265593762424,0,0,48042.289032258064,Low Risk (Healthy)
105521,0.5771664108980229,1,0,12855.204782608696,Watchlist (Medium Risk)
105522,0.8199534838734983,1,0,1968.4484112149528,High Risk / Low-Med Value
105523,0.3714010911233749,0,0,5697.417919075145,Watchlist (Medium Risk)
105524,0.2892407536573554,0,0,5723.0943050193055,Low Risk (Healthy)
105525,0.6357511697548393,1,1,4159.261317567568,High Risk / Low-Med Value
105526,0.5018355262980811,1,0,11031.679878048782,Watchlist (Medium Risk)
105528,0.3432486530743247,0,0,7577.91328125,Low Risk (Healthy)
105529,0.3004846533017914,0,1,15770.022891566266,Low Risk (Healthy)
105530,0.270680822577456,0,0,17542.847719298246,Low Risk (Healthy)
105531,0.3883590761368387,0,0,6526.971714285715,Watchlist (Medium Risk)
105532,0.2064275877670776,0,0,18975.43183229813,Low Risk (Healthy)
105533,0.7038720809773824,1,1,24190.201095290253,High Risk / High Value
105534,0.2342372477346804,0,0,11660.002424242424,Low Risk (Healthy)
105535,0.8328475840769642,1,1,2113.036887254902,High Risk / Low-Med Value
105536,0.1983387916519088,0,1,8846.932127659573,Low Risk (Healthy)
105537,0.8434565600682085,1,1,3413.286892052194,High Risk / Low-Med Value
105538,0.3786972220689947,0,1,50428.17538461539,Watchlist (Medium Risk)
105539,0.3833727460461636,0,0,15940.79746835443,Watchlist (Medium Risk)
105540,0.5158446490068068,1,1,2125.5166666666664,Watchlist (Medium Risk)
105541,0.7446947367685978,1,1,3279.0472617743703,High Risk / Low-Med Value
105542,0.6730939211947821,1,1,9761.687915407856,High Risk / Low-Med Value
105543,0.4998506355559165,0,1,9149.095488721803,Watchlist (Medium Risk)
105545,0.4873598931496752,0,1,52201.99583333333,Watchlist (Medium Risk)
105546,0.3756487948499032,0,0,10535.631887755102,Watchlist (Medium Risk)
105547,0.714580637435136,1,1,9052.9853286385,High Risk / Low-Med Value
105548,0.2118129279013655,0,0,36869.035772357725,Low Risk (Healthy)
105549,0.3957562894646613,0,0,41768.90853658537,Watchlist (Medium Risk)
105550,0.2186686391930186,0,0,11788.949232736572,Low Risk (Healthy)
105551,0.4712819619221006,0,0,10128.861938663746,Watchlist (Medium Risk)
105552,0.4613939122057313,0,0,15202.993272727272,Watchlist (Medium Risk)
105553,0.3796752523003697,0,1,8727.986612576065,Watchlist (Medium Risk)
105554,0.2871819782841925,0,0,30526.170905923347,Low Risk (Healthy)
105555,0.3632989729458654,0,0,13213.990358361776,Watchlist (Medium Risk)
105556,0.1857068017485294,0,0,12551.51635802469,Low Risk (Healthy)
105558,0.1973564674236994,0,0,76000.46222222222,Low Risk (Healthy)
105559,0.4947407192875819,0,0,33043.207676348546,Watchlist (Medium Risk)
105560,0.3984308491225382,0,0,7800.816806722689,Watchlist (Medium Risk)
105561,0.6467269650625799,1,1,4414.027888446215,High Risk / Low-Med Value
105562,0.6847651783646305,1,1,3656.78069105691,High Risk / Low-Med Value
105563,0.7739003229041235,1,1,9723.795687645686,High Risk / Low-Med Value
105565,0.3254457423477709,0,0,9171.91269035533,Low Risk (Healthy)
105566,0.3423977124644332,0,0,5830.763265306123,Low Risk (Healthy)
105567,0.3865231460908449,0,0,5759.58243045388,Watchlist (Medium Risk)
105568,0.240893231500395,0,0,16524.657900207898,Low Risk (Healthy)
105569,0.5639393554281049,1,0,8265.33105147864,Watchlist (Medium Risk)
105570,0.552464393203524,1,0,2635.6379629629632,Watchlist (Medium Risk)
105571,0.7089459254210514,1,1,2777.0143483023003,High Risk / Low-Med Value
105572,0.5409758098495686,1,1,27295.508015267176,Watchlist (Medium Risk)
105573,0.4668295105092117,0,1,49331.72875457876,Watchlist (Medium Risk)
105574,0.5012143449200177,1,1,10545.333088235297,Watchlist (Medium Risk)
105575,0.7736055756470606,1,1,10041.525794085432,High Risk / Low-Med Value
105576,0.8159847785968758,1,1,1727.9126838235295,High Risk / Low-Med Value
105577,0.4898414367189673,0,1,37259.5058287796,Watchlist (Medium Risk)
105578,0.2770260447756956,0,0,17692.07142857143,Low Risk (Healthy)
105580,0.6802958871111146,1,1,12655.762022900764,High Risk / Low-Med Value
105581,0.528957518184572,1,0,1298.474647887324,Watchlist (Medium Risk)
105583,0.1441980764739051,0,0,45704.205,Low Risk (Healthy)
105584,0.4698613062388945,0,1,7831.213959390863,Watchlist (Medium Risk)
105585,0.2219128868074029,0,0,13642.777961672473,Low Risk (Healthy)
105587,0.1791227218380346,0,0,19397.52207792208,Low Risk (Healthy)
105588,0.3193200984750353,0,0,8502.509090909092,Low Risk (Healthy)
105589,0.6177193550784784,1,0,10228.783069977428,High Risk / Low-Med Value
105590,0.804990337437888,1,1,3084.074599542334,High Risk / Low-Med Value
105591,0.7806178951098621,1,1,8661.604423076924,High Risk / Low-Med Value
105592,0.6398429534566368,1,1,8206.806,High Risk / Low-Med Value
105593,0.7687661832183699,1,1,5996.442278203724,High Risk / Low-Med Value
105594,0.3673125140445804,0,0,5722.685256410256,Watchlist (Medium Risk)
105595,0.4462700262521991,0,1,8441.591901012373,Watchlist (Medium Risk)
105596,0.7703139679731826,1,1,3615.277685185185,High Risk / Low-Med Value
105599,0.5057410684237695,1,0,7002.887044534415,Watchlist (Medium Risk)
105600,0.7201356315672683,1,0,4150.113351134847,High Risk / Low-Med Value
105601,0.2145590152394988,0,0,14574.276190476192,Low Risk (Healthy)
105602,0.6847983364566168,1,1,4096.327437020811,High Risk / Low-Med Value
105603,0.2517113190653687,0,0,47671.70873925501,Low Risk (Healthy)
105604,0.5704584250003318,1,0,24309.87951807229,Watchlist (Medium Risk)
105605,0.6964315084363436,1,1,3988.975787401576,High Risk / Low-Med Value
105606,0.369019303024632,0,0,2013.7962500000003,Watchlist (Medium Risk)
105607,0.2257843148828524,0,0,14330.812499999998,Low Risk (Healthy)
105608,0.5456055342244079,1,1,14593.63445017182,Watchlist (Medium Risk)
105610,0.4723517943613904,0,0,11950.465,Watchlist (Medium Risk)
105611,0.2447124157675284,0,0,6749.520408163265,Low Risk (Healthy)
105612,0.1978638758512057,0,0,27796.619315673288,Low Risk (Healthy)
105613,0.624155060198477,1,1,8483.916772151899,High Risk / Low-Med Value
105614,0.3104804977013065,0,0,13868.477428571428,Low Risk (Healthy)
105615,0.4113382591466728,0,0,10435.21007667032,Watchlist (Medium Risk)
105617,0.3279084326329919,0,0,8931.38348540146,Low Risk (Healthy)
105618,0.7219447802021578,1,1,4673.107109004739,High Risk / Low-Med Value
105619,0.7037094720048058,1,1,9047.733032258064,High Risk / Low-Med Value
105620,0.2390422728179023,0,0,38227.556648936166,Low Risk (Healthy)
105621,0.5136506593627033,1,0,8085.882758620691,Watchlist (Medium Risk)
105622,0.8209225626305394,1,1,2183.405740181269,High Risk / Low-Med Value
105623,0.4471850089360507,0,0,7943.106451612904,Watchlist (Medium Risk)
105624,0.3526066315166637,0,1,6877.06374589266,Watchlist (Medium Risk)
105625,0.5978402774633671,1,1,10350.767333333331,Watchlist (Medium Risk)
105626,0.6686063859309607,1,1,9181.433077765609,High Risk / Low-Med Value
105627,0.3268903158924744,0,0,14604.794113149848,Low Risk (Healthy)
105628,0.5443688634084812,1,1,7216.541031390135,Watchlist (Medium Risk)
105629,0.2410319179924184,0,0,6836.68422459893,Low Risk (Healthy)
105630,0.4705799299524011,0,0,5671.257692307693,Watchlist (Medium Risk)
105631,0.1252345871669571,0,0,31106.11321243523,Low Risk (Healthy)
105632,0.4346208986743374,0,0,9010.854545454546,Watchlist (Medium Risk)
105633,0.278901714410252,0,0,33164.75952902519,Low Risk (Healthy)
105634,0.3590471971898201,0,1,18386.30782241015,Watchlist (Medium Risk)
105635,0.3173669482372251,0,0,24792.479201101927,Low Risk (Healthy)
105636,0.5051128800363717,1,0,6128.959828009828,Watchlist (Medium Risk)
105637,0.6345925884983262,1,1,8424.758673469389,High Risk / Low-Med Value
105638,0.4070148922106639,0,1,10283.39832089552,Watchlist (Medium Risk)
105639,0.2347650745221635,0,0,17835.235947712416,Low Risk (Healthy)
105640,0.1509308844830884,0,1,21727.57048192772,Low Risk (Healthy)
105641,0.189467923950394,0,0,13979.35330969267,Low Risk (Healthy)
105642,0.8383915146511501,1,1,4728.211155063291,High Risk / Low-Med Value
105643,0.3019019919041111,0,0,11798.2567264574,Low Risk (Healthy)
105645,0.6764229430194675,1,0,16726.585217391304,High Risk / High Value
105646,0.4727328414622617,0,1,13767.898891625617,Watchlist (Medium Risk)
105647,0.2178405129124718,0,0,28496.062709030102,Low Risk (Healthy)
105648,0.1381445265134252,0,0,19816.828242074924,Low Risk (Healthy)
105649,0.3152416975580669,0,0,8413.206024096386,Low Risk (Healthy)
105650,0.2989680507817613,0,0,20058.30620155039,Low Risk (Healthy)
105651,0.2010533240685496,0,0,8251.085714285715,Low Risk (Healthy)
105653,0.3213257749119925,0,0,17693.765039577836,Low Risk (Healthy)
105654,0.1811822475536679,0,0,13398.18253012048,Low Risk (Healthy)
105655,0.1492406436160381,0,0,56614.52336283186,Low Risk (Healthy)
105656,0.5698765175584772,1,0,9391.928136531364,Watchlist (Medium Risk)
105657,0.4959302226826947,0,0,2985.4413385826774,Watchlist (Medium Risk)
105659,0.5738327207531168,1,1,16376.487909836069,Watchlist (Medium Risk)
105661,0.349545565442982,0,0,10805.173214285713,Low Risk (Healthy)
105662,0.425163197609445,0,0,6024.203333333333,Watchlist (Medium Risk)
105663,0.2448971652266668,0,0,10137.554824561405,Low Risk (Healthy)
105664,0.5022795979985022,1,1,8024.437299771167,Watchlist (Medium Risk)
105665,0.7411537471016871,1,0,10347.987573964496,High Risk / Low-Med Value
105666,0.1159955293048689,0,0,19835.891359447003,Low Risk (Healthy)
105667,0.8311272667882831,1,1,5341.638208409506,High Risk / Low-Med Value
105669,0.3877390250016319,0,0,7664.522961630695,Watchlist (Medium Risk)
105671,0.4752897557876765,0,0,33014.63056872038,Watchlist (Medium Risk)
105672,0.3807310208069968,0,1,8348.111538461539,Watchlist (Medium Risk)
105674,0.6032702658938974,1,1,15737.583333333336,High Risk / High Value
105675,0.4040910147484324,0,0,10980.44982964225,Watchlist (Medium Risk)
105676,0.7741547913611916,1,1,7107.373548740416,High Risk / Low-Med Value
105677,0.3626527920495164,0,1,15974.458974358971,Watchlist (Medium Risk)
105678,0.3709316754833743,0,0,28673.060791366905,Watchlist (Medium Risk)
105679,0.7191644196326845,1,0,7079.947747747748,High Risk / Low-Med Value
105681,0.7234473961163769,1,1,1392.8048192771084,High Risk / Low-Med Value
105682,0.3691890807274143,0,0,12847.31689944134,Watchlist (Medium Risk)
105683,0.629619663125637,1,0,4263.1935626102295,High Risk / Low-Med Value
105684,0.0824276260176334,0,0,63751.26237410072,Low Risk (Healthy)
105685,0.5972959375503583,1,0,2662.910163339383,Watchlist (Medium Risk)
105686,0.5446914947878823,1,1,11570.5,Watchlist (Medium Risk)
105687,0.424303571163496,0,0,2240.3,Watchlist (Medium Risk)
105688,0.2040377112386097,0,0,16419.202286585365,Low Risk (Healthy)
105690,0.7009904929921695,1,1,8191.275629791895,High Risk / Low-Med Value
105691,0.2895070440827463,0,0,16316.54617834395,Low Risk (Healthy)
105692,0.6184349455138274,1,0,11364.548849945237,High Risk / Low-Med Value
105693,0.4723227296667561,0,1,9819.903846153846,Watchlist (Medium Risk)
105694,0.2477871979004155,0,0,35704.92867892977,Low Risk (Healthy)
105696,0.180828313436255,0,0,21889.272089947088,Low Risk (Healthy)
105698,0.2706984069870407,0,0,14087.107959183671,Low Risk (Healthy)
105699,0.1952778258882203,0,1,19331.26447368421,Low Risk (Healthy)
105700,0.2228718269400059,0,0,31684.064646464645,Low Risk (Healthy)
105701,0.5357084135552844,1,0,5353.959787234042,Watchlist (Medium Risk)
105702,0.2804067763196853,0,0,25757.75951557093,Low Risk (Healthy)
105703,0.2419759943307477,0,0,7980.805467372134,Low Risk (Healthy)
105704,0.7659875786275214,1,1,2414.111398467433,High Risk / Low-Med Value
105705,0.287425543436874,0,0,12427.678313253014,Low Risk (Healthy)
105706,0.6191969566735892,1,1,11072.30396825397,High Risk / Low-Med Value
105707,0.7307339298405797,1,1,18721.96149312377,High Risk / High Value
105708,0.7805828910386484,1,1,10944.352957486137,High Risk / Low-Med Value
105709,0.533695997873982,1,1,21150.54587628866,Watchlist (Medium Risk)
105710,0.4654352118084871,0,0,4602.39481897628,Watchlist (Medium Risk)
105711,0.4111629838495091,0,0,16061.857634112794,Watchlist (Medium Risk)
105712,0.1145351202634316,0,0,25984.594457274827,Low Risk (Healthy)
105713,0.4508614830569517,0,0,11539.885431400282,Watchlist (Medium Risk)
105714,0.505390181832345,1,0,5371.514204545455,Watchlist (Medium Risk)
105715,0.0949164543738584,0,0,21621.448630887186,Low Risk (Healthy)
105716,0.1451762200505572,0,0,13440.91917293233,Low Risk (Healthy)
105717,0.1965690158241546,0,0,21099.386950146625,Low Risk (Healthy)
105718,0.2659487126004904,0,1,14320.41142578125,Low Risk (Healthy)
105719,0.2143135203613699,0,0,7247.033023001095,Low Risk (Healthy)
105720,0.276514880871369,0,0,12962.613613861386,Low Risk (Healthy)
105721,0.2714904587021657,0,0,43148.102474226805,Low Risk (Healthy)
105722,0.668793603983844,1,1,5711.354090909091,High Risk / Low-Med Value
105723,0.6066549169373242,1,1,13490.829411764706,High Risk / Low-Med Value
105724,0.3431462266168363,0,0,4566.202898550725,Low Risk (Healthy)
105725,0.6459918188900268,1,1,14472.594990548205,High Risk / Low-Med Value
105726,0.2447212607069966,0,0,19811.66585365853,Low Risk (Healthy)
105727,0.6061414521477062,1,0,7748.62964028777,High Risk / Low-Med Value
105728,0.7445112953135201,1,1,6817.972143698469,High Risk / Low-Med Value
105729,0.8052597418549378,1,1,6687.195783132532,High Risk / Low-Med Value
105730,0.3708004940035089,0,1,7453.586899563318,Watchlist (Medium Risk)
105731,0.7490248065332474,1,1,7104.4724171539965,High Risk / Low-Med Value
105732,0.7457354163093792,1,1,8908.61856516977,High Risk / Low-Med Value
105733,0.3561944207748193,0,0,17759.008394160584,Watchlist (Medium Risk)
105734,0.5684945715980629,1,0,5902.256773399015,Watchlist (Medium Risk)
105735,0.6269812322720345,1,1,600.498,High Risk / Low-Med Value
105736,0.1421083244109315,0,1,21463.4352135816,Low Risk (Healthy)
105737,0.1101836433450305,0,0,12369.114403066813,Low Risk (Healthy)
105738,0.7553814454415446,1,0,12944.79948979592,High Risk / Low-Med Value
105739,0.3057630844668753,0,0,15295.583017241375,Low Risk (Healthy)
105740,0.3552476452142918,0,0,11990.422781065086,Watchlist (Medium Risk)
105741,0.2799258164264862,0,0,7166.9768893756855,Low Risk (Healthy)
105742,0.7635099673670598,1,1,4456.213586956522,High Risk / Low-Med Value
105743,0.3092209230291348,0,0,14565.218783068782,Low Risk (Healthy)
105744,0.0710340153866458,0,0,17200.90164027149,Low Risk (Healthy)
105745,0.2253323833637708,0,0,29295.8052,Low Risk (Healthy)
105746,0.2011491301353016,0,0,49013.64899497487,Low Risk (Healthy)
105747,0.3513466879287855,0,0,8350.858596973865,Watchlist (Medium Risk)
105749,0.3802139664874927,0,0,11754.77584175084,Watchlist (Medium Risk)
105750,0.3946421879832447,0,0,14045.654024390244,Watchlist (Medium Risk)
105751,0.3107262427921891,0,0,18216.437151248163,Low Risk (Healthy)
105752,0.7158067949672346,1,1,12416.842066420664,High Risk / Low-Med Value
105753,0.5266937208354566,1,1,7915.698630887186,Watchlist (Medium Risk)
105754,0.332870021856025,0,0,16804.28831460674,Low Risk (Healthy)
105755,0.3584850711430082,0,0,10895.660441767068,Watchlist (Medium Risk)
105756,0.5126820209985837,1,0,8325.954986522911,Watchlist (Medium Risk)
105757,0.7899448698303385,1,0,3170.857635009311,High Risk / Low-Med Value
105758,0.7749383916810735,1,1,9142.674315443592,High Risk / Low-Med Value
105759,0.0956139958162292,0,0,22328.29976,Low Risk (Healthy)
105761,0.7061148350165944,1,0,7945.606243154436,High Risk / Low-Med Value
105762,0.3152097683688233,0,0,10479.3897810219,Low Risk (Healthy)
105763,0.4463797819560164,0,0,5090.225,Watchlist (Medium Risk)
105764,0.417221239145664,0,1,1998.561224489796,Watchlist (Medium Risk)
105765,0.6176486971065709,1,1,1658.43661971831,High Risk / Low-Med Value
105766,0.3373607066964942,0,0,6603.499576271186,Low Risk (Healthy)
105767,0.3287361033631812,0,0,14068.994429347827,Low Risk (Healthy)
105768,0.2717669149508808,0,0,9169.157065217392,Low Risk (Healthy)
105769,0.4382552385228025,0,1,21245.31634615385,Watchlist (Medium Risk)
105770,0.5967980200275749,1,0,2531.8117647058825,Watchlist (Medium Risk)
105771,0.6828094454900385,1,1,11850.463622047244,High Risk / Low-Med Value
105772,0.225971225810509,0,0,20800.77846975089,Low Risk (Healthy)
105773,0.4824103861224314,0,1,11037.812916666666,Watchlist (Medium Risk)
105774,0.2727872438335745,0,0,14342.081540342298,Low Risk (Healthy)
105775,0.5914299926173546,1,1,7450.281145833333,Watchlist (Medium Risk)
105776,0.2584337680608862,0,0,10894.387904761905,Low Risk (Healthy)
105777,0.6975515742470513,1,1,514.760606060606,High Risk / Low-Med Value
105778,0.7594097374234855,1,0,3563.87915451895,High Risk / Low-Med Value
105779,0.292594672856575,0,1,8151.32552026287,Low Risk (Healthy)
105780,0.1556057914558528,0,0,65851.88055555554,Low Risk (Healthy)
105781,0.3912240403880901,0,0,46175.13476821192,Watchlist (Medium Risk)
105783,0.4373053866326111,0,0,13377.001136363637,Watchlist (Medium Risk)
105784,0.2023862923829572,0,0,11119.292873563218,Low Risk (Healthy)
105785,0.6329334954546043,1,1,6686.820249653259,High Risk / Low-Med Value
105787,0.7299956875584845,1,1,6867.466391509433,High Risk / Low-Med Value
105788,0.6816610505552254,1,0,14784.830722891567,High Risk / High Value
105789,0.7048325079892295,1,1,16263.593985637342,High Risk / High Value
105790,0.2391087932581152,0,0,27442.039873417725,Low Risk (Healthy)
105791,0.3399615736475141,0,0,4876.4,Low Risk (Healthy)
105792,0.8636543180274474,1,1,2594.984090909091,High Risk / Low-Med Value
105793,0.3127356664368941,0,0,5597.902051282052,Low Risk (Healthy)
105794,0.2963770950274594,0,0,7334.006745182012,Low Risk (Healthy)
105795,0.348467830185845,0,0,23225.106193693693,Low Risk (Healthy)
105796,0.4136062541631418,0,0,3675.455873925501,Watchlist (Medium Risk)
105797,0.508536541836945,1,1,2113.1815384615384,Watchlist (Medium Risk)
105798,0.4756828493056506,0,1,13764.683625730995,Watchlist (Medium Risk)
105799,0.5182717334476582,1,0,6455.942497261774,Watchlist (Medium Risk)
105800,0.3643470072121262,0,0,17568.646963562755,Watchlist (Medium Risk)
105801,0.6795953706551149,1,0,538.40770609319,High Risk / Low-Med Value
105802,0.5451114922722736,1,0,8050.279241877256,Watchlist (Medium Risk)
105803,0.3810765125048616,0,0,10759.06581920904,Watchlist (Medium Risk)
105804,0.6976556712700749,1,1,7261.182935153583,High Risk / Low-Med Value
105805,0.1533020547136765,0,0,62683.98244382023,Low Risk (Healthy)
105806,0.2737765278409519,0,0,50482.06533018868,Low Risk (Healthy)
105807,0.5935735291761938,1,0,9785.009232769831,Watchlist (Medium Risk)
105808,0.2404870321377968,0,0,21864.254469273743,Low Risk (Healthy)
105809,0.3803861109902118,0,0,12430.047208121829,Watchlist (Medium Risk)
105810,0.6560259398584889,1,1,21454.913658536585,High Risk / High Value
105811,0.3394277952516333,0,0,12716.57699579832,Low Risk (Healthy)
105812,0.2311228257420981,0,0,13548.19882352941,Low Risk (Healthy)
105813,0.2588165672998471,0,0,14269.066666666668,Low Risk (Healthy)
105814,0.63457175706906,1,1,8151.949178532312,High Risk / Low-Med Value
105815,0.194114521582345,0,0,17912.94458598726,Low Risk (Healthy)
105816,0.6086758984121738,1,1,10464.039784946235,High Risk / Low-Med Value
105817,0.2413985528602275,0,0,11403.094915254238,Low Risk (Healthy)
105818,0.1800804271281448,0,0,19935.74430449069,Low Risk (Healthy)
105819,0.582288091307145,1,0,3832.703405572755,Watchlist (Medium Risk)
105820,0.410583523712074,0,0,4813.011666666666,Watchlist (Medium Risk)
105821,0.6846236361409871,1,1,7552.281720430109,High Risk / Low-Med Value
105822,0.6552972548325405,1,0,8634.50153256705,High Risk / Low-Med Value
105823,0.4388636584489627,0,0,10564.72222222222,Watchlist (Medium Risk)
105824,0.4010351433320702,0,0,11180.0419395466,Watchlist (Medium Risk)
105825,0.3401123653302526,0,0,7541.575925925927,Low Risk (Healthy)
105826,0.2380850282666911,0,1,37115.73061336254,Low Risk (Healthy)
105827,0.7849852845291457,1,0,433.6169133192389,High Risk / Low-Med Value
105828,0.6043098909204463,1,0,18883.99482071713,High Risk / High Value
105829,0.4478325890345616,0,0,17137.026050420165,Watchlist (Medium Risk)
105830,0.4505081733642802,0,0,6005.111953352769,Watchlist (Medium Risk)
105831,0.829879756415925,1,1,5597.3209748083245,High Risk / Low-Med Value
105832,0.3614645568862065,0,0,17183.134395973157,Watchlist (Medium Risk)
105833,0.4748780761320113,0,0,5616.906936416185,Watchlist (Medium Risk)
105834,0.701392027004442,1,0,10249.947176470589,High Risk / Low-Med Value
105835,0.6014604728335203,1,0,6614.921861471862,High Risk / Low-Med Value
105836,0.6038183580780812,1,1,51085.206241033,High Risk / High Value
105837,0.2983285735465323,0,0,7677.734930139721,Low Risk (Healthy)
105838,0.5820738269803966,1,0,11019.739435146445,Watchlist (Medium Risk)
105840,0.2470295407138841,0,0,67380.74895833332,Low Risk (Healthy)
105841,0.7318787536656463,1,1,13123.19786223278,High Risk / Low-Med Value
105842,0.2712734592273488,0,0,24180.89851851852,Low Risk (Healthy)
105843,0.6695056555160511,1,1,11025.249418604652,High Risk / Low-Med Value
105844,0.2920263066291965,0,0,12199.57530120482,Low Risk (Healthy)
105845,0.7535165881742693,1,1,6297.505087719299,High Risk / Low-Med Value
105847,0.4777095773127751,0,0,7724.111440677966,Watchlist (Medium Risk)
105848,0.476118117425116,0,0,5005.413461538462,Watchlist (Medium Risk)
105849,0.2027453611987482,0,0,12533.014389067524,Low Risk (Healthy)
105850,0.4265527554884978,0,1,8860.050437317785,Watchlist (Medium Risk)
105851,0.2968815858208695,0,1,8612.657572115386,Low Risk (Healthy)
105852,0.2066476958697455,0,0,6789.370289855073,Low Risk (Healthy)
105853,0.3097174684167575,0,0,7302.6978260869555,Low Risk (Healthy)
105854,0.202058089214642,0,0,23063.11854103344,Low Risk (Healthy)
105855,0.1393456819146639,0,0,15762.50700985761,Low Risk (Healthy)
105857,0.1924738870800761,0,0,24210.304966887416,Low Risk (Healthy)
105858,0.2284155523147797,0,0,30902.0424796748,Low Risk (Healthy)
105859,0.6510601806371906,1,1,11436.233570646222,High Risk / Low-Med Value
105860,0.2918773414541545,0,0,15568.278169014084,Low Risk (Healthy)
105861,0.3979826106179217,0,1,226785.45,Watchlist (Medium Risk)
105862,0.2099652942962463,0,0,30870.906521739136,Low Risk (Healthy)
105863,0.2658882947380527,0,0,9298.186937590712,Low Risk (Healthy)
105864,0.3717984698848682,0,1,6663.405906593406,Watchlist (Medium Risk)
105865,0.7725911351651127,1,1,6099.102332089552,High Risk / Low-Med Value
105866,0.2212105936428877,0,0,16528.631372549018,Low Risk (Healthy)
105867,0.2331673198578843,0,0,16597.017615658362,Low Risk (Healthy)
105868,0.136982072442111,0,0,28008.03231382979,Low Risk (Healthy)
105869,0.4914006172429881,0,1,7191.615277777777,Watchlist (Medium Risk)
105870,0.2369447535599047,0,0,14688.810160427807,Low Risk (Healthy)
105871,0.4897774340355829,0,1,10508.922549019608,Watchlist (Medium Risk)
105872,0.6869060033791676,1,1,15408.812814895948,High Risk / High Value
105873,0.6115281544308415,1,1,9946.749145299143,High Risk / Low-Med Value
105874,0.1243963215469113,0,0,13549.303723986855,Low Risk (Healthy)
105875,0.579864505892728,1,1,24980.284990619133,Watchlist (Medium Risk)
105876,0.6817475749106857,1,1,3256.2094551282057,High Risk / Low-Med Value
105877,0.2553972133118202,0,0,12998.669441401971,Low Risk (Healthy)
105879,0.3796527215348413,0,0,26161.561555555552,Watchlist (Medium Risk)
105880,0.7033081610632437,1,1,9670.211789181692,High Risk / Low-Med Value
105882,0.5806124097554402,1,1,10264.669558823529,Watchlist (Medium Risk)
105883,0.2366093430037162,0,0,6547.8075667655785,Low Risk (Healthy)
105884,0.1980648703709831,0,0,17040.94784580499,Low Risk (Healthy)
105885,0.7809348043447666,1,1,1667.163204225352,High Risk / Low-Med Value
105886,0.7340091111865938,1,1,10555.006294706724,High Risk / Low-Med Value
105887,0.5968852337834636,1,0,2392.046710526316,Watchlist (Medium Risk)
105888,0.7834302958110073,1,1,8199.901612903226,High Risk / Low-Med Value
105889,0.2409274405556441,0,0,44327.36855670103,Low Risk (Healthy)
105890,0.4934936500718935,0,0,10982.23779193206,Watchlist (Medium Risk)
105891,0.6509337453274746,1,1,15906.791949616649,High Risk / High Value
105892,0.3732191248368524,0,0,13167.712962962962,Watchlist (Medium Risk)
105893,0.2227191566972098,0,0,45073.04337016575,Low Risk (Healthy)
105894,0.4109527047564558,0,1,13588.444968553458,Watchlist (Medium Risk)
105895,0.5271068539994946,1,0,29377.346024096383,Watchlist (Medium Risk)
105897,0.6756671626958312,1,1,1346.2799533799534,High Risk / Low-Med Value
105898,0.2684371720087622,0,0,17610.478114754096,Low Risk (Healthy)
105899,0.2998463263121888,0,0,8462.747560975611,Low Risk (Healthy)
105900,0.4108233319290634,0,1,9958.94978308026,Watchlist (Medium Risk)
105901,0.5698140948170822,1,1,8758.538665447897,Watchlist (Medium Risk)
105902,0.8069547664601611,1,0,1508.8252464403065,High Risk / Low-Med Value
105903,0.6758215959034709,1,1,3353.81512890095,High Risk / Low-Med Value
105904,0.5944953429710683,1,1,23581.664233576645,Watchlist (Medium Risk)
105905,0.5531950696840444,1,1,14407.50370967742,Watchlist (Medium Risk)
105906,0.3191939400076264,0,0,8305.842776523703,Low Risk (Healthy)
105907,0.3722897759915987,0,0,13530.82395143488,Watchlist (Medium Risk)
105908,0.2381164903521447,0,0,21294.58605527638,Low Risk (Healthy)
105909,0.2649440256525072,0,0,4254.178301886793,Low Risk (Healthy)
105910,0.6751330637508596,1,0,17028.551451800235,High Risk / High Value
105911,0.2066495025059075,0,0,16572.175,Low Risk (Healthy)
105912,0.2694717165199827,0,0,8788.324,Low Risk (Healthy)
105913,0.8307290507339563,1,1,6822.092200232829,High Risk / Low-Med Value
105914,0.6228466642688627,1,0,6254.864747356052,High Risk / Low-Med Value
105915,0.7739615418024032,1,1,10861.948247535596,High Risk / Low-Med Value
105916,0.1645074392912621,0,0,10248.365102639296,Low Risk (Healthy)
105917,0.5184209944287824,1,0,9782.271375464685,Watchlist (Medium Risk)
105918,0.3193903020552661,0,0,7335.246464646464,Low Risk (Healthy)
105919,0.3720052373661952,0,0,25209.376785714285,Watchlist (Medium Risk)
105921,0.1154888031247215,0,0,21917.250217391305,Low Risk (Healthy)
105922,0.564267692104427,1,0,28764.40401606425,Watchlist (Medium Risk)
105923,0.2562143723944321,0,0,29798.96729559749,Low Risk (Healthy)
105924,0.5412857045226658,1,1,12086.812468193384,Watchlist (Medium Risk)
105925,0.4126662711192301,0,0,36252.67942430703,Watchlist (Medium Risk)
105926,0.5593098670411045,1,0,2758.4388714733545,Watchlist (Medium Risk)
105927,0.6080185322414102,1,1,2779.324311926606,High Risk / Low-Med Value
105928,0.3375868845669861,0,0,4905.332926829268,Low Risk (Healthy)
105929,0.390230811808047,0,1,18623.458281733747,Watchlist (Medium Risk)
105930,0.6449961382343535,1,0,2405.734210526316,High Risk / Low-Med Value
105931,0.3449734642498079,0,1,17509.908823529415,Low Risk (Healthy)
105932,0.4686110947363089,0,0,3408.7582978723403,Watchlist (Medium Risk)
105933,0.3081357102315117,0,0,6878.466289592761,Low Risk (Healthy)
105934,0.4280082130036928,0,0,7069.775036927621,Watchlist (Medium Risk)
105935,0.4341300928363363,0,0,7399.03373493976,Watchlist (Medium Risk)
105936,0.5269673263979544,1,1,11843.684898477157,Watchlist (Medium Risk)
105937,0.318156380995346,0,0,13800.606024096383,Low Risk (Healthy)
105938,0.4639208062690695,0,0,10239.498684210526,Watchlist (Medium Risk)
105939,0.347464931488381,0,0,21577.13006535948,Low Risk (Healthy)
105940,0.351132931679791,0,1,10110.624667931688,Watchlist (Medium Risk)
105941,0.4722587667714368,0,0,4086.8347128378377,Watchlist (Medium Risk)
105942,0.5610182362778507,1,0,3606.896046511627,Watchlist (Medium Risk)
105943,0.4374427536955537,0,0,8220.371686746988,Watchlist (Medium Risk)
105944,0.5596261186026432,1,0,26388.307425742576,Watchlist (Medium Risk)
105945,0.1209022185850553,0,0,17682.1791347207,Low Risk (Healthy)
105946,0.4458735289571395,0,1,12560.343037974682,Watchlist (Medium Risk)
105947,0.3289773677184776,0,0,20159.09484126984,Low Risk (Healthy)
105948,0.3779229633972754,0,0,15834.90382585752,Watchlist (Medium Risk)
105949,0.3654824839164202,0,0,6493.87945054945,Watchlist (Medium Risk)
105950,0.1565478758255497,0,0,22111.28834586466,Low Risk (Healthy)
105951,0.3166907592458134,0,0,18302.310459183675,Low Risk (Healthy)
105952,0.2582715888395592,0,1,13538.297852760736,Low Risk (Healthy)
105954,0.8827595675546063,1,1,3727.3175657894735,High Risk / Low-Med Value
105955,0.4352189226527866,0,0,44643.70763888889,Watchlist (Medium Risk)
105956,0.4715729228820206,0,0,3317.5458333333336,Watchlist (Medium Risk)
105957,0.4263515044504341,0,1,5931.038842975207,Watchlist (Medium Risk)
105958,0.483183594885234,0,1,9277.998969072163,Watchlist (Medium Risk)
105959,0.4194288814112262,0,1,8617.885122699387,Watchlist (Medium Risk)
105960,0.3806597277041889,0,0,14430.275,Watchlist (Medium Risk)
105961,0.3489993187388961,0,0,9794.982723577235,Low Risk (Healthy)
105962,0.2454087310410865,0,0,27699.89410876133,Low Risk (Healthy)
105963,0.590758464490399,1,0,1142.45,Watchlist (Medium Risk)
105964,0.3654725268579094,0,0,18324.48898916968,Watchlist (Medium Risk)
105965,0.247953128436171,0,0,13597.882894736844,Low Risk (Healthy)
105966,0.3234049331050059,0,0,13592.140617848969,Low Risk (Healthy)
105967,0.3701519643399683,0,0,32618.02222222222,Watchlist (Medium Risk)
105968,0.598806496806277,1,1,2539.000518134715,Watchlist (Medium Risk)
105969,0.7452387248356626,1,0,1553.7342931937171,High Risk / Low-Med Value
105970,0.541216747388164,1,0,10318.060947712418,Watchlist (Medium Risk)
105971,0.1037405184611263,0,0,31081.459584980235,Low Risk (Healthy)
105972,0.3320589365089936,0,0,5213.343373493976,Low Risk (Healthy)
105973,0.3802147654510942,0,0,98059.85714285714,Watchlist (Medium Risk)
105974,0.3690026287246754,0,0,16740.475263157892,Watchlist (Medium Risk)
105975,0.2697092015158259,0,0,12093.207923497268,Low Risk (Healthy)
105976,0.1653606167691006,0,0,16148.957330154946,Low Risk (Healthy)
105977,0.8979055459420069,1,1,1210.9661422708618,High Risk / Low-Med Value
105978,0.7794118699718094,1,1,8807.84578313253,High Risk / Low-Med Value
105979,0.6274525841798164,1,1,1466.6333333333334,High Risk / Low-Med Value
105980,0.5758459647451125,1,1,5263.133112094396,Watchlist (Medium Risk)
105981,0.5435245732546258,1,1,14847.260452418095,Watchlist (Medium Risk)
105982,0.7069876118448348,1,1,26769.947535596937,High Risk / High Value
105983,0.5212180784705397,1,0,5875.62048192771,Watchlist (Medium Risk)
105984,0.1845182956804944,0,0,15491.220107526882,Low Risk (Healthy)
105985,0.1440131293918815,0,0,15641.078151260504,Low Risk (Healthy)
105986,0.2659376172393569,0,0,14990.6218503937,Low Risk (Healthy)
105987,0.4953166069609965,0,0,10865.67881355932,Watchlist (Medium Risk)
105988,0.3341278853600942,0,0,13221.158823529411,Low Risk (Healthy)
105989,0.188153673715506,0,0,22412.37411764706,Low Risk (Healthy)
105990,0.6004790682260981,1,0,6278.329390243902,High Risk / Low-Med Value
105991,0.4359409626802191,0,0,35821.32787513691,Watchlist (Medium Risk)
105992,0.6628096152965668,1,1,4392.782733050847,High Risk / Low-Med Value
105993,0.1381194720574704,0,0,25863.937055837563,Low Risk (Healthy)
105994,0.6269311301450167,1,1,7276.367993630573,High Risk / Low-Med Value
105995,0.378974978848479,0,0,4593.253460207612,Watchlist (Medium Risk)
105996,0.3201553537268051,0,0,8226.856666666667,Low Risk (Healthy)
105997,0.5437871459984499,1,0,8379.606073446326,Watchlist (Medium Risk)
105998,0.3249473226582531,0,0,9543.07603448276,Low Risk (Healthy)
105999,0.3606546712204126,0,0,16979.335141509437,Watchlist (Medium Risk)
