customer_id,churn_probability,customer_lifetime_value,assigned_action,assigned_cost,expected_value_saved
100000,0.3937138419040243,8847.796480331263,email_nudge,20,174.17499723280628
100002,0.5277097789092838,19861.085491606715,discount_offer,250,1886.5600260613492
100004,0.5999727837393166,7244.253648648648,email_nudge,20,217.31775138467157
100005,0.4072804310556883,9050.909620253164,email_nudge,20,184.3129185791392
100006,0.4619856523818482,7403.456557377051,email_nudge,20,171.01453537702545
100009,0.7274174027234362,682.108280254777,none,0,0.0
100010,0.641641694100282,8590.788718510405,discount_offer,250,992.1974808604692
100011,0.7632709520695573,6051.655122950819,email_nudge,20,230.9526283645643
100012,0.3914144261100712,9858.82712305026,email_nudge,20,192.9443580243561
100015,0.6249284456499758,10117.829723127035,discount_offer,250,1138.1255284004826
100016,0.426821058054777,4199.726934523809,email_nudge,20,89.62659468672987
100018,0.7247224832971859,13297.318796433878,discount_offer,250,1734.6358618822633
100019,0.3736417603689853,4821.146551724139,email_nudge,20,90.06908422915352
100020,0.7079703160443833,10062.382795698926,discount_offer,250,1282.2962990454962
100023,0.3776822410755828,13710.597744945568,discount_offer,250,932.0848709034371
100024,0.6038662397492829,5982.671383647798,email_nudge,20,180.63666360495176
100025,0.4940382302119402,7309.327777777778,email_nudge,20,180.55436796861537
100026,0.5940703237676602,23807.82210300429,discount_offer,250,2545.833705288231
100027,0.7014214951020423,7621.5052264808355,discount_offer,250,962.2597663595192
100031,0.7810679830413353,10307.749772036474,discount_offer,250,1449.1895983450763
100032,0.6771736788272363,4629.229135338345,email_nudge,20,156.73960618556467
100033,0.4758043421142535,7084.094238683128,email_nudge,20,168.5321399356
100037,0.7478541107877723,17803.299591836734,discount_offer,250,2396.5687413614464
100039,0.6922843859471434,2077.9081651376146,email_nudge,20,71.92516890784245
100040,0.3534318596113867,9541.392557251907,email_nudge,20,168.6116057395893
100041,0.3995734508144323,54782.36626506024,personal_outreach,900,7661.352696308591
100042,0.66020600044328,1847.336752136752,email_nudge,20,60.98114043000421
100043,0.838685992791961,4337.738918918919,email_nudge,20,181.9000435842921
100044,0.6499350538481871,7506.118995290423,email_nudge,20,243.92449266974907
100048,0.8184632207586487,7781.764971209213,discount_offer,250,1146.4359158740906
100049,0.6853822887751604,2475.294186046512,email_nudge,20,84.82613973122031
100053,0.367808222166019,8181.528155339806,email_nudge,20,150.46166627083815
100054,0.7476786455951782,7326.850652985075,discount_offer,250,986.0633590863648
100055,0.6849641391434566,14852.319801980197,discount_offer,250,1831.195160540402
100057,0.502887583558856,4086.559210526316,email_nudge,20,102.75399432258828
100060,0.7462869509255932,7425.419179600887,discount_offer,250,997.4688189999775
100061,0.8276028014255352,4084.034818941504,email_nudge,20,168.99793286377087
100062,0.8159678959196479,8192.89874041621,discount_offer,250,1203.325622406027
100064,0.7018222819316061,6227.243529411765,email_nudge,20,218.5209131977797
100065,0.5203303203039333,13703.39478330658,discount_offer,250,1283.4525234328491
100067,0.8480693166633935,1814.6345995893223,email_nudge,20,76.94679624337336
100068,0.6677858667034543,16712.79430449069,discount_offer,250,2008.9022093389565
100069,0.4103747564199232,9927.35588235294,email_nudge,20,203.696812605724
100072,0.369345931282219,16031.887626262627,discount_offer,250,1065.8362437960934
100073,0.8685122904952496,1007.291109785203,none,0,0.0
100076,0.4331928596495465,21349.43605633803,discount_offer,250,1664.716186287037
100077,0.5055061874704672,15439.744497607657,discount_offer,250,1404.8795477706783
100078,0.618816614539089,4711.08407079646,email_nudge,20,145.76485477496476
100079,0.4081530571714726,15377.74674796748,discount_offer,250,1129.7653825664877
100080,0.6571874027504332,3944.3587075575024,email_nudge,20,129.60914272678852
100081,0.5849819722011381,7393.5870138888895,email_nudge,20,216.25575565127232
100082,0.707813795397216,8416.900000000001,discount_offer,250,1072.3676282061892
100087,0.7397112539297194,4754.20295728368,email_nudge,20,175.83687154843457
100088,0.755843859670237,1131.7076347305388,none,0,0.0
100089,0.7969234202813225,5982.082146768893,email_nudge,20,238.36306824034511
100091,0.6664164097381279,11446.906754221389,discount_offer,250,1373.113170315962
100092,0.7148083665673939,5032.815446224256,email_nudge,20,179.87492941753553
100094,0.6973077239115161,6918.529025191676,email_nudge,20,241.2171863686084
100097,0.3620436274971224,9928.390031897929,email_nudge,20,179.72551711772985
100098,0.3557586114262702,10757.337061994607,email_nudge,20,191.3507647909777
100100,0.5146903530036059,7825.880074257425,email_nudge,20,201.395248899172
100104,0.5043816061079811,13905.393939393938,discount_offer,250,1262.452487168826
100105,0.5840625228501207,9668.926240208875,discount_offer,250,1016.506341559463
100107,0.5340562306857974,6760.403860294118,email_nudge,20,180.5217901771196
100108,0.8529115020637719,1997.368103448276,email_nudge,20,85.17891146431683
100109,0.4686920347513869,8786.623529411765,email_nudge,20,205.91102302972064
100110,0.6955542501287804,9783.909602649006,discount_offer,250,1224.9431832596945
100115,0.3743143191996284,15749.91590909091,discount_offer,250,1061.1754291732968
100116,0.7066004617735545,6498.690368852459,email_nudge,20,229.59888077772496
100119,0.4632522202458751,4134.998095238096,email_nudge,20,95.77735241657562
100123,0.5379186666993653,4661.385815991238,email_nudge,20,125.372322155467
100124,0.5339694127420761,54387.43333333334,personal_outreach,900,10164.429043142089
100128,0.6047743214429324,9353.10033783784,discount_offer,250,1018.1726838366376
100130,0.552254881512915,6795.0685410334345,email_nudge,20,187.6304886000278
100132,0.6208110282528506,11667.433114035088,discount_offer,250,1303.7888067471863
100133,0.8142136887656508,7062.988475499092,discount_offer,250,1035.1407420621713
100134,0.3782224635040201,8500.251639344264,email_nudge,20,160.74930577184367
100135,0.7976277205144849,7124.510613810741,discount_offer,250,1022.8872889215208
100142,0.4085467434002038,7614.373513513514,email_nudge,20,155.5413750989357
100143,0.736571704404255,6546.58274509804,email_nudge,20,241.10138052901752
100144,0.4496500235975998,2000.0871134020613,none,0,0.0
100146,0.6537704427882276,24751.80195035461,personal_outreach,900,5663.698782311447
100147,0.4676541354735761,9302.757482993198,email_nudge,20,217.52365041147624
100148,0.8297306483495005,4158.257502738225,email_nudge,20,172.51168468755813
100150,0.7135048683804603,5032.650416666666,email_nudge,20,179.54102865743096
100151,0.5011656533278505,45344.315,personal_outreach,900,7953.7546380875965
100155,0.7027201991489066,16620.18037037037,discount_offer,250,2102.2805627563343
100157,0.4850802733629697,6663.289944444444,email_nudge,20,161.6115253873919
100158,0.4828029785133684,8453.451971522452,email_nudge,20,204.06758952853733
100159,0.5365526201324969,9109.137324929972,email_nudge,20,244.37657494189503
100161,0.7684049684760795,3987.3021329987455,email_nudge,20,153.1931384905753
100162,0.4674737588584296,13106.469580924855,discount_offer,250,1102.8475080645496
100163,0.4087604814751704,19709.007052896726,discount_offer,250,1450.127378221127
100164,0.612615870406833,7437.384490398819,email_nudge,20,227.8129886567976
100165,0.4401300592788897,9955.53095952024,email_nudge,20,219.0864215683233
100166,0.604980197854173,55023.69800569801,personal_outreach,900,11650.886697154408
100168,0.7581658164395766,3495.886939102564,email_nudge,20,132.5230987682574
100169,0.4955262128166823,6634.739473684212,email_nudge,20,164.38436622100429
100172,0.5223160155992396,25778.008510638298,discount_offer,250,2423.568005164779
100173,0.5386372775609324,3378.245031055901,email_nudge,20,90.98243532308491
100174,0.6379152952332867,4292.926375711575,email_nudge,20,136.92616981884063
100175,0.6131775742444158,35640.74883913765,personal_outreach,900,7648.937771102915
100176,0.6833212790003367,12786.761555312158,discount_offer,250,1572.7439268446828
100177,0.3816618310521115,8163.098964088398,email_nudge,20,155.77716488467863
100179,0.584509680497233,9623.849342105264,discount_offer,250,1012.5419587393416
100180,0.6538767060159845,4628.976595744682,email_nudge,20,151.3389984325309
100181,0.7661298358350108,1020.9330769230768,none,0,0.0
100182,0.4319444512733228,6428.982427184467,email_nudge,20,138.84816433780148
100184,0.6778204938293659,33247.510186199346,personal_outreach,900,7887.54532055228
100185,0.562903737043165,13366.420860927154,discount_offer,250,1354.3214856313705
100186,0.7256707675152814,25822.54847856155,personal_outreach,900,6558.534000773412
100188,0.539247727421049,6698.716920943135,email_nudge,20,180.61339381277563
100191,0.4557618249666088,39632.562447257376,personal_outreach,900,6322.053146172788
100195,0.701663963452036,4823.862891986063,email_nudge,20,169.23653779700706
100197,0.4368531527041996,7643.755128205128,email_nudge,20,166.95992631276522
100198,0.3537957229273896,9292.431828978622,email_nudge,20,164.38113183434885
100199,0.5000127675422175,13585.3,discount_offer,250,1222.7082211604315
100200,0.4140737568246936,24587.57542372881,discount_offer,250,1832.5925508445007
100201,0.8238148125582532,1828.7408371040729,email_nudge,20,75.32718949682575
100204,0.6657245643961198,10072.713566433566,discount_offer,250,1207.017513234157
100205,0.4975914376272624,3825.7447761194026,email_nudge,20,95.18289215721214
100210,0.6793513000384367,2250.0447530864194,email_nudge,20,76.42854140769612
100212,0.5532348390120392,13808.853465346536,discount_offer,250,1375.1169882915294
100215,0.8116697393250388,10387.749216524217,discount_offer,250,1517.6559057750155
100216,0.3894418198884909,33995.43636363636,discount_offer,250,2383.064028964427
100218,0.7008880333818276,907.7992424242424,none,0,0.0
100219,0.5904599893735026,5785.183202614379,email_nudge,20,170.79596061697262
100220,0.7570562476290356,2085.075115207373,email_nudge,20,78.92595713717864
100221,0.5569787904365827,3542.014361702128,email_nudge,20,98.6413437444928
100222,0.4715904422092582,17301.163782051284,discount_offer,250,1468.6314261682262
100223,0.7318859581125566,5001.668577075098,email_nudge,20,183.0325499347038
100225,0.8272929666735196,1455.9541120381407,email_nudge,20,60.22502983442717
100226,0.5640245110126638,14405.3136416185,discount_offer,250,1462.4909968856275
100227,0.6997657962140561,35279.52848484848,personal_outreach,900,8640.592569089764
100229,0.6430326250211817,5856.742191435768,email_nudge,20,188.3038152715625
100230,0.370413547801509,6445.995142180095,email_nudge,20,119.38419648631108
100232,0.779018417217197,2924.7742299794663,email_nudge,20,113.92264956781251
100234,0.6348383009325707,7381.136458333333,email_nudge,20,234.2914064079893
100235,0.3557171461677103,6540.178723404255,email_nudge,20,116.322685545807
100237,0.8772863568350021,4581.9618,email_nudge,20,200.98462873395744
100238,0.6461633650470731,2945.588556338028,email_nudge,20,95.16657068037652
100239,0.7774553719844584,1879.6314935064927,email_nudge,20,73.06648009888967
100242,0.7240019424932375,5767.726769911505,email_nudge,20,208.7922692593088
100243,0.6292254362478853,4855.54801980198,email_nudge,20,152.76171604912287
100244,0.6411071129479806,38881.76935028248,personal_outreach,900,8724.582613064107
100246,0.6353187177556966,13498.077586206897,discount_offer,250,1543.6046419624572
100248,0.7305330436305897,7634.845583038869,discount_offer,250,1003.9512566568508
100250,0.4762572301407297,15529.801263537907,discount_offer,250,1331.3124241935425
100253,0.6077914303536117,5498.910898138006,email_nudge,20,167.10954600831812
100254,0.6841346159874736,5480.696531791907,email_nudge,20,187.47671085606677
100256,0.5861348374197759,4668.505687203791,email_nudge,20,136.81869109812467
100257,0.3711990661894594,12725.382812500002,email_nudge,20,236.18251084516987
100258,0.5086921567243727,10373.62285012285,discount_offer,250,949.8565045213608
100259,0.81375093147158,16892.593318965515,discount_offer,250,2474.3454386901794
100260,0.6485415888017683,14365.12421630094,discount_offer,250,1676.948486863422
100261,0.867212597501862,8804.063150867822,discount_offer,250,1374.299005254212
100263,0.6900558066561934,7716.995509309968,discount_offer,250,958.52836100504
100264,0.5855880599067647,9976.189594742606,discount_offer,250,1051.5487518085276
100265,0.6833945548725795,7372.19244249726,discount_offer,250,906.8609110815738
100266,0.6005529476928914,13025.1623655914,discount_offer,250,1408.0139375101971
100267,0.4292430490688451,9740.846946564889,email_nudge,20,209.0595421928231
100268,0.3717443414548558,6568.014644351465,email_nudge,20,122.08111393151422
100269,0.5975881006781014,5426.608064516129,email_nudge,20,162.14382031993307
100270,0.613523428564764,25224.05162037037,personal_outreach,900,5416.441321348478
100274,0.6812620275496374,9293.97133105802,discount_offer,250,1139.6933555372618
100275,0.4064117530420227,10676.225393258426,email_nudge,20,216.94717389729576
100277,0.6426988400412127,6573.976019417477,email_nudge,20,211.25433810691808
100281,0.5585420945543775,1931.726,none,0,0.0
100282,0.4914144802091897,1338.7279279279278,none,0,0.0
100283,0.6466433616236447,5548.573571428571,email_nudge,20,179.39741332223417
100285,0.6192673059050725,11245.98535286285,discount_offer,250,1253.5687893087509
100286,0.6868822016561414,19902.88146417445,discount_offer,250,2460.768307094404
100288,0.4028157353264518,6333.146739130434,email_nudge,20,127.55455803265733
100290,0.8722100865216332,5957.206477272728,discount_offer,250,935.2684038544704
100291,0.7974937742872118,3447.798795180722,email_nudge,20,137.4799037075788
100292,0.365505482468676,14372.205119453924,discount_offer,250,945.5615579384606
100295,0.4833408684849242,26480.79244186046,discount_offer,250,2303.8648590632133
100296,0.6157166662488937,4531.870350109409,email_nudge,20,139.5174051920786
100297,0.5818433503292033,2178.535256410257,email_nudge,20,63.378312620001694
100299,0.3722273322728426,29757.81199186992,discount_offer,250,1993.8007749618985
100300,0.410052714819527,2252.7376811594204,none,0,0.0
100302,0.8336860690773165,1917.204248366013,email_nudge,20,79.91732367192962
100303,0.7146448212427581,4077.037192982456,email_nudge,20,145.68167579895118
100304,0.6601208016787623,18461.91987951807,discount_offer,250,2193.6775232513783
100305,0.6840161440017498,6092.553385416668,email_nudge,20,208.3702436908758
100307,0.4936705183801024,5880.15,email_nudge,20,145.14283493263795
100311,0.3819985355657077,9664.269499241274,email_nudge,20,184.58683980112508
100312,0.6628134625079285,23926.52424242424,personal_outreach,900,5550.587832615384
100315,0.6998422673548539,18083.736206896552,discount_offer,250,2278.0373308706785
100317,0.4179750385896615,8673.036238532111,email_nudge,20,181.25563282449963
100319,0.53018973929904,10628.000199203188,discount_offer,250,1014.2741978794232
100320,0.4696347166505268,9203.231227436823,email_nudge,20,216.10784448832865
100322,0.693323925143403,8735.090886287626,discount_offer,250,1090.1245499577549
100324,0.8152826774456442,3270.4719605695504,email_nudge,20,133.31795682620242
100325,0.6130139193687009,642.2371747211896,none,0,0.0
100328,0.6746671623692458,7756.615000000001,discount_offer,250,941.9640176953312
100329,0.7653630305883931,7250.882913472069,discount_offer,250,998.9203897973842
100331,0.5771952015187524,9583.181281198003,discount_offer,250,995.6459251425272
100332,0.3624814587577616,19398.15633802817,discount_offer,250,1265.6649611915227
100338,0.7347715091790523,1793.3611363636362,email_nudge,20,65.88553343344846
100340,0.5272612707825668,4363.710571428572,email_nudge,20,115.04077906093748
100341,0.3783865468252365,13468.210236768802,discount_offer,250,917.3141214133046
100342,0.6753563442097402,18733.762924424973,discount_offer,250,2277.353815547692
100343,0.608257490358486,14279.98837209302,discount_offer,250,1563.463780120379
100344,0.6326247151921757,11580.338011283498,discount_offer,250,1318.6814465191228
100345,0.806712877225384,5168.815772179628,email_nudge,20,208.4875121711486
100347,0.5609172951511145,8801.361422413793,discount_offer,250,888.6304516873879
100348,0.4098715373756103,17193.26313559322,discount_offer,250,1268.46525490002
100349,0.8330872884334933,4550.0735112936345,email_nudge,20,189.5304201848339
100350,0.6127955325008659,10748.69568854569,discount_offer,250,1185.615485667381
100357,0.5365839028882706,3647.941729323308,email_nudge,20,97.8713405314644
100358,0.8296482048831005,1599.567326732673,email_nudge,20,66.35390806067112
100359,0.5684049593325368,10805.091032608696,discount_offer,250,1105.5001192153743
100360,0.3753612097618891,18623.295454545456,discount_offer,250,1258.2832880828291
100361,0.4861378847111116,13073.60816993464,discount_offer,250,1144.0037198293078
100363,0.6770446780978208,738.7186792452832,none,0,0.0
100364,0.6953838042630045,3353.1832844574774,email_nudge,20,116.58746743685784
100367,0.7439747039710423,10482.953684210524,discount_offer,250,1403.829425511481
100368,0.4506315122865653,90783.75217391305,personal_outreach,900,14318.506836612716
100371,0.5362934549234157,4197.0910147991535,email_nudge,20,112.54362204773317
100372,0.8652562616311448,2580.126811594203,email_nudge,20,111.62354397671427
100374,0.4750875399137985,4246.597947761194,email_nudge,20,100.87528860024256
100376,0.8407334550407451,1652.8132678132677,email_nudge,20,69.47877045929165
100377,0.822494762109057,2119.882420591457,email_nudge,20,87.17960936117713
100378,0.4081196332142698,8401.991153846153,email_nudge,20,171.4508773988616
100379,0.4232743882502424,6415.402652519895,email_nudge,20,135.77378165621704
100380,0.5442140444636465,6294.777192982456,email_nudge,20,171.28530775952512
100381,0.4046599393180592,18699.89748083242,discount_offer,250,1362.0778883725634
100382,0.5872147451517697,7373.445801526717,email_nudge,20,216.4898048616949
100385,0.606483343994125,5803.141517857142,email_nudge,20,175.9754336710571
100386,0.6039489190572601,5611.589156626506,email_nudge,20,169.45566026690102
100387,0.8632797392971518,4493.994402985075,email_nudge,20,193.9787158305908
100389,0.4930050548599449,3499.330558598028,email_nudge,20,86.25938270073512
100390,0.4090644175032089,5429.697521551724,email_nudge,20,111.05480269360864
100391,0.4059118598401843,8446.777718832891,email_nudge,20,171.43236267540442
100393,0.5657573075519814,27916.695292620865,personal_outreach,900,5527.926027575788
100395,0.7966232825039653,4786.82108433735,email_nudge,20,190.66465624820052
100396,0.6386863274676206,6918.018302387269,email_nudge,20,220.9221851452754
100399,0.4730167862573629,15628.257142857145,discount_offer,250,1330.6370343332333
100400,0.6337855181206341,6926.305545774649,email_nudge,20,219.48960744953035
100401,0.4140884464099791,9396.142857142857,email_nudge,20,194.5417098980254
100402,0.6881332112095784,8323.304875000002,discount_offer,250,1030.957652071816
100403,0.6077800369514249,9794.766053921569,discount_offer,250,1071.5513893529424
100404,0.6352142031514636,5811.0731292517,email_nudge,20,184.56380936262505
100405,0.8355473054622672,5859.771442885772,discount_offer,250,881.3009231510306
100407,0.6307718922289883,4443.454696969698,email_nudge,20,140.1403163620681
100408,0.7061263344190805,3282.961861313868,email_nudge,20,115.90929125836016
100409,0.6339615127713515,17065.69350649351,discount_offer,250,1947.4187169363936
100410,0.8610400536517798,5162.258855291577,email_nudge,20,222.2455820862317
100412,0.6417022042896153,2025.444621513944,email_nudge,20,64.98661391460217
100414,0.7301562997903212,6330.237662337663,email_nudge,20,231.10314541629003
100415,0.3833753034225855,5376.201136363637,email_nudge,20,103.05513709571292
100418,0.8086826295160797,4381.695071193866,email_nudge,20,177.17003459553513
100421,0.5960485546667378,17297.89969879518,discount_offer,250,1855.869860562672
100424,0.404137869963858,3125.223548740416,email_nudge,20,63.151059407442055
100426,0.7461283412386447,2326.744019138756,email_nudge,20,86.80248277434687
100427,0.6603993885388175,15441.7147864184,discount_offer,250,1835.585820529475
100428,0.42617914236908,5587.963352272727,email_nudge,20,119.073671453072
100429,0.4497109708398544,16403.866221374046,discount_offer,250,1327.859748709419
100430,0.647057400841075,18959.63251655629,discount_offer,250,2208.234696671672
100431,0.3939529147584013,10344.871670190276,email_nudge,20,203.7696173636535
100432,0.5977359764846669,7310.869052419355,email_nudge,20,218.4984725999708
100435,0.4397602184326397,3759.846648044693,email_nudge,20,82.67154916086812
100438,0.5337105752519915,7737.49069767442,email_nudge,20,206.4790305631374
100439,0.7817759459963175,4677.392545180724,email_nudge,20,182.8336490902392
100441,0.5416020987717984,3271.7650406504063,email_nudge,20,88.59974063522293
100442,0.601517104459908,4936.87802359882,email_nudge,20,148.48082869134578
100443,0.7550556825883035,1592.0687637969097,email_nudge,20,60.10502835880961
100446,0.8389208901077807,3890.10443592552,email_nudge,20,163.17449379994318
100451,0.7603585901835637,8269.187003610108,discount_offer,250,1131.7585269652611
100455,0.6747359861856219,14972.991196013289,discount_offer,250,1818.5068765423189
100457,0.4654623042671184,6976.425301204819,email_nudge,20,162.36314981231104
100458,0.7687068496887878,10540.236201022146,discount_offer,250,1458.4233177114209
100459,0.4105401040555697,20455.136494974875,discount_offer,250,1511.5776957212158
100461,0.5891159859103893,7279.543209200437,email_nudge,20,214.4247637332697
100462,0.4708138016297698,13806.941272727272,discount_offer,250,1170.089731708506
100463,0.496634651088017,10979.684903381643,discount_offer,250,981.520556588516
100464,0.4755579236170518,2300.1178683385583,none,0,0.0
100467,0.7742073278686311,4401.004533333334,email_nudge,20,170.36449798448663
100469,0.7768484845078284,4767.667628865979,email_nudge,20,185.1877686060784
100470,0.5257672048367739,1943.9494444444445,none,0,0.0
100472,0.5581764954448416,22277.612053571425,discount_offer,250,2238.2710961296066
100473,0.5428348412486416,3455.864400715564,email_nudge,20,93.79818016696326
100474,0.4951196119891407,15277.231865828093,discount_offer,250,1361.530280461849
100475,0.7155955715339508,2569.8354838709674,email_nudge,20,91.9481445914436
100476,0.5554338852298438,6310.700875486382,email_nudge,20,175.2588552897389
100477,0.3954216444782325,28333.385714285712,discount_offer,250,2016.6541151002048
100478,0.5573449112825305,17962.493321299637,discount_offer,250,1802.0347643831024
100482,0.3850324697788081,10743.840963855422,email_nudge,20,206.8363810611992
100484,0.3700272737645893,17620.420498614956,discount_offer,250,1173.606508743872
100486,0.8916041845683981,1518.3425950196593,email_nudge,20,67.68803056639844
100488,0.8128536875338327,13386.383075221238,discount_offer,250,1958.6107521781323
100490,0.65287614895264,6206.29598370198,email_nudge,20,202.5971310549793
100494,0.7658350791032504,10586.414285714283,discount_offer,250,1459.34053594556
100499,0.4582956944104102,5645.271958456973,email_nudge,20,129.36019161683276
100500,0.4199344882447173,14257.368905109488,discount_offer,250,1077.6889646789937
100502,0.7622566250822771,3770.82223796034,email_nudge,20,143.7167116446424
100504,0.3595996829686698,4823.601871657754,email_nudge,20,86.72828519076052
100505,0.3632130741090034,31248.07840375587,discount_offer,250,2042.9479110649197
100506,0.5874292463683954,8227.540795287186,email_nudge,20,241.65490444203903
100507,0.4201761535035483,17729.250657894736,discount_offer,250,1340.8935022682033
100509,0.3883333661336111,17797.805555555555,discount_offer,250,1244.066713412467
100510,0.6879234134528908,11800.207289002556,discount_offer,250,1461.1749979864176
100511,0.6530386393215912,3193.709293680297,email_nudge,20,104.28077857668508
100512,0.4494286497944209,9086.480382293765,email_nudge,20,204.186230479889
100515,0.368613138345603,11556.155795148248,email_nudge,20,212.98754274301615
100516,0.464651565127519,5099.871854304636,email_nudge,20,118.4831719526216
100517,0.6106285989144719,3941.224778761061,email_nudge,20,120.33122823309331
100518,0.5441646343352756,17859.316666666666,discount_offer,250,1749.3135342110206
100519,0.6334255157186794,5766.031257861635,email_nudge,20,182.61756615805163
100520,0.6437045761525862,10789.633641536271,discount_offer,250,1250.1605790120225
100521,0.4053957577608335,12391.458000000002,discount_offer,250,904.2200110208776
100522,0.5114188877280107,15498.297469325154,discount_offer,250,1426.7019696192203
100523,0.5181631982121924,3502.397560975609,email_nudge,20,90.74067608028518
100524,0.633676117308324,15197.890277777777,discount_offer,250,1733.4972184500264
100525,0.5131979255397835,3157.3668,email_nudge,20,81.01770459640922
100527,0.6869872413687405,2925.124209245742,email_nudge,20,100.47615055853252
100528,0.5089211321495578,3319.9072727272724,email_nudge,20,84.47854839339571
100529,0.8672540382842352,4093.79705882353,email_nudge,20,177.51810155904158
100530,0.4780547072094063,8610.967149758453,email_nudge,20,205.82566897837967
100533,0.6738160907908244,9197.254712041884,discount_offer,250,1115.5064788935993
100535,0.427919083810112,18039.707228915664,discount_offer,250,1389.516298128044
100540,0.6907285474206301,871.8132352941177,none,0,0.0
100542,0.7149965346041038,7218.069439252336,discount_offer,250,928.9610344074974
100543,0.5808469320785854,15433.496593673968,discount_offer,250,1613.609846582548
100544,0.5253019901401234,1586.7169811320755,none,0,0.0
100545,0.8102590385434633,3698.797781299525,email_nudge,20,149.84921670212242
100546,0.760131777043252,2560.6195544554457,email_nudge,20,97.3204146129959
100549,0.7049923350591757,15644.400980392156,discount_offer,250,1985.2528999983704
100550,0.3778355550859668,11088.016374589266,email_nudge,20,209.47234108476124
100552,0.5724458421749135,7286.542220279721,email_nudge,20,208.55753989155443
100553,0.6862655860443517,10758.394563552833,discount_offer,250,1328.9608710095315
100555,0.685777438572944,5822.434375000001,email_nudge,20,199.64470659732805
100556,0.5322540282489636,2694.2449652777777,email_nudge,20,71.70113679292932
100557,0.7107427411175299,7016.44292929293,discount_offer,250,897.6394584828662
100558,0.6355646516847248,4203.057125,email_nudge,20,133.56572688308128
100560,0.4030498667426084,3220.104237288135,email_nudge,20,64.89312918681458
100561,0.8020310565939927,12192.395588235291,discount_offer,250,1760.1623848879713
100564,0.4184170027321908,14753.578299120234,discount_offer,250,1111.1666420686647
100567,0.5056272157337945,24155.16029572837,discount_offer,250,2198.4311602678745
100569,0.484827868115634,15707.694415584416,discount_offer,250,1370.7950393735357
100572,0.5637790115809713,17252.327674418604,discount_offer,250,1750.7700438758563
100573,0.45581839794921,7634.555169753086,email_nudge,20,173.99853532658554
100574,0.6337092079537694,1215.1505859375,none,0,0.0
100575,0.3826301889393443,10115.754395604396,email_nudge,20,193.5296507827057
100576,0.8512819836944086,2540.5258620689656,email_nudge,20,108.13519477445082
100577,0.4958524858936748,3744.2395238095232,email_nudge,20,92.82952378311506
100578,0.4774023699155199,17775.890754257907,discount_offer,250,1527.525427219579
100581,0.4606043467312439,6939.207251908396,email_nudge,20,159.81145115489886
100587,0.5725512404841291,2209.8722222222223,email_nudge,20,63.26325410723762
100591,0.8425824638170449,3243.787087912088,email_nudge,20,136.6579058315442
100592,0.5895969636703421,7615.730868167202,email_nudge,20,224.51058980009407
100593,0.6046715818878445,7375.607142857142,email_nudge,20,222.99100192273568
100594,0.8750619927223748,2027.2114398422093,email_nudge,20,88.69678411089592
100596,0.7195594952850413,11088.89448574969,discount_offer,250,1436.2414774983222
100601,0.7685855936002004,4660.189301310043,email_nudge,20,179.08771802183418
100603,0.564798758699241,2472.577445652174,email_nudge,20,69.8254336046044
100604,0.3759393114770162,12657.600357142856,email_nudge,20,237.924478160776
100610,0.4861869940380351,9487.565334063524,email_nudge,20,230.63654352539052
100611,0.4616028464883692,7416.584118291347,email_nudge,20,171.1758170111859
100612,0.637575397642319,6229.189161849712,email_nudge,20,198.5788878427777
100614,0.3581275656336976,18429.80217391304,discount_offer,250,1188.039633777739
100615,0.4209567756205837,8238.654222972973,email_nudge,20,173.4058658577804
100618,0.4632806932574613,9100.628164556962,email_nudge,20,210.80726625771635
100619,0.6523440637885025,21586.179882154884,discount_offer,250,2534.690935079016
100620,0.3831397619889334,6544.637897042716,email_nudge,20,125.375550308835
100621,0.5396931353349749,1170.5172413793102,none,0,0.0
100625,0.3891694382515986,39314.9484375,personal_outreach,900,5355.061739409354
100626,0.4532313945762432,26847.716922234395,discount_offer,250,2190.281072733449
100632,0.7899371383395626,688.4602510460251,none,0,0.0
100633,0.5858005310629839,12645.909850746268,discount_offer,250,1333.436527141521
100634,0.5658770593372232,9524.787086614171,discount_offer,250,970.1745313295492
100635,0.7270742280568834,8818.206622516556,discount_offer,250,1154.0683391242178
100636,0.4377284626821934,12008.879791894857,discount_offer,250,946.1931281714508
100637,0.6836901037561814,7554.607142857144,discount_offer,250,929.7018254406942
100638,0.7677372923187964,7155.47532808399,discount_offer,250,988.8345456546876
100639,0.7166673645152861,3990.0936473165393,email_nudge,20,142.9784949195765
100642,0.6826259078721064,11793.536409155937,discount_offer,250,1449.1032296981064
100645,0.810409594359197,2783.158274894811,email_nudge,20,112.77490842974731
100646,0.3966943620568216,11339.961776859504,email_nudge,20,224.92494514100116
100648,0.6512717669952736,17013.472890733057,discount_offer,250,1994.4710194093025
100652,0.3505674546081974,16267.619321533924,discount_offer,250,1026.52162165535
100654,0.372291264615555,14240.764841182912,discount_offer,250,954.3082233270096
100655,0.7089462530055445,31309.974436090222,personal_outreach,900,7768.981170357942
100656,0.4314992224187737,9596.940327169272,email_nudge,20,207.05361443864564
100657,0.4716665124457304,36725.322944550666,personal_outreach,900,6062.73674709478
100659,0.661031648994704,13158.998535156252,discount_offer,250,1565.7326101463816
100660,0.5727996301445732,8723.025660792951,discount_offer,250,899.3782570038884
100661,0.622694564320771,3398.997630331753,email_nudge,20,105.8268674273382
100662,0.6076014382069905,2578.548387096774,email_nudge,20,78.33648542431578
100663,0.772581555176411,10125.532420382166,discount_offer,250,1408.103925179044
100665,0.3582638179551075,10375.73514115899,email_nudge,20,185.8625242881298
100666,0.4191251675481197,11315.389805825243,email_nudge,20,237.1282324119396
100667,0.4017778493266171,7571.288191489361,email_nudge,20,152.0987943104304
100668,0.5183454508077218,7606.727929901423,email_nudge,20,197.14564089982204
100670,0.6473110785873417,2749.1800000000003,email_nudge,20,88.97873355153742
100672,0.491475886881312,5788.116666666667,email_nudge,20,142.23598860612518
100674,0.6837042094945501,3883.279824561403,email_nudge,20,132.75073813489448
100677,0.6227759239589243,8910.878784860559,discount_offer,250,998.906538334952
100679,0.4325901810664597,18882.06919642857,discount_offer,250,1470.275591866642
100681,0.5661623857242137,24202.01989459816,discount_offer,250,2466.4091981167044
100682,0.6558611053471501,13018.516415868677,discount_offer,250,1536.900941968497
100683,0.6033972637135272,10407.283496093749,discount_offer,250,1130.3507491621056
100684,0.6974900854689647,31373.748904709744,personal_outreach,900,7659.007581759743
100685,0.4117560823785568,30124.30057618438,discount_offer,250,2232.695518135881
100688,0.3923023699702332,11144.882642998027,email_nudge,20,218.60819369441217
100689,0.3650568887457076,3898.0405747126433,email_nudge,20,71.15032822045637
100692,0.5821800358554021,10231.77012345679,discount_offer,250,1072.211813520895
100693,0.5356959785517427,577.169801980198,none,0,0.0
100695,0.7451407707136984,12550.61495071194,discount_offer,250,1683.3554815147852
100697,0.7796084806934003,12044.104490690032,discount_offer,250,1690.1434805938943
100698,0.7573616325912105,14393.124044585988,discount_offer,250,1962.143986409181
100700,0.4972582011770942,13462.176007326008,discount_offer,250,1204.951936559826
100701,0.6531666566193279,793.2986842105263,none,0,0.0
100702,0.6241934179055759,4045.446615384616,email_nudge,20,126.25705749057336
100704,0.6717211930433961,3976.716695957821,email_nudge,20,133.56224417021895
100705,0.6454247285699867,17060.131982475355,discount_offer,250,1981.9855897483149
100709,0.591415210354755,2707.39227748691,email_nudge,20,80.05964866513801
100710,0.5995467179127731,18532.374019607843,discount_offer,250,1999.984323345809
100711,0.7486985699204635,3716.5115553121577,email_nudge,20,139.12734432775449
100712,0.4996557267588042,19010.380075187968,discount_offer,250,1709.7561490372443
100713,0.7428633226837782,4727.196057818661,email_nudge,20,175.5830285244414
100715,0.6463621280381134,3932.959230769231,email_nudge,20,127.1057948943571
100717,0.3611855272326565,10903.734927536232,email_nudge,20,196.9135624303653
100720,0.8602457505811998,1912.1522453450164,email_nudge,20,82.24604217611751
100722,0.7630957427432424,7413.833625410734,discount_offer,250,1018.3436778523734
100725,0.5914208238030896,3589.205138339921,email_nudge,20,106.13653298576392
100726,0.6626164596940867,6002.381547619048,email_nudge,20,198.8638405408224
100727,0.3519041373285182,26589.662747524755,discount_offer,250,1684.2622195843085
100728,0.6612127839812548,4876.870734126985,email_nudge,20,161.23246376144047
100729,0.6987500369318462,4049.4627906976734,email_nudge,20,141.4781137277068
100731,0.5560057435595513,14342.930310880827,discount_offer,250,1435.455293818342
100735,0.4104445758694687,7266.625312499999,email_nudge,20,149.1273472195704
100736,0.3837564878238169,24991.71222222222,discount_offer,250,1726.3317072786404
100737,0.8397354462063485,3322.0277108433734,email_nudge,20,139.48122110374575
100740,0.6881292182770805,668.589935064935,none,0,0.0
100742,0.480736017107114,7093.925688073395,email_nudge,20,170.51527904691235
100743,0.8238673501265683,1974.49,email_nudge,20,81.3358922075704
100745,0.396829724698845,5952.144387755102,email_nudge,20,118.09939093803165
100746,0.5755134472850976,1629.4005555555552,none,0,0.0
100747,0.3566426879302855,6176.701764705882,email_nudge,20,110.1437759954222
100748,0.3788145494246866,19856.11230769231,discount_offer,250,1353.9211626895983
100749,0.5121989379135333,4307.266531440162,email_nudge,20,110.30886713570798
100750,0.8135829950687503,2111.8653641207816,email_nudge,20,85.90888740616712
100751,0.7809330444759742,4758.715459610027,email_nudge,20,185.8119075834072
100753,0.6266601928091707,10449.76875,discount_offer,250,1178.7217379435244
100755,0.6336257261244637,9407.35648769575,discount_offer,250,1072.9337553770226
100756,0.6862735771832082,2780.052683461117,email_nudge,20,95.39383499183192
100758,0.8548766787773567,8200.919349112426,discount_offer,250,1261.939445296235
100764,0.714345405844207,3751.916155531216,email_nudge,20,134.0082034408192
100765,0.8765756850032647,1762.6711805555556,email_nudge,20,77.25573487654997
100767,0.5014821084037286,14629.665436241612,discount_offer,250,1320.5727842773676
100769,0.838303864828262,8024.363557692308,discount_offer,250,1210.8338969760944
100770,0.3677364843911935,11224.91715116279,email_nudge,20,206.3905785375508
100774,0.4326346211524762,5823.933282208588,email_nudge,20,125.98175845828048
100775,0.7833634694647449,2551.497037914692,email_nudge,20,99.93747859749364
100776,0.3932895432216197,5968.070879120879,email_nudge,20,117.35899349818504
100777,0.4634791517846728,7379.883937823834,email_nudge,20,171.02111738859608
100778,0.5315731496410291,8541.365,email_nudge,20,227.0180147641824
100781,0.5496303416574895,7604.483197831978,email_nudge,20,208.98273490765143
100786,0.3704900881318141,5795.973163841808,email_nudge,20,107.36753041406904
100788,0.7801949078320659,10718.808150064682,discount_offer,250,1505.2967166076762
100789,0.7718134658034929,3502.798734177215,email_nudge,20,135.17536155187022
100791,0.6506821591277384,6333.774561403509,email_nudge,20,206.063705352119
100792,0.7940050622442856,4235.956077348066,email_nudge,20,168.16852844294058
100794,0.3783614960969736,12763.24278846154,email_nudge,20,241.4559818245609
100795,0.5979395881311299,7577.324914285714,email_nudge,20,226.53912691918745
100797,0.8192870690468445,3746.179299014239,email_nudge,20,153.45981290066692
100800,0.6143374294716835,9641.214285714286,discount_offer,250,1066.1325842288495
100802,0.7290269272876584,11426.74566724437,discount_offer,250,1499.4729508839705
100804,0.5377514224507757,2384.7185975609755,email_nudge,20,64.11929089916167
100805,0.3892895182051194,13630.085218509,discount_offer,250,955.088875405456
100806,0.3995184597148891,7528.695439377085,email_nudge,20,150.39264028012215
100812,0.3623773246674688,11318.878125,email_nudge,20,205.08523865873173
100813,0.5276182965242203,35818.47699619772,personal_outreach,900,6614.4693358890345
100815,0.6868544627705948,8455.02796460177,discount_offer,250,1045.3272642606428
100816,0.4863593131814046,6677.350211864406,email_nudge,20,162.37957314570394
100818,0.7406470650173859,11414.99251497006,discount_offer,250,1521.8065266134406
100819,0.558334106669945,3581.7819620253167,email_nudge,20,99.9915516026964
100820,0.5927912698016028,2262.9511160714287,email_nudge,20,67.07288327974682
100821,0.6721812687872686,379.49913644214166,none,0,0.0
100826,0.4520532151994957,30134.830678466074,discount_offer,250,2452.058477584738
100829,0.560649513414847,13510.578736842106,discount_offer,250,1363.4458910574308
100831,0.352235890511521,11241.852261904762,email_nudge,20,197.98919212354903
100833,0.5774956910048266,21521.751003764115,discount_offer,250,2237.169324159464
100834,0.6030780908134088,23505.023837209304,discount_offer,250,2551.565682048213
100841,0.3610532290985122,13480.557430340556,email_nudge,20,243.35993951362
100842,0.3684478259034506,5754.844495412844,email_nudge,20,106.01799713736511
100843,0.7197450555975814,5259.046292775665,email_nudge,20,189.25862831920375
100844,0.5729082973890525,11712.865991237675,discount_offer,250,1207.8716602655002
100845,0.4548750974271602,2725.4673033707863,email_nudge,20,61.98736025776631
100846,0.6888317924241443,6049.223788546256,email_nudge,20,208.3448832519545
100849,0.394319660661008,36329.405579399136,discount_offer,250,2578.5717984152634
100852,0.5749614157432654,5565.261458333333,email_nudge,20,159.99053035323817
100853,0.6502281549149262,7523.954196642686,email_nudge,20,244.61434274736948
100854,0.59425852422859,2300.05,email_nudge,20,68.34121593259843
100856,0.4579756307050315,5319.151886792452,email_nudge,20,121.80209700848158
100857,0.789595140522528,4879.898083242059,email_nudge,20,192.6571906386565
100858,0.4863873898841802,13376.629679802956,discount_offer,250,1171.120319173191
100859,0.6375818856036604,3617.133256880734,email_nudge,20,115.31093212008638
100866,0.8008342788726314,3788.8199342825847,email_nudge,20,151.7108439924722
100868,0.5494442456424017,2990.9142857142856,email_nudge,20,82.16703217476842
100869,0.6752682513836187,4660.390451745379,email_nudge,20,157.35068555575077
100870,0.3607531575401769,9258.046653279784,email_nudge,20,166.99347814124746
100874,0.464114683861007,3976.629025191676,email_nudge,20,92.28059614296696
100875,0.727347676450394,14545.038539042822,discount_offer,250,1904.2739973457608
100876,0.3802601695705693,29963.439440993792,discount_offer,250,2050.9024612949606
100878,0.6978136592388247,9762.003374233129,discount_offer,250,1226.1706732935672
100881,0.6903282132541606,1117.268953068592,none,0,0.0
100882,0.4447882778835719,5354.163853904282,email_nudge,20,119.07346600422773
100884,0.3857011475563734,11703.489270833334,email_nudge,20,225.70246210870607
100885,0.5907783337980808,6048.662416107383,email_nudge,20,178.67093519474966
100887,0.4682256247150028,4918.024384236453,email_nudge,20,115.13725198363652
100888,0.3736365910750294,8660.223109243698,email_nudge,20,161.78881202435034
100891,0.7440522782170457,3484.8003699136866,email_nudge,20,129.64368271829412
100892,0.537081898343717,11682.39716216216,discount_offer,250,1129.3927281106749
100893,0.6703296736504608,10151.86232142857,discount_offer,250,1224.9170202361722
100894,0.7030469179143918,1381.06875,none,0,0.0
100896,0.7200397162289919,1139.606041666667,none,0,0.0
100898,0.3976346532193988,5742.329518072289,email_nudge,20,114.1674603295096
100902,0.3696942123643221,16323.390212765957,discount_offer,250,1086.239319808319
100905,0.6691188518825852,18286.90969387755,discount_offer,250,2202.5008833926154
100906,0.9191337732796576,3479.6608452950563,email_nudge,20,159.9136901234764
100907,0.533978401428916,8112.144929797192,email_nudge,20,216.58550908863955
100909,0.6701898644238702,8409.99107142857,discount_offer,250,1014.532339674001
100910,0.5459454323212632,7965.733681214421,email_nudge,20,217.4427959173328
100911,0.6355565648150597,29471.91141439206,personal_outreach,900,6555.873371972668
100912,0.6616822739334577,1347.1,none,0,0.0
100913,0.5386411888310986,26901.04074074074,discount_offer,250,2608.2015417695534
100914,0.7096825178041892,36204.03050397878,personal_outreach,900,8992.678632953164
100917,0.4525515640968411,4356.178947368421,email_nudge,20,98.5697798058655
100918,0.6015435043722882,2397.8315748031496,email_nudge,20,72.12000042008046
100919,0.5439490020158797,8777.624285714284,email_nudge,20,238.7289985142317
100922,0.546135029431061,5328.7657990314765,email_nudge,20,145.51128332426433
100924,0.370272668810384,5732.921287128713,email_nudge,20,106.13720325325052
100926,0.712680623294804,16617.136682242988,discount_offer,250,2131.688039053659
100927,0.6592294421767254,8093.934603421462,discount_offer,250,960.4367988531168
100929,0.4663107777233501,4386.656904761905,email_nudge,20,102.2772696432514
100934,0.5104698950845105,4020.029244249726,email_nudge,20,102.60519532744108
100935,0.3994310449543423,17986.24276960784,discount_offer,250,1293.1674739680498
100936,0.4501641162160358,11492.293496801703,discount_offer,250,931.215266150946
100937,0.5064874480216089,7312.976862302484,email_nudge,20,185.1965494214329
100938,0.6111862225732078,5152.758934707904,email_nudge,20,157.4647634567235
100941,0.5145291218076096,4324.448780487805,email_nudge,20,111.25274166631894
100943,0.4761795380242003,22629.61019417476,discount_offer,250,1939.6363190273769
100945,0.632380999122758,10468.86163141994,discount_offer,250,1191.6556520679446
100947,0.5755089082199218,3463.806957547169,email_nudge,20,99.67258802112704
100949,0.6824967057579353,7519.534303350971,discount_offer,250,923.7703303567492
100951,0.4311067187526669,34061.54534883721,discount_offer,250,2643.148989176827
100952,0.7470563369659173,5681.928641370869,email_nudge,20,212.23603988621264
100955,0.5347237605999698,1322.7858407079646,none,0,0.0
100956,0.8191412767423913,12761.083008982036,discount_offer,250,1881.5633691467729
100958,0.5365853024433926,9325.961883899234,discount_offer,250,900.751334048572
100959,0.3765937549293202,4299.084337349398,email_nudge,20,80.95041566801191
100962,0.7785025697664181,2207.2406172839505,email_nudge,20,85.91712463241853
100965,0.5654999595068713,8708.791044776119,discount_offer,250,886.4677769714457
100966,0.5098975575596281,16531.65755750274,discount_offer,250,1517.3013259769064
100967,0.5540793377254414,15757.445878524944,discount_offer,250,1571.5575317911655
100969,0.3744611746925021,13742.966964285712,discount_offer,250,926.317359577202
100971,0.5598084974745714,5367.825980392156,email_nudge,20,150.2477298394151
100973,0.3558536544287263,13222.271979865773,email_nudge,20,235.25969019428925
100974,0.7184111601008505,4412.220915619389,email_nudge,20,158.48943733056814
100975,0.746009790067255,690.2744186046511,none,0,0.0
100976,0.7126948848066157,10644.115379113018,discount_offer,250,1365.4811851173502
100980,0.5468911727902334,4529.998777777778,email_nudge,20,123.87081721586064
100981,0.7787072014754355,14366.622401433691,discount_offer,250,2013.730618477452
100982,0.421288962836057,4531.535545023697,email_nudge,20,95.45429549088796
100983,0.76361320933078,429.29710884353744,none,0,0.0
100985,0.5891678806353564,3300.764417177914,email_nudge,20,97.23521880726544
100986,0.5120153092047884,7006.804310344828,email_nudge,20,179.3795537749326
100987,0.8137953348912029,2693.92538593482,email_nudge,20,109.615195580937
100989,0.5830503132141517,10793.592567567566,discount_offer,250,1132.7773549007177
100990,0.6830154071692535,28232.984110787173,personal_outreach,900,6749.247098311326
100994,0.6748044715708699,9079.864326812429,discount_offer,250,1102.8839488181736
100995,0.3766148967658581,2913.753608247422,none,0,0.0
100996,0.6088392749913321,7453.978109854604,email_nudge,20,226.91373141025684
100997,0.6717081753802892,24201.243044906903,personal_outreach,900,5689.660482670265
100998,0.4586300243533647,13976.285230352303,discount_offer,250,1153.7899264018886
101001,0.4124997786476172,23329.433725135623,discount_offer,250,1732.209524566686
101002,0.3625155660380767,13098.972151898734,email_nudge,20,237.4290652081287
101003,0.4853037367227915,10073.50985714286,email_nudge,20,244.4355987792652
101004,0.3577940044658402,4081.633720930232,email_nudge,20,73.01920368872177
101009,0.8269524916320746,5742.762910447762,email_nudge,20,237.4496048823521
101010,0.7294468741846368,11856.5670411985,discount_offer,250,1556.77243801731
101011,0.7055590301303135,2500.5929018789143,email_nudge,20,88.21579513002166
101012,0.4716664786263171,4296.412697160883,email_nudge,20,101.32369237976356
101013,0.6520028539079175,16030.199085365855,discount_offer,250,1881.3123994267123
101014,0.6871916705552623,1888.952991452992,email_nudge,20,64.90363808984708
101015,0.385431631900694,10851.235676156584,email_nudge,20,209.1204737400032
101018,0.6599591319014023,7875.068893756846,discount_offer,250,935.5002535417508
101019,0.7475959420780081,1469.0456521739131,none,0,0.0
101020,0.3783063084863459,10257.940789473683,email_nudge,20,194.03218563686508
101021,0.3595269613815323,16699.27925,discount_offer,250,1080.6914026825511
101022,0.4918535740384931,15000.15108695652,discount_offer,250,1328.0180261826513
101023,0.8590639058844022,1047.2322717622085,none,0,0.0
101024,0.3630886813931902,8661.357761732854,email_nudge,20,157.24204843911278
101027,0.4265718539355819,2834.647201492537,email_nudge,20,60.45903559969903
101030,0.4655007542568047,5268.365512465374,email_nudge,20,122.62140598765846
101034,0.3813345960321234,6162.565950920245,email_nudge,20,117.49997987077452
101035,0.357695266907534,14413.7432748538,discount_offer,250,928.0309946103904
101036,0.6207327225397365,1830.587886597938,email_nudge,20,56.815290134810034
101037,0.5756974287020866,1878.395701357466,none,0,0.0
101038,0.5688182612415552,8920.155727923628,discount_offer,250,913.310544809055
101039,0.4249933556855924,10620.445555555556,email_nudge,20,225.68093977658455
101040,0.4333517026429458,7626.635326086956,email_nudge,20,165.25077019983107
101041,0.5512186187485768,6964.239247311829,email_nudge,20,191.94091692689275
101043,0.5546225250113612,10229.265384615384,discount_offer,250,1021.2085793928056
101044,0.7462373706998021,20267.75438116101,discount_offer,250,2722.4200330896574
101045,0.6786862145740252,7223.981730769231,discount_offer,250,882.5070267013831
101046,0.4080648336600534,10131.568532818534,email_nudge,20,206.71684140300133
101048,0.4307233101215055,11561.717799642218,discount_offer,250,896.3822450434725
101049,0.5322046921545854,7448.177030456854,email_nudge,20,198.1977381803572
101050,0.6420360304060647,2612.513919821826,email_nudge,20,83.86640332314967
101051,0.7598693385569352,1687.810988074957,email_nudge,20,64.12579095588225
101052,0.4050235363191598,15194.618181818185,discount_offer,250,1107.7520380234926
101053,0.765416312056826,5917.735950413224,email_nudge,20,226.47658134456933
101054,0.8118343007933959,3131.915881708653,email_nudge,20,127.12983699853382
101055,0.4007023603551143,8982.505649717516,email_nudge,20,179.96556078724794
101058,0.4537241844651498,2404.0865384615386,none,0,0.0
101059,0.6889632104814809,7622.953896103896,discount_offer,250,945.3482621301696
101060,0.8175344680716917,1153.989672801636,none,0,0.0
101061,0.4693920333389513,18422.36111111111,discount_offer,250,1556.515717352796
101062,0.7631436612485958,3216.8133625410733,email_nudge,20,122.74453635215008
101064,0.3507536757782301,7448.069291338583,email_nudge,20,130.62188406939825
101066,0.6375436421210091,2969.2024147727275,email_nudge,20,94.649806085435
101069,0.8505841171439947,1326.2208502024291,email_nudge,20,56.40311955036957
101072,0.4059323944361467,7843.754052573932,email_nudge,20,159.20169319647832
101073,0.4957889348443517,4307.161822660099,email_nudge,20,106.77215861294532
101075,0.4000416785883072,11815.603793103448,email_nudge,20,236.33669874637368
101076,0.4436981082104426,18115.34107142857,discount_offer,250,1446.793661336362
101077,0.5105440599151817,9071.577272727272,email_nudge,20,231.57199453262365
101078,0.7119848906499258,4850.337027027027,email_nudge,20,172.66833389015622
101079,0.4813708516080148,7579.188980263158,email_nudge,20,182.42003269636788
101080,0.5107698447594565,14528.147371303396,discount_offer,250,1335.6971239469651
101084,0.5704690703458883,4638.046766917293,email_nudge,20,132.29311136720307
101086,0.6482581599462194,10608.598847926269,discount_offer,250,1237.8799383775677
101090,0.7366872153444333,6644.499752475248,discount_offer,250,881.0852436013979
101091,0.8840423020251241,3808.472990543735,email_nudge,20,168.34256148803962
101092,0.6643777037230629,6613.568987341772,email_nudge,20,219.69538886120947
101093,0.7066314067533886,7449.882598039216,discount_offer,250,947.5777836720074
101094,0.7306383818970241,7595.959410919541,discount_offer,250,998.9819087309507
101095,0.7020576326815247,3224.3412376779847,email_nudge,20,113.18366881408116
101096,0.3708265787739829,2064.2292253521127,none,0,0.0
101097,0.8223578701667421,2091.401591511936,email_nudge,20,85.99402792295454
101098,0.4894042460662373,3374.009788359788,email_nudge,20,82.56273583461636
101099,0.8060028651830318,6348.972222222223,discount_offer,250,921.1121643741466
101100,0.5532644658959213,15141.598258706468,discount_offer,250,1507.915489214492
101102,0.460650782819177,5046.704705882353,email_nudge,20,116.23842367109653
101104,0.8766493410109506,3235.662746858168,email_nudge,20,141.82708073834476
101105,0.4330445230299297,7161.035507246377,email_nudge,20,155.0523602817949
101107,0.4790398006800991,43528.15611111111,personal_outreach,900,7298.101729603615
101108,0.4113516671635621,32555.08,discount_offer,250,2410.4855578757647
101115,0.4608527340038983,7632.514430577224,email_nudge,20,175.87325713278605
101116,0.6711126965313077,6852.076979293544,email_nudge,20,229.92579292068945
101117,0.3984955020876649,14802.072570850203,discount_offer,250,1061.7406813906207
101120,0.4468479377653455,9295.015439429928,email_nudge,20,207.6729240303155
101122,0.4538367758617634,8940.612274959083,email_nudge,20,202.8789324548768
101123,0.7766002047757066,2731.451231060606,email_nudge,20,106.06227926882612
101124,0.8003862916290108,6061.368679549115,email_nudge,20,242.57181998102752
101127,0.6935677736221996,12600.993925233644,discount_offer,250,1573.1357943872088
101128,0.627997716688197,18362.594304490693,discount_offer,250,2075.7001132245323
101129,0.3841887459903413,9767.66738372093,email_nudge,20,187.6313941701251
101131,0.5260786066711473,22582.89148773006,discount_offer,250,2138.4676959247336
101132,0.7816178611290847,4158.945425667091,email_nudge,20,162.5353014081251
101134,0.7517640272144966,8090.370920043811,discount_offer,250,1094.768968412014
101136,0.823821014913282,5769.21878422782,email_nudge,20,237.64018370396667
101138,0.3634908952183964,47095.48574561404,personal_outreach,900,5991.573096046465
101139,0.8567209288402436,9778.95235756385,discount_offer,250,1508.0099664341865
101141,0.514229856299818,29988.807776560792,personal_outreach,900,5397.399109740302
101142,0.726556202299454,3122.605672268908,email_nudge,20,113.43742592612158
101146,0.7777637156826843,12986.8639101862,discount_offer,250,1818.1280753733192
101147,0.4335043388951055,11611.79536862004,discount_offer,250,906.077461438598
101148,0.732886448820286,7083.105290102389,discount_offer,250,934.4001388829976
101151,0.6252419938531929,2911.931134259259,email_nudge,20,91.03308141737244
101152,0.3814808582177501,18472.244444444445,discount_offer,250,1268.4253794974518
101159,0.6156926799857493,3918.554178470255,email_nudge,20,120.63125619058538
101160,0.381884253617063,5796.5003164556965,email_nudge,20,110.67960984703768
101162,0.4810582465478684,5401.959444444445,email_nudge,20,129.93285691335709
101163,0.4161514638572983,7560.539027777778,email_nudge,20,157.31646919799786
101166,0.4616549623948413,4188.968674698795,email_nudge,20,96.69290879956202
101167,0.4738478245811619,5895.54156626506,email_nudge,20,139.67947729512576
101168,0.5564027992101245,18897.56509433962,discount_offer,250,1892.6384610142989
101169,0.861959641820235,5058.632146768894,email_nudge,20,218.01683766646207
101170,0.6637076923066622,8358.159389400922,discount_offer,250,998.5274424486984
101172,0.3992198192464203,7969.477040816326,email_nudge,20,159.0786591861595
101173,0.711002463535941,9003.449552238808,discount_offer,250,1152.265466153404
101174,0.5911986416930018,3343.7179924242428,email_nudge,20,98.84007676628318
101176,0.6269118522045126,5424.088630490956,email_nudge,20,170.0212724931262
101178,0.557398939809736,19172.92857142857,discount_offer,250,1923.6546105771745
101179,0.3951147305961576,16972.16612403101,discount_offer,250,1207.071512231354
101180,0.3969750950720761,7267.992307692308,email_nudge,20,144.2605968664636
101183,0.429402737145159,8252.832499999999,email_nudge,20,177.18944323502623
101184,0.6200168658672308,6026.546739130434,email_nudge,20,186.8280310599016
101185,0.5380826941587955,9847.1244813278,discount_offer,250,953.7421087133812
101186,0.613420857503399,4956.604450261781,email_nudge,20,152.02422760923727
101187,0.4523480599800911,15864.390416666669,discount_offer,250,1291.7207209942649
101189,0.6167648436141332,2166.609154929577,email_nudge,20,66.81441783065449
101194,0.8586694999039807,4035.227436194896,email_nudge,20,173.24633623181467
101198,0.6528201772603944,12968.513964950713,discount_offer,250,1523.8993653725445
101199,0.638790729901659,7509.606617647059,email_nudge,20,239.85335462805463
101200,0.4623979580692723,12294.930517711173,discount_offer,250,1023.3271378787808
101201,0.3944088426226982,13118.30277777778,discount_offer,250,931.315430836343
101203,0.3590863081592305,9880.402027027028,email_nudge,20,177.39585435070566
101206,0.7025791441710244,11103.21725440806,discount_offer,250,1404.159997706454
101208,0.8716018417711584,1258.03161971831,none,0,0.0
101209,0.5902591827879814,6888.441279069767,email_nudge,20,203.2982860033359
101211,0.6675704537455883,1405.0649769585254,none,0,0.0
101212,0.6921569602707344,4927.09165232358,email_nudge,20,170.51603905237994
101217,0.4329609281153476,6378.312848297214,email_nudge,20,138.07801253044042
101219,0.3954111883075692,14288.826141078836,discount_offer,250,1016.9931103135634
101221,0.724521981538378,5972.807415254237,email_nudge,20,216.37151319235588
101222,0.665157742694071,9609.500406504065,discount_offer,250,1150.5300477854405
101226,0.4750780224685346,23945.870974808327,discount_offer,250,2047.708265219752
101227,0.7079501573104277,16342.566777777776,discount_offer,250,2082.55008981311
101229,0.4893936410657041,14371.180609756097,discount_offer,250,1265.9695929038487
101231,0.7265845968359922,4970.225054945056,email_nudge,20,180.5644483865701
101233,0.4014878964669195,8511.79466374269,email_nudge,20,170.86912673522016
101234,0.6024738119131772,24094.15551643193,discount_offer,250,2612.897589386457
101236,0.7027794818400417,7182.074299065422,discount_offer,250,908.534601798098
101239,0.8310948900999746,3566.44978094195,email_nudge,20,148.20290943695144
101240,0.6535107196523872,11044.772070098576,discount_offer,250,1299.217849906807
101241,0.8045796711929902,9857.918061088978,discount_offer,250,1427.6664850029138
101242,0.3798092537738231,4045.779850746269,email_nudge,20,76.83123130225549
101243,0.671811909937564,4708.929888888889,email_nudge,20,158.17575912082626
101245,0.3997871722714595,14750.143766578249,discount_offer,250,1061.4452880668064
101247,0.6115464630747425,16408.796393442623,discount_offer,250,1806.2534515902169
101250,0.6698827752932298,13942.384714285714,discount_offer,250,1681.157405990091
101251,0.7792359584382537,11528.380637544276,discount_offer,250,1616.9991723608075
101252,0.8101439548716788,6353.943947963801,discount_offer,250,926.5696702265452
101253,0.4714942224605452,10571.18554347826,discount_offer,250,897.1655234955186
101254,0.4899573325815659,6127.981545741326,email_nudge,20,150.12247461302408
101255,0.3536446548856737,10365.28028169014,email_nudge,20,183.28129840057943
101256,0.3538311177904272,51413.9,personal_outreach,900,6367.143197437836
101257,0.664609282151799,30234.79557165861,personal_outreach,900,7033.014023310247
101258,0.682850257661492,3655.81219047619,email_nudge,20,124.8186148114345
101259,0.8741491501026734,2721.1616546762584,email_nudge,20,118.9350573863618
101260,0.5517765621895545,19191.349344978167,discount_offer,250,1906.0806177631464
101261,0.6767113668522388,16062.390690032857,discount_offer,250,1956.5284245780256
101262,0.4002794803758906,7478.681438721137,email_nudge,20,149.67813600940576
101263,0.5320114644890157,7215.423668639054,email_nudge,20,191.9344056430685
101269,0.6749194139351603,12976.61752464403,discount_offer,250,1576.4707970268264
101270,0.4837319154402894,922.731496062992,none,0,0.0
101271,0.7898480121939677,7199.753903345725,discount_offer,250,1023.6080355918084
101273,0.8598863305134264,2345.659360000001,email_nudge,20,100.85002098524366
101275,0.876928900463745,3063.415175097276,email_nudge,20,134.31986505810028
101276,0.4856666338783831,893.8048780487804,none,0,0.0
101278,0.7444638466765493,17724.817938931297,discount_offer,250,2375.1875060024936
101279,0.7041795570923824,21735.57374245473,personal_outreach,900,5357.011341888706
101280,0.4321800540648856,17159.4849375,discount_offer,250,1334.877683042581
101282,0.7506008956486183,6854.65275080906,discount_offer,250,926.1195289411584
101283,0.5760657644711281,5433.334830230012,email_nudge,20,156.49790913020294
101284,0.5763285114197563,6666.22928679818,email_nudge,20,192.09690008215887
101285,0.4323475179233261,17274.36225165563,discount_offer,250,1344.334975778108
101286,0.485641873638964,6530.938865546218,email_nudge,20,158.58486936426976
101287,0.7954172860414562,3315.8542527339005,email_nudge,20,131.874389530931
101288,0.7306643017701024,5863.866922234392,email_nudge,20,214.2259115203596
101289,0.7638585149803316,4890.819550561798,email_nudge,20,186.7947079464454
101291,0.4950255620145942,17275.991612903228,discount_offer,250,1539.3703423566303
101292,0.4670400422922215,9202.179838709675,email_nudge,20,214.88932305257973
101293,0.5030082150667345,8693.97191011236,email_nudge,20,218.6569646172973
101295,0.3732431980999922,1605.7207650273222,none,0,0.0
101297,0.7831151333650016,1870.9668127053667,email_nudge,20,73.25912125266277
101299,0.4018257892025383,28894.393973214286,discount_offer,250,2089.892279126861
101300,0.5533020437606407,3603.137616099071,email_nudge,20,99.68117034692294
101301,0.8427184665140834,4592.115772179627,email_nudge,20,193.4930380793176
101302,0.5968821209013072,23366.811977715875,discount_offer,250,2510.501812553002
101304,0.7994634110817338,3786.792266666667,email_nudge,20,151.3700931283632
101308,0.5791818485567506,15469.814098837209,discount_offer,250,1612.770394786887
101311,0.4534195707978467,2913.818018018018,email_nudge,20,66.05910575563811
101314,0.502549938900402,6932.299,email_nudge,20,174.19132194446593
101315,0.646575758024294,8701.52843137255,discount_offer,250,1012.7155214672372
101316,0.6304053011417268,11978.575793650794,discount_offer,250,1359.244382480177
101318,0.6174525957881714,8729.528651685394,discount_offer,250,970.2126226782652
101319,0.3562537843522522,37903.12083333333,discount_offer,250,2430.563442414424
101320,0.8773594701929203,3220.33152173913,email_nudge,20,141.26941788793022
101323,0.376726093287392,10524.21730558598,email_nudge,20,198.23736352204847
101324,0.4956857628598749,6156.12145421903,email_nudge,20,152.57508796463014
101326,0.7401941249652922,20427.84620811288,discount_offer,250,2721.702914809141
101327,0.8117645746344475,1111.324356617647,none,0,0.0
101329,0.5851515905542231,9823.934444444443,discount_offer,250,1034.728355820075
101330,0.664217778412436,7656.6447867298575,discount_offer,250,915.422326260276
101331,0.5997287028876754,1400.051515151515,none,0,0.0
101333,0.6022695631569271,4824.050450450451,email_nudge,20,145.26893787198853
101334,0.6049077934224248,4559.745019157089,email_nudge,20,137.91126490536035
101336,0.4259036720064486,17776.205896226416,discount_offer,250,1362.7712457981922
101337,0.6213673974720126,3481.9213286713293,email_nudge,20,108.17761970993982
101338,0.4311670032925576,6512.474479166667,email_nudge,20,140.3982052600776
101339,0.5815897287078556,18898.14320441989,discount_offer,250,1978.3738762813384
101340,0.5710294268711749,4501.212341772152,email_nudge,20,128.51623518738057
101342,0.6995405135116708,6647.50818452381,email_nudge,20,232.51006444874105
101344,0.4435346022800986,7712.727717391304,email_nudge,20,171.04308103139226
101345,0.632212529339284,8177.133712121213,discount_offer,250,930.5435496394224
101346,0.7406067428451644,3302.390675990676,email_nudge,20,122.28864010738477
101349,0.5530735008389104,27045.84701834862,discount_offer,250,2692.5014328465018
101354,0.6539426300784456,4292.586382978723,email_nudge,20,140.3552614562014
101356,0.730710109360023,3582.2125418060195,email_nudge,20,130.87794590869615
101357,0.8429772213414521,986.1636363636364,none,0,0.0
101358,0.4142639824891068,13857.906836248012,discount_offer,250,1033.3497014904815
101360,0.4234586802154513,31277.61195286195,discount_offer,250,2384.05973001299
101365,0.4405605461435241,6481.95487804878,email_nudge,20,142.78467905754255
101367,0.4048576186004802,29405.595176630435,discount_offer,250,2142.914262613265
101370,0.3873250893803865,21690.298324022344,discount_offer,250,1512.2154126670564
101372,0.7677812807811009,4552.975947521866,email_nudge,20,174.78448521769425
101374,0.4429779561493568,9554.25140625,email_nudge,20,211.6161380238872
101375,0.7422562970553271,7187.0418948521365,discount_offer,250,960.2328786578008
101376,0.7046565283647458,4242.961914893617,email_nudge,20,149.49154064663853
101379,0.7377312955155507,5610.9254773269695,email_nudge,20,206.96776607148172
101380,0.7684895480456457,2696.8453086419754,email_nudge,20,103.62487161936458
101382,0.5845003914250204,20175.6269874477,discount_offer,250,2122.6791368535096
101383,0.5630396838059384,10685.3912462908,discount_offer,250,1082.9338755577764
101384,0.3814021763196369,6680.141216216216,email_nudge,20,127.39101989936856
101386,0.777008820714142,2488.2625,email_nudge,20,96.67009553761112
101387,0.3917515586771737,3626.3418848167535,email_nudge,20,71.03125428366415
101390,0.7008606546833497,25285.19695121951,personal_outreach,900,6202.4898911602
101392,0.3577412786557994,28501.807142857146,discount_offer,250,1835.329127631608
101396,0.8363321970888786,2000.7493487698985,email_nudge,20,83.66455493404362
101397,0.4110807617128928,33926.148407202214,discount_offer,250,2510.34964725912
101398,0.524206534705846,6216.625363825363,email_nudge,20,162.93978197676813
101401,0.7912283227996753,3474.6600766703173,email_nudge,20,137.4624732381423
101405,0.5574364087665236,5045.801035502958,email_nudge,20,140.63566042905876
101406,0.5118447107829018,24818.780659340657,discount_offer,250,2286.605089541609
101407,0.3943624376223668,9776.593609022557,email_nudge,20,192.7760643648694
101408,0.7783025872046844,2425.397251461988,email_nudge,20,94.3846477905998
101411,0.4663925381686248,13877.523469387756,discount_offer,250,1165.027210988835
101412,0.4901574876808105,13075.076202531644,discount_offer,250,1153.5923704802512
101413,0.8823907120116047,2441.9019715224536,email_nudge,20,107.73558096571196
101414,0.5090609016124829,8267.36902173913,email_nudge,20,210.4297164084816
101415,0.8401489569743394,2092.373493975904,email_nudge,20,87.8952704282305
101416,0.81611498798404,2047.4399280575544,email_nudge,20,83.54732061423675
101417,0.4338233423027817,8329.3,email_nudge,20,180.672238252128
101418,0.7993109013536208,3342.367202572348,email_nudge,20,133.5795270671442
101419,0.8715737884189291,2646.0900876232204,email_nudge,20,115.31313810837732
101420,0.4658556383544388,3930.1,email_nudge,20,91.542962214839
101421,0.4519628917121295,16119.487404162102,discount_offer,250,1311.3738252184232
101426,0.4316238161740323,20927.64675925926,discount_offer,250,1625.916736399248
101427,0.4590687188033506,13939.293846153849,discount_offer,250,1151.83687805591
101428,0.741947110351289,8769.225167336012,discount_offer,250,1171.1342291264557
101436,0.4007395568061918,12235.593875000002,discount_offer,250,882.59156401105
101437,0.6656254306614499,32410.384680851064,personal_outreach,900,7550.611691383161
101440,0.431490090859026,14196.95322997416,discount_offer,250,1102.6520350421206
101441,0.7655877862714877,4195.895921052632,email_nudge,20,160.61633348121248
101445,0.5482935862241802,6412.330394304491,email_nudge,20,175.79198139737608
101448,0.8241806681837356,12673.388189845473,discount_offer,250,1880.129078362567
101449,0.6161051175971453,20227.994240837696,discount_offer,250,2243.2627386910235
101450,0.8141736613729855,1928.596733333333,email_nudge,20,78.51063318449896
101451,0.5436862888259288,26367.85465116279,discount_offer,250,2580.4513871265967
101452,0.6040805797464763,10307.71902173913,discount_offer,250,1120.8047188528722
101453,0.5595403859840605,5303.61387755102,email_nudge,20,148.37930780776588
101454,0.8090668071821185,10116.875450180072,discount_offer,250,1473.341061444543
101455,0.7120196396817084,6188.696933187294,email_nudge,20,220.32368802336555
101456,0.3673983786943388,6329.646407185628,email_nudge,20,116.27509138542231
101458,0.3790755251749333,6032.388652482269,email_nudge,20,114.33654482495125
101461,0.66290077547305,5040.148939732143,email_nudge,20,167.05593203240545
101463,0.7300335690476877,1544.3525735294115,email_nudge,20,56.371461056082886
101465,0.5971403021372446,14522.692114384748,discount_offer,250,1560.9752562653798
101466,0.4106814071285429,7923.283333333335,email_nudge,20,162.6972574205733
101467,0.5169723338097355,33182.76690140845,personal_outreach,900,6004.10035654995
101468,0.5396233674890129,2866.141718426501,email_nudge,20,77.33185228990273
101469,0.54282343645883,20680.61335078534,discount_offer,250,2020.6658892869384
101471,0.7129618234220232,14430.137075575029,discount_offer,250,1851.8646314937089
101474,0.7092107469334704,6258.824275362318,email_nudge,20,221.94127196275232
101476,0.6289120026076901,3135.478391959799,email_nudge,20,98.59699973102886
101478,0.6267429858805726,3397.5141935483875,email_nudge,20,106.46840951180712
101481,0.8175904591208571,3200.8501095290253,email_nudge,20,130.84922553134408
101483,0.821778227492374,7057.856681270538,discount_offer,250,1043.998731617348
101486,0.3595589769219359,9499.003066812706,email_nudge,20,170.7725912240754
101488,0.4664440590756868,6132.3328438949,email_nudge,20,143.01951116547437
101489,0.4506914870218489,30577.93030303029,discount_offer,250,2480.618318098172
101491,0.6095772697664958,7043.053113772454,email_nudge,20,214.66425439569147
101492,0.8181746421398965,7069.865327380951,discount_offer,250,1041.189216157291
101493,0.451633215277138,7584.89283018868,email_nudge,20,171.27947682153123
101495,0.4926744417932939,6419.791148325358,email_nudge,20,158.14335102153626
101496,0.8302277556793648,2799.1906962785115,email_nudge,20,116.19829047449336
101499,0.6191293698133443,12189.112068965518,discount_offer,250,1358.394709291713
101500,0.3833859677197515,20008.41896551724,discount_offer,250,1380.77047217467
101501,0.5513479801836304,5343.770488322718,email_nudge,20,147.31385326508115
101503,0.6142698648800974,9440.956746031745,discount_offer,250,1043.873140450277
101505,0.5005328762594793,31955.246920821115,personal_outreach,900,5598.128078501161
101506,0.4429844699966599,6059.5752148997135,email_nudge,20,134.21488574886232
101509,0.5440426402957861,6071.00694980695,email_nudge,20,165.144332511352
101511,0.718912473769416,4498.587020810514,email_nudge,20,161.70451617989372
101513,0.8104037206296961,5853.32040229885,email_nudge,20,237.1776316030349
101514,0.4425922952684086,25536.828260869563,discount_offer,250,2034.432618093616
101515,0.570057765003579,1608.1081896551725,none,0,0.0
101516,0.4575842948212188,6978.2558181818185,email_nudge,20,159.65701338223977
101519,0.4064564151384274,9592.44398395722,email_nudge,20,194.9455197067713
101520,0.6278764707007339,4190.159141791045,email_nudge,20,131.54511668110888
101522,0.5115317070948133,5375.230605381166,email_nudge,20,137.48004437994575
101523,0.5897655391464105,7320.037755102041,email_nudge,20,215.8553006604918
101529,0.3927073644859105,12715.19657228018,discount_offer,250,898.8032402676777
101530,0.4802382527880169,7283.520522388058,email_nudge,20,174.89125849086528
101533,0.4236162147437992,21181.500943396222,discount_offer,250,1615.1089054020697
101534,0.4852373702835552,2428.388172043011,email_nudge,20,58.917234531492014
101538,0.7586768645914319,12435.453369434415,discount_offer,250,1698.2083389771826
101540,0.3511560094217353,7820.608472553699,email_nudge,20,137.3126831235885
101542,0.4333771728498547,9243.107283680174,email_nudge,20,200.28758514746076
101543,0.7991259449581041,3187.4747467438497,email_nudge,20,127.35968845108862
101547,0.7018636976787352,8334.591666666667,discount_offer,250,1052.954518645627
101548,0.7074840921599259,4417.163636363636,email_nudge,20,156.25365025972823
101550,0.6577914950159746,11117.581404174573,discount_offer,250,1316.349088706482
101551,0.3906657807060182,20145.877406679763,discount_offer,250,1416.654886515891
101554,0.5362874567236369,2588.704255319149,email_nudge,20,69.41448106473814
101555,0.501410171479829,6362.990990453461,email_nudge,20,159.52342018239386
101557,0.8158407023420071,6392.069496166484,discount_offer,250,938.683884090849
101558,0.4881101873651832,15762.635129310343,discount_offer,250,1384.902501540604
101561,0.6825870150426231,14696.167139737989,discount_offer,250,1805.6543148866228
101562,0.5164366037511817,4895.140298507463,email_nudge,20,126.401481532337
101570,0.5937595251538075,3079.110204081633,email_nudge,20,91.41255063358768
101572,0.6116392961318121,17294.471682098767,discount_offer,250,1904.03612758988
101575,0.7768133554364518,4127.025632183909,email_nudge,20,160.29643146545132
101576,0.6304367459601562,33562.112865497074,personal_outreach,900,7405.576227865014
101577,0.5676682617878989,19822.401282051283,discount_offer,250,2025.4586544439687
101578,0.44340079481043,19573.60981387479,discount_offer,250,1562.2117467806363
101579,0.3859843436846841,13032.677192982455,discount_offer,250,905.4736835017832
101580,0.3831698107440636,12147.115606936415,email_nudge,20,232.7203994098044
101581,0.5898278313964436,3379.711206896551,email_nudge,20,99.6723865955025
101582,0.4526749312410268,24308.10562913907,discount_offer,250,1980.660607968626
101583,0.5554071043699244,764.9541176470589,none,0,0.0
101585,0.4464721108177458,11846.41384364821,discount_offer,250,952.0368109909526
101586,0.4797929234938053,8028.61093117409,email_nudge,20,192.60353551311692
101588,0.4761950778346185,25343.00378346915,discount_offer,250,2172.278458661782
101593,0.5469775678474907,8069.302678571429,email_nudge,20,220.68637766751212
101594,0.5496834457335423,3864.2197632058287,email_nudge,20,106.20488172553164
101595,0.8133269904697329,7279.707119386639,discount_offer,250,1065.740810924128
101596,0.6858497738137044,4270.463681592039,email_nudge,20,146.44482750497698
101597,0.7668351386671709,5452.101243781094,email_nudge,20,209.0431406651165
101599,0.3685698570990603,9254.871674876847,email_nudge,20,170.55333653397503
101600,0.8044887425927931,3721.766051136364,email_nudge,20,149.70594453516193
101602,0.3803998832878793,63254.33777777777,personal_outreach,900,8421.679947841565
101605,0.8945343407823954,2922.7234133790744,email_nudge,20,130.72382309381615
101606,0.7700703612716113,4162.944494047619,email_nudge,20,160.28800852424578
101607,0.3990342695309674,7801.509999999999,email_nudge,20,155.65349220442687
101608,0.6337632802153007,2232.742758620689,email_nudge,20,70.75151872902038
101609,0.3870317249105507,12344.088064516129,email_nudge,20,238.87768480287093
101611,0.608835025176341,3761.665254237288,email_nudge,20,114.51167798842634
101613,0.6307766381732027,4304.267597765364,email_nudge,20,135.75157225581418
101615,0.7730053775801615,8138.092771084337,discount_offer,250,1132.3421055529975
101616,0.844124161900487,2592.155640744797,email_nudge,20,109.40506038796607
101617,0.4160367639687559,15040.523791821564,discount_offer,250,1126.333952414015
101618,0.4112896404864857,15545.861,discount_offer,250,1150.8932847137182
101620,0.7803360351116955,800.9464354527939,none,0,0.0
101621,0.3551517550299706,10092.422361111112,email_nudge,20,179.21707570261657
101622,0.6200813502674871,2439.6888157894737,email_nudge,20,75.64027675636117
101625,0.4683549847546942,8225.294623655915,email_nudge,20,192.6178869032617
101627,0.4937698176254813,11763.254761904762,discount_offer,250,1045.501228524202
101628,0.5386600702869014,8302.343284671533,email_nudge,20,223.60704086335764
101630,0.6524110525905307,14160.99591078067,discount_offer,250,1662.9822446188712
101631,0.7886753980189709,3523.060629453682,email_nudge,20,138.92756220896743
101632,0.5230271440001186,3634.4135135135134,email_nudge,20,95.04484600442048
101634,0.6303995501939282,14640.261925042589,discount_offer,250,1661.2586158082654
101637,0.6700403786712625,8411.71631455399,discount_offer,250,1014.5141252422188
101638,0.8646931006139433,1080.8666455696202,none,0,0.0
101639,0.450348137361407,11764.763245614036,discount_offer,250,953.68305854884
101640,0.4535031313182586,7976.358931297709,email_nudge,20,180.86518759309348
101641,0.5206413800794346,10799.194166666666,discount_offer,250,1012.0513238422404
101645,0.5807238935537556,9469.954594594596,discount_offer,250,989.8972027110452
101646,0.6820669879345964,6140.286773255815,email_nudge,20,209.4043452244618
101647,0.5215122551664817,5086.314673913043,email_nudge,20,132.62877180393798
101648,0.5603415826008575,5779.531666666667,email_nudge,20,161.9255960395886
101649,0.7457146462319119,7294.767052631578,discount_offer,250,979.1666337595254
101651,0.7355259443761544,4321.324054982817,email_nudge,20,158.92229782483147
101652,0.57109804550483,5580.809556786703,email_nudge,20,159.35947151077815
101653,0.6300795092933802,1246.482213438735,none,0,0.0
101654,0.632706430985798,3097.1978947368425,email_nudge,20,97.98085130178376
101657,0.5894838055486133,9973.59560761347,discount_offer,250,1058.269156880206
101661,0.4679278759819051,6467.965909090908,email_nudge,20,151.32707748821403
101663,0.7110062197579383,717.9432258064516,none,0,0.0
101665,0.5695493188035243,6425.291292442497,email_nudge,20,182.97601393624203
101666,0.350826139344307,6162.26592920354,email_nudge,20,108.09419827777184
101667,0.5112246510122772,10094.508050847458,discount_offer,250,928.9010439783206
101668,0.5473427076031209,7902.339420935412,email_nudge,20,216.26439275268336
101669,0.3745921666577911,38163.79057450628,discount_offer,250,2573.254259852129
101670,0.4440856713451532,13097.315013054833,discount_offer,250,1046.9393874704535
101671,0.6191743745974734,6145.29265010352,email_nudge,20,190.25038666731484
101672,0.6238409684823532,10343.464675767918,discount_offer,250,1161.481863742932
101674,0.6398774656158535,7880.054054054053,discount_offer,250,907.608423064327
101675,0.6612666908896382,3576.149514563107,email_nudge,20,118.2394277810866
101677,0.3882037440329804,10193.805408388522,email_nudge,20,197.86367127400348
101680,0.485973901363938,2585.85,email_nudge,20,62.83278064209696
101682,0.5354116101724766,19511.128155339808,discount_offer,250,1880.3672175477648
101685,0.6165004881926126,29238.60888888889,personal_outreach,900,6308.965828925502
101690,0.6633787049829958,15771.803831417626,discount_offer,250,1883.2821841677016
101691,0.4082226430142397,7091.402500000001,email_nudge,20,144.74355356138938
101696,0.582173906145319,31223.44334140436,personal_outreach,900,6362.11589068035
101700,0.6496450285341748,19986.498151750973,discount_offer,250,2337.1432491766486
101701,0.6015820855694735,10717.015662650603,discount_offer,250,1160.489634015251
101704,0.3930542042088463,3262.65582010582,email_nudge,20,64.1200293489527
101705,0.767446439967555,4958.961971830986,email_nudge,20,190.28688556080888
101706,0.4983419098182235,7963.828258488499,email_nudge,20,198.4354691899748
101707,0.8127628300539481,2642.7016455696203,email_nudge,20,107.39448342206953
101709,0.4778022441432313,5570.523170731707,email_nudge,20,133.08042360137392
101713,0.4386020603744166,36294.17677984666,personal_outreach,900,5571.545250331918
101714,0.617451772161272,4518.715973741794,email_nudge,20,139.50445929401593
101717,0.5298698016725641,11271.2,discount_offer,250,1075.008331550125
101719,0.6706423358126169,40520.96872946331,personal_outreach,900,9511.276991341048
101720,0.5144631336818248,29425.6843373494,personal_outreach,900,5298.450421223737
101725,0.8179998957047894,2877.380637813212,email_nudge,20,117.6848530817094
101727,0.3604340808973371,8151.093029150823,email_nudge,20,146.89658621353342
101728,0.8273213352575981,7778.837466124662,discount_offer,250,1158.4076758606957
101732,0.4952871122453384,7103.4507017543865,email_nudge,20,175.91237925245264
101735,0.6717310542720208,3089.5425,email_nudge,20,103.76708203716076
101736,0.6092819403804386,3008.7961148648646,email_nudge,20,91.6602567536995
101738,0.416855853902479,6775.301864801865,email_nudge,20,141.21621221495198
101739,0.8105168919976511,2096.096507936508,email_nudge,20,84.94608134699142
101740,0.4651874363623961,17987.700857632935,discount_offer,250,1506.177440642869
101741,0.4281523902877353,7964.171478873239,email_nudge,20,170.49395276704925
101743,0.7744549997700831,11178.943353174604,discount_offer,250,1558.36594296227
101745,0.6027172128491224,16890.49602122016,discount_offer,250,1832.4346833988209
101746,0.4060530339695511,16312.040988372091,discount_offer,250,1192.2396720415493
101749,0.8242795158521328,10036.188834951456,discount_offer,250,1489.0724772973858
101751,0.7338768972185774,3266.090361445783,email_nudge,20,119.84541302466668
101754,0.4791051104212636,5179.16512987013,email_nudge,20,124.06822407181932
101756,0.8375372569189679,2097.902528735632,email_nudge,20,87.85357646003038
101757,0.4725101546672969,14058.952476780183,discount_offer,250,1195.7396056674445
101761,0.4444676724478718,6245.2151785714295,email_nudge,20,138.78981271778818
101762,0.4633807747025473,5980.398294762484,email_nudge,20,138.56007974284162
101763,0.4570760292253149,20953.25019633508,discount_offer,250,1723.9011118389697
101764,0.6751009325808701,1104.3635620915031,none,0,0.0
101766,0.5808900367720305,7708.385854765507,email_nudge,20,223.8862271313868
101768,0.4014438649991648,7357.284611171962,email_nudge,20,147.67683851038748
101769,0.8400515349245719,2826.784190620272,email_nudge,20,118.73221991155366
101770,0.4666550088707381,41945.355992844365,personal_outreach,900,6850.903665524468
101771,0.5252875239466781,29903.08879699248,personal_outreach,900,5497.701815385441
101772,0.6191994647968171,9380.492800788954,discount_offer,250,1045.511301920205
101773,0.5087164195012942,7477.606145251396,email_nudge,20,190.19905123265823
101774,0.5364041076849119,29110.158333333336,personal_outreach,900,5465.18297687536
101775,0.571778680495525,2503.481147540984,email_nudge,20,71.57185735932033
101776,0.6758830382836623,18716.5643483023,discount_offer,250,2277.037508033202
101777,0.3528962185188015,15103.855539772729,discount_offer,250,959.4168309072086
101778,0.6795906880942941,15507.750602409638,discount_offer,250,1897.0061224835283
101780,0.5138091376311931,6368.738317757009,email_nudge,20,163.6157971422732
101781,0.7585791069503973,7336.196166484118,discount_offer,250,1001.7153245492012
101784,0.4446936943012604,17711.818028846155,discount_offer,250,1417.7400825670677
101785,0.8101879588967251,8624.993975903615,discount_offer,250,1257.8159276701022
101786,0.7445352458388521,5079.440744797371,email_nudge,20,189.09113318257965
101789,0.5230748021900065,9113.005694444444,email_nudge,20,238.3391825488965
101790,0.3827349419029733,19913.661042944783,discount_offer,250,1371.8977024224553
101792,0.5926155380886087,10463.72243436754,discount_offer,250,1116.1736101534618
101793,0.4777474847218003,25280.214569083448,discount_offer,250,2173.960606249265
101794,0.4990349420396874,2785.362429378531,email_nudge,20,69.49965892522191
101795,0.7325849191959758,657.4405172413793,none,0,0.0
101797,0.8194719741206304,4509.550842358604,email_nudge,20,184.7725265592479
101799,0.5356491154074882,5389.421538461539,email_nudge,20,144.34194398174938
101800,0.4204186770679918,4295.973590982287,email_nudge,20,90.30537669199016
101801,0.6414189060474698,7048.877588105726,email_nudge,20,226.06416757126516
101804,0.6136784746269666,2857.786089813801,email_nudge,20,87.68809042035484
101805,0.3652297717939553,35949.945,discount_offer,250,2363.398237503944
101807,0.3710838259642899,6460.749736842105,email_nudge,20,119.8739865472574
101808,0.4195912080539613,17691.289285714287,discount_offer,250,1336.1596998164928
101811,0.7342373109996645,9443.13870967742,discount_offer,250,1248.0308592462702
101816,0.4292920766168071,42932.2929118774,personal_outreach,900,6450.672612321306
101817,0.6748456397273819,6380.971971252568,email_nudge,20,215.30855560112164
101818,0.5419245979920447,10641.386206896552,discount_offer,250,1038.0292096050907
101820,0.4193227417720826,6605.665714285715,email_nudge,20,138.49529292720644
101821,0.3613164814511047,12596.365826086956,email_nudge,20,227.56372896763384
101824,0.4197395055377012,17612.919934640522,discount_offer,250,1330.7108947994038
101825,0.369017513520475,9349.648375,email_nudge,20,172.50919978166252
101827,0.5709779925997601,3232.281171548117,email_nudge,20,92.27807074242725
101829,0.7980305321534352,3439.217636022514,email_nudge,20,137.23003401332633
101830,0.6661799949494376,7892.639266155531,discount_offer,250,946.4253095637404
101831,0.397488022083175,3562.971304347827,email_nudge,20,70.81192082521639
101834,0.6127506561361457,6179.917656250001,email_nudge,20,189.33742993672695
101841,0.5837984486140377,10788.12421630094,discount_offer,250,1133.6562325677637
101842,0.8461028595479282,2263.282875,email_nudge,20,95.7485056251678
101844,0.7058060388561944,4597.168240740741,email_nudge,20,162.23545529763612
101845,0.3833167565043497,14529.15611814346,discount_offer,250,1002.4684196313744
101848,0.8158573679633375,5466.868455640744,email_nudge,20,223.00924546104267
101849,0.4391902739667253,12338.179501607718,discount_offer,250,975.3855184011107
101850,0.6971879018461504,6049.103036876356,email_nudge,20,210.8680727165502
101851,0.7917682311294527,1599.7061255742726,email_nudge,20,63.3298244686446
101852,0.6427757488768954,2580.324517374517,email_nudge,20,82.92850120004094
101853,0.6113275660836878,11257.816666666666,discount_offer,250,1238.7984592049472
101854,0.8265948624261168,1536.3461664841184,email_nudge,20,63.4967924061916
101858,0.7872836266994028,1893.2871647509576,email_nudge,20,74.52769927242818
101859,0.4767231654254694,10749.390945406123,discount_offer,250,922.4070620201794
101860,0.5488057908863091,5672.33587075575,email_nudge,20,155.65053868614453
101861,0.3950089968625835,15514.069689119173,discount_offer,250,1103.0754789279315
101863,0.479741810887383,3987.986784140969,email_nudge,20,95.66020008093696
101864,0.4758571833609203,40973.83634969325,personal_outreach,900,6824.193024899712
101865,0.8620825081493251,11488.543461538462,discount_offer,250,1782.733025215009
101866,0.6681662971683262,5291.693958333333,email_nudge,20,176.78657789437932
101870,0.6534197506397916,12590.830065359478,discount_offer,250,1480.877467497933
101871,0.3763479376136712,11259.85622406639,email_nudge,20,211.8811833876923
101872,0.6378950539154669,7355.486886792453,email_nudge,20,234.6014352112491
101873,0.6948254981284733,8501.668251173709,discount_offer,250,1063.2916579580635
101875,0.7238157894362344,3402.1869627507167,email_nudge,20,123.12783211265372
101877,0.5528246304451093,4582.819291338583,email_nudge,20,126.6747690565485
101878,0.7496563909143991,6288.451660516605,email_nudge,20,235.7088988131269
101880,0.6698924579155825,16556.431465517242,discount_offer,250,1996.3851423743224
101881,0.6613335966641459,9048.293629343629,discount_offer,250,1077.109302522078
101883,0.5347435220839492,2086.422641509434,none,0,0.0
101884,0.4874943514591517,7159.813342696629,email_nudge,20,174.5184281033237
101885,0.3900511487873839,5988.994311377245,email_nudge,20,116.8007055616901
101889,0.859214297689809,3693.402198852773,email_nudge,20,158.67119881866407
101890,0.6404072377581744,5651.539208633094,email_nudge,20,180.9643306841369
101891,0.6000321007091133,8607.550844594594,discount_offer,250,929.6652267436672
101893,0.717817022112987,5166.056534090909,email_nudge,20,185.41416586842377
101894,0.5008084501890938,10864.770700985762,discount_offer,250,979.4104157556995
101895,0.6332465539198142,31220.40352112676,personal_outreach,900,6919.574529608843
101896,0.7860070331157694,3941.2948863636366,email_nudge,20,154.8942750132518
101899,0.7422686605906589,2643.0312910284465,email_nudge,20,98.09196481454426
101900,0.6616307270357299,6809.912704918032,email_nudge,20,225.2823747002386
101903,0.7410577145099186,7009.100502512563,discount_offer,250,934.9466398492108
101904,0.5085191422777752,5896.361861313869,email_nudge,20,149.92064381373572
101905,0.4240411823332292,4766.966363636363,email_nudge,20,101.06950264895488
101906,0.482471040214724,12410.463854166668,discount_offer,250,1077.7840929480644
101907,0.5741496133726351,6402.454104477612,email_nudge,20,183.7983274360931
101908,0.703780461951646,13759.53947368421,discount_offer,250,1743.0651084656483
101909,0.8492672825260557,779.891621253406,none,0,0.0
101912,0.4860928019866191,7053.281683168318,email_nudge,20,171.42747282860924
101914,0.7676118554029937,5194.3588,email_nudge,20,199.3625698048434
101915,0.6007829710001523,4485.804375,email_nudge,20,134.74974398689906
101916,0.4395765993473814,6564.503529411765,email_nudge,20,144.28010689313535
101917,0.5048273229409397,9275.153686200378,email_nudge,20,234.11755026351628
101918,0.3713559558636604,5101.425872689938,email_nudge,20,94.72224406101898
101919,0.6379094856947104,11088.83482849604,discount_offer,250,1273.2611260319102
101922,0.3609541978066006,20672.37848605577,discount_offer,250,1343.120722773964
101924,0.4904489286718972,10134.3846875,discount_offer,250,894.6716602919859
101925,0.7002947340599142,6697.394194961665,email_nudge,20,234.5074943327546
101926,0.7853555263637564,14830.385761226724,discount_offer,250,2096.482574823439
101927,0.4866690744023323,5182.925510204082,email_nudge,20,126.11847803736282
101929,0.5709503870162022,4822.095639534884,email_nudge,20,137.65886858107916
101932,0.6252838299157137,2621.981224489796,email_nudge,20,81.97412310080362
101933,0.550326042568337,11665.813858267717,discount_offer,250,1155.60021131268
101934,0.3971816782034046,5076.931,email_nudge,20,100.82319873514444
101935,0.4775980577071718,26670.33012048193,discount_offer,250,2292.785615511225
101937,0.4414648158261866,7945.77625,email_nudge,20,175.3890324401169
101940,0.779301918457591,1533.616554054054,email_nudge,20,59.75751613763221
101941,0.6176932795212958,1044.575925925926,none,0,0.0
101943,0.6665547991063978,7210.435636363637,email_nudge,20,240.3075238532988
101947,0.446995641595359,6956.877878787879,email_nudge,20,155.4847045464674
101948,0.3777083069738418,10702.880486008837,email_nudge,20,202.1283434056884
101949,0.5010234221389495,11893.559112149533,discount_offer,250,1072.611303800588
101950,0.5921953360785891,3416.269351230425,email_nudge,20,101.15493882934426
101954,0.7926127245566676,2923.139164785553,email_nudge,20,115.84586488294896
101959,0.3848212927647823,15530.55242165242,discount_offer,250,1075.7677068452708
101960,0.6594944317217866,16030.952879581151,discount_offer,250,1903.01834867006
101962,0.7543944451726239,1820.2211340206184,email_nudge,20,68.65823562454844
101965,0.644943489719318,16545.76952861953,discount_offer,250,1920.7955411782984
101966,0.6247708899547159,15380.91282051282,discount_offer,250,1729.7183864137846
101973,0.5861256733310529,5180.618597560976,email_nudge,20,151.82467818834013
101974,0.5902914483174166,5484.871590909092,email_nudge,20,161.88363976163907
101977,0.3928601160053773,18415.532107574098,discount_offer,250,1302.2510544148158
101979,0.4416904984291207,15848.615107913669,discount_offer,250,1260.0328871566226
101980,0.5959948035070356,4414.7950657894735,email_nudge,20,131.55974588795138
101982,0.630255836976362,4426.793386243386,email_nudge,20,139.50061853841245
101984,0.8709158643216507,3284.4342887473463,email_nudge,20,143.0232963696031
101986,0.3818023770944094,10657.482363636364,email_nudge,20,203.45260501390544
101987,0.3882341712146472,2834.8662162162163,none,0,0.0
101988,0.5022099632888074,6396.0046442687735,email_nudge,20,160.60686287966314
101989,0.4810215672920139,11335.247063369396,discount_offer,250,981.449695451546
101991,0.7884735449885986,2825.491785323111,email_nudge,20,111.39127621549387
101995,0.3513656714887907,11181.246014492754,email_nudge,20,196.43530069818055
101996,0.6092640886364314,16316.417277486911,discount_offer,250,1789.3812784283616
102000,0.4876542656148512,3297.902325581395,email_nudge,20,80.41180683254525
102001,0.5429689626438604,4158.413417305586,email_nudge,20,112.89447097193624
102002,0.5137917899705959,3976.5016759776536,email_nudge,20,102.15469569608167
102004,0.3797937867757905,56959.933839779005,personal_outreach,900,7571.560138627856
102008,0.8713301795957382,3497.939530201342,email_nudge,20,152.3930139532684
102009,0.4148678211301406,35376.85786948177,discount_offer,250,2641.8095896936625
102010,0.5171422916392783,41407.9556302521,personal_outreach,900,7494.831773354144
102012,0.6976884238918309,6801.277823920266,email_nudge,20,237.2586402710696
102013,0.3655104153802436,17074.65239130435,discount_offer,250,1123.373391843406
102014,0.4436504315593775,24605.210052910053,discount_offer,250,1964.9001705448825
102018,0.6852565157941995,14369.929537953796,discount_offer,250,1772.4758125295466
102019,0.7215912036853809,7612.831152647976,discount_offer,250,988.8033590807072
102020,0.5930297492096586,6410.693670886076,email_nudge,20,190.08660299527577
102022,0.5778579047294832,15175.228458498024,discount_offer,250,1578.4426297474006
102024,0.4258486311624675,14375.858897243108,discount_offer,250,1101.949169971636
102026,0.6667028281609837,2045.897039473684,email_nudge,20,68.20026711716443
102028,0.66994753805252,1888.381270536692,email_nudge,20,63.25581915502733
102029,0.6190686842282935,568.0116564417178,none,0,0.0
102030,0.4555586438336189,7316.244368600682,email_nudge,20,166.6489181257539
102034,0.5083556275996162,9726.479192546583,discount_offer,250,890.0118781670927
102035,0.5124033081697461,9294.373773584906,email_nudge,20,238.12339344755165
102037,0.7988752784959411,6893.902519167579,discount_offer,250,991.3262930862966
102040,0.521231698362317,2273.096753246753,email_nudge,20,59.24050406183368
102041,0.511899206934021,10233.813073394494,discount_offer,250,942.9625433126984
102042,0.3516937547542064,17475.536363636365,discount_offer,250,1106.2866600127695
102043,0.5014263500712244,3542.939736842105,email_nudge,20,88.82616703835205
102044,0.4141718964798905,2515.416379310345,none,0,0.0
102045,0.5635595188864384,29557.46207407408,personal_outreach,900,5830.086187089269
102050,0.3645344350046186,9282.120560747664,email_nudge,20,169.18262871284517
102051,0.5514277789020252,3996.714019715225,email_nudge,20,110.19495673990758
102052,0.5354258345977545,14295.46304347826,discount_offer,250,1377.7488415828266
102053,0.5785227627957186,5236.663957055215,email_nudge,20,151.47646501341717
102055,0.4310085994214108,40788.01147859922,personal_outreach,900,6152.994295201416
102057,0.8745794669763244,2056.3412376779847,email_nudge,20,89.92169117849237
102059,0.4481194537463924,4199.099123767798,email_nudge,20,94.08490027848904
102060,0.369482442194247,20045.75067567568,discount_offer,250,1333.1795247478128
102061,0.3910504969053812,3242.237914691944,email_nudge,20,63.39393738128759
102062,0.8090426401008034,10865.154490690033,discount_offer,250,1582.2671893651734
102063,0.6949082202474366,6327.780642201835,email_nudge,20,219.8613392094329
102065,0.5000231097503675,11748.863333333333,discount_offer,250,1057.4465723937722
102066,0.5905027717796417,5876.288405797101,email_nudge,20,173.49822956998804
102067,0.444530333009545,14269.251339285714,discount_offer,250,1141.7607089369233
102068,0.7688599884268625,4892.285575221238,email_nudge,20,188.0741315372754
102070,0.6894139197036949,2770.7627976190474,email_nudge,20,95.51012204378615
102071,0.6829298051303522,1761.3459641255604,email_nudge,20,60.14378280237006
102072,0.4178220468032538,6702.077016129031,email_nudge,20,140.01377683560378
102073,0.7059466912318284,773.6852201257861,none,0,0.0
102074,0.5666796226461125,7171.729875,email_nudge,20,203.20365896424255
102076,0.8531811382471672,2882.961359223301,email_nudge,20,122.9844126992368
102077,0.4779421106766343,3480.1001915708816,email_nudge,20,83.16432154627734
102078,0.6677159718352769,7538.417360350493,discount_offer,250,906.0339012959432
102081,0.6792531500570556,3973.012585034013,email_nudge,20,134.93406568003394
102085,0.6671983308413535,7706.229408543262,discount_offer,250,925.4850117229108
102086,0.6017216567233674,11062.562499999998,discount_offer,250,1198.1850183190434
102088,0.5560224564493504,3571.108052434457,email_nudge,20,99.28081357803312
102089,0.6602890509184989,7570.554356846473,discount_offer,250,899.7757472176315
102090,0.6518805334576834,3835.254090909091,email_nudge,20,125.00637413637904
102091,0.6347520087992912,25518.385384615383,personal_outreach,900,5669.2462344696805
102092,0.5515212386413482,6927.951861993428,email_nudge,20,191.0456296087125
102093,0.7196055335810506,3363.8088170865285,email_nudge,20,121.03077193420972
102095,0.5436059853499252,6718.878422782039,email_nudge,20,182.62112627313908
102096,0.3726203653087019,2591.0133333333333,none,0,0.0
102097,0.7163305967430073,5916.341153846154,email_nudge,20,211.9028094634914
102098,0.6486531462107712,5279.872972972973,email_nudge,20,171.24031077560687
102099,0.5802792950219637,9123.796973094171,discount_offer,250,952.98308558471
102101,0.787687024600827,4524.828641840088,email_nudge,20,178.20744048598098
102102,0.5620122949323942,23011.23224719101,discount_offer,250,2327.867180003904
102103,0.3552977993562078,10152.553890489911,email_nudge,20,180.35900275681857
102104,0.4871600357168517,16251.582114882503,discount_offer,250,1425.0818382374714
102106,0.4224968558885278,2280.641666666667,none,0,0.0
102107,0.5482094811321877,2281.766814159292,email_nudge,20,62.54431006274553
102108,0.3773857403677059,14154.602449888644,discount_offer,250,961.5141225291184
102110,0.6099444659590862,18290.40259515571,discount_offer,250,2008.103371754208
102111,0.8817007255417089,5113.774730215828,email_nudge,20,225.4409444944076
102114,0.545042064400166,14700.345016429355,discount_offer,250,1442.2151511268826
102115,0.4668843869974722,7962.612447698744,email_nudge,20,185.8809715771135
102117,0.71623785008081,1536.3326086956522,none,0,0.0
102121,0.7116657130521594,7845.115895953758,discount_offer,250,1004.957999652737
102122,0.7289027726025603,9508.341425818882,discount_offer,250,1247.5181570636096
102123,0.4227056042080538,14660.19298245614,discount_offer,250,1115.4502318420427
102125,0.4242209165949159,4871.166867469879,email_nudge,20,103.3225436702429
102127,0.3785315979443019,2784.9646586345384,none,0,0.0
102130,0.6727864572871205,3002.7989626556014,email_nudge,20,101.01212380152512
102133,0.3835205012118505,6120.774054982818,email_nudge,20,117.37211666857505
102135,0.4902086469653874,2842.133333333333,email_nudge,20,69.66191679142798
102136,0.4147994886501556,6334.796531791907,email_nudge,20,131.3835181045031
102137,0.5667401287052531,5968.662499999999,email_nudge,20,169.1340276724109
102139,0.6925104139546413,6365.158467741935,email_nudge,20,220.3969262691429
102141,0.7631904182363369,2867.5265463917526,email_nudge,20,109.42343921222604
102142,0.4591901482639278,9285.147520661158,email_nudge,20,213.18241333324195
102143,0.7972059657469964,2446.4586460032624,email_nudge,20,97.51657137735602
102144,0.5744569963024504,7380.850396825397,email_nudge,20,211.9990574559033
102145,0.3929145954708989,23879.93620689656,discount_offer,250,1688.899585428654
102148,0.7631830012586704,6131.064328899637,email_nudge,20,233.95620377198009
102152,0.8731860340465417,2319.223450586265,email_nudge,20,101.25567634425782
102153,0.8128415016453485,9251.267723004694,discount_offer,250,1353.5665826562504
102157,0.647924213768356,1861.4135071090047,email_nudge,20,60.30274415456999
102159,0.3527669009262727,9200.44494274809,email_nudge,20,162.28062247980213
102160,0.6452137948963264,15222.69708737864,discount_offer,250,1767.940948134869
102161,0.4813929386986509,10778.567741935483,discount_offer,250,933.9707520455048
102163,0.3515724252448736,13502.775623268695,email_nudge,20,237.3601786704968
102164,0.3642690088895307,16313.468828451882,discount_offer,250,1069.6484019042755
102165,0.429879993324308,17553.947908366532,discount_offer,250,1358.296381739494
102166,0.3593727413206901,11177.352884615384,email_nudge,20,200.84179734264768
102168,0.6874945668088356,3150.7596118299443,email_nudge,20,108.30650572269012
102169,0.7074056360181983,17609.124542682926,discount_offer,250,2242.2229104312505
102171,0.3764086129312192,14534.974456521735,discount_offer,250,984.7961233506086
102173,0.5358461643467817,2300.97972972973,email_nudge,20,61.64855812076851
102174,0.3626271759380949,26962.5813304721,discount_offer,250,1759.925650296654
102175,0.519010963336228,6462.65082146769,email_nudge,20,167.70933142778054
102177,0.6167773342143942,8069.087481146304,discount_offer,250,895.8294479095484
102180,0.6135435696352864,3929.179061784897,email_nudge,20,120.53612736518656
102182,0.6833431321713573,726.5573863636363,none,0,0.0
102183,0.5816237833623488,1921.4708860759488,none,0,0.0
102185,0.6564338314984499,14952.812885154062,discount_offer,250,1766.795805698593
102187,0.5131837079398982,10157.222109826587,discount_offer,250,938.2537628441864
102188,0.4073663230923037,14749.481797235025,discount_offer,250,1081.519590106169
102189,0.569191687639043,6589.188276836158,email_nudge,20,187.52555977318852
102191,0.6636985975517377,18502.050074074075,discount_offer,250,2210.361243479097
102193,0.4891050276269114,15885.095837897044,discount_offer,250,1398.5064429571382
102194,0.8160139776922124,3483.321456692913,email_nudge,20,142.1219498728308
102196,0.4712320658415438,11151.941836734695,discount_offer,250,945.9274661764616
102198,0.3812525389067391,6014.416050808314,email_nudge,20,114.65056947060566
102201,0.7342698441418561,9631.557899305555,discount_offer,250,1272.9892531619437
102203,0.7066401087309826,4995.554350828729,email_nudge,20,176.5029534820573
102204,0.6813526713277609,13954.366408450704,discount_offer,250,1711.4120692351669
102207,0.4477114499476872,21332.11814159292,discount_offer,250,1719.114037853027
102209,0.4840886043991648,7781.771108179419,email_nudge,20,188.35333577561585
102210,0.4831112232903828,34700.00493333334,personal_outreach,900,5867.386641033745
102215,0.6883636908542168,16007.433482142858,discount_offer,250,1983.4084787168208
102216,0.5484487859291752,7828.04704225352,email_nudge,20,214.66414482602076
102218,0.8116924984102712,8254.116293103447,discount_offer,250,1205.9647697012513
102219,0.4209657592435881,10931.590727272727,email_nudge,20,230.09126951232653
102220,0.5232768465640728,4429.683223684211,email_nudge,20,115.89753342836252
102221,0.5736763964041666,4474.113173652694,email_nudge,20,128.33465612827433
102222,0.7923233679163111,8487.00060483871,discount_offer,250,1210.4008024920436
102225,0.7739313034450623,10969.958510638298,discount_offer,250,1528.1989719977796
102226,0.4931326442484639,9437.435933147632,email_nudge,20,232.6953868319281
102227,0.7748637464324917,4357.54526431718,email_nudge,20,168.82519243789864
102230,0.7925786280015228,12697.364233576644,discount_offer,250,1811.458714227081
102233,0.4410368719942258,9064.449107142857,email_nudge,20,199.8878140282569
102235,0.4755538225523539,21911.12765486725,discount_offer,250,1875.5856922868488
102237,0.5864989776510708,8521.522889842632,discount_offer,250,899.6156033261224
102238,0.7324872779699227,5960.877765607886,email_nudge,20,218.3133564420778
102239,0.6361984905629652,5423.773043478262,email_nudge,20,172.5298111708485
102240,0.8414263852738961,4281.749180327869,email_nudge,20,180.13883677263735
102241,0.532463749169505,7707.480031446541,email_nudge,20,205.197685709656
102243,0.8708824679151206,3828.924967907574,email_nudge,20,166.72718127565858
102244,0.3878781375941288,41224.464485981305,personal_outreach,900,5596.523977848206
102246,0.5313512631226446,36209.40425072046,personal_outreach,900,6733.969439938569
102251,0.5362901395848633,9960.586144578314,discount_offer,250,961.5175440881326
102254,0.8824972750599944,1990.8307086614177,email_nudge,20,87.84513377497295
102255,0.7831637773502911,2345.049273858921,email_nudge,20,91.8278823693955
102256,0.4427185501693196,10926.291898148149,email_nudge,20,241.86360539374655
102257,0.5719223982983557,11831.928343949045,discount_offer,250,1218.0500702938132
102258,0.5602755309462367,12020.607317073169,discount_offer,250,1212.2733864364898
102262,0.4156542612956865,7759.744874999999,email_nudge,20,161.26855119305569
102263,0.6131878787258088,2048.0961111111114,email_nudge,20,62.79338548994004
102265,0.3797125379418712,17053.551683168316,discount_offer,250,1165.580530296968
102266,0.7292420687351014,6403.274712643678,email_nudge,20,233.4768649063719
102268,0.8155586038105214,3306.4297546012267,email_nudge,20,134.82936171300707
102269,0.746308255034994,3784.2863475177305,email_nudge,20,141.21220702843544
102272,0.3733354191656455,25498.81948529412,discount_offer,250,1713.5302429388537
102273,0.7151086607278362,6073.212389380531,email_nudge,20,217.1503389042807
102274,0.3537665900823482,56986.99187242799,personal_outreach,900,7056.0328278157685
102276,0.5561636158985518,3049.923897058824,email_nudge,20,84.8128351401819
102284,0.5582067172445526,9003.502573932092,discount_offer,250,904.6468107895524
102285,0.5056684934801079,40814.84361702127,personal_outreach,900,7223.573169205871
102286,0.8336193340152621,3671.468047337278,email_nudge,20,153.03033742398085
102291,0.7421084162706935,17860.90255102041,discount_offer,250,2385.85069895453
102293,0.5080771456447127,4670.105038335159,email_nudge,20,118.638681886916
102294,0.6888690437342849,13607.860905349791,discount_offer,250,1687.3261432447448
102296,0.4346341679605567,28296.36989247312,discount_offer,250,2213.7424532134564
102297,0.6263298303659062,4196.156736035049,email_nudge,20,131.40890683347936
102299,0.4576822882373574,10336.103897180765,email_nudge,20,236.532584156038
102300,0.5441896617628978,35188.41977715877,personal_outreach,900,6702.210989776014
102302,0.4750239990573053,4178.99584139265,email_nudge,20,99.25616583110924
102306,0.3945405302786494,2795.73023255814,none,0,0.0
102310,0.5361445945424443,31506.67095959596,personal_outreach,900,5912.245964455173
102314,0.6018707046509725,5167.187416107383,email_nudge,20,155.4989365598094
102315,0.7328788911211511,2295.904887218045,email_nudge,20,84.13101139319963
102316,0.6262108169182277,19542.00836820084,discount_offer,250,2202.7350644053
102317,0.3661367449491664,18286.39420289855,discount_offer,250,1205.157753055185
102319,0.3907618286486357,6963.222834645669,email_nudge,20,136.0480844077039
102321,0.5543160509550482,5240.360055865922,email_nudge,20,145.24078458750867
102323,0.6577419418197005,8146.465329512893,discount_offer,250,964.4889464641216
102325,0.6615546968078312,22663.89439528024,discount_offer,250,2698.813041327778
102329,0.6316473180837895,2211.9285156250003,email_nudge,20,69.85793573437944
102330,0.5929113216132476,14872.94644030668,discount_offer,250,1587.3008994369502
102331,0.5072309152890685,17786.131794871795,discount_offer,250,1623.901663757668
102332,0.4144463312171751,6476.567724867725,email_nudge,20,134.20948662254978
102334,0.7621991421707561,22781.63344051447,personal_outreach,900,6077.449512963059
102335,0.8175224228215464,7736.287340301974,discount_offer,250,1138.425906615719
102336,0.6943091046775869,7871.895726495726,discount_offer,250,983.7951973161424
102337,0.4586338342933212,8096.313813813814,email_nudge,20,185.66217240357065
102338,0.428349453252276,11532.634015151514,discount_offer,250,889.1995454907753
102340,0.8307565726372002,4820.340817790531,email_nudge,20,200.226490836543
102341,0.3549960656968177,239485.99,personal_outreach,900,29755.8044838276
102342,0.7037029125587693,4495.85045112782,email_nudge,20,158.1871528443652
102343,0.8548750643946977,3408.715065913371,email_nudge,20,145.70127557379348
102344,0.4281048841395436,11727.285161290323,discount_offer,250,903.6914499442048
102345,0.5872661351900038,3555.580263157895,email_nudge,20,104.40359397512968
102346,0.5080589731839918,9379.648897911831,email_nudge,20,238.27073939497228
102347,0.3704146654995335,7832.009756097561,email_nudge,20,145.05456369969804
102348,0.8409430142804654,7335.720340136055,discount_offer,250,1110.4060994554563
102352,0.6787208072792328,2576.234924078091,email_nudge,20,87.42721237056175
102355,0.3910734993681716,7419.139164086686,email_nudge,20,145.0714357599416
102358,0.5350211425320321,17030.0103125,discount_offer,250,1640.054803450687
102362,0.726980439391125,14811.070287539937,discount_offer,250,1938.1245093879515
102364,0.4154998707806298,8927.047196261683,email_nudge,20,185.45934782496565
102365,0.4365928931471448,11668.0007493188,discount_offer,250,916.9499167898666
102368,0.5893959211191716,5424.863194444444,email_nudge,20,159.86961197175376
102370,0.5439182715201466,12973.581766055046,discount_offer,250,1270.182270531231
102371,0.4827735086989759,4649.259439834024,email_nudge,20,112.22696463102535
102373,0.3572967540324632,6322.944491525424,email_nudge,20,112.95837713747387
102374,0.3657372689703887,38523.22307692308,discount_offer,250,2536.088112016362
102375,0.3654559328484599,18560.39830699774,discount_offer,250,1220.9413819181104
102377,0.8257562278733104,3987.211410459588,email_nudge,20,164.62323270172655
102380,0.7141982327221403,8850.432552083334,discount_offer,250,1137.773391754395
102381,0.7095983135400428,3431.815553121577,email_nudge,20,121.76052644377802
102382,0.7644914945858933,8753.531930184805,discount_offer,250,1204.5601274782175
102383,0.424715496909946,570.3125,none,0,0.0
102385,0.5715048927586605,13840.873244147157,discount_offer,250,1423.822820234856
102386,0.4428393305751947,6284.454398826979,email_nudge,20,139.15017895034384
102387,0.4040513208867028,4479.101438848921,email_nudge,20,90.48934263762187
102388,0.7198748232827774,3483.947717842324,email_nudge,20,125.40031238540894
102389,0.6191971271521866,7044.932040816327,email_nudge,20,218.11008403279305
102390,0.5013712080260065,3529.0285714285715,email_nudge,20,88.46766590077176
102392,0.6911200288768488,3923.0230932203385,email_nudge,20,135.56399167354925
102393,0.5060844914210839,20655.9856516977,discount_offer,250,1881.6613188013148
102394,0.5339720144060395,14700.785406698567,discount_offer,250,1412.9654394538336
102395,0.4615000857707341,8331.4476010101,email_nudge,20,192.2481891230269
102396,0.4915086239049283,5856.429972752044,email_nudge,20,143.92429184514668
102398,0.5063265894680701,25137.29813800657,discount_offer,250,2290.982838238608
102399,0.587370303006568,12211.703678929764,discount_offer,250,1291.1025762214913
102401,0.6321094225508854,8329.439923329683,discount_offer,250,947.721142819479
102404,0.8783316608103366,2100.4050930996714,email_nudge,20,92.24261468983622
102406,0.3548048904644272,12057.431683168315,email_nudge,20,213.90178638144243
102409,0.6602503034023713,13262.181051478645,discount_offer,250,1576.144631342872
102413,0.7318476011105087,2618.472140957447,email_nudge,20,95.81612774672028
102415,0.5483084753146343,5968.988868613139,email_nudge,20,163.64235928596474
102416,0.678099030288276,6597.209090909091,email_nudge,20,223.67805435772263
102417,0.7068219468968274,792.8678929765887,none,0,0.0
102418,0.3686382420354803,10830.379545454543,email_nudge,20,199.62460381066936
102421,0.8356468491603188,1387.6704081632654,email_nudge,20,57.98012021273232
102422,0.377107226950126,10098.980496453902,email_nudge,20,190.4199265020569
102424,0.521036493310922,9942.12426067908,discount_offer,250,932.4377209522208
102428,0.704362838635251,7001.704935064935,discount_offer,250,887.7133374027809
102429,0.7430131533428309,7643.1,discount_offer,250,1022.2062898166264
102430,0.4068107687691153,14737.647441860465,discount_offer,250,1079.1780634208594
102433,0.5960567827754039,15084.579801324504,discount_offer,250,1618.4278990613384
102434,0.4604863479422695,6339.062893081761,email_nudge,20,145.95259605057888
102435,0.8034893557929554,4108.363157894737,email_nudge,20,165.05130335501772
102439,0.4217568601175462,13595.36948453608,discount_offer,250,1032.1092622684512
102442,0.6834650110228767,15833.473520923522,discount_offer,250,1947.892527811516
102444,0.4447763182171386,17702.93074534162,discount_offer,250,1417.2919845418853
102445,0.4951246938570851,3801.025992063492,email_nudge,20,94.099091533163
102446,0.5301218786485947,5436.380515916576,email_nudge,20,144.0972126073156
102448,0.3554895692267106,14233.42911392405,discount_offer,250,910.7704051790006
102449,0.5780401235573138,14310.279553903343,discount_offer,250,1488.9448370660382
102451,0.3854639021823156,10712.093,email_nudge,20,206.45625841599335
102452,0.6204175688794656,32545.21097694841,personal_outreach,900,7067.06723554567
102453,0.6155641850551938,7999.9324753559695,discount_offer,250,886.4049446440338
102454,0.5317354307167917,10879.388062015503,discount_offer,250,1041.2920974763683
102455,0.541383883889141,5615.92278203724,email_nudge,20,152.01850436804156
102456,0.4527686208296485,4367.4388671875,email_nudge,20,98.87196362271436
102457,0.8534611508002078,4665.045376344086,email_nudge,20,199.07174977149063
102458,0.5717317851536282,5903.307656967841,email_nudge,20,168.7554312514653
102460,0.5986944740100867,1883.160862068965,email_nudge,20,56.37190008963802
102461,0.686283567958125,2869.02507788162,email_nudge,20,98.44823835049678
102462,0.6831377073220015,7133.683132530121,email_nudge,20,243.66439699591305
102463,0.3648373849488452,13101.063324175824,email_nudge,20,238.98788416207665
102464,0.773699669188502,4165.698226544622,email_nudge,20,161.1499669908352
102465,0.3986152978763118,14255.280115273776,discount_offer,250,1022.8270913028216
102466,0.6217586308265124,8435.22132183908,discount_offer,250,944.0408987613488
102468,0.6729176316922078,4913.95736497545,email_nudge,20,165.3344276137881
102471,0.4619658108590488,7309.849206349206,email_nudge,20,168.84502079342425
102473,0.6426264854842293,8597.29889298893,discount_offer,250,994.4733550066076
102474,0.4994028104791481,13459.294145569622,discount_offer,250,1209.8896782053423
102475,0.8748174153293103,1678.9267252195734,email_nudge,20,73.43771691419452
102477,0.3893136551368509,35337.05318396226,discount_offer,250,2476.2955206264555
102478,0.4230068014727627,6611.548050458716,email_nudge,20,139.8364896804011
102479,0.7487466672280216,2842.621214642263,email_nudge,20,106.42015803275328
102481,0.4515949551578399,2476.796808510638,email_nudge,20,55.925447183722135
102483,0.6692384839233207,5436.908149779736,email_nudge,20,181.9294083694469
102485,0.3926050381759615,9083.37261904762,email_nudge,20,178.30889269338374
102486,0.5156026864107927,14898.772701688556,discount_offer,250,1382.7325012585925
102487,0.4506863301580611,14776.616417910447,discount_offer,250,1198.7314245974544
102488,0.6974222508050469,13611.215000000002,discount_offer,250,1708.6975562684554
102489,0.7316950742342344,6445.487499999998,email_nudge,20,235.80657273941645
102491,0.6464434924081135,6384.234210526316,email_nudge,20,206.3523329701993
102493,0.3820704290931451,2370.949346405229,none,0,0.0
102494,0.5224651734543417,8007.328798842258,email_nudge,20,209.1775214896533
102496,0.5408861288708259,13166.871045576409,discount_offer,250,1281.9200236529737
102497,0.6691111988455829,7506.454048582997,discount_offer,250,904.0774441547968
102498,0.630968167596537,4742.00470852018,email_nudge,20,149.60270108345645
102499,0.4992011067667609,10703.95950134771,discount_offer,250,961.8171173746852
102501,0.4020713083728152,11829.176851851851,email_nudge,20,237.80863068987463
102502,0.6715255918564891,8793.148427672955,discount_offer,250,1062.8683563915067
102504,0.6290135518265343,3327.578199718706,email_nudge,20,104.6545891192804
102507,0.6457135210471283,6734.903395061728,email_nudge,20,217.44090925687837
102509,0.3837177879018208,2381.5162251655624,none,0,0.0
102511,0.7929419865591565,7371.276944140197,discount_offer,250,1052.0990970415626
102514,0.8009999850858663,990.985349716446,none,0,0.0
102516,0.4040635073773469,17993.16579634465,discount_offer,250,1308.6687024887638
102517,0.4519526182363587,10951.989756944444,discount_offer,250,890.9604801987881
102518,0.3638859505558713,28412.85640703517,discount_offer,250,1861.027067102665
102519,0.3880204706884527,13893.792592592592,discount_offer,250,970.3936694565926
102521,0.6711532649748342,18829.025088967974,discount_offer,250,2274.6890996557063
102523,0.3624387701565664,3125.536885245902,email_nudge,20,56.6407872383755
102525,0.4754206396905437,7787.308981380065,email_nudge,20,185.11237086978136
102526,0.7431140208206173,9999.636746987951,discount_offer,250,1337.5566485639663
102528,0.7628289084764254,6149.181215469614,email_nudge,20,234.53865973102123
102531,0.4067322459439647,7939.537689969605,email_nudge,20,161.46329981990473
102532,0.4042218104643391,2022.763636363636,none,0,0.0
102534,0.3740655048693515,6767.243581780538,email_nudge,20,126.56961934963076
102535,0.3772416761832419,3523.626229508197,email_nudge,20,66.46293325314545
102537,0.7963158777142547,9640.130604982209,discount_offer,250,1381.7860315175624
102539,0.6204832984204681,2762.241785714286,email_nudge,20,85.69624471174221
102540,0.3841413871084906,8639.505757575756,email_nudge,20,165.9395862823471
102541,0.4196701058433422,12720.733506493509,discount_offer,250,960.9320838735144
102543,0.4520425035080325,17363.376116838488,discount_offer,250,1412.8171216573048
102544,0.5717982958764471,16531.176517571883,discount_offer,250,1701.4497410844615
102545,0.3733068473006131,13250.752260638295,discount_offer,250,890.3873791404637
102547,0.6483954670022544,10123.810541310542,discount_offer,250,1181.561915479571
102548,0.5224763959827449,14648.569886363635,discount_offer,250,1377.6357600951549
102549,0.6559841400906141,10399.364203233255,discount_offer,250,1227.9272371824743
102550,0.5846027280020558,10415.82518382353,discount_offer,250,1096.041567034035
102551,0.6693994078954748,1501.066591928251,none,0,0.0
102556,0.7742092703435561,1930.6641203703705,email_nudge,20,74.7369029955214
102558,0.3925324370983955,9540.692475728156,email_nudge,20,187.2515634551949
102559,0.8168615260298641,4450.462380952381,email_nudge,20,181.7705746021632
102561,0.4112791007627294,8722.891666666666,email_nudge,20,179.37715203586865
102562,0.7012737445383008,6658.335596933188,email_nudge,20,233.4657968227
102563,0.4578288645695936,4082.92513368984,email_nudge,20,93.46404890399378
102564,0.509105831797547,10062.758159912377,discount_offer,250,922.1415953723538
102565,0.4064194208942318,18660.01979434448,discount_offer,250,1365.0829989646293
102567,0.572580792337913,7737.538947368422,email_nudge,20,221.51830906148365
102569,0.6324928833263346,9945.653661971832,discount_offer,250,1132.2999290206226
102571,0.5213516612915668,32940.56902985075,personal_outreach,900,6010.767135660778
102573,0.3569312149875951,17026.192355117142,discount_offer,250,1093.8923143064037
102575,0.5378955714249906,12476.466049382718,discount_offer,250,1207.986450299498
102576,0.8643060534880865,4111.491128148959,email_nudge,20,177.6793335460854
102577,0.665314787255847,6376.478039430449,email_nudge,20,212.1182565122625
102579,0.3754220242933238,9745.934054054052,email_nudge,20,182.9419145601106
102580,0.4876292688020493,2526.637535410765,email_nudge,20,61.60312069600817
102581,0.8892807829750392,2188.9085436893206,email_nudge,20,97.3277151796396
102582,0.5015230447504463,12398.583700440528,discount_offer,250,1119.271580646874
102583,0.6212481357506848,2804.1615591397845,email_nudge,20,87.10400704796625
102584,0.4387826901688813,10863.211111111112,email_nudge,20,238.3294497602908
102585,0.7435985326673928,3576.029665492957,email_nudge,20,132.95652060178153
102586,0.77200338495717,2817.8675925925927,email_nudge,20,108.77016599212966
102587,0.7533206670412171,4113.066493506494,email_nudge,20,154.92289972365964
102588,0.4340695315576123,726.8534482758621,none,0,0.0
102590,0.4439046772700752,11488.114285714286,discount_offer,250,917.9329795995131
102592,0.7630343090008066,2386.83143812709,email_nudge,20,91.0617138546353
102595,0.734178829513796,11475.676041666668,discount_offer,250,1516.535712747062
102596,0.7021747085006657,5372.1966942148765,email_nudge,20,188.61103238842853
102598,0.8442302930541824,4157.506256860593,email_nudge,20,175.49463628020075
102599,0.841990228867757,1370.496957236842,email_nudge,20,57.697252334320666
102603,0.4223648656647573,16304.944250871082,discount_offer,250,1239.5944058742937
102604,0.4391896230727306,9766.4875,email_nudge,20,214.46699819347677
102607,0.3793996305918221,5558.766275167784,email_nudge,20,105.4496935672468
102610,0.5652065412521243,13883.69775280899,discount_offer,250,1412.488221597911
102611,0.7771570275491827,9188.475140449438,discount_offer,250,1285.359845015024
102613,0.559073837659925,9467.272666666668,discount_offer,250,952.7228031467242
102614,0.6998996552338235,9371.244908350303,discount_offer,250,1180.6075944838983
102618,0.625724679138639,8095.3729390681,discount_offer,250,911.7854342650814
102619,0.3809119413056795,14148.29024390244,discount_offer,250,970.0654865329952
102620,0.8048895430647868,11682.465183246071,discount_offer,250,1692.556931378378
102624,0.7591182608428197,8898.5859375,discount_offer,250,1215.914234550367
102625,0.588205837443122,8232.49328358209,email_nudge,20,242.120030305714
102627,0.5617236370256415,3480.362834224599,email_nudge,20,97.75010347047558
102629,0.5255327050837257,12370.895020746888,discount_offer,250,1170.235786420783
102632,0.5201209219317272,23148.40623700624,discount_offer,250,2167.194670783529
102634,0.6901055409001047,5462.375294117648,email_nudge,20,188.48077284732145
102635,0.6143035171613752,5675.756576576577,email_nudge,20,174.3318613771399
102637,0.636440945493415,17853.187745098036,discount_offer,250,2045.249943941096
102638,0.4340676363192435,11893.211834319529,discount_offer,250,929.2425028500836
102639,0.5051587624125937,5367.342775974026,email_nudge,20,135.56801170776072
102640,0.5055696653412379,11987.316564417177,discount_offer,250,1090.8762522861366
102641,0.3877248077932613,21651.034233668342,discount_offer,250,1511.0357556193885
102643,0.8388341428306606,6322.512619047619,discount_offer,250,954.637101600272
102644,0.4731390950242308,6701.403997809419,email_nudge,20,158.53481114576556
102645,0.4296304276151108,2164.693333333333,none,0,0.0
102646,0.7246356888540572,10092.745357142858,discount_offer,250,1316.4414271743244
102647,0.5809023513384785,5030.231456043955,email_nudge,20,146.10366402963558
102650,0.7744976695929005,5601.273153846154,email_nudge,20,216.9086502203561
102651,0.4267455344510813,1859.364361702128,none,0,0.0
102652,0.7997222494934882,2632.9851315789474,email_nudge,20,105.2828396154612
102653,0.4741965685257701,6581.389759036144,email_nudge,20,156.04362199327923
102655,0.5926949965559853,10317.262596899223,discount_offer,250,1100.6981854805488
102657,0.6453494473262,3182.846794871795,email_nudge,20,102.702420999724
102658,0.8034728527107042,11375.086623748211,discount_offer,250,1645.1231938945828
102659,0.6467927927075627,9237.318069815195,discount_offer,250,1075.4335352706844
102660,0.4961417873739087,8244.01138952164,email_nudge,20,204.5099272964064
102662,0.5141212397474962,4255.256502890174,email_nudge,20,109.38588743547456
102663,0.3567460197586471,83351.31309523809,personal_outreach,900,10407.337215934043
102665,0.4199367702337565,18605.31880952381,discount_offer,250,1406.350348207342
102666,0.5532695773996241,6458.775404530745,email_nudge,20,178.6721969291906
102667,0.8443439693171888,3007.9381471389647,email_nudge,20,126.9867217307952
102669,0.6550349785360058,4507.672340425532,email_nudge,20,147.63415273789929
102672,0.4249215349329362,7677.860952902519,email_nudge,20,163.12442305544974
102673,0.5722491899475167,7962.093209200439,email_nudge,20,227.81506946257875
102674,0.6093032399257816,12359.747535596936,discount_offer,250,1355.5501592587034
102676,0.7525734596831836,5046.377692307693,email_nudge,20,189.88849593840203
102677,0.4092558465953888,7498.060013351134,email_nudge,20,153.43124492935254
102678,0.5403867353829436,10652.903272727272,discount_offer,250,1036.2037719418856
102681,0.3583966159232121,7350.395614035087,email_nudge,20,131.7178456883498
102682,0.7427790451053622,3321.285050962628,email_nudge,20,123.34904693383672
102683,0.4699411342151633,6465.043620689656,email_nudge,20,151.90949659287014
102684,0.6235429880212,12465.204671280277,discount_offer,250,1399.0663740646662
102685,0.3559259837475564,13833.05306122449,discount_offer,250,886.2377434287251
102686,0.5959970911118825,3224.60390625,email_nudge,20,96.09272740565068
102687,0.4363586491275818,10875.484905660376,email_nudge,20,237.28059510206845
102688,0.760620020510124,9894.232402234638,discount_offer,250,1354.635225489536
102693,0.6763272594090917,3844.695951859957,email_nudge,20,130.0136338191337
102695,0.6373812305417259,13508.035643564355,discount_offer,250,1549.7583085253775
102696,0.908333929473648,1846.5614492753623,email_nudge,20,83.86472086174221
102697,0.4442228272800598,13350.690783410138,discount_offer,250,1067.522689070692
102698,0.7948074367531711,1890.5640744797367,email_nudge,20,75.13171930274355
102700,0.417937253605853,6358.525,email_nudge,20,132.87322377420782
102704,0.6568186501855493,6468.40497237569,email_nudge,20,212.4284511404648
102705,0.7007609713242917,21374.667183622827,discount_offer,250,2696.1358567192187
102706,0.4457796556549508,5246.9710526315785,email_nudge,20,116.94964745368
102707,0.4734197130538509,3755.4886138613865,email_nudge,20,88.89611709756309
102710,0.8430357137616501,3074.734725050916,email_nudge,20,129.6055591780515
102711,0.4859531662599729,8501.115633423182,email_nudge,20,206.55720294020756
102712,0.7751974782893472,5463.556756756757,email_nudge,20,211.76677101642807
102713,0.4624722301318049,5223.588327721661,email_nudge,20,120.78822716059508
102714,0.3672829822042022,8830.566666666668,email_nudge,20,162.16584299431776
102715,0.6855917628914651,9552.44978094195,discount_offer,250,1178.8345593446725
102716,0.4693216876723592,8149.091585760517,email_nudge,20,191.2272708012874
102717,0.4356388431005565,8382.438882803945,email_nudge,20,182.5857988632916
102718,0.3595315615128557,21878.163662790696,discount_offer,250,1415.8602620490524
102720,0.6530951859034146,6816.764805825242,email_nudge,20,222.59981390601453
102721,0.5372294811313851,7815.041071428572,email_nudge,20,209.92352299120185
102725,0.5112892331682122,10757.945588235296,discount_offer,250,990.0759150493516
102727,0.4099791460086785,6908.339130434783,email_nudge,20,141.61374885169946
102728,0.4428351828947049,14681.294042553192,discount_offer,250,1170.2508358436974
102729,0.526578299676155,3227.7553956834536,email_nudge,20,84.9832974014764
102730,0.4983299635050239,16315.951344086025,discount_offer,250,1463.530938812664
102732,0.4558423174662469,11837.577645502646,discount_offer,250,971.2923888802616
102733,0.6868860662558347,11446.581463068183,discount_offer,250,1415.249516383895
102735,0.3627285436636224,29607.81848739496,discount_offer,250,1933.128158578137
102737,0.4806590657313805,1401.9091205211726,none,0,0.0
102739,0.5740885015707817,2492.8228855721395,email_nudge,20,71.5550477529731
102740,0.749219845900592,12292.095105421688,discount_offer,250,1657.7066881223022
102741,0.5367225531700737,4416.500000000001,email_nudge,20,118.52175780378154
102742,0.3557541190897286,25084.2965,discount_offer,250,1606.2915247817514
102743,0.4579577881769064,4335.402135678392,email_nudge,20,99.27155864563564
102744,0.7377483576474089,586.4662162162161,none,0,0.0
102745,0.6299733410951981,30486.14030023095,personal_outreach,900,6721.909481711709
102747,0.5024277801763247,15244.117647058823,discount_offer,250,1378.6322742285304
102748,0.4051465536236557,18810.421,discount_offer,250,1371.7759032648069
102750,0.6031638162058125,5900.305021216407,email_nudge,20,177.94252466876029
102754,0.4905062160356378,9296.355422794117,email_nudge,20,227.99600606785623
102755,0.566447655499036,16165.13455149502,discount_offer,250,1648.2064621537463
102756,0.607250398825753,12021.56867816092,discount_offer,250,1314.0184273783918
102757,0.737757712416097,3323.6206703910616,email_nudge,20,122.60133913632824
102758,0.6653250261097916,6764.543551587301,email_nudge,20,225.0310057540322
102761,0.4740233879746326,4995.360381861575,email_nudge,20,118.39588261821392
102762,0.5925865705633966,9805.142680921052,discount_offer,250,1045.871257530923
102763,0.3802977136862895,6854.200854700855,email_nudge,20,130.33184570946733
102765,0.4683209569808553,14209.714919354838,discount_offer,250,1197.847312102331
102766,0.705413112991834,10699.693806646526,discount_offer,250,1358.5867769170748
102767,0.7861316997598636,12339.30754237288,discount_offer,250,1746.0577461861535
102768,0.5242391009032609,13043.257728706623,discount_offer,250,1230.8014268184004
102769,0.791303570997258,7668.238286334056,discount_offer,250,1092.222781062126
102770,0.6476971930945212,8323.789563106797,discount_offer,250,970.4331244680736
102771,0.5177598415551694,17175.904545454545,discount_offer,250,1600.738850883827
102772,0.4690119155489705,8688.875600739371,email_nudge,20,203.75930947347425
102773,0.6430132216674512,9280.170061728397,discount_offer,250,1074.1089688224852
102775,0.4082544304252648,17931.372590361447,discount_offer,250,1317.701214651819
102777,0.4882672872685062,15059.193548387097,discount_offer,250,1323.5240848180244
102778,0.8457009972911298,1629.7270952927668,email_nudge,20,68.91309149007346
102779,0.4082642539855995,5938.320133587787,email_nudge,20,121.22019196334418
102780,0.4486336785427455,18136.1,discount_offer,250,1464.5637463354356
102781,0.8711587873761896,5384.867635658915,email_nudge,20,234.55373798309543
102782,0.8031691425460032,6595.466046002191,discount_offer,250,953.5094655945944
102785,0.42493123451675,33685.150319488814,discount_offer,250,2576.497051825682
102787,0.3621178590709279,5434.650390625,email_nudge,20,98.39919821260536
102789,0.4534917488803287,22363.456709265178,discount_offer,250,1825.4957569369535
102790,0.5878476607609613,3655.3640461215937,email_nudge,20,107.43986018711507
102792,0.6102747771087533,8588.761012861736,discount_offer,250,943.4707582976184
102793,0.4362241593591859,15204.106831395353,discount_offer,250,1193.8317698398848
102798,0.6117911097238516,6474.117103347889,email_nudge,20,198.04036435696864
102800,0.8054318908463297,3855.274479166667,email_nudge,20,155.25805067434038
102801,0.576357636323539,26360.076122672508,personal_outreach,900,5317.49090858023
102802,0.696068895759058,9428.415590551182,discount_offer,250,1181.3088291970405
102804,0.3555977223228808,17098.879501915708,discount_offer,250,1094.4580689278316
102805,0.6026884161979059,4742.256717363752,email_nudge,20,142.905159509592
102806,0.6096497102877128,14534.772620904836,discount_offer,250,1595.0015851378344
102808,0.4693400750152338,35453.25891891892,personal_outreach,900,5823.872320188969
102809,0.4338704593547475,5922.057407407407,email_nudge,20,128.47028838385182
102810,0.5475537040454889,10578.758284023668,discount_offer,250,1042.6388908714305
102812,0.3715396649094574,9850.708859784285,email_nudge,20,182.99645344424383
102813,0.7084780617242081,11797.540034364263,discount_offer,250,1504.4936933988251
102814,0.3797431553041845,19062.56891891892,discount_offer,250,1302.9984125052745
102816,0.8225527782052495,1113.6086705202313,none,0,0.0
102818,0.6531343305796027,3360.01261682243,email_nudge,20,109.72697956136685
102820,0.8059217851799301,6071.624133333334,discount_offer,250,880.7857488859582
102823,0.5276874704643911,24225.13171641791,discount_offer,250,2300.9937258785867
102825,0.634602204352786,3644.947631578947,email_nudge,20,115.65459008752332
102827,0.4088860809824852,15643.632460732984,discount_offer,250,1151.3634424559102
102830,0.3988448542493648,6725.4579120879125,email_nudge,20,134.12071403534705
102832,0.6103052341687877,19696.536186770427,discount_offer,250,2163.7618433605667
102834,0.6922159860814943,6374.079353778751,email_nudge,20,220.61198126188265
102837,0.6268776453166448,5201.186851211072,email_nudge,20,163.02538830695457
102839,0.3504194255853871,10422.5908008658,email_nudge,20,182.61391407754667
102841,0.6394798830118245,3323.95034965035,email_nudge,20,106.27996903657596
102842,0.7218524215776239,10857.19859967051,discount_offer,250,1410.713118129842
102844,0.7923839743980675,4735.7283683559945,email_nudge,20,187.62576330937995
102845,0.3658375030884393,14026.077726218096,discount_offer,250,923.6277456271204
102846,0.6303333848408452,18197.288828337874,discount_offer,250,2064.664559176688
102847,0.5439522233080109,6225.25252918288,email_nudge,20,169.31199769514225
102849,0.5010970302012285,29568.294864864867,discount_offer,250,2666.985254081644
102850,0.6748455532214055,7046.99105839416,email_nudge,20,237.78152896741528
102851,0.8151208822938716,2832.4856807511733,email_nudge,20,115.4409113589327
102852,0.4957062961016893,7277.3951058201055,email_nudge,20,180.3725286587323
102859,0.8398110617853984,14915.977071823205,discount_offer,250,2254.788457605811
102862,0.7812312451309738,3879.0435833333336,email_nudge,20,151.52150242624074
102863,0.6913696177929212,23333.37797202797,personal_outreach,900,5646.19601361856
102865,0.4200462481589476,27353.915882352943,discount_offer,250,2068.1837529908044
102866,0.5999194360073191,9467.514023210832,discount_offer,250,1022.3542211752848
102867,0.6259975513766368,8320.63441108545,discount_offer,250,937.5654181031416
102868,0.4549214184870538,9270.71524822695,email_nudge,20,210.8723465556482
102869,0.4177004999203412,7209.575,email_nudge,20,150.57215408565972
102871,0.8476050735907057,3072.816265060241,email_nudge,20,130.22673282385517
102873,0.7609008242985279,13772.081203007518,discount_offer,250,1886.2538291414428
102874,0.6430027175296021,7977.720524017466,discount_offer,250,923.345275794284
102876,0.4583325840633807,11176.551861993428,discount_offer,250,922.0640212486504
102877,0.6697936836040551,3695.5273239436615,email_nudge,20,123.76204295818306
102881,0.5745274171616501,57361.740909090906,personal_outreach,900,11534.562496938515
102886,0.8935706077216604,4561.21496559633,email_nudge,20,203.78838143785225
102887,0.4647791835010704,7998.467634854772,email_nudge,20,185.8760628293769
102889,0.7258157942223125,11992.06900328587,discount_offer,250,1566.7259558379676
102891,0.6244429588983053,6699.7238197424895,email_nudge,20,209.1797682900728
102892,0.7046199317135847,12965.275114854516,discount_offer,250,1644.406427893793
102895,0.3910941213972705,4217.905238095238,email_nudge,20,82.47989716149011
102899,0.5696040469343767,5158.728662420383,email_nudge,20,146.92163615755072
102900,0.5955921142889453,8865.381005586592,discount_offer,250,950.4271830769876
102901,0.6289305442820808,2897.1626459143968,email_nudge,20,91.10570398843277
102902,0.6981022335316369,10389.044929245283,discount_offer,250,1305.4707844859986
102904,0.3770301457796654,11920.122512755104,email_nudge,20,224.71227643477644
102905,0.3532558429755134,6341.257086614173,email_nudge,20,112.0043058828169
102908,0.4420920970421336,10297.951104100946,email_nudge,20,227.63213994246712
102909,0.8260037566438142,1004.9587041884816,none,0,0.0
102911,0.521783453575637,1978.1753658536584,none,0,0.0
102912,0.5452940593545025,12293.99132791328,discount_offer,250,1206.6912786360388
102913,0.3728179649189244,22685.22973713034,discount_offer,250,1522.3430131767357
102915,0.4820652142376518,10555.726262626264,discount_offer,250,915.9387196008488
102916,0.6861191614460661,15961.468091697649,discount_offer,250,1971.264438454272
102917,0.7125252793690788,1941.0862480127184,email_nudge,20,69.15365105723696
102918,0.4317414381746755,11415.660544217688,discount_offer,250,887.1504661933998
102920,0.8860505392796304,1907.3351767388824,email_nudge,20,84.4997680968248
102922,0.4368733146768007,20720.35318181818,discount_offer,250,1629.3904876466822
102923,0.6854821173826057,8824.60811965812,discount_offer,250,1088.8399906082968
102925,0.5980522099611804,19374.328975265016,discount_offer,250,2085.634846830991
102928,0.3584373495133331,12402.775517241378,email_nudge,20,222.2808991504429
102931,0.3756636382734458,10493.993866374589,email_nudge,20,197.11059579307516
102932,0.4651867503558949,4567.084400000001,email_nudge,20,106.22735753185512
102935,0.4524680893104345,10703.19115913556,email_nudge,20,242.14262266492008
102936,0.8080502580537271,3479.487983978638,email_nudge,20,140.58005816743906
102937,0.8202259930670317,10716.55825174825,discount_offer,250,1582.1999341741623
102939,0.8239484082654149,2726.984815436241,email_nudge,20,112.34473990213236
102944,0.470407819159764,6200.61253196931,email_nudge,20,145.84083093091928
102945,0.7649648109802003,11225.136006051438,discount_offer,250,1545.630127757312
102946,0.5933398463789636,11741.938061336255,discount_offer,250,1254.0527505908208
102947,0.6723313633426877,9293.310318791946,discount_offer,250,1124.6731193880105
102948,0.3969597206875315,13617.489826086956,discount_offer,250,973.0070924091802
102949,0.6190353065039442,6698.771628498727,email_nudge,20,207.33880741238173
102953,0.4877479294839781,21479.45,discount_offer,250,1885.780307511834
102954,0.4372156849188373,6105.491740412979,email_nudge,20,133.47083765254823
102956,0.4892177838564908,8201.404253472223,email_nudge,20,200.61364066974392
102957,0.4362526377158625,32559.41807432432,discount_offer,250,2556.743763135152
102958,0.4567436525779884,4605.796551724138,email_nudge,20,105.18341700327932
102959,0.4170612713045264,3852.248421052632,email_nudge,20,80.33118119325326
102963,0.7099409783032405,5348.217469879518,email_nudge,20,189.8459371372373
102965,0.4006685962462828,13532.63697225573,discount_offer,250,975.9784786531652
102967,0.7971963465944483,4440.575732899023,email_nudge,20,177.0005375521533
102968,0.5187525189903551,11780.031954887218,discount_offer,250,1099.965825069232
102969,0.5572141125327613,2248.558695652174,email_nudge,20,62.64643190378247
102971,0.7207189931354381,7708.532146768893,discount_offer,250,1000.023394926858
102972,0.7871104005349774,3426.55843373494,email_nudge,20,134.8539890616807
102977,0.5741253246784257,21350.01736035049,discount_offer,250,2206.3654168022254
102979,0.4164934056142059,13556.788679245285,discount_offer,250,1016.3363555179766
102983,0.6460219425279622,13509.593769470406,discount_offer,250,1570.9489217490468
102984,0.5824598979459239,1481.7158256880737,none,0,0.0
102985,0.7685898551222934,6805.924891304348,discount_offer,250,941.5736687125476
102986,0.5451837214389958,11056.14674796748,discount_offer,250,1084.9736211898612
102988,0.8262044223794398,3324.625056179776,email_nudge,20,137.34099620846123
102989,0.7387008270018031,6887.018211920531,discount_offer,250,915.7402887699916
102991,0.5634715480549791,4182.459482758621,email_nudge,20,117.83484597136136
102995,0.5314716477209174,10436.660915492956,discount_offer,250,998.422087223077
102998,0.5035879234244584,26332.87683284458,discount_offer,250,2386.9653771679614
102999,0.4577936774753453,9512.674923076924,email_nudge,20,217.7421217831441
103001,0.4924235370326863,9922.212531017369,email_nudge,20,244.2965494856808
103002,0.6253033528793507,13630.478777472526,discount_offer,250,1534.1731345627925
103005,0.6708049928050286,3767.244802867384,email_nudge,20,126.35433114411184
103006,0.5821944130598944,22809.5564516129,discount_offer,250,2390.327339490594
103007,0.3796210315732069,37346.27857142857,discount_offer,250,2551.937903407092
103010,0.8616126364780834,2242.493251088534,email_nudge,20,96.60802611773504
103011,0.8308386182713247,10753.99648173207,discount_offer,250,1608.2704039998528
103012,0.4708833994992614,12806.499092178772,discount_offer,250,1085.4662090776822
103013,0.5534509194412692,22948.44649122807,discount_offer,250,2286.15098585741
103014,0.4601898132721321,34085.24134897361,personal_outreach,900,5489.988298101902
103015,0.7562710742754026,21990.17925445705,personal_outreach,900,5820.687770896917
103017,0.5633845417220096,47819.0406354515,personal_outreach,900,9429.1779028965
103021,0.4205846751942234,8617.24622124863,email_nudge,20,181.2140851516252
103022,0.4041936964155035,13810.115550239236,discount_offer,250,1004.753097391756
103023,0.5359629371591321,1128.7827777777777,none,0,0.0
103024,0.6341060477656896,6894.813861386139,email_nudge,20,218.60215838618288
103026,0.719588994450787,1406.72825,none,0,0.0
103028,0.693166681221802,10409.744030668127,discount_offer,250,1298.8237899792043
103029,0.3937398692208896,4653.392156862745,email_nudge,20,91.61130096383252
103030,0.3532239303341341,9836.410968379443,email_nudge,20,173.72278713163865
103031,0.4064504143162105,7290.928155339805,email_nudge,20,148.1700384743794
103032,0.7933063927498333,1175.8765942028988,none,0,0.0
103033,0.5085308566059684,7515.90569550931,email_nudge,20,191.10349807535133
103034,0.6485870803917055,664.7451219512195,none,0,0.0
103036,0.6162560111798556,10495.721532846715,discount_offer,250,1164.2492675315946
103039,0.7986341070993654,701.6423076923077,none,0,0.0
103041,0.5236598210807624,5484.698140495869,email_nudge,20,143.60580234670286
103043,0.6686375737929362,9344.39578313253,discount_offer,250,1124.642542499042
103044,0.7315435325185494,7293.1832752613245,discount_offer,250,960.3505901681772
103046,0.6317617691441785,4186.332495344506,email_nudge,20,132.23824117423044
103049,0.829803712778138,2077.861445783132,email_nudge,20,86.21085711746963
103051,0.3836229192917149,16299.46056338028,discount_offer,250,1125.512395956742
103054,0.6115575876474064,8721.513149847095,discount_offer,250,960.067357660012
103055,0.6434574172260864,9819.591085790886,discount_offer,250,1137.3279692902747
103056,0.7649682762907625,1743.376194029851,email_nudge,20,66.68137410366825
103059,0.5923918417944795,6505.779189485214,email_nudge,20,192.6985258183671
103060,0.3895033722073419,12839.59660460022,discount_offer,250,900.19191154927
103065,0.6982099508104835,2090.3764705882354,email_nudge,20,72.9760826352402
103066,0.7394720612051026,9417.55569550931,discount_offer,250,1253.523477900982
103068,0.3609057972537507,8737.336818181819,email_nudge,20,157.66777551202293
103070,0.463044944963381,17708.671984924622,discount_offer,250,1475.9839880341178
103073,0.5347349956041374,8028.887321937323,email_nudge,20,214.6663513401135
103075,0.5429590736485362,6133.454710144926,email_nudge,20,166.51074438427702
103076,0.8306537202403931,6325.090197152245,discount_offer,250,945.7127465616998
103078,0.5004232953959914,4672.73948051948,email_nudge,20,116.91738446842557
103080,0.7615643326844164,5635.012747524752,email_nudge,20,214.57123613684337
103081,0.6464596489067348,4105.309361233481,email_nudge,20,132.69584241582638
103084,0.4244104992020543,5811.321428571428,email_nudge,20,123.31929142617976
103085,0.4825824356101009,6328.151126516465,email_nudge,20,152.692729177156
103086,0.4257456037708736,4067.116455696203,email_nudge,20,86.57784755184178
103087,0.5293242130371969,27686.57406896552,discount_offer,250,2637.931325535222
103088,0.3666465757157462,2277.2284431137728,none,0,0.0
103089,0.8243520995915962,2763.669660460022,email_nudge,20,113.91184435889063
103090,0.6813220238139089,14767.908628841607,discount_offer,250,1811.1062510102252
103092,0.4467285280592014,9237.310460021905,email_nudge,20,206.32850525157247
103093,0.4387620919976371,18006.20948592411,discount_offer,250,1422.079585738517
103099,0.7890992615071984,2806.742059145673,email_nudge,20,110.7399043056522
103101,0.4907560883799597,2428.648687664041,email_nudge,20,59.59370650035636
103103,0.5084930214295946,1745.897043010753,none,0,0.0
103105,0.4697258722082608,10510.067647058824,discount_offer,250,888.6331246468553
103106,0.3862991873499565,4872.194565217392,email_nudge,20,94.10624005771766
103111,0.6556539063470095,16443.353943044905,discount_offer,250,1940.6068643167007
103114,0.4000256219456684,4132.002076124567,email_nudge,20,82.64533501912615
103115,0.6147459772586872,6780.564745972739,email_nudge,20,208.41624505644063
103116,0.447526750691054,12245.22394678492,discount_offer,250,986.411751190009
103119,0.7164927184613014,628.3040476190477,none,0,0.0
103120,0.4524325715981679,21585.17747252747,discount_offer,250,1757.85072341372
103121,0.8234888293652096,840.2580769230768,none,0,0.0
103122,0.7667870932447767,3134.5761726078804,email_nudge,20,120.17762759741672
103123,0.6546359114524404,18795.143804034586,discount_offer,250,2214.7156971060963
103124,0.6385569683117747,3506.3500000000004,email_nudge,20,111.95021129199957
103125,0.8081117648668124,2845.8589810017274,email_nudge,20,114.9886061849687
103126,0.6759990125020566,4898.135585585585,email_nudge,20,165.55674094785195
103128,0.4790627053237656,26393.769898605828,discount_offer,250,2275.968746037434
103129,0.5520204380644036,4860.132487309645,email_nudge,20,134.14462323478548
103131,0.802866568160216,12173.858860759494,discount_offer,250,1759.3171712648657
103134,0.6743792382443814,11406.48878504673,discount_offer,250,1384.613859222521
103136,0.4212583198555865,5789.621978021978,email_nudge,20,121.9463213530258
103138,0.7065620493715606,3119.017171717172,email_nudge,20,110.1889582436787
103140,0.639479826075632,11199.584060402683,discount_offer,250,1289.1434520718312
103141,0.8409435792877301,6728.157518796993,discount_offer,250,1018.4401558563834
103143,0.8615284710485376,6396.575675675676,discount_offer,250,991.9497711260036
103144,0.357053871620637,9215.46525,email_nudge,20,164.52087731489706
103146,0.4628973772767377,12041.11150568182,discount_offer,250,1003.2838083858356
103149,0.7342791518808602,3659.241299019608,email_nudge,20,134.34522987857676
103151,0.749523681284306,5989.869219219218,email_nudge,20,224.47744138003705
103152,0.8543293509709012,3612.0102959309497,email_nudge,20,154.29232059114506
103158,0.569104238728061,19383.01672297297,discount_offer,250,1985.572255748545
103159,0.749552866852525,5044.406482982173,email_nudge,20,189.05246704443752
103161,0.3896005184279563,6362.066103379722,email_nudge,20,123.9332126074834
103162,0.701689323390884,7296.903913738019,discount_offer,250,921.6287226142422
103163,0.7294138981007906,6716.956796116506,discount_offer,250,881.8994952053888
103168,0.8707200400232115,2578.5498,email_nudge,20,112.2597492528922
103169,0.48102615293942,8456.14935064935,email_nudge,20,203.3814495412016
103172,0.8375134685407781,3130.052902519168,email_nudge,20,131.07307315524793
103173,0.6680013132469128,12590.892880613364,discount_offer,250,1513.9319362561678
103174,0.7431985681099941,9287.8845323741,discount_offer,250,1242.4936473416508
103179,0.4069731940746448,6706.937931034484,email_nudge,20,136.4771976126747
103180,0.5167741357768216,7395.311774370209,email_nudge,20,191.0852925500159
103181,0.5950108217953346,4775.978205128205,email_nudge,20,142.08793583549703
103182,0.479984973655846,13911.651320754718,discount_offer,250,1201.9290466863183
103183,0.4818319923710161,3513.125,email_nudge,20,84.6368009099213
103185,0.5901230419935612,2767.7713310580207,email_nudge,20,81.66628187132638
103187,0.7861911662211968,2463.909653092006,email_nudge,20,96.85520018140345
103189,0.476808794361105,11828.52181818182,discount_offer,250,1015.189780896234
103190,0.7208592167064747,4497.500556328233,email_nudge,20,162.1032364085852
103191,0.3701797218178378,17284.061525423727,discount_offer,250,1151.6776357254746
103194,0.4222285885431178,12081.75172413793,discount_offer,250,918.2269759700048
103197,0.8247467704266039,9273.018893756846,discount_offer,250,1376.6206292515508
103200,0.7865760411947167,3284.5716836734696,email_nudge,20,129.17826959820715
103201,0.8632944579768838,2459.5163198247533,email_nudge,20,106.16434041042052
103203,0.4436046821992065,6693.057142857143,email_nudge,20,148.45357433991362
103204,0.8392565986122092,7341.454618473896,discount_offer,250,1109.0455617539333
103205,0.620819073905525,12019.333355525963,discount_offer,250,1343.129652493095
103206,0.3992713438751434,11882.330086580088,email_nudge,20,237.21369510184405
103207,0.8650083358073988,1693.492471358429,email_nudge,20,73.24425521760568
103209,0.63563148460293,12119.7109375,discount_offer,250,1386.6605741090686
103210,0.5561885308693926,4768.671029572837,email_nudge,20,132.6140067068775
103211,0.4884771557439515,20244.63298319328,discount_offer,250,1780.0273329678796
103212,0.5185190399979881,7411.041226818831,email_nudge,20,192.13829911578063
103213,0.7634803257710219,6799.097445255475,discount_offer,250,934.3758838414632
103214,0.4985085927545625,5253.14781420765,email_nudge,20,130.93696621961809
103218,0.394542078192296,6287.207665505227,email_nudge,20,124.0283989187483
103219,0.360785506773631,4361.11125,email_nudge,20,78.67128662137168
103221,0.8550982335840431,3463.190361445784,email_nudge,20,148.0683980318787
103223,0.4687005047191788,16885.044302325583,discount_offer,250,1424.525181607025
103225,0.7848139239254266,1949.7338935574228,email_nudge,20,76.50891538066006
103227,0.395262842637927,12066.275657894736,email_nudge,20,238.4675208296148
103228,0.6572910947671581,6064.570335820896,email_nudge,20,199.30940376620745
103231,0.5822593360197766,2800.04263803681,email_nudge,20,81.51754836251884
103232,0.5850883430791171,17070.59375,discount_offer,250,1797.8049742615617
103235,0.8965505224720873,2218.5493036211697,email_nudge,20,99.45207686458228
103236,0.8146760097804835,1244.9860957642727,none,0,0.0
103238,0.5979711668132618,21744.64112814896,discount_offer,250,2340.4803169202773
103239,0.4623129035943705,6881.79488372093,email_nudge,20,159.07712873169532
103241,0.6334243667589028,2044.3073684210524,email_nudge,20,64.7457050151332
103243,0.7708729601232177,621.4765654648957,none,0,0.0
103245,0.3679203371247675,10192.324175824177,email_nudge,20,187.49816734270743
103246,0.7764016001444031,4015.034629981024,email_nudge,20,155.86396556762293
103247,0.4490865756653262,18434.216109785204,discount_offer,250,1490.1406178072452
103248,0.6064464131959016,8271.021521997622,discount_offer,250,902.8676403866816
103249,0.7817669511108792,3768.449440715883,email_nudge,20,147.30246148419772
103250,0.4225488796768432,8555.830223390276,email_nudge,20,180.7628237799418
103251,0.614017900679847,8558.754271631982,discount_offer,250,945.9410994543856
103252,0.4848628979944794,11015.1304964539,discount_offer,250,961.3490569736412
103253,0.6995109770929102,7197.981264108353,discount_offer,250,906.3120432875212
103257,0.4268089869559244,7479.8765625,email_nudge,20,159.62392690979934
103258,0.8579581801769849,4423.243701399689,email_nudge,20,189.74790582660935
103261,0.3763299623513255,41165.576,personal_outreach,900,5422.143883187719
103262,0.611073694316107,8111.9625,discount_offer,250,892.2612407451702
103263,0.448778973033382,36596.071122994654,personal_outreach,900,5748.241525471951
103265,0.4920078873437188,4872.918697478992,email_nudge,20,119.87572167721726
103266,0.4045257525252264,12696.988648648648,discount_offer,250,924.5265998217932
103267,0.8171025189664999,10633.484277879345,discount_offer,250,1563.9564219922593
103268,0.3550206103429532,10582.78121577218,email_nudge,20,187.85527231746897
103269,0.5773114887188131,23237.411328125,discount_offer,250,2414.7404150060256
103273,0.5461127758797172,8166.65847457627,email_nudge,20,222.9958264606232
103274,0.7079325174197288,18411.83893510816,discount_offer,250,2346.181107778386
103277,0.7550870766931689,9671.082441860464,discount_offer,250,1314.4516865069493
103281,0.5993305135879624,2322.441844660194,email_nudge,20,69.59551317691844
103284,0.6472031984584393,22422.54816053512,discount_offer,250,2612.1500796756104
103285,0.6647835357175853,8233.098695652174,discount_offer,250,985.1811229453484
103286,0.8509550553269364,832.2393530997304,none,0,0.0
103288,0.6569884077497502,5071.796299093657,email_nudge,20,166.60556874863087
103289,0.7349730491780714,19679.478834355832,discount_offer,250,2603.4995817219283
103293,0.4980592393081868,7670.315710723192,email_nudge,20,191.01358040682132
103294,0.5063348753263601,5512.366821885914,email_nudge,20,139.55517837563843
103295,0.5624288419399999,30934.05137614679,personal_outreach,900,6089.370942199544
103297,0.4965678452715669,2282.286931818182,email_nudge,20,56.66551520122051
103298,0.3805831532656996,15868.861022927693,discount_offer,250,1087.0958100313758
103299,0.7136132042354386,6804.491474654377,email_nudge,20,242.78874822104171
103301,0.4469863597199551,17906.40924369748,discount_offer,250,1440.705723029296
103303,0.6161729946498649,2640.2155109489045,email_nudge,20,81.34147489512048
103305,0.6134563823823144,3494.1462457337884,email_nudge,20,107.17531577112976
103306,0.496865488311826,5949.692105263158,email_nudge,20,147.80983365932974
103307,0.6174455853374523,5866.179310344828,email_nudge,20,181.10232589851572
103308,0.4453211112114891,6218.727672955975,email_nudge,20,138.46653588211964
103309,0.5452777071006811,4537.573170731707,email_nudge,20,123.71187471690766
103312,0.5050821808544577,10871.466572504709,discount_offer,250,988.3771281948624
103314,0.5410096142472424,5821.715279429251,email_nudge,20,157.48019687906478
103315,0.7403264047306396,14776.207447973711,discount_offer,250,1969.0589763922455
103318,0.5083427737024669,5505.130971659919,email_nudge,20,139.92467738644802
103323,0.74897356009269,2072.153963414634,email_nudge,20,77.5994265519418
103324,0.7576894332062785,4898.4125,email_nudge,20,185.5737695367775
103325,0.618743471926212,3298.653929765886,email_nudge,20,102.05102925931938
103327,0.6207613551271328,17685.853979238753,discount_offer,250,1976.1650428919115
103328,0.5533875204678268,4829.443521126761,email_nudge,20,133.62768876978743
103329,0.3657048763074733,6718.182803943046,email_nudge,20,122.84361056634928
103333,0.5054265050521022,21642.204240282685,discount_offer,250,1968.9378571421755
103335,0.5646201458745148,7288.774528301887,email_nudge,20,205.76944687081297
103336,0.4732413271083209,3639.165873015873,email_nudge,20,86.11018436566715
103339,0.8513242961481753,9557.209985734666,discount_offer,250,1464.5313115642575
103340,0.7353664712951982,3316.953579295154,email_nudge,20,121.95882245281275
103341,0.809633229653219,8790.85,discount_offer,250,1281.1255698414602
103342,0.4812478834482004,3108.6245762711865,email_nudge,20,74.80094988827837
103343,0.5099645307233264,2949.350826446281,email_nudge,20,75.20321550735663
103347,0.739278542928771,2543.849450549451,email_nudge,20,94.03066576161766
103348,0.8065642267366927,3415.112761020882,email_nudge,20,137.725389165571
103349,0.4553656382935555,13853.517031763417,discount_offer,250,1135.5148126403262
103352,0.5272689472483612,17027.54561983471,discount_offer,250,1616.0572895748642
103355,0.4666386203607331,14291.799122807017,discount_offer,250,1200.4389765250924
103357,0.7586656060824499,1996.7216898954705,email_nudge,20,75.74220355212604
103359,0.4928105845943531,8323.12078804348,email_nudge,20,205.086101060256
103360,0.4978636364376992,8396.951152073732,email_nudge,20,209.02683177805784
103364,0.5335020320334765,10332.27847754655,discount_offer,250,992.212481395231
103365,0.5997010881767679,7111.129716981131,email_nudge,20,213.2276114719868
103366,0.5420101850205508,16444.970714285715,discount_offer,250,1604.401491511357
103367,0.7856301028414311,5066.64075471698,email_nudge,20,199.0252748594444
103368,0.4870426108857811,6766.732201533406,email_nudge,20,164.784345929986
103369,0.6700422206052692,4313.420481927711,email_nudge,20,144.5086919057547
103370,0.5540166241176178,12022.14754816112,discount_offer,250,1198.8845278697015
103371,0.4682620971153777,8850.563838120104,email_nudge,20,207.21917917458237
103372,0.4611817624758963,9019.233908045975,email_nudge,20,207.9753094947505
103377,0.4047079881958752,6277.804214559387,email_nudge,20,127.0338756980958
103378,0.3571696764903535,8835.92,email_nudge,20,157.79613439473223
103380,0.4346467339341053,13859.261201780417,discount_offer,250,1084.2988708968337
103381,0.6877669715518279,4805.565376984127,email_nudge,20,165.25545729613458
103382,0.5166872651916808,13629.774556962024,discount_offer,250,1267.619569382855
103383,0.4849943308273587,9405.583458646615,email_nudge,20,228.08273277835949
103384,0.3936499667335457,6778.285483870969,email_nudge,20,133.41359276181416
103386,0.4404259004355,30036.134984984983,discount_offer,250,2381.1645233455624
103387,0.851212115493697,982.4269170579032,none,0,0.0
103388,0.5635654381317324,15591.737558685443,discount_offer,250,1581.653593529199
103389,0.6849526350101854,8286.050144927536,discount_offer,250,1021.599338507036
103390,0.511826737687213,12463.846606786426,discount_offer,250,1148.2793906013603
103391,0.5576413347527334,13377.88641025641,discount_offer,250,1342.8112381174506
103393,0.3617359068264616,14521.98125,discount_offer,250,945.561970149412
103394,0.6222182495825552,20385.99045346062,discount_offer,250,2283.216353272611
103395,0.4932437918691152,6967.541238670695,email_nudge,20,171.83482302831828
103397,0.7644990301450437,815.616135881104,none,0,0.0
103399,0.5875004705934446,2861.5275793650794,email_nudge,20,84.05743997465522
103400,0.7309932500215668,818.3104026845638,none,0,0.0
103407,0.534028654712278,7297.155147058824,email_nudge,20,194.84449732052997
103408,0.4904956035129379,19976.50214285714,discount_offer,250,1763.709565434878
103409,0.8767726801043401,4307.31582694414,email_nudge,20,188.8268420822828
103411,0.4668751455932125,5453.637057220709,email_nudge,20,127.30837975512289
103412,0.4555230070494406,14364.937044534412,discount_offer,250,1177.8406773483994
103413,0.6228355247738488,5384.860869565217,email_nudge,20,167.69413227649082
103414,0.6441339204037423,6915.5466593647325,email_nudge,20,222.7269090715804
103415,0.7473211211907466,14402.96924119241,discount_offer,250,1937.4557619246743
103416,0.3659814390172805,14097.767196056951,discount_offer,250,928.7138025618362
103417,0.5339001324663557,13233.932685512367,discount_offer,250,1271.8077144922595
103418,0.4804299192525229,1506.7164215686275,none,0,0.0
103420,0.3531473297975276,4623.145823529411,email_nudge,20,81.63258014220017
103421,0.3970854543697398,32941.91438202247,discount_offer,250,2354.5359072350025
103423,0.4204272174432787,8037.911013215858,email_nudge,20,168.96782806715143
103424,0.4884705039115147,13610.945633187772,discount_offer,250,1196.738184987983
103428,0.7398211478818253,2666.121279069768,email_nudge,20,98.62264525367782
103429,0.4052546561890879,3799.025225225225,email_nudge,20,76.97863307511605
103430,0.5247741245711144,3382.37140175219,email_nudge,20,88.74904956644393
103431,0.5758314761098151,21982.08976833977,discount_offer,250,2278.43625587068
103432,0.421935522722632,10712.825647668396,email_nudge,20,226.0060844742692
103433,0.55661115666484,35077.375,personal_outreach,900,6833.560395030719
103434,0.5225916717901592,4576.689728682171,email_nudge,20,119.58699682884333
103435,0.3577993720299778,6045.428636363637,email_nudge,20,108.15252848714772
103436,0.4180864916065621,7584.208653846154,email_nudge,20,158.5427593849333
103437,0.3619318171995462,15576.460882352942,discount_offer,250,1014.7710226837764
103439,0.5026269731150754,13920.448214285714,discount_offer,250,1259.4226950632851
103440,0.6802446720068904,4532.105115089514,email_nudge,20,154.14701787574083
103441,0.5341481856661607,8766.900322061192,email_nudge,20,234.1411950472533
103442,0.6027294939516721,8550.904721362229,discount_offer,250,927.6988455964116
103444,0.5409835149346849,16486.584563758388,discount_offer,250,1605.4146839825871
103445,0.7252745597493658,3508.0150000000003,email_nudge,20,127.21370173595858
103446,0.3985787927128967,11819.955312157725,email_nudge,20,235.5591759120108
103447,0.7538301973469848,2162.8080906148866,email_nudge,20,81.51950248859377
103449,0.4536210681668613,6072.857627118644,email_nudge,20,137.73880818194152
103450,0.4430710880821917,13521.812121212122,discount_offer,250,1078.402321689916
103451,0.469226781448859,32255.400961538464,personal_outreach,900,5297.284292133793
103452,0.8070112895616193,711.2285714285714,none,0,0.0
103457,0.4304006477452312,3361.4943127962083,email_nudge,20,72.33946648096995
103458,0.7820419925214861,6578.299404761905,discount_offer,250,926.0111473025232
103459,0.6159991369423132,7566.042223439213,email_nudge,20,233.0337739853828
103463,0.6246807020222535,8915.362012987012,discount_offer,250,1002.4658281899464
103467,0.6973887498152253,2912.676013143483,email_nudge,20,101.5633741711464
103468,0.7888075841195946,6446.383734939759,discount_offer,250,915.2921484478225
103469,0.3962025330842309,4735.301314348302,email_nudge,20,93.80691878309428
103470,0.7335786651316445,7082.902572706934,discount_offer,250,935.2559186178918
103473,0.7693555082688558,4871.778532311063,email_nudge,20,187.4064824449739
103475,0.6778818163443938,5958.938075313808,email_nudge,20,201.9727882988745
103479,0.5635274903930841,3149.8,email_nudge,20,88.74994446200684
103482,0.4115919444156142,5834.531588447654,email_nudge,20,120.0723100621746
103483,0.4980055547404038,37422.22418546367,personal_outreach,900,6522.766430285556
103489,0.4159509492859936,13324.122222222222,discount_offer,250,997.5926316124684
103492,0.8498429258494454,775.2312157721796,none,0,0.0
103496,0.4680705082687935,16875.260256410256,discount_offer,250,1421.7860961695014
103497,0.6302710029923627,4763.417907995618,email_nudge,20,150.11220912720904
103498,0.7819858740488358,5458.6988687782805,email_nudge,20,213.4312703035488
103499,0.6643041674416179,7854.051943462898,discount_offer,250,939.1462987221614
103500,0.4867578655588844,6957.659583789705,email_nudge,20,169.33477641453965
103501,0.4102982200131147,16501.1536,discount_offer,250,1218.6709110437405
103502,0.6049631745509501,8944.96375,discount_offer,250,974.0472599597708
103503,0.6988955332923992,7185.481250000001,discount_offer,250,903.9421350326312
103504,0.3559903734466748,952.5426470588236,none,0,0.0
103508,0.8303328058215845,1042.1326315789472,none,0,0.0
103510,0.4742918031282177,3794.1250273822566,email_nudge,20,89.97612002655146
103511,0.5472124359880313,5371.408762322016,email_nudge,20,146.96508367588433
103513,0.4095023936498373,17745.312560386476,discount_offer,250,1308.014634517701
103515,0.4107195483947361,19257.17694444444,discount_offer,250,1423.673823236354
103517,0.7199427067674549,6048.219925512104,email_nudge,20,217.71859121490195
103518,0.8563719143503361,3430.3546577946768,email_nudge,20,146.882969259811
103522,0.6288549579570618,3784.9283333333337,email_nudge,20,119.00854739644129
103523,0.4625762701029667,3379.480544354839,email_nudge,20,78.16337525466025
103524,0.5197771192844235,11216.108919902912,discount_offer,250,1049.3778211141432
103530,0.620105162918577,4779.078037383178,email_nudge,20,148.17654824860443
103531,0.6645248136921924,12691.6856516977,discount_offer,250,1518.1092077641715
103532,0.6063286765131057,20313.37150837989,discount_offer,250,2216.9843391951013
103533,0.4994183744581381,12365.317738791422,discount_offer,250,1111.5840392578064
103535,0.3759720147562302,16138.218742368745,discount_offer,250,1092.153350726124
103537,0.4565426923104054,8890.024849699399,email_nudge,20,202.93379397940856
103538,0.5612060910922411,9168.150423728814,discount_offer,250,926.1399351323738
103540,0.3884724787892626,9188.391666666666,email_nudge,20,178.4718643418302
103541,0.3578988758137179,13661.50328358209,email_nudge,20,244.47183335597228
103543,0.4023604482789868,12778.65,discount_offer,250,925.4922016320496
103544,0.3553034990882535,9531.301740139212,email_nudge,20,169.32524295687108
103548,0.4525295112399536,1197.2,none,0,0.0
103549,0.5956696650695958,4772.254481132076,email_nudge,20,142.1343614201411
103550,0.5781906554589652,8471.486788617887,discount_offer,250,881.6642098241292
103551,0.6930155158013294,27940.63406352683,personal_outreach,900,6777.1525245729335
103552,0.3814529121541586,12649.706398104265,email_nudge,20,241.26336717259824
103555,0.4500201320918813,7957.763841059604,email_nudge,20,179.057696745482
103557,0.7875590689304537,3805.716891891892,email_nudge,20,149.86134259956393
103559,0.4777563853402571,7538.699264705881,email_nudge,20,180.0830855436568
103561,0.4370569821638616,9435.360606060607,email_nudge,20,206.18951160563165
103562,0.8776791721051938,6454.193304535638,discount_offer,250,1019.6479865037102
103564,0.558641358471,17906.114966740577,discount_offer,250,1800.557350192415
103565,0.8564669182863605,1566.6006048387096,email_nudge,20,67.08707961058789
103566,0.6617153607829732,3577.1644622093027,email_nudge,20,118.35323363454296
103567,0.7494784974235169,6930.7571925754055,discount_offer,250,935.0016276057564
103568,0.9061920901390272,3755.050438116101,email_nudge,20,170.13985025469498
103569,0.552694500851714,8986.890751445086,discount_offer,250,894.0609176541888
103572,0.73486279460229,3856.937721893492,email_nudge,20,141.71600164588207
103573,0.6904126245765968,4032.23203517588,email_nudge,20,139.1951951153806
103574,0.7537945174970758,5667.744969818913,email_nudge,20,213.61575424105632
103576,0.3823285830821362,10752.96603618421,email_nudge,20,205.5583134272322
103577,0.5695354172131254,29891.72492401216,personal_outreach,900,5958.538609036035
103579,0.3813015777327264,9579.867961165046,email_nudge,20,182.64093840317145
103582,0.7339517458991152,13760.943130990414,discount_offer,250,1817.976282517593
103583,0.4704191645291485,7306.348047419804,email_nudge,20,171.85230721132
103584,0.4573117654485444,39529.62511177347,personal_outreach,900,6327.076926584484
103587,0.3603052684373659,23828.78486842105,discount_offer,250,1545.414611139484
103588,0.7689201941498399,5443.417098445596,email_nudge,20,209.2776666087673
103589,0.3623494216833094,1919.006914893617,none,0,0.0
103592,0.6609432239914441,14138.80846153846,discount_offer,250,1682.0909366340131
103593,0.7812312080263015,1523.243269230769,email_nudge,20,59.500258966954334
103594,0.500351421838821,4013.7209401709406,email_nudge,20,100.41354896393898
103595,0.3855607278460002,19672.012101910823,discount_offer,250,1365.255954757451
103596,0.5486762136304076,5453.3746359223305,email_nudge,20,149.60684733729838
103597,0.3578875955744907,9170.555775862067,email_nudge,20,164.10140783525165
103599,0.7794659807063183,3960.4071770334926,email_nudge,20,154.35013321213768
103600,0.4793160405595064,1315.2765027322407,none,0,0.0
103605,0.7386766801024008,3658.649635701275,email_nudge,20,135.12795832788382
103607,0.7346921692646492,1558.128222222222,email_nudge,20,57.237230178845785
103609,0.5581371107107133,6785.403676470588,email_nudge,20,189.3592801495573
103613,0.6072135291434242,8386.625995575223,discount_offer,250,916.6450983082586
103614,0.3890201069290935,3151.161740890688,email_nudge,20,61.29326386960821
103615,0.4873989782096353,9778.384433962265,email_nudge,20,238.2987290827105
103617,0.4633882008292862,6870.108166969148,email_nudge,20,159.17635314972097
103618,0.7080595743368154,3487.637734375,email_nudge,20,123.47276448212892
103619,0.4097108126662732,13722.870238095238,discount_offer,250,1012.0334971254864
103621,0.426927716355753,7949.550511945393,email_nudge,20,169.6941723059777
103623,0.434414340791433,5425.931171548117,email_nudge,20,117.85511565338815
103624,0.6543320353620516,4628.633850129199,email_nudge,20,151.43317040503644
103625,0.4314004627546264,17244.261941580757,discount_offer,250,1339.0528646627874
103626,0.8228467193337569,1643.9152245345017,email_nudge,20,67.63451246855155
103628,0.5075883914972998,3939.784827586207,email_nudge,20,99.98945217399748
103629,0.733036579225631,2570.1647969052224,email_nudge,20,94.20124053847717
103631,0.3557980089206902,11314.383445945949,email_nudge,20,201.28175511163928
103633,0.376707194128914,10743.439054726368,email_nudge,20,202.35653908004812
103634,0.621616024424003,11069.38997005988,discount_offer,250,1238.56383347776
103636,0.6362273211663451,7356.311820330969,email_nudge,20,234.0143281556746
103640,0.5577048884948992,5420.041711956522,email_nudge,20,151.13918793022074
103641,0.553259250725176,6644.99716981132,email_nudge,20,183.82030776203632
103644,0.5317293483864475,31689.58547486033,personal_outreach,900,5897.59892231444
103645,0.8798659462473368,1387.6196604600218,email_nudge,20,61.04596427910327
103647,0.5614713520116081,3283.3382785956965,email_nudge,20,92.1750191197296
103648,0.592852097917907,15691.162102957283,discount_offer,250,1674.456906871473
103649,0.8763784427937356,5814.142168674698,discount_offer,250,917.1699947936144
103650,0.856505518694233,2356.4727820372395,email_nudge,20,100.9165971233824
103651,0.3652706279704456,4501.558035714285,email_nudge,20,82.21434652753813
103652,0.4950890406890962,9807.251363636362,email_nudge,20,242.77313347097785
103654,0.4669825294800248,15697.996547314577,discount_offer,250,1319.524224378058
103656,0.371816403649141,18924.138533834583,discount_offer,250,1266.5349237255302
103658,0.5504848164662786,8142.127138643067,email_nudge,20,224.1058681780517
103660,0.4200473350997499,9319.180000000002,email_nudge,20,195.72483621574443
103664,0.6884479890256994,6034.601369112816,email_nudge,20,207.7254588568725
103665,0.8312359500410506,1947.703875,email_nudge,20,80.95007404671303
103666,0.6483478057223239,20504.774178832115,discount_offer,250,2392.960562221962
103667,0.4446989911518539,4260.49586645469,email_nudge,20,94.73191068095224
103668,0.632072027895319,12908.099344262297,discount_offer,250,1468.5927351843793
103670,0.4270184098677216,26399.834593023257,discount_offer,250,2029.178769963059
103672,0.4821389983239756,14121.0625,discount_offer,250,1225.4966872236455
103673,0.6056067116123183,3868.256050955414,email_nudge,20,117.13209133467804
103675,0.7371289001883551,3290.219158878505,email_nudge,20,121.26578149813837
103676,0.73287313243526,5406.749101123595,email_nudge,20,198.1230575015988
103679,0.3782877725977763,6593.3699416342415,email_nudge,20,124.7095614566974
103680,0.5546252234096091,11625.703835978837,discount_offer,250,1160.623545718268
103681,0.7268102291990849,4378.426724137931,email_nudge,20,159.1142665451044
103682,0.6312983974651715,15175.698416886544,discount_offer,250,1724.4709363791387
103683,0.5991529180264199,7066.47595837897,email_nudge,20,211.6949845313151
103685,0.4801390423620978,15075.962543554006,discount_offer,250,1302.9404793027977
103692,0.4367597656138734,7541.506461538461,email_nudge,20,164.6913297258525
103693,0.4967181187547798,10493.930855855857,discount_offer,250,938.2546067514224
103695,0.562924117620685,3653.609594095941,email_nudge,20,102.83524784434633
103697,0.5017981651838462,5474.132475355969,email_nudge,20,137.3454816053466
103698,0.870798954346715,2161.81209439528,email_nudge,20,94.12518556467458
103700,0.5257892583492613,9673.38807785888,discount_offer,250,915.5094377727612
103701,0.3504836121432289,6845.367706013363,email_nudge,20,119.9594600026086
103703,0.651758941066539,4413.876562500001,email_nudge,20,143.8391757186708
103704,0.8850465498977047,2394.2455934195063,email_nudge,20,105.95094010318584
103705,0.6483093134433565,27272.09638554217,personal_outreach,900,6188.26392935516
103706,0.6595300997029043,5839.289466666667,email_nudge,20,192.5593582072393
103708,0.4605883599559571,9447.748484848484,email_nudge,20,217.57614899563708
103709,0.590483556768906,7456.619517102616,email_nudge,20,220.1505606965597
103712,0.7163939198451527,4367.705263157895,email_nudge,20,156.44987471009944
103713,0.5280974624767408,7760.204166666667,email_nudge,20,204.90720643590493
103714,0.494373094831532,9444.114285714286,email_nudge,20,233.44580036856277
103716,0.4143352604421951,11505.03188235294,email_nudge,20,238.3470190685232
103717,0.5087688658377645,8444.452947845806,email_nudge,20,214.8137374447939
103718,0.5886561379386747,22977.75233160621,discount_offer,250,2434.679090286244
103719,0.5243646787452634,13287.978915662652,discount_offer,250,1254.1944231513503
103720,0.3797320092464397,4244.070089285714,email_nudge,20,80.58046311935905
103721,0.4965908753446152,5972.198145780051,email_nudge,20,148.28695524722016
103722,0.4545280459016843,7785.740942028987,email_nudge,20,176.9418808138587
103723,0.737543056083986,386.3108267716535,none,0,0.0
103725,0.5129709149969081,20118.77614379085,discount_offer,250,1857.662461277704
103726,0.3979693435599198,3043.334677419354,email_nudge,20,60.55769519028604
103727,0.4307381097389146,4891.289108910892,email_nudge,20,105.34323124794086
103728,0.4979783636127651,16719.306597222225,discount_offer,250,1498.6535292044696
103729,0.4864584098415082,14649.17635135135,discount_offer,250,1282.7187060059168
103734,0.6376252521837951,1748.7477564102562,none,0,0.0
103735,0.359733980360656,17372.53549382716,discount_offer,250,1124.9084415872192
103737,0.6317072216322474,7484.504088785047,email_nudge,20,236.40076416107988
103739,0.4618107246749074,16488.59952830189,discount_offer,250,1370.6301774670978
103740,0.4134402155700173,20104.2,discount_offer,250,1496.1392607352934
103742,0.4651332128276063,5545.188245931284,email_nudge,20,128.96256122819483
103743,0.8651790533780043,6324.42656078861,discount_offer,250,984.9170493039234
103744,0.5429865963400151,7009.515094339624,email_nudge,20,190.30363715347164
103747,0.3663111466294838,8840.54386637459,email_nudge,20,161.9194880259963
103749,0.8227909306770897,1549.3469450101834,email_nudge,20,63.73943074133173
103750,0.4455029479270384,26211.4270967742,discount_offer,250,2101.9082473777607
103751,0.6526612240873275,4708.413438735178,email_nudge,20,153.6499439217062
103752,0.4311776629134503,63500.40980392157,personal_outreach,900,9582.985402655437
103753,0.3521503613084104,9774.660021905804,email_nudge,20,172.10750291905015
103754,0.7196148072196225,6095.196843853821,email_nudge,20,219.30969508777596
103755,0.4919539835668437,8483.421415607985,email_nudge,20,208.67264798423108
103757,0.8144285362481889,4168.23716744914,email_nudge,20,169.73656475104502
103758,0.6171174946428547,39572.30686046512,personal_outreach,900,8547.26700343897
103760,0.4163082519807983,23702.04305019305,discount_offer,250,1776.1240999079096
103762,0.5579013372070526,1932.847169811321,none,0,0.0
103763,0.482774246820405,11656.883333333331,discount_offer,250,1012.9757528741994
103764,0.8717710599605542,1722.1760683760683,email_nudge,20,75.06716282834525
103765,0.686687748735913,4532.131005110732,email_nudge,20,155.60794184378597
103766,0.6140418661277067,4013.787220447284,email_nudge,20,123.23166975414956
103767,0.6084678719808286,5657.486556169429,email_nudge,20,172.11994027962797
103770,0.5174737415099576,7485.880737704917,email_nudge,20,193.68733569187427
103771,0.4466105693057393,43859.3042153048,personal_outreach,900,6855.810088732811
103773,0.4338121087815186,5537.234810126582,email_nudge,20,120.1059754899722
103776,0.4361557711341775,27903.981313703283,discount_offer,250,2190.686847766548
103779,0.3651907460077596,1504.5156862745098,none,0,0.0
103782,0.7253440640713171,12838.460675675677,discount_offer,250,1676.214223724589
103783,0.7708790377768762,8479.88548148148,discount_offer,250,1176.653872876058
103784,0.6238884835324132,2444.13125,email_nudge,20,76.24326695583407
103785,0.5516502669978458,6528.477520435968,email_nudge,20,180.0718183618968
103786,0.5294999446310338,14297.573505976095,discount_offer,250,1362.701588359046
103787,0.698336562909746,6619.8,email_nudge,20,231.14241895749683
103788,0.4992581218481975,11930.673224043716,discount_offer,250,1072.167391119716
103789,0.6759695259037664,6388.881494413407,email_nudge,20,215.93445974169887
103790,0.830260985050089,2821.9217415115004,email_nudge,20,117.14657624208007
103792,0.5380476918680359,4410.628904665314,email_nudge,20,118.65643509208078
103793,0.7455757832376152,3131.826871657754,email_nudge,20,116.750713640042
103795,0.6885198001726544,8136.648028673836,discount_offer,250,1008.4037894599916
103797,0.7619803979741389,1179.1880434782609,none,0,0.0
103798,0.5731221645253939,7427.86215083799,email_nudge,20,212.85362168422583
103799,0.6414582570011915,28115.03031496063,personal_outreach,900,6312.116419479607
103800,0.5228411738414187,7787.577838427946,email_nudge,20,203.5833169212543
103801,0.8462284374794546,8619.21,discount_offer,250,1312.887709909312
103802,0.6703763682277188,809.2847682119206,none,0,0.0
103803,0.6307167781442646,6224.341401971522,email_nudge,20,196.28982775607167
103806,0.3981006925633556,16968.748611111114,discount_offer,250,1215.9487033230262
103809,0.7140462017083377,7994.927620967742,discount_offer,250,1027.5745861233163
103810,0.6027135231685119,10640.60032967033,discount_offer,250,1154.382068398254
103811,0.5006309450666012,45329.19447403462,personal_outreach,900,7942.619114025298
103814,0.3537302213804515,16967.361452513964,discount_offer,250,1080.3363341111826
103816,0.5702718390988686,6728.948904709749,email_nudge,20,191.8665033545573
103817,0.3656522410192271,7444.52175,email_nudge,20,136.10530306019393
103819,0.4620129717676725,15673.886153846152,discount_offer,250,1303.476969795594
103820,0.540218975944737,1865.6526946107783,none,0,0.0
103821,0.7327733808526193,6998.871837088388,discount_offer,250,923.1456560791394
103823,0.5018181001709604,37473.76081081081,personal_outreach,900,6581.754009719724
103825,0.6318373556455278,7675.995911949685,email_nudge,20,242.49904794760852
103826,0.5361635874547961,836.069313304721,none,0,0.0
103827,0.6030657472306181,5495.110252600297,email_nudge,20,165.69563852995145
103828,0.7231634899239009,12363.533054123707,discount_offer,250,1609.3540280177288
103829,0.766896902716878,6378.737569367369,email_nudge,20,244.5917042595812
103830,0.5006795136039288,15332.388985736923,discount_offer,250,1381.7903507576996
103831,0.4245898915342683,10583.573841059602,email_nudge,20,224.6839234610208
103833,0.5519135550239195,18805.635542168675,discount_offer,250,1868.235329981248
103834,0.4199183951653393,3116.311931818182,email_nudge,20,65.42983526218447
103835,0.427841778936247,3390.1470370370366,email_nudge,20,72.52232695906864
103839,0.5308995262753259,5313.24493670886,email_nudge,20,141.0399609941754
103840,0.3740759378359107,10792.653810623557,email_nudge,20,201.8636047973661
103841,0.8269684079020664,5829.7496166484125,email_nudge,20,241.05093794737095
103842,0.5005310745677025,18630.523493975903,discount_offer,250,1678.5280699557457
103843,0.3696129419156086,14315.914356435644,discount_offer,250,952.4424998689334
103844,0.6139163792274157,9529.278851963743,discount_offer,250,1053.0324665002738
103845,0.4410599339010679,3005.864754098361,email_nudge,20,66.28832548790865
103846,0.4199728762459385,17540.572727272727,discount_offer,250,1325.9816602692829
103847,0.4974435042100729,7682.239462809918,email_nudge,20,191.07400592805368
103849,0.857393300323553,2424.923355817876,email_nudge,20,103.95565195381772
103852,0.5425863716661651,22182.22131280389,discount_offer,250,2166.4387759698247
103853,0.4652591344602185,209.77011494252872,none,0,0.0
103856,0.4038550272811045,15758.535614035089,discount_offer,250,1145.5494894569515
103857,0.4314912483024669,14258.611946902658,discount_offer,250,1107.443928245309
103859,0.3843077175711532,8381.651805054153,email_nudge,20,161.05667373382488
103861,0.4730536179187279,30915.817391304347,discount_offer,250,2632.4710682168247
103863,0.7281956977615215,7249.254861111111,discount_offer,250,950.1977163308233
103868,0.689169774851007,5846.39919871795,email_nudge,20,201.4580809734779
103870,0.6492162229608005,6004.889649507119,email_nudge,20,194.92358887747085
103872,0.5469735457712087,22830.16931818182,discount_offer,250,2247.749759254134
103873,0.356791510600573,7778.481818181819,email_nudge,20,138.76481390440915
103875,0.3692227151852483,24156.72378048781,discount_offer,250,1605.4580059581176
103878,0.4239554714079687,22972.919123252857,discount_offer,250,1753.1090561728447
103881,0.6032382819000934,12458.358976833975,discount_offer,250,1352.764631606388
103882,0.6068479944231892,8863.85390625,discount_offer,250,968.2221538562334
103885,0.4572977174532946,11714.243636363635,discount_offer,250,964.2414377881568
103887,0.3514666606582024,11552.368625,email_nudge,20,203.01362116606697
103889,0.5038814974170418,4146.893243243243,email_nudge,20,104.47713885170091
103890,0.7067731225657237,3999.124839743589,email_nudge,20,141.3236975257863
103892,0.6197748932156175,15123.38921139102,discount_offer,250,1687.1574480386564
103893,0.6741864231539964,17318.197354948803,discount_offer,250,2101.624835437428
103896,0.4673525475331519,15110.745348837208,discount_offer,250,1271.1681601026833
103898,0.5133803021331669,17169.6,discount_offer,250,1586.6161983910115
103899,0.6431400350101426,3091.1348125,email_nudge,20,99.40162757661604
103901,0.6329292807175264,27482.671973466007,personal_outreach,900,6088.105731526546
103904,0.351067349983621,19535.03898809524,discount_offer,250,1234.4605864879163
103906,0.6832702367061871,8982.051346389228,discount_offer,250,1104.6903029198088
103908,0.7195286210394878,2630.3593155893536,email_nudge,20,94.63094055921891
103909,0.6204966375912266,7342.164145658264,email_nudge,20,227.7894082511907
103912,0.4276884756320853,23101.9884244373,discount_offer,250,1778.48175839718
103913,0.358247737430056,29170.313333333328,discount_offer,250,1881.0357753226428
103914,0.6712076986078397,9368.757966616084,discount_offer,250,1131.9088452455242
103917,0.4563030522266186,9395.225688705235,email_nudge,20,214.3535079057067
103919,0.430875893586743,6334.439814814814,email_nudge,20,136.46787077898878
103920,0.7129726856610391,4129.268071312804,email_nudge,20,147.20276733091345
103921,0.3949628714822016,7025.017532467534,email_nudge,20,138.7310548418094
103924,0.4946469719904505,12632.30014306152,discount_offer,250,1124.735222707185
103925,0.6175917826380384,9222.2786966046,discount_offer,250,1025.2086372397512
103930,0.5334378315159516,12438.221649484536,discount_offer,250,1194.3032372308428
103933,0.5522801319250541,6251.198067632849,email_nudge,20,172.62062467409567
103941,0.6560263454602776,6559.007309941519,email_nudge,20,215.14407976940905
103942,0.4137687808979133,8067.294411764705,email_nudge,20,166.89972869502154
103943,0.4585898638243199,19910.01853707415,discount_offer,250,1643.495884138173
103945,0.38005978869096,57256.11788194445,personal_outreach,900,7616.261822216776
103953,0.455796327181498,3862.599595959596,email_nudge,20,88.0279354605561
103955,0.377506442695561,32061.70735294117,discount_offer,250,2178.630196119888
103956,0.5328588831904181,14765.564,discount_offer,250,1416.2331496889956
103959,0.5027214022049674,4733.470317634173,email_nudge,20,118.9808417688322
103960,0.6500699036274322,4084.9171846435097,email_nudge,20,132.77408602736242
103963,0.6456001600830911,325.919191919192,none,0,0.0
103964,0.4877666367124317,13850.888103756708,discount_offer,250,1216.080199052935
103965,0.7189328031936775,19896.93040089087,discount_offer,250,2574.820070651155
103971,0.3649418805619326,10427.04774590164,email_nudge,20,190.26332065492025
103973,0.8042333010625267,4077.837568455641,email_nudge,20,163.97663844379338
103974,0.4002370544260511,25985.152725563912,discount_offer,250,1872.0397774243395
103975,0.5384501808847283,6704.430606060605,email_nudge,20,180.50009362812207
103977,0.4585793627979282,12148.181512605042,discount_offer,250,1002.7629606967186
103979,0.5648325674372962,27361.86464968153,personal_outreach,900,5409.2052909829945
103981,0.3677204036799413,161349.1625,personal_outreach,900,20765.982708772157
103983,0.4374216531316991,29739.776155580606,discount_offer,250,2341.5879689533363
103984,0.5179534608617036,5879.675169683258,email_nudge,20,152.2699051440034
103987,0.4172629814936501,1627.9321585903083,none,0,0.0
103988,0.4070023071149736,8488.550570032574,email_nudge,20,172.7429833032691
103989,0.8051379912937255,2471.863786279684,email_nudge,20,99.5095721818464
103991,0.4842412200366116,5325.931884057971,email_nudge,20,128.95178766840607
103992,0.5752900417051978,5944.365393258427,email_nudge,20,170.98671074992876
103994,0.627811941173499,772.7381818181817,none,0,0.0
103996,0.6803554058770662,12663.801918465228,discount_offer,250,1550.8594969531523
104000,0.7722106810228649,10665.050310945277,discount_offer,250,1482.4198374764703
104003,0.5663337427258784,13088.829297820825,discount_offer,250,1334.2762231442998
104004,0.8956421386846575,2912.200273822563,email_nudge,20,130.41446407622428
104005,0.8781036093440562,8688.11139101862,discount_offer,250,1373.2311547505983
104009,0.5471643971094448,32304.126237623765,personal_outreach,900,6186.483714934881
104010,0.5594334315709254,25450.574479737126,discount_offer,250,2562.8223989971366
104011,0.5724276693797798,9642.888888888889,discount_offer,250,993.5741542958714
104013,0.5063305303431849,1215.0644366197182,none,0,0.0
104014,0.379471995709507,6498.567141292442,email_nudge,20,123.30121211792346
104019,0.6900936578123522,5840.901593625498,email_nudge,20,201.53845728335085
104020,0.8139747441178183,16209.83832923833,discount_offer,250,2374.991821121935
104021,0.5532799282614254,3487.2518229166667,email_nudge,20,96.47132192064292
104022,0.4502540284944612,22274.26797235023,discount_offer,250,1805.234199536852
104023,0.8035400647260593,6806.782256297918,discount_offer,250,984.5140058643278
104024,0.6865666651814195,4854.5,email_nudge,20,166.64689380616005
104027,0.6383194387578518,14392.79987745098,discount_offer,250,1653.696709187146
104028,0.3706834945326022,3972.626158940397,email_nudge,20,73.62934735338276
104030,0.4112835745767181,18846.0033557047,discount_offer,250,1395.1892927914296
104031,0.7459831599694088,6163.258974358974,email_nudge,20,229.88437027010625
104032,0.4424802809367543,11895.801546391756,discount_offer,250,947.4583698387542
104034,0.7763047225506158,5127.244094488189,email_nudge,20,199.01519021104687
104035,0.4008532062060698,34786.40636942675,discount_offer,250,2509.963654602953
104039,0.4988020937441436,16704.71405228758,discount_offer,250,1499.8223420420873
104041,0.6603788885445628,5888.68600953895,email_nudge,20,194.43819609836245
104042,0.5744640137762242,10418.67484423676,discount_offer,250,1077.327678464933
104043,0.7208658400515643,5015.81161007667,email_nudge,20,180.78636249191536
104044,0.6795321079541351,12122.01324940048,discount_offer,250,1482.7134988823514
104045,0.4108008275782028,11771.821464646464,email_nudge,20,241.79369998898096
104046,0.35983781064072,14956.866966966969,discount_offer,250,968.768327418822
104048,0.472186152905411,9144.05264847512,email_nudge,20,215.8847521024001
104049,0.8161808681821343,1975.2044303797468,email_nudge,20,80.60620334122699
104050,0.4968016471784417,15937.184970760234,discount_offer,250,1425.1715540750142
104053,0.3704281896856997,25574.4085689046,discount_offer,250,1705.2267363231197
104054,0.3582778322850057,11813.992028985507,email_nudge,20,211.63457273886323
104055,0.6697004835470776,1934.0488764044944,email_nudge,20,64.7616733865886
104056,0.7806146417963902,9058.140635268344,discount_offer,250,1272.7650973214384
104057,0.5345324072512723,9939.3432320442,discount_offer,250,956.322191577821
104058,0.603399615745819,3119.6172413793106,email_nudge,20,94.1187922361154
104062,0.3539052590241336,9799.247252747253,email_nudge,20,173.40025686125233
104064,0.5013245457249352,8639.101754385963,email_nudge,20,216.5496881244517
104066,0.7747238478717535,840.126656626506,none,0,0.0
104067,0.6497788932466902,4657.79978094195,email_nudge,20,151.32699933125684
104068,0.6586340477716827,10408.983779527558,discount_offer,250,1234.0280015820042
104069,0.5589894010842698,16222.001070840195,discount_offer,250,1632.2267993359217
104070,0.4996746203805632,15598.980254237287,discount_offer,250,1402.994616634785
104072,0.7756483182471559,1936.027906976744,email_nudge,20,75.08383950630363
104073,0.544369564226562,3143.512727272728,email_nudge,20,85.56163267430533
104074,0.8528530781640237,2439.629822834646,email_nudge,20,104.03229019926395
104076,0.5188792680650548,5539.748521358159,email_nudge,20,143.72303290133956
104077,0.4205609361912313,23552.220526315785,discount_offer,250,1782.9259045073463
104078,0.3766447894592894,14481.679166666669,discount_offer,250,981.8008201343062
104079,0.4221337407153727,6249.484986595175,email_nudge,20,131.90592374679912
104080,0.7384489528430668,11253.276865671642,discount_offer,250,1495.7946931514996
104082,0.4116708657285566,8450.524242424242,email_nudge,20,173.94173153694717
104083,0.8403515841470752,2221.499652294854,email_nudge,20,93.34203759940787
104085,0.5606759522653489,24542.005185185182,discount_offer,250,2476.82018298687
104089,0.6656724249421699,6424.215101289135,email_nudge,20,213.82114224126235
104090,0.6030770069132175,21842.066125541125,discount_offer,250,2371.040615482545
104091,0.5871411623516898,30830.07859375,personal_outreach,900,6335.562863324913
104093,0.637496597836017,3339.8402091254748,email_nudge,20,106.45683853167108
104095,0.547123565494973,8905.124280230326,email_nudge,20,243.61016736877357
104096,0.6339438598059901,14833.060211267604,discount_offer,250,1692.5989397518151
104099,0.6647601549611173,16384.030449069003,discount_offer,250,1960.4611116379397
104101,0.6457636096721312,4259.299999999999,email_nudge,20,137.5250471338254
104102,0.5739254859614163,7856.186525974026,email_nudge,20,225.44328348615872
104103,0.6492476350815894,5343.876050420168,email_nudge,20,173.47494439522194
104104,0.4168233865400693,7807.772108843537,email_nudge,20,162.7231005870631
104105,0.501110951380835,57988.32424242424,personal_outreach,900,10170.50451553554
104107,0.5752247301757304,8027.65831168831,email_nudge,20,230.8853793141934
104109,0.3777258301114944,13801.358208955226,discount_offer,250,938.363307505866
104112,0.6035888896138458,7081.647311212815,email_nudge,20,213.720181860591
104115,0.412136715909413,8343.23001912046,email_nudge,20,171.92757100785678
104118,0.411755386226348,28338.250869565218,discount_offer,250,2100.316937719854
104119,0.4568738947580704,4124.075132275133,email_nudge,20,94.20911339787222
104122,0.5455325409821815,13097.486475409836,discount_offer,250,1286.118913933815
104123,0.5605982101490377,16701.646991404014,discount_offer,250,1685.324413785987
104124,0.3733465003071856,10971.488963963962,email_nudge,20,204.80835039274277
104125,0.3860548894677569,8209.111921296297,email_nudge,20,158.4583897702244
104126,0.6882320824456017,5471.528800675675,email_nudge,20,188.2840830325053
104127,0.3894614771543635,9955.065094339623,email_nudge,20,193.8557178404677
104128,0.4085421143726565,26408.845000000005,discount_offer,250,1942.0425673991567
104129,0.3923222677558468,10665.055580357144,email_nudge,20,209.2069395513932
104130,0.4048324666137652,20237.23432835821,discount_offer,250,1474.6841083062031
104131,0.7546609411407553,9447.64757853403,discount_offer,250,1283.3587103728803
104132,0.7005168067020403,6510.884673366834,email_nudge,20,228.0492070096096
104133,0.4035518892016029,5929.546666666667,email_nudge,20,119.64398797212004
104138,0.7756747220551229,3046.100327510917,email_nudge,20,118.13915124470248
104139,0.8100772342692499,8311.906480218282,discount_offer,250,1211.9915183399787
104141,0.7660326624364336,3972.567250821468,email_nudge,20,152.15581339272765
104142,0.409371263988079,4839.127681159421,email_nudge,20,99.04999077179669
104143,0.4067238265459186,9865.875073313784,email_nudge,20,200.63432310210888
104144,0.7211296055990115,18775.3121577218,discount_offer,250,2437.0980212333247
104150,0.4155801152712777,12418.300370370367,discount_offer,250,928.9437658905362
104153,0.6907621251635245,8580.334446878422,discount_offer,250,1066.854610285116
104154,0.3853474801439832,19166.663703703704,discount_offer,250,1329.4486009780858
104158,0.4722915226257283,8411.75,email_nudge,20,198.6399107723485
104159,0.5279432558001531,16541.106198347108,discount_offer,250,1571.8977829604637
104165,0.5107417461783725,33281.1495601173,personal_outreach,900,5949.32535440526
104166,0.5120820593563972,9982.33679245283,discount_offer,250,920.119604736308
104168,0.7340554192485514,5122.357228915663,email_nudge,20,188.00470416062677
104169,0.8255133817881151,7564.067305585979,discount_offer,250,1123.9629806712956
104172,0.3934257732876693,19552.5794921875,discount_offer,250,1384.6479671668485
104175,0.581644391377639,9681.337921348317,discount_offer,250,1013.5972625371018
104177,0.457980884183,3834.1157110091744,email_nudge,20,87.79758516939567
104179,0.8094990324189786,2817.8090458488227,email_nudge,20,114.05068480780338
104180,0.7477950949751988,5994.081393678161,email_nudge,20,224.1172332537316
104181,0.4428986018034974,13495.559567901237,discount_offer,250,1075.8896033722683
104182,0.4248835747389898,14304.292246835445,discount_offer,250,1093.978588310399
104183,0.4978140934321476,4396.004941482445,email_nudge,20,109.41966073336624
104184,0.6603761149320835,10716.252208588956,discount_offer,250,1273.81626002526
104185,0.4487440291493055,36652.94800838574,personal_outreach,900,5756.72704931906
104186,0.5645738574456507,11126.768859649124,discount_offer,250,1130.738906879685
104189,0.3793452861157984,10346.758543263964,email_nudge,20,196.24970399827748
104191,0.564481820680931,18314.17401129944,discount_offer,250,1860.8432922298257
104193,0.6918884977810272,6540.659615384615,email_nudge,20,226.27035778927464
104196,0.6220425982107561,20835.683187294635,discount_offer,250,2332.922850957766
104197,0.5560756877322627,9555.788888888888,discount_offer,250,956.4735380783764
104202,0.4142516220323259,26001.00472027972,discount_offer,250,1938.772508372287
104205,0.4986582544170181,64593.612672811054,personal_outreach,900,11273.548349669529
104206,0.3872245153304933,3193.3241666666663,email_nudge,20,61.82667013653256
104207,0.4229593287634243,5491.723636363636,email_nudge,20,116.13878714952976
104209,0.4077297731542636,4720.01970899471,email_nudge,20,96.22462826160331
104210,0.8688342316427184,5057.834255725191,email_nudge,20,219.72097696746084
104211,0.6392537398032246,14121.5237006237,discount_offer,250,1624.902630721843
104213,0.4180227955989097,10694.951123595509,email_nudge,20,223.5366683739548
104217,0.5235550537402716,27715.376119402983,discount_offer,250,2611.894542052656
104218,0.4590756468311822,13057.22671641791,discount_offer,250,1078.96586411897
104219,0.4324134696523398,11334.098378378378,discount_offer,250,882.1830249315994
104220,0.7245445397903972,3910.750741525425,email_nudge,20,141.67565481267468
104221,0.3937716267786114,11111.763186813188,email_nudge,20,218.77485332250583
104222,0.7299500961693013,432.3189516129033,none,0,0.0
104223,0.8128841695589903,4135.54653652393,email_nudge,20,168.0860156007407
104224,0.3913365127013651,9842.294961664842,email_nudge,20,192.5824693638068
104225,0.7290623607021341,8636.810129870131,discount_offer,250,1133.4191727994605
104228,0.435789694109052,6374.970921985815,email_nudge,20,138.90733140231498
104229,0.3864189864972057,7946.942222222223,email_nudge,20,153.54246796314814
104230,0.4901670644008227,4262.308720930232,email_nudge,20,104.46216766541988
104231,0.7324537944513856,13748.244525547449,discount_offer,250,1812.5916965608887
104236,0.7096964475722878,3125.919189189189,email_nudge,20,110.92268719828068
104237,0.8812837253063259,5576.532365826944,discount_offer,250,884.6112991765084
104242,0.5128961265826516,4286.884643734644,email_nudge,20,109.93632644390746
104243,0.8182016935009657,3392.9569105691053,email_nudge,20,138.80615451017235
104246,0.7051095825508185,11258.05498281787,discount_offer,250,1428.869240868397
104247,0.6497881483382865,7574.505585980285,discount_offer,250,885.9283126725846
104248,0.6487128738178087,24335.99413043478,personal_outreach,900,5525.475441348685
104249,0.5492287287337974,9613.875246305415,discount_offer,250,950.4389663520564
104250,0.3755405681133215,11144.898542600897,email_nudge,20,209.26807651268348
104252,0.764568217548719,6372.97595837897,email_nudge,20,243.6287434489324
104254,0.4558706941197135,7213.182930513595,email_nudge,20,164.4139354672851
104259,0.3945457875663374,8666.40569105691,email_nudge,20,170.9646929373719
104267,0.6033039250079711,28952.169345238093,personal_outreach,900,6113.435091217161
104269,0.3710297781940968,5973.684732824428,email_nudge,20,110.82074607106549
104270,0.5490248470080037,6900.456927710843,email_nudge,20,189.42611545108824
104273,0.4271858107755795,15343.18802631579,discount_offer,250,1179.790599042697
104274,0.4996473199299411,15746.78705882353,discount_offer,250,1416.211191260758
104276,0.7049954797750887,2426.922877358491,email_nudge,20,85.54848291502441
104277,0.4780087292981597,4625.0968164794,email_nudge,20,110.54183260631407
104278,0.3904994023579604,5798.686637458926,email_nudge,20,113.21918331944008
104280,0.5347014187052753,4953.328694581281,email_nudge,20,132.42759401530802
104281,0.562639568652586,6150.2721212121205,email_nudge,20,173.01932266874064
104282,0.5871237112899343,7047.311989795919,email_nudge,20,206.8821985033516
104283,0.6098931654767904,5999.624301336573,email_nudge,20,182.956492840682
104284,0.5844811294345091,3046.747124600639,email_nudge,20,89.03831002439624
104286,0.395920620826031,10718.751442307694,email_nudge,20,212.18873627591887
104289,0.4131545867255757,3096.6425149700594,email_nudge,20,63.96960292546512
104291,0.5479652226984122,36329.99922222223,personal_outreach,900,6967.651640053351
104292,0.5924285715819599,12096.911987041036,discount_offer,250,1289.9801320263737
104293,0.6046202862148669,12689.527935222672,discount_offer,250,1381.0222821826585
104294,0.6181436858508036,5314.026097560976,email_nudge,20,164.2415839326852
104296,0.5506179959698945,21180.48545454546,discount_offer,250,2099.2241618372373
104298,0.4730026977694647,4596.047794117647,email_nudge,20,108.6971502847522
104299,0.5439899447056683,2037.9674934725847,none,0,0.0
104301,0.4923235129260614,3690.382978723405,email_nudge,20,90.84311560638248
104304,0.6792543763614097,7014.069476082005,email_nudge,20,238.2168693865841
104306,0.5152949564460529,49323.65599415204,personal_outreach,900,8895.680908543336
104307,0.646545810134177,7419.68931698774,email_nudge,20,239.85845201978685
104309,0.6023779199117814,9855.318578553615,discount_offer,250,1068.592734975071
104310,0.5845070955805024,9480.99638761468,discount_offer,250,997.5077391121004
104312,0.6621693299739058,31093.21082802548,personal_outreach,900,7206.139703255858
104314,0.769552231989051,6892.433802816901,discount_offer,250,954.7358070230152
104316,0.8532212776037928,11262.532749178534,discount_offer,250,1729.69786463556
104319,0.3648131767727409,13458.476984126986,discount_offer,250,883.769353758393
104320,0.5018156203632406,6405.62492211838,email_nudge,20,160.7221322053535
104322,0.7267088877153971,2778.205257270693,email_nudge,20,100.9473226178127
104323,0.622200719094681,13331.127272727274,discount_offer,250,1493.0346555780525
104324,0.639338378144815,6338.765740740741,email_nudge,20,202.63081040625516
104326,0.5963949176842122,1794.4199004975126,none,0,0.0
104327,0.7399570455777433,6966.649342105263,discount_offer,250,927.903827656861
104328,0.5909432208501211,6156.712554112553,email_nudge,20,181.9133773287824
104330,0.8546385642108014,4393.054833333334,email_nudge,20,187.7237037629661
104331,0.6905657948120273,7213.523076923077,discount_offer,250,896.6542134618512
104333,0.4335490424882651,16613.148904709746,discount_offer,250,1296.4706640633383
104336,0.7623733582105834,5522.145833333333,email_nudge,20,210.4968431743457
104339,0.4383900678521115,36937.63901098901,personal_outreach,900,5667.582925313495
104343,0.3888397229365458,10728.633296823658,email_nudge,20,208.5859399312356
104344,0.5216194636869396,19411.715273037546,discount_offer,250,1822.5951317937752
104348,0.3807681711552848,10045.6406496063,email_nudge,20,191.2530109116889
104350,0.624448175017319,10913.676612903226,discount_offer,250,1226.7045798581903
104352,0.5026434177845875,12909.639177489178,discount_offer,250,1168.010128537015
104353,0.4525588229233275,5996.142442497262,email_nudge,20,135.68035829285836
104355,0.48528144837579,13077.0375,discount_offer,250,1142.2878657236138
104356,0.4906329469916233,9638.238397790055,email_nudge,20,236.44186544577784
104358,0.5382359647273449,14333.04474940334,discount_offer,250,1388.620830271556
104360,0.8566706865974706,1140.015108834827,none,0,0.0
104363,0.4508389359145308,54174.19222222222,personal_outreach,900,8548.34231142357
104364,0.4135208152931191,7852.46226190476,email_nudge,20,162.35782983006536
104367,0.6113939705521422,10031.256578947368,discount_offer,250,1103.9489620973873
104368,0.4632311640618932,10144.982894736842,email_nudge,20,234.97361178584717
104372,0.4344039739304249,13022.596456692914,discount_offer,250,1018.2721773023412
104374,0.79306913639423,9816.898942172073,discount_offer,250,1401.3863219048103
104375,0.4407199923342376,40550.604716981135,personal_outreach,900,6255.011770005818
104376,0.8497781929411425,705.3095290251916,none,0,0.0
104377,0.7269514343766305,6758.629482758621,discount_offer,250,884.3751714440814
104380,0.8331750659933206,4664.554506065858,email_nudge,20,194.31952542104312
104384,0.5274351461258941,6439.529716981131,email_nudge,20,169.82171486289903
104385,0.7366361049399781,10381.576911764703,discount_offer,250,1376.5399882950885
104386,0.5485227485719973,2542.701086956522,email_nudge,20,69.73646945071984
104389,0.6922503276948017,21027.007164179107,discount_offer,250,2620.071467971907
104390,0.7653055262398665,8617.506078860897,discount_offer,250,1187.1045044204195
104392,0.774553148031171,6233.729032258066,email_nudge,20,241.41772229543952
104394,0.4086017844661066,5275.71,email_nudge,20,107.78322601628416
104395,0.3742285955075837,10826.165170940172,email_nudge,20,202.57302933270304
104396,0.4437906416532907,10247.681293706291,email_nudge,20,227.39125283961695
104399,0.6005897912734347,2267.1495437956205,email_nudge,20,68.08134356469373
104400,0.5479457807182739,3354.2000000000003,email_nudge,20,91.89598688426172
104402,0.6171502213729683,9617.39067357513,discount_offer,250,1068.367460980898
104403,0.4453650237396893,9888.236470588234,email_nudge,20,220.19373352335955
104404,0.6796964661413157,11632.249725776965,discount_offer,250,1423.1518257391003
104406,0.7639721912364863,2463.72,email_nudge,20,94.1106783496578
104408,0.6849864803403622,1352.1112612612617,none,0,0.0
104409,0.5188320069246573,5825.056188389924,email_nudge,20,151.11127963356194
104410,0.7033631824173419,2702.478717948718,email_nudge,20,95.0412015735774
104414,0.4420828217175576,10726.513323782234,email_nudge,20,237.1003638684314
104415,0.7196103730022068,11472.129901423878,discount_offer,250,1485.983461948813
104416,0.8342827598792621,2723.043921139102,email_nudge,20,113.5894298900189
104417,0.5701153582287662,5458.446478873239,email_nudge,20,155.59720848376824
104418,0.5939595027543491,13141.151699029126,discount_offer,250,1404.9561471794657
104420,0.6652601565463665,1685.5622340425532,email_nudge,20,56.06686978438962
104422,0.5394589074154541,14955.369277108435,discount_offer,250,1452.205290640242
104425,0.807803455031626,3229.806081081081,email_nudge,20,130.45242556897267
104426,0.5750473882208202,8734.657386363637,discount_offer,250,904.111545065779
104430,0.4034493100908625,8793.734161490684,email_nudge,20,177.3912990287933
104431,0.7826866622461663,7049.496724137931,discount_offer,250,993.158471075544
104434,0.7817006216655769,8309.75072016461,discount_offer,250,1169.232714690957
104435,0.6291320848386244,8188.713040123457,discount_offer,250,927.320779274058
104437,0.4919283691687214,11020.039444444445,discount_offer,250,975.7926057744968
104439,0.3616513462820915,12463.19338235294,email_nudge,20,225.3665332850997
104441,0.3669244109972231,6874.657064622125,email_nudge,20,126.1239747122186
104443,0.3597337872772248,18214.68180515759,discount_offer,250,1179.4385645674015
104444,0.8644194156307856,2398.641675794085,email_nudge,20,103.67162178487855
104446,0.3663832946169328,6653.586398467433,email_nudge,20,121.88814528444554
104448,0.43082552788996,15526.261296534018,discount_offer,250,1204.03974946261
104449,0.8427460238592769,1775.8646174863386,email_nudge,20,74.83014226494939
104452,0.3528340277707538,4810.653650793651,email_nudge,20,84.86811519098026
104454,0.8203283863492401,11952.790028901736,discount_offer,250,1764.9383322204446
104456,0.6983180554326257,11349.675,discount_offer,250,1426.6229356426113
104458,0.5392049230496262,9578.9706122449,discount_offer,250,929.7050601366255
104459,0.5113451614290669,9293.671714285714,email_nudge,20,237.6137031505091
104461,0.3966439878483468,3579.47048346056,email_nudge,20,70.98877234726233
104465,0.7969227554299562,16287.758562992123,discount_offer,250,2336.415378083558
104466,0.6796283556458096,32206.60984042553,personal_outreach,900,7660.983850371093
104467,0.4207645252352399,7547.513675213676,email_nudge,20,158.78630041288815
104469,0.5214944356209703,6781.302928870292,email_nudge,20,176.8205871833023
104470,0.3523487038505598,7569.7496,email_nudge,20,133.35957300166467
104473,0.7516374777736218,4258.619607843137,email_nudge,20,160.04690504182528
104475,0.5037596225130374,9849.275539568349,discount_offer,250,893.100119011172
104477,0.8447360919739222,1866.485268346112,email_nudge,20,78.83437356547961
104478,0.7004433541521138,252.35538461538465,none,0,0.0
104479,0.7734818168345045,5125.807338444688,email_nudge,20,198.2359386441917
104482,0.7073323693518002,6007.615494296577,email_nudge,20,212.4690450867692
104484,0.4243168720396032,26786.15395480226,discount_offer,250,2045.8470708131297
104485,0.5051866529794011,20224.91071428572,discount_offer,250,1839.1238911003015
104486,0.6386104583121202,5327.518942307693,email_nudge,20,170.11046567068087
104488,0.4043191010639021,21426.62338444688,discount_offer,250,1559.3747590141825
104489,0.8902918791482779,3251.20944363104,email_nudge,20,144.72626825374527
104492,0.7985348380703451,3357.127711864407,email_nudge,20,134.03917168875563
104494,0.5455577286420491,6284.895443349754,email_nudge,20,171.4386641413328
104495,0.4022621456333629,10790.017537826683,email_nudge,20,217.02078030938884
104496,0.4662717238109349,6130.199149338375,email_nudge,20,142.91692623331653
104499,0.3744953975688906,15708.56482504604,discount_offer,250,1058.9013412906154
104500,0.7341752341685084,4138.156516976998,email_nudge,20,151.90660149387634
104501,0.5811471291826134,2535.1982035928145,email_nudge,20,73.66615789634415
104502,0.8807037542302574,4272.171084337349,email_nudge,20,188.12585563449267
104503,0.8198442724032557,5970.338555347092,discount_offer,250,881.0546164037355
104504,0.6076208633201765,23295.712903225805,discount_offer,250,2547.893013465067
104505,0.7583718334374907,10927.85763612218,discount_offer,250,1491.728297588975
104507,0.6797909894990147,23283.40639044944,personal_outreach,900,5539.747454174957
104508,0.4184201146253263,13088.33294642857,discount_offer,250,985.7559189058338
104512,0.6415439215363985,2730.6103550295857,email_nudge,20,87.5903237676789
104519,0.6649491962108788,4384.69530516432,email_nudge,20,145.77998093993142
104520,0.6149699276033634,2488.041379310345,email_nudge,20,76.50353134543278
104522,0.7811226113762254,7384.03395399781,discount_offer,250,1038.2104592347473
104525,0.3645887312990448,19672.34096491228,discount_offer,250,1291.0164901343271
104527,0.6918781736125869,6065.667667238423,email_nudge,20,209.835153367492
104528,0.3908161579785238,39842.18113718412,personal_outreach,900,5449.838855131548
104529,0.762722449273682,1683.6290364583333,email_nudge,20,64.20708311778947
104531,0.8419808883391657,9677.209677419354,discount_offer,250,1466.6446081508254
104534,0.8841350783834949,2361.742105263158,email_nudge,20,104.40495206792214
104535,0.8065945441196589,6916.666571428571,discount_offer,250,1004.2101936016402
104540,0.4521565859015055,16544.52594936709,discount_offer,250,1346.5289463524437
104541,0.8316968028671539,4378.298820058997,email_nudge,20,182.07085653200505
104543,0.67554744024647,14703.810841836734,discount_offer,250,1787.9619196927977
104544,0.7989005585251807,1339.6647347740668,none,0,0.0
104545,0.5929913997725401,26805.05702479339,personal_outreach,900,5563.308900140247
104547,0.6289793140204286,8402.315835140998,discount_offer,250,951.2789130305946
104548,0.5357214504650762,6250.990000000001,email_nudge,20,167.43947148213437
104550,0.6818939885959102,10090.137274774776,discount_offer,250,1238.472711319759
104551,0.7784902634726265,10355.006024096385,discount_offer,250,1451.028846232697
104552,0.386667687957657,10972.36774370208,email_nudge,20,212.13300334392284
104554,0.5505761984833147,8443.817090909091,email_nudge,20,232.44823573005849
104556,0.7162920593363896,5167.21686351706,email_nudge,20,185.06182041031772
104557,0.6700521204614774,7235.512957317072,email_nudge,20,242.40853998384
104559,0.8038096539661912,4876.600109649123,email_nudge,20,195.9929123334276
104560,0.3599202741545722,16713.10077092511,discount_offer,250,1082.7690860599844
104561,0.4119051126779933,10223.930421313506,email_nudge,20,210.56446061015515
104562,0.4905966535442952,20185.036764705885,discount_offer,250,1782.4880679179892
104565,0.6619283122922233,2283.857142857143,email_nudge,20,75.58748520439839
104566,0.6389758011404222,10125.450676589986,discount_offer,250,1164.585232436745
104568,0.668913217996018,48.53723404255319,none,0,0.0
104569,0.547214902146115,7592.649466192171,email_nudge,20,207.74054673360507
104570,0.7365229494619459,4372.959857612267,email_nudge,20,161.0392646103639
104575,0.5133831507564387,10738.953114382786,discount_offer,250,992.3755654237508
104578,0.6457904938911512,26603.262869660462,personal_outreach,900,6013.046993699953
104579,0.3768927164664847,12171.290799561884,email_nudge,20,229.36354261752055
104582,0.4835772095000776,35498.367403314915,personal_outreach,900,6008.170507746239
104584,0.5603177780536034,1987.2672839506167,none,0,0.0
104586,0.547463434613667,9919.621255060729,discount_offer,250,977.5133860252104
104587,0.3640439233681479,15914.3078313253,discount_offer,250,1042.8312709087386
104593,0.474735824049283,3874.180131004367,email_nudge,20,91.96060485038586
104594,0.4067154923609116,9900.126242236023,email_nudge,20,201.3267359523103
104598,0.5552347765758778,1038.323611111111,none,0,0.0
104601,0.4889907958422426,5015.18488372093,email_nudge,20,122.61896237933414
104603,0.4879886417155256,27224.440084985832,discount_offer,250,2391.3391569368296
104604,0.8010536665862553,2887.9509722222224,email_nudge,20,115.6701857609976
104606,0.3578770650456074,14822.73186915888,discount_offer,250,954.8488399126626
104607,0.6890058237948206,6263.3660069848665,email_nudge,20,215.7747827685542
104608,0.4368280606674142,44505.696341463416,personal_outreach,900,6804.467957523003
104609,0.5962607784272425,1238.3485849056606,none,0,0.0
104611,0.4000163881939005,12130.80477855478,email_nudge,20,242.6260356701397
104613,0.5247641750962614,11718.197446236562,discount_offer,250,1106.8722389681002
104615,0.4788663177465605,50732.14347826087,personal_outreach,900,8502.87015858874
104617,0.5294639246134043,5190.445295536791,email_nudge,20,137.40767683330452
104620,0.4140020191391497,11873.252421652423,discount_offer,250,884.7990857363222
104622,0.51429853503143,7689.216563467492,email_nudge,20,197.72764070653687
104626,0.383676060748008,12940.583333333334,discount_offer,250,893.6985666806387
104627,0.5757905906250227,3406.2923076923075,email_nudge,20,98.06555298438128
104631,0.3692159931572569,13181.62738095238,email_nudge,20,243.3433822443612
104634,0.4839031402284925,6549.635193133047,email_nudge,20,158.46945186540654
104637,0.4559345734395474,13288.093271221534,discount_offer,250,1090.5302047390758
104638,0.7377245356875186,2945.533023255814,email_nudge,20,108.64959909668242
104639,0.4763232223172606,10969.245454545457,discount_offer,250,940.48314143365
104640,0.6133237464909709,6720.2150154798765,email_nudge,20,206.08337252594976
104642,0.483228590442143,3484.404292929293,email_nudge,20,84.18818875013872
104643,0.602889550546033,8515.367045454544,discount_offer,250,924.0886459383464
104644,0.5366864902170666,20199.67676886793,discount_offer,250,1951.36085314853
104645,0.7110446694816391,2135.3103305785125,email_nudge,20,75.9150514123464
104647,0.5319107871263864,7340.752901785715,email_nudge,20,195.23128270445724
104648,0.4104643002352416,9764.256459330143,email_nudge,20,200.3939347448193
104649,0.4336150984695331,13717.05322580645,discount_offer,250,1070.6258493395803
104651,0.4941156198280503,4381.355257393208,email_nudge,20,108.2448034346866
104652,0.4421077934394476,8293.015881708654,email_nudge,20,183.32034762102543
104653,0.7380070729562529,8623.288782051282,discount_offer,250,1145.5286603936684
104654,0.422037086990236,5550.260321100917,email_nudge,20,117.12078489774616
104655,0.3515261326955453,4009.5460576923074,email_nudge,20,70.47301097626233
104656,0.3798693723994086,17714.486277602526,discount_offer,250,1211.2543412371451
104657,0.6557729337225265,5749.664470842333,email_nudge,20,188.52371689822277
104659,0.580643653416993,4536.228902439024,email_nudge,20,131.69662613239757
104660,0.3757155036157165,12615.971374622355,email_nudge,20,237.00080193088507
104661,0.4283036194849536,18623.625418994416,discount_offer,250,1435.7819114797128
104662,0.6368541256581762,10048.522792022792,discount_offer,250,1151.8997754365876
104664,0.6553317441040588,20741.141357234315,discount_offer,250,2446.6191012621343
104665,0.7200691947559104,9272.510645933016,discount_offer,250,1201.8328693528667
104668,0.5423664496999858,5947.950471698114,email_nudge,20,161.2984390163131
104669,0.6236741070714895,11504.724920886074,discount_offer,250,1291.5358275846122
104672,0.4468997899784711,37111.84428571429,personal_outreach,900,5804.846395949802
104679,0.4113474134408985,3715.3511029411766,email_nudge,20,76.41500331098212
104680,0.757837374014157,6423.44926035503,email_nudge,20,243.39649597903173
104681,0.5437611584065717,6022.995728368018,email_nudge,20,163.75355671676132
104682,0.5745856664768019,7920.825540540541,email_nudge,20,227.55964111289805
104683,0.4683468779802691,7824.074626865672,email_nudge,20,183.2190462288588
104684,0.3988718718625854,5261.953688524591,email_nudge,20,104.94226586980196
104685,0.4884992472882051,1445.49125,none,0,0.0
104686,0.6104900153743202,7406.945,email_nudge,20,226.09329834633724
104690,0.4048955776412743,7541.056428571429,email_nudge,20,152.6670199335937
104691,0.3949653609176351,12596.809027777776,discount_offer,250,895.5545803320192
104693,0.640682072337508,2192.7771739130435,email_nudge,20,70.24365119784964
104697,0.8767957698667397,3319.970132013201,email_nudge,20,145.5467883916548
104699,0.6843024519289922,9848.3408993576,discount_offer,250,1213.0638884753366
104700,0.5353993010085387,35305.406571741514,personal_outreach,900,6615.871500116436
104702,0.4001044257993722,20312.32156862745,discount_offer,250,1462.86895641622
104703,0.5015050116769888,5326.045238095238,email_nudge,20,133.55191896615617
104705,0.6185771238081571,12121.7125,discount_offer,250,1349.6785296982894
104707,0.3678490262622885,6069.692352941177,email_nudge,20,111.63652108705352
104708,0.6608166032630908,7946.578985507246,discount_offer,250,945.221639897656
104711,0.6548415014509399,10358.389496527778,discount_offer,250,1220.958599493581
104712,0.4820231116784412,7215.1669354838705,email_nudge,20,173.89386087606692
104713,0.5387362044834378,6074.271264367817,email_nudge,20,163.62149229841654
104715,0.4459057723701031,15939.3102189781,discount_offer,250,1279.3374781632192
104716,0.4487539874506771,7691.454076923077,email_nudge,20,172.5785343156499
104717,0.398305526193317,29348.78095238095,discount_offer,250,2104.1606952666884
104719,0.3552565616611078,12768.083789704271,email_nudge,20,226.79727730656333
104721,0.7041295324600639,12726.634603174603,discount_offer,250,1613.015869126213
104722,0.7712760783218685,6891.976686046512,discount_offer,250,956.8110150539464
104726,0.7097239011406975,8804.614342629482,discount_offer,250,1124.79214307226
104727,0.3847469451626042,3405.871153846154,email_nudge,20,65.5199261029871
104728,0.3911998169993195,9406.99024,email_nudge,20,184.0006430201192
104730,0.6111454706134807,6432.354444444445,email_nudge,20,196.5552142051357
104735,0.5908736036310331,13679.967145135566,discount_offer,250,1454.96366722807
104738,0.4161041810351755,9843.860880829016,email_nudge,20,204.80358350207797
104739,0.8228206727259074,11065.284905660375,discount_offer,250,1638.8541305962738
104740,0.3630031318101009,29985.08181818181,discount_offer,250,1959.24214936478
104744,0.5461356798506292,20312.595598006646,discount_offer,250,1996.8179771606865
104745,0.7044211622012826,10502.15504587156,discount_offer,250,1331.6292473455635
104750,0.4539688959865952,6453.519375,email_nudge,20,146.4848532948426
104753,0.5707966690445322,11432.618103448276,discount_offer,250,1174.6260597431688
104755,0.4978878718405671,5584.084227820373,email_nudge,20,139.01239061839811
104758,0.5158765919882149,4810.7,email_nudge,20,124.08637605388527
104761,0.3953716187993939,14706.796296296296,discount_offer,250,1046.6369746235275
104762,0.5041787111412078,4821.235227272727,email_nudge,20,121.53820814974758
104765,0.4617293742458377,3908.541666666667,email_nudge,20,90.2344248981892
104767,0.847560763678749,4425.962322274881,email_nudge,20,187.56360029403345
104768,0.6008718570095137,7121.461585365854,email_nudge,20,213.9542923710348
104770,0.4821587955945769,14669.874055415616,discount_offer,250,1273.1775850949984
104771,0.692871310907697,5492.021855345912,email_nudge,20,190.26321912236224
104772,0.5984427522226237,1907.3775157232703,email_nudge,20,57.07281250184923
104773,0.565320100546101,5108.404874041621,email_nudge,20,144.3941978511701
104775,0.6576850742569154,5687.688876651982,email_nudge,20,187.0354040595545
104777,0.8290323224916888,2523.1521205357144,email_nudge,20,104.58873312437764
104778,0.4630473004084198,10960.996370235933,discount_offer,250,913.5827602243626
104779,0.6503418748754839,5485.162093628088,email_nudge,20,178.36152999830128
104780,0.3830980622282688,4821.135681818181,email_nudge,20,92.34838687220544
104781,0.4037043458786351,20479.73422782037,discount_offer,250,1488.1963878378929
104783,0.6189992100286896,2251.4058823529413,email_nudge,20,69.68092313152079
104784,0.4225180025456845,5461.989516129032,email_nudge,20,115.38944501401544
104786,0.7326532219072659,12530.43095652174,discount_offer,250,1652.482910192795
104787,0.7181535360293821,5836.155703422053,email_nudge,20,209.5627927615297
104789,0.8198618952359789,12633.974336283183,discount_offer,250,1864.4605458674127
104790,0.493803437364593,3312.159139784946,email_nudge,20,81.777778416218
104791,0.808017509729266,4083.412901155328,email_nudge,20,164.9734561793943
104794,0.5028823189857617,9096.417570498914,email_nudge,20,228.72137811576613
104795,0.4110141858137952,23907.088888888888,discount_offer,250,1768.7074814720452
104796,0.787686229785714,4420.210413793104,email_nudge,20,174.08694378501204
104798,0.8257748941241865,5135.976849642005,email_nudge,20,212.05803696187
104799,0.6006306288362803,16122.912727272727,discount_offer,250,1743.1047378097712
104800,0.7429848720814579,4307.434893617022,email_nudge,20,160.01794817166257
104801,0.4824132335183442,8931.75173521851,email_nudge,20,215.43976177849217
104802,0.5362341734013772,30768.46079346558,personal_outreach,900,5774.685049145844
104805,0.4350063245811451,30438.865094339624,discount_offer,250,2383.397789239798
104810,0.5617031485328201,7577.643333333334,email_nudge,20,212.8193059396034
104811,0.7109848261576119,9912.872240618102,discount_offer,250,1268.622314409326
104817,0.5557128483911536,4267.273480662983,email_nudge,20,118.56893504016296
104818,0.5204472417608403,12037.027837259102,discount_offer,250,1127.6348286419916
104820,0.3913613132311718,4748.298518518519,email_nudge,20,92.91501719105176
104821,0.6128335484291405,7317.105894590847,email_nudge,20,224.20839848069448
104822,0.6374445837798883,1901.529934210526,email_nudge,20,60.605997872891365
104823,0.8868247067934694,6130.017847222222,discount_offer,250,978.5252304002848
104825,0.6992257846665959,558.0485933503836,none,0,0.0
104831,0.5517128059722711,6516.382133995037,email_nudge,20,179.7585735966989
104833,0.5871886190139914,3791.459756097561,email_nudge,20,111.31510091150258
104837,0.4046329908954083,7565.596436525612,email_nudge,20,153.06449570095006
104840,0.8125892242271078,2332.431111111111,email_nudge,20,94.76541935704743
104841,0.6456680013718605,9340.473932092003,discount_offer,250,1085.5521244079653
104843,0.3848406104686363,9930.29074479737,email_nudge,20,191.0789576179435
104844,0.738442664489378,11559.753888280396,discount_offer,250,1536.5187831785802
104845,0.3937957207647672,11929.912741652022,email_nudge,20,234.89742933798192
104848,0.4215889945814391,8565.856962025317,email_nudge,20,180.56355121743368
104854,0.7745293373570361,4010.04262560778,email_nudge,20,155.29478287927316
104856,0.504794473306246,6775.652450980392,email_nudge,20,171.0155955149411
104857,0.3731205161716864,13293.58968253968,discount_offer,250,892.8199879422858
104859,0.3850793116245538,8923.217760180994,email_nudge,20,171.8073276283245
104860,0.4302945977473751,5587.4947147651,email_nudge,20,120.21343953527168
104861,0.6193611946018494,6461.611343283582,email_nudge,20,200.103566031449
104863,0.4866472462702129,19974.50725806452,discount_offer,250,1749.6970114934663
104865,0.4545852342308108,20926.082666666665,discount_offer,250,1712.2838743007956
104868,0.374830137194368,10090.366443850267,email_nudge,20,189.1086719244921
104869,0.4090217844087738,5293.827272727272,email_nudge,20,108.26453387213706
104870,0.3628991853500578,5126.658974358974,email_nudge,20,93.02301826812172
104871,0.5325308476406339,2979.3169082125605,email_nudge,20,79.32890792602538
104872,0.4120234648843178,13418.370167286246,discount_offer,250,995.1630064966156
104873,0.5572899542724792,6388.835365853659,email_nudge,20,178.02168844454917
104874,0.500088166259306,7585.869417475729,email_nudge,20,189.6801763233993
104876,0.4008075635434281,10454.125310173698,email_nudge,20,209.50462472742024
104877,0.3863069365216711,15466.017469879516,discount_offer,250,1075.4333692163643
104878,0.4634295481266129,7265.990588235293,email_nudge,20,168.3637367499052
104879,0.85622567435501,2854.007192254495,email_nudge,20,122.18371164010767
104880,0.3760823021753751,17100.78814102564,discount_offer,250,1157.6346791562496
104883,0.4671452620465038,16123.246010186756,discount_offer,250,1355.741636844409
104884,0.3548828271924266,4914.476700680272,email_nudge,20,87.2031692854362
104885,0.747482812047734,8625.478620689655,discount_offer,250,1160.5314626371285
104886,0.8052008196163389,282.81822222222223,none,0,0.0
104887,0.3852706614306367,14470.82731629393,discount_offer,250,1003.5333380874758
104888,0.7427622831247054,4299.431471389646,email_nudge,20,159.67277679137922
104889,0.4723321184175199,8033.703090909091,email_nudge,20,189.72879998332343
104890,0.3605531509421553,10271.865820642975,email_nudge,20,185.17767938439263
104892,0.8121070919655393,10131.656605504588,discount_offer,250,1481.03823288416
104896,0.7327104097882409,4599.600968523002,email_nudge,20,168.50877552544392
104897,0.7669823267958213,25351.81659364732,personal_outreach,900,6805.538347823786
104898,0.3632746734778396,8210.201851851853,email_nudge,20,149.1279198459318
104899,0.5913675254369681,10395.849780219782,discount_offer,250,1106.598232681744
104900,0.5866780118076202,1857.3718340611351,none,0,0.0
104903,0.5411785514424013,9115.585158817086,discount_offer,250,887.9686509237268
104905,0.6752437646042198,10857.738118811882,discount_offer,250,1319.6915932379893
104907,0.6968003669603329,1653.537951807229,email_nudge,20,57.60929258010572
104911,0.3642101682465619,29834.83214676889,discount_offer,250,1955.9068624408733
104912,0.808588206426196,3679.484679665738,email_nudge,20,148.7593958851793
104914,0.812647561018597,5036.573376623377,email_nudge,20,204.64795352020937
104915,0.5897183977298708,7703.671245059289,email_nudge,20,227.1498331637021
104916,0.5007645701542405,11130.333187294633,discount_offer,250,1003.2617725576332
104920,0.4066885975579708,10930.06355748373,email_nudge,20,222.2566109706272
104921,0.3546476924621069,12470.624112149531,email_nudge,20,221.1339032468071
104922,0.3678792712666265,12844.35,email_nudge,20,236.25850589467476
104923,0.5961469321372322,2960.003348214286,email_nudge,20,88.22984575769411
104924,0.7853202981879054,8587.310624315443,discount_offer,250,1213.8820812215229
104928,0.5622768398977019,15839.37560321716,discount_offer,250,1603.1005308233462
104930,0.4423820054283014,4321.650171821306,email_nudge,20,95.59101348849364
104931,0.7073461295110863,26442.181400437632,personal_outreach,900,6546.321134300358
104932,0.4871295594491414,10416.763547486033,discount_offer,250,913.3764187990944
104936,0.4300922688779892,11386.278736842103,discount_offer,250,881.4870820810124
104938,0.4008262766495519,9423.562667410712,email_nudge,20,188.86057683759776
104939,0.5884033564805329,9351.35703125,discount_offer,250,990.4265756703596
104942,0.4971373599252174,9714.852889245589,email_nudge,20,241.48081587107112
104946,0.6790750787674376,6311.39113372093,email_nudge,20,214.2954215631824
104948,0.7744023278223433,7293.775932835821,discount_offer,250,1016.6970709804756
104951,0.5227272889319454,6965.952,email_nudge,20,182.0646601895032
104953,0.7422661031925449,980.8527322404371,none,0,0.0
104954,0.4268133079770204,15057.942753623189,discount_offer,250,1156.847464440453
104955,0.4254521579410218,4463.920081967213,email_nudge,20,94.9592215874607
104956,0.7074864631008029,6321.214313222081,email_nudge,20,223.60867784818305
104959,0.7715283983417593,6453.179417293232,discount_offer,250,896.186012406526
104961,0.4038356863777765,2724.36,none,0,0.0
104962,0.433766677469043,7263.126704545454,email_nudge,20,157.52511693336808
104963,0.8125422145649084,13995.503846153844,discount_offer,250,2046.9487840389968
104964,0.7322195012750791,1044.8733333333334,none,0,0.0
104965,0.5922408916262806,4778.874561403509,email_nudge,20,141.51224656078824
104967,0.6789273889661289,15446.304825174826,discount_offer,250,1887.6454927435552
104968,0.5661527854955386,12895.11018619934,discount_offer,250,1314.1084592139568
104969,0.4573649949518998,6415.841176470589,email_nudge,20,146.7190583644331
104970,0.7124522157860638,6113.192291950887,email_nudge,20,217.7678696963348
104975,0.7973046781640342,2011.556925675676,email_nudge,20,80.19118736172395
104976,0.8269147503844779,6553.239594594595,discount_offer,250,975.414687043296
104977,0.3685754457264311,8759.080503833517,email_nudge,20,161.41910004270656
104978,0.4525285686915917,21878.954255319142,discount_offer,250,1782.1533336531086
104979,0.3697165673718086,15484.322,discount_offer,250,1030.46586802556
104981,0.3551790259532751,15677.492478632475,discount_offer,250,1002.2969714310864
104985,0.6972862254979018,8924.761719605696,discount_offer,250,1120.1604143277634
104986,0.5102839580253602,8591.03407079646,email_nudge,20,219.19334345883703
104987,0.4963348947032815,7234.714772727272,email_nudge,20,179.5420697464933
104988,0.3973895340300404,9437.503249097472,email_nudge,20,187.51825092829185
104994,0.3872958798071711,9670.556493506494,email_nudge,20,187.26833426887748
104995,0.6988895685257033,6587.920841683367,email_nudge,20,230.21145772627884
104998,0.4598822777799478,16352.625231481485,discount_offer,250,1353.6508570443991
104999,0.5214512594508589,32572.56932773109,personal_outreach,900,5944.752554823527
105000,0.8784880407071401,3134.938225629792,email_nudge,20,137.70028697857174
105002,0.3890881060837102,195990.0681818182,personal_outreach,900,26690.091554028302
105004,0.7986432899962927,3019.714523809524,email_nudge,20,120.58373710724136
105005,0.4062407288260767,12624.964521452148,discount_offer,250,923.1794619476548
105006,0.6811911932210272,2068.5894736842106,email_nudge,20,70.4552465931702
105007,0.377766335863208,46544.8,personal_outreach,900,6154.070492320046
105008,0.6499758665273775,17665.374285714286,discount_offer,250,2066.772052599767
105009,0.4027663144067211,7937.914122137405,email_nudge,20,159.85622075251732
105011,0.4055973917848607,8807.304,email_nudge,20,178.61097655281856
105012,0.5996399330989193,15097.00225,discount_offer,250,1629.497775453162
105013,0.7203309989872789,1703.2642045454547,email_nudge,20,61.34570029997503
105018,0.3795987029476146,14007.710169491527,discount_offer,250,957.115550088917
105019,0.4051386357854661,23556.920197044336,discount_offer,250,1717.8873321487745
105020,0.4256611587393593,2962.583333333333,email_nudge,20,63.05283272642901
105021,0.4549344671874079,6019.359302325581,email_nudge,20,136.92070085065276
105022,0.5923329677544797,9053.72011494253,discount_offer,250,965.3070428824208
105023,0.6654772984151885,1439.614192139738,none,0,0.0
105024,0.6923358489473935,6823.315530303031,email_nudge,20,236.20129751541415
105026,0.5358430872027025,9799.614764621969,discount_offer,250,945.1900491969996
105029,0.7297931407498696,11254.661062431544,discount_offer,250,1478.4434000688923
105032,0.749170942572012,7808.478305400372,discount_offer,250,1052.9793093797828
105033,0.575703942115571,15033.320512820515,discount_offer,250,1557.8535388171765
105034,0.8120243898220497,5139.263203463203,email_nudge,20,208.660353346356
105035,0.7345745290340783,5748.286103351956,email_nudge,20,211.127227856145
105037,0.7295239437999161,1977.5049504950496,email_nudge,20,72.13186051845032
105038,0.6763505083444455,3319.505093099672,email_nudge,20,112.25744785849696
105039,0.5285993404416869,8269.095202952029,email_nudge,20,218.551913516498
105040,0.6907822796180849,18073.794341943416,discount_offer,250,2247.310234237701
105041,0.7123040980690437,2891.2049635036497,email_nudge,20,102.97085719306048
105044,0.739554061992,11617.95975935829,discount_offer,250,1546.579679776744
105047,0.4152327168020129,6250.1947154471545,email_nudge,20,129.7642666118353
105049,0.5737334858113169,11014.086891385768,discount_offer,250,1137.447083740228
105051,0.4881131918345967,19637.112654320987,discount_offer,250,1725.32407250091
105053,0.6054754328559879,3410.6910256410256,email_nudge,20,103.25448125440168
105055,0.7133124422807201,11741.124041297937,discount_offer,250,1507.5161757034398
105056,0.452660156845719,6508.193825910932,email_nudge,20,147.30000190095913
105059,0.7934537880363586,5020.446756756756,email_nudge,20,199.17462483917492
105060,0.6854513379531668,4191.283406352683,email_nudge,20,143.64604093126766
105061,0.639956982074122,5724.735424354244,email_nudge,20,183.179220267128
105063,0.5730013017575131,11995.027205882352,discount_offer,250,1237.169916645727
105065,0.4319058552671279,26163.5152676399,discount_offer,250,2034.0315789236224
105067,0.5688188219948015,6186.328846153847,email_nudge,20,175.94501433708453
105069,0.6501299810429972,15746.054374999998,discount_offer,250,1842.6567658177355
105071,0.7159203027189291,6001.306916996047,email_nudge,20,214.82287323625067
105072,0.5982336175242152,4773.2677489177495,email_nudge,20,142.77646164233664
105074,0.4143581311561959,12023.048951048951,discount_offer,250,896.7326569480988
105076,0.4693113700290501,4274.949719101123,email_nudge,20,100.31412547383256
105078,0.5847405635964159,1459.15,none,0,0.0
105081,0.845053126514343,8504.608281829418,discount_offer,250,1293.6322473011503
105083,0.826332673392151,7675.286363636364,discount_offer,250,1141.6211819845123
105084,0.8806705264427908,6473.22100591716,discount_offer,250,1026.1394911910872
105091,0.6678089365396565,10647.77728960396,discount_offer,250,1279.9225490906747
105092,0.8588070170612019,5875.022957198444,discount_offer,250,908.1919693867816
105093,0.6635916856109207,2980.183023001095,email_nudge,20,98.8812337831173
105098,0.6395592071545453,3713.6278293135433,email_nudge,20,118.75424350914123
105100,0.37329267267098,10142.238477366256,email_nudge,20,189.30116540412504
105103,0.5279919334697901,10838.124260355027,discount_offer,250,1030.039593013924
105104,0.4846554857298839,5005.056375838925,email_nudge,20,121.28640144688332
105105,0.6808374506620899,13045.413246268658,discount_offer,250,1598.725061536142
105106,0.7141315285292004,7185.848039215686,discount_offer,250,923.695315924258
105107,0.8132529220329294,3743.476779846659,email_nudge,20,152.21967148863584
105108,0.6790885366349254,7777.274479737131,discount_offer,250,950.6624301815108
105110,0.7909569504181695,7360.701355932204,discount_offer,250,1047.9596215368638
105116,0.3906048600973124,135990.000862069,personal_outreach,900,18591.42434147665
105120,0.7965739615839889,1666.3557632398756,email_nudge,20,66.36878058661496
105121,0.568914883886119,3628.3884879725088,email_nudge,20,103.21221076643054
105122,0.51957340635764,3856.367826086956,email_nudge,20,100.18330837840035
105126,0.5535187658418408,9073.130237430169,discount_offer,250,903.9866132420342
105128,0.4405873273262453,31648.38641840088,discount_offer,250,2509.898037528867
105129,0.5099232235140025,3594.85421686747,email_nudge,20,91.65498251639828
105130,0.7231058935773891,5246.528351955307,email_nudge,20,189.68977860598744
105132,0.6449245845668103,11893.11318289786,discount_offer,250,1380.6289941635623
105134,0.4318166695915178,17578.18901734104,discount_offer,250,1366.2999070053124
105135,0.8278960617132821,7048.795303867403,discount_offer,250,1050.420576941082
105136,0.4904268404917915,9864.083023001096,email_nudge,20,241.8805535659574
105137,0.6246056175890522,3475.1244444444446,email_nudge,20,108.52911249105172
105139,0.827583528038868,7718.446714129245,discount_offer,250,1149.778685278636
105142,0.4161580871558265,5349.840932642486,email_nudge,20,111.318978455822
105143,0.6020677457973277,7441.309057527539,email_nudge,20,224.00860850234216
105145,0.3870186833083431,9813.648734177215,email_nudge,20,189.9032705775927
105146,0.6691285161037014,3587.865335051546,email_nudge,20,120.03715038114753
105147,0.4219380076837455,3903.768948521358,email_nudge,20,82.3574246298386
105150,0.530414298550457,10271.123986856515,discount_offer,250,980.6311844663888
105152,0.4878065541892691,5635.913822751322,email_nudge,20,137.4617850791997
105154,0.72912424330743,18525.233187294634,discount_offer,250,2431.29539336038
105157,0.4773870869127723,17102.932325581394,discount_offer,250,1469.6494273036058
105158,0.5600502968521429,13484.142857142857,discount_offer,250,1359.323677789121
105159,0.4425627143895292,5780.594387755102,email_nudge,20,127.91377715148884
105160,0.7357538626330984,8614.252158894646,discount_offer,250,1140.8344739284037
105161,0.5314268425537457,9315.32142857143,discount_offer,250,891.0741337486132
105162,0.3835170180922569,30798.0547979798,discount_offer,250,2126.0840650493647
105164,0.4493877426274747,14814.285416666666,discount_offer,250,1198.324490766291
105166,0.684143225870722,3214.54660460022,email_nudge,20,109.96051418914853
105167,0.5049150048971393,8415.106234718827,email_nudge,20,212.4456702856502
105168,0.7692961472006173,692.0029953917051,none,0,0.0
105173,0.3771601559935926,11374.381765676568,email_nudge,20,214.49818005366248
105174,0.381335902645894,10358.587113402062,email_nudge,20,197.50505835126503
105175,0.4331916378806608,1031.1630208333331,none,0,0.0
105177,0.4076298322240139,11807.696672077922,email_nudge,20,240.6584706695585
105178,0.7339343218183043,10923.743833131804,discount_offer,250,1443.1158939395652
105179,0.7450467277676589,852.5216216216215,none,0,0.0
105181,0.5014031067243673,34714.60838709677,personal_outreach,900,6092.104372903534
105183,0.704535836516935,32162.69196428572,personal_outreach,900,7930.919180693089
105184,0.5545051769758026,15771.58069620253,discount_offer,250,1574.1761661244684
105186,0.4051576854007404,16191.781013615737,discount_offer,250,1180.840413238597
105188,0.6900362685729666,5059.179574468085,email_nudge,20,174.5508697803263
105195,0.8316295322185785,4508.981595092025,email_nudge,20,187.49011273542803
105196,0.7911962523520032,1764.6461764705882,email_nudge,20,69.80907207754106
105197,0.6916486007912898,15597.326304801669,discount_offer,250,1941.8164046642253
105200,0.5262859726465485,18725.314883720926,discount_offer,250,1773.876700204553
105201,0.4076380253781786,14587.054872881356,discount_offer,250,1070.322884003609
105202,0.3632292341095038,17921.064179104476,discount_offer,250,1171.7017949166088
105204,0.5562240113826197,9506.52245145631,discount_offer,250,951.7960894046336
105205,0.4411047233894455,5468.979299014239,email_nudge,20,120.61963004571396
105206,0.4933137669829116,21031.382485875707,discount_offer,250,1867.5126934138395
105209,0.4822896781806984,10722.937912087911,discount_offer,250,930.881209459048
105212,0.3708186072885911,3639.107329842932,email_nudge,20,67.47243559130298
105213,0.4140564332526446,12392.619592476489,discount_offer,250,923.623896081178
105215,0.7897033318966704,9848.155750273823,discount_offer,250,1399.8818536251467
105221,0.3865454631746787,9620.91161971831,email_nudge,20,185.94598691033312
105223,0.4942714411974829,13284.068040293045,discount_offer,250,1181.8683819433918
105224,0.6507220528313625,9090.103271028038,discount_offer,250,1064.7235189750406
105227,0.830577460585182,1367.0829134720702,email_nudge,20,56.77341273405121
105231,0.3711865737143508,7052.221713147411,email_nudge,20,130.88450073885684
105232,0.4712195265859076,17251.915434782608,discount_offer,250,1463.2990962981069
105234,0.5622623469047828,10208.176393442624,discount_offer,250,1033.1411789871092
105235,0.7862284638841167,4076.94304029304,email_nudge,20,160.27043319563188
105238,0.5605639916947593,6863.100793650795,email_nudge,20,192.36035881461805
105240,0.4185895128755609,6943.118566176471,email_nudge,20,145.31583092265362
105241,0.4970172172966131,11356.446710526316,discount_offer,250,1015.9829176397516
105245,0.4320784053178148,13862.321226415095,discount_offer,250,1078.129736912291
105250,0.6909095669758969,4338.0070098576125,email_nudge,20,149.85852723595642
105251,0.3961016656159523,5261.282298136646,email_nudge,20,104.20013407838256
105254,0.7547820812870053,5198.571467688937,email_nudge,20,196.1894296050749
105255,0.6520435504241664,1761.7829931972788,email_nudge,20,57.43796189806344
105256,0.572366010861986,1831.0654411764704,none,0,0.0
105261,0.4808070117514907,7606.383302411872,email_nudge,20,182.8601212934544
105262,0.7816394790086726,4202.383802816901,email_nudge,20,164.23745431141435
105263,0.4331857338931745,35073.124557522126,personal_outreach,900,5317.61202048193
105264,0.7866681957195897,10765.96935483871,discount_offer,250,1524.4642237578053
105265,0.7186858495084018,6645.5336928934,email_nudge,20,238.80255137569
105266,0.5299140415024827,14158.638157894738,discount_offer,250,1350.515010315828
105268,0.6562457324186525,5409.375958378971,email_nudge,20,177.4939943867129
105269,0.4881351385576756,6033.978798586572,email_nudge,20,147.2698538451067
105270,0.3655802742356212,12576.245333333332,email_nudge,20,229.88136089072256
105271,0.6281456406420624,43506.3409090909,personal_outreach,900,9564.911433816502
105273,0.4734710722250048,10599.574204946995,discount_offer,250,903.3465175100562
105276,0.3862645541301105,15520.943373493978,discount_offer,250,1079.134248931442
105278,0.4975758433717405,7076.458951175408,email_nudge,20,176.05375153583032
105279,0.7243320889003704,959.8891666666668,none,0,0.0
105280,0.4152130260384815,10222.394708994709,email_nudge,20,212.22357202407275
105282,0.70072908646177,13742.058425414363,discount_offer,250,1733.3028083780775
105285,0.7394540904515604,9810.365932914046,discount_offer,250,1305.776739225587
105286,0.3680498293654716,16370.130572597136,discount_offer,250,1084.504277508276
105290,0.6481033298210497,14162.351745810054,discount_offer,250,1652.160118420161
105292,0.7941792527876718,1712.684840425532,email_nudge,20,68.00893834149609
105294,0.8955373412947929,3906.910333761232,email_nudge,20,174.9392046486843
105296,0.3618942633305911,9373.292405063292,email_nudge,20,169.60703749563024
105299,0.4385558489970214,12517.049285714287,discount_offer,250,988.096531758118
105302,0.7786366293052187,4512.82643678161,email_nudge,20,175.6925982687557
105304,0.5330914988885777,6989.125097276265,email_nudge,20,186.292158701339
105305,0.4057704538760432,10953.095200000002,email_nudge,20,222.2221205325756
105309,0.8875388386734963,1987.7947973713035,email_nudge,20,88.21225429900723
105310,0.3899994129906942,14528.91059001513,discount_offer,250,1019.9279882700324
105311,0.4038258967120414,13720.02912087912,discount_offer,250,997.2905512777796
105312,0.3548872421092837,11051.263778162913,email_nudge,20,196.09762620272292
105313,0.7291175324640448,21397.696381093057,personal_outreach,900,5460.502455029086
105315,0.3866521164633125,42538.10132743363,personal_outreach,900,5756.6064180040685
105316,0.6592218380728418,5917.013745704468,email_nudge,20,195.03123386727856
105319,0.3975521720264846,6101.61123853211,email_nudge,20,121.28544003698248
105320,0.522234342056323,6664.102407407408,email_nudge,20,174.01115680641828
105322,0.3861834463394811,8963.274477351917,email_nudge,20,173.07341140752376
105324,0.7962815814378207,5296.359469153515,email_nudge,20,210.8696746980369
105325,0.6939545230227967,5351.646590909091,email_nudge,20,185.68996786904472
105326,0.5779234776580552,1455.8285714285714,none,0,0.0
105327,0.7180164444507021,21340.587727272727,personal_outreach,900,5363.012522848628
105328,0.4819996842340165,9276.824468085108,email_nudge,20,223.57132321557103
105329,0.4248794630101906,6591.797021943573,email_nudge,20,140.03595894777794
105330,0.8830792833409418,1523.71708652793,email_nudge,20,67.2781496392716
105333,0.3586249366102175,12545.05,email_nudge,20,224.9483880511005
105335,0.3593068353480578,5307.134433962264,email_nudge,20,95.34448391168436
105336,0.8318941360039882,2234.1792207792205,email_nudge,20,92.93002962740968
105337,0.4545818830182126,25180.4375,discount_offer,250,2060.3827249150345
105341,0.356922465021693,17841.979611650484,discount_offer,250,1146.2766018942743
105343,0.4369480311818043,5440.475939849624,email_nudge,20,118.8602625304635
105347,0.8855211090583239,1387.6522996057818,email_nudge,20,61.43977016671228
105348,0.6514703374123633,21197.12365269461,discount_offer,250,2485.673513674657
105349,0.6148459246337065,11449.412519319938,discount_offer,250,1267.1324328517203
105351,0.3611790531825297,8348.611212516298,email_nudge,20,150.7671746562844
105354,0.5360487177716518,23626.709325044405,discount_offer,250,2279.7121029936447
105357,0.7763292751486953,4152.444687842278,email_nudge,20,161.18321873038232
105360,0.640723617549786,14165.95493670886,discount_offer,250,1633.763140757163
105363,0.3991087441287416,15946.125860091744,discount_offer,250,1145.5628878332118
105369,0.4431688534394976,14064.12146226415,discount_offer,250,1121.900504951778
105370,0.8005531177970479,10189.176889375683,discount_offer,250,1468.2559187835593
105373,0.4419223390348377,8116.252976190476,email_nudge,20,179.3376749718279
105374,0.6993969652702825,6257.12743702081,email_nudge,20,218.8107970380888
105375,0.8400458365980026,5220.885442073171,email_nudge,20,219.2891539484345
105378,0.6357563627957472,5687.097524752476,email_nudge,20,180.78042186006655
105382,0.4348289356152686,23861.46600753296,discount_offer,250,1867.6180559295844
105383,0.7030061033344995,5695.159957627119,email_nudge,20,200.18661048390572
105384,0.5561710017627274,4576.588280394304,email_nudge,20,127.26828442812293
105385,0.6530236126161761,4480.575433526012,email_nudge,20,146.2960778100223
105386,0.4125074754767464,27472.837804878047,discount_offer,250,2039.8951740730247
105387,0.6478887657039121,3977.3516853932592,email_nudge,20,128.84407371099067
105388,0.4767815449215773,7612.550606060607,email_nudge,20,181.4761819375633
105389,0.6026758596793964,4339.850000000001,email_nudge,20,130.77614148148146
105390,0.3781613512267454,11215.088059701491,email_nudge,20,212.0556427391827
105391,0.8684261736812998,1810.7702898550724,email_nudge,20,78.62601571173093
105392,0.5874267289366154,14221.145869565218,discount_offer,250,1503.698615980048
105393,0.4195577355458199,5660.670119521913,email_nudge,20,118.74889685092498
105395,0.7751975526964479,7612.877839029768,discount_offer,250,1062.2671685627215
105401,0.8179227780923648,2578.2323193916354,email_nudge,20,105.43974706221638
105404,0.7929502977329793,2326.385268346112,email_nudge,20,92.23539455883332
105405,0.4339273134178578,12340.594696969696,discount_offer,250,963.8857985102502
105408,0.7164202584318942,7031.543099671412,discount_offer,250,906.757186435487
105409,0.3653442167434697,14651.433775811209,discount_offer,250,963.5069874586612
105411,0.5281622027551915,8362.132903981266,email_nudge,20,220.82812671492064
105412,0.6180516987793482,10560.47852233677,discount_offer,250,1174.845904317551
105417,0.671906534784673,8984.364949748742,discount_offer,250,1086.597633712779
105419,0.7525608473950673,22313.15137254902,personal_outreach,900,5877.201436742965
105421,0.3855522664287187,32235.17777777777,discount_offer,250,2237.10225317188
105422,0.3582446925954737,26626.17831325301,discount_offer,250,1716.963671668247
105425,0.4763971647324794,5900.79243697479,email_nudge,20,140.55603933248238
105426,0.605141240588903,19785.72721417069,discount_offer,250,2155.1687122206363
105427,0.7352336897076134,3586.4401606425704,email_nudge,20,131.84358161124013
105428,0.3817600015458959,10897.358700696055,email_nudge,20,208.0087837211954
105429,0.5467689212200341,11592.918310911808,discount_offer,250,1140.956538956861
105434,0.5932813934828496,5756.9654983570645,email_nudge,20,170.77502565489834
105436,0.4288964947761456,20561.66210986267,discount_offer,250,1587.3884650244854
105437,0.473673459807732,11436.04971671388,discount_offer,250,975.0515824528376
105438,0.4377649100181178,7704.709798994974,email_nudge,20,168.6425795936373
105439,0.3849248991326294,16633.73590604027,discount_offer,250,1152.4930408496425
105441,0.4242955331276759,23706.96188389924,discount_offer,250,1810.5764456459733
105442,0.5091743439651656,9907.045256410258,discount_offer,250,907.9943884318618
105443,0.5707773232786973,7611.141813602015,email_nudge,20,217.2133575731164
105444,0.61561887661728,3008.9484076433123,email_nudge,20,92.61827192563648
105447,0.6355504416199103,1275.9765217391305,none,0,0.0
105448,0.4583832103011793,9134.418838992333,email_nudge,20,209.35321158264384
105451,0.6981201744402753,24424.81543134873,personal_outreach,900,5968.009743361646
105453,0.5680107493154429,10148.337696335078,discount_offer,250,1037.58568185626
105456,0.6144150646666448,4569.636089813801,email_nudge,20,140.38266268129902
105458,0.6085290653169474,9901.750416666666,discount_offer,250,1084.590526690055
105460,0.6841952702243528,9149.830656934308,discount_offer,250,1126.8487545890823
105461,0.5533341398374868,10479.664173913045,discount_offer,250,1043.7760730624225
105462,0.5161628277032904,7639.310076670316,email_nudge,20,197.15639454381952
105464,0.6952457940339144,6147.053886010363,email_nudge,20,213.68566799742675
105468,0.4083732771637235,8286.391889117043,email_nudge,20,169.19705058108127
105472,0.5371657524488554,5238.786277602524,email_nudge,20,140.7048286363549
105474,0.7759938796225719,12038.71282722513,discount_offer,250,1681.5541450428811
105475,0.8768463651823627,1762.134446878423,email_nudge,20,77.25605923539892
105478,0.5013246343606789,3789.9273274917855,email_nudge,20,94.99919658541822
105479,0.7427670864137746,6037.544824707847,email_nudge,20,224.2244789270405
105483,0.7942485859293359,1231.6496913580247,none,0,0.0
105486,0.7279328169955828,9028.412888888888,discount_offer,250,1182.9740448974608
105487,0.3513141178772938,12280.43662420382,email_nudge,20,215.7145379890088
105488,0.629038565219616,929.255238095238,none,0,0.0
105490,0.6678778661315475,7045.355531215772,email_nudge,20,235.27185091632427
105491,0.7858987305840975,13058.87701317716,discount_offer,250,1847.3318761517603
105492,0.4605589055025077,9792.259644194755,email_nudge,20,225.49561920633565
105493,0.7671943404914181,1050.463778409091,none,0,0.0
105495,0.5897784609119379,2959.2114285714283,email_nudge,20,87.2639580927937
105496,0.4226158396537413,8758.351612903227,email_nudge,20,185.07090604348983
105497,0.5766126775488324,8348.350476758045,email_nudge,20,240.6882360759764
105498,0.5452229475303174,1475.160433070866,none,0,0.0
105499,0.7245536685521716,4319.761007667032,email_nudge,20,156.49493426868867
105500,0.760185225134412,7119.913844393592,discount_offer,250,974.2415955728328
105501,0.795254722671271,4799.419352941176,email_nudge,20,190.8380453253183
105502,0.7367581319166585,5137.231703703704,email_nudge,20,189.2448616621887
105503,0.3725473571469768,32133.03571428572,discount_offer,250,2154.7939558439816
105504,0.8163949213580941,5555.347973713034,email_nudge,20,226.76789360581495
105509,0.547580370961692,3475.6904395604392,email_nudge,20,95.1609930121256
105510,0.8664070265934964,5223.244431946006,email_nudge,20,226.2727838726688
105513,0.61680826264733,3728.7205804749337,email_nudge,20,114.9952831570044
105514,0.5278428533330634,3791.523488045007,email_nudge,20,100.06642882045028
105515,0.4744245911214269,10938.644444444444,discount_offer,250,934.12114523608
105516,0.710015023193739,4982.1100766703175,email_nudge,20,176.8686500820418
105521,0.5771664108980229,12855.204782608696,discount_offer,250,1335.5266330327247
105522,0.8199534838734983,1968.4484112149528,email_nudge,20,80.70180663004767
105523,0.3714010911233749,5697.417919075145,email_nudge,20,105.80136158651884
105525,0.6357511697548393,4159.261317567568,email_nudge,20,132.21276239798178
105526,0.5018355262980811,11031.679878048782,discount_offer,250,996.4959979594612
105531,0.3883590761368387,6526.971714285715,email_nudge,20,126.74043524656392
105533,0.7038720809773824,24190.201095290253,personal_outreach,900,5959.382514471156
105535,0.8328475840769642,2113.036887254902,email_nudge,20,87.9918833307877
105537,0.8434565600682085,3413.286892052194,email_nudge,20,143.9479610248125
105538,0.3786972220689947,50428.17538461539,personal_outreach,900,6683.953476256666
105539,0.3833727460461636,15940.79746835443,discount_offer,250,1100.0281139295787
105540,0.5158446490068068,2125.5166666666664,none,0,0.0
105541,0.7446947367685978,3279.0472617743703,email_nudge,20,122.09446187294282
105542,0.6730939211947821,9761.687915407856,discount_offer,250,1182.6959033630865
105543,0.4998506355559165,9149.095488721803,email_nudge,20,228.6590597399681
105545,0.4873598931496752,52201.99583333333,personal_outreach,900,8904.405689036592
105546,0.3756487948499032,10535.631887755102,email_nudge,20,197.88487108087077
105547,0.714580637435136,9052.9853286385,discount_offer,250,1164.435844829298
105549,0.3957562894646613,41768.90853658537,personal_outreach,900,5785.607890099744
105551,0.4712819619221006,10128.861938663746,email_nudge,20,238.6774963245771
105552,0.4613939122057313,15202.993272727272,discount_offer,250,1262.622337801389
105553,0.3796752523003697,8727.986612576065,email_nudge,20,165.69002596020334
105555,0.3632989729458654,13213.990358361776,email_nudge,20,240.03145628547009
105559,0.4947407192875819,33043.207676348546,personal_outreach,900,5721.737116677969
105560,0.3984308491225382,7800.816806722689,email_nudge,20,155.4043032075944
105561,0.6467269650625799,4414.027888446215,email_nudge,20,142.73354299982043
105562,0.6847651783646305,3656.78069105691,email_nudge,20,125.2018041075961
105563,0.7739003229041235,9723.795687645686,discount_offer,250,1354.5447520540897
105567,0.3865231460908449,5759.58243045388,email_nudge,20,111.31059605942946
105569,0.5639393554281049,8265.33105147864,email_nudge,20,233.0572732785383
105570,0.552464393203524,2635.6379629629632,email_nudge,20,72.80480639562528
105571,0.7089459254210514,2777.0143483023003,email_nudge,20,98.4376503532356
105572,0.5409758098495686,27295.508015267176,discount_offer,250,2657.9177196866194
105573,0.4668295105092117,49331.72875457876,personal_outreach,900,8060.327375475622
105574,0.5012143449200177,10545.333088235297,discount_offer,250,951.3849988409834
105575,0.7736055756470606,10041.525794085432,discount_offer,250,1398.272461615488
105576,0.8159847785968758,1727.9126838235295,email_nudge,20,70.49752243722382
105577,0.4898414367189673,37259.5058287796,personal_outreach,900,6387.937453312847
105580,0.6802958871111146,12655.762022900764,discount_offer,250,1549.7393134385572
105581,0.528957518184572,1298.474647887324,none,0,0.0
105584,0.4698613062388945,7831.213959390863,email_nudge,20,183.9792210197828
105589,0.6177193550784784,10228.783069977428,discount_offer,250,1137.333110620341
105590,0.804990337437888,3084.074599542334,email_nudge,20,124.13251262846016
105591,0.7806178951098621,8661.604423076924,discount_offer,250,1217.0526143429845
105592,0.6398429534566368,8206.806,discount_offer,250,945.1920581074164
105593,0.7687661832183699,5996.442278203724,email_nudge,20,230.4931021551972
105594,0.3673125140445804,5722.685256410256,email_nudge,20,105.10069543089526
105595,0.4462700262521991,8441.591901012373,email_nudge,20,188.36147196375717
105596,0.7703139679731826,3615.277685185185,email_nudge,20,139.24494494999513
105599,0.5057410684237695,7002.887044534415,email_nudge,20,177.08237879769044
105600,0.7201356315672683,4150.113351134847,email_nudge,20,149.4322249597623
105602,0.6847983364566168,4096.327437020811,email_nudge,20,140.2579107226724
105604,0.5704584250003318,24309.87951807229,discount_offer,250,2496.1996047289217
105605,0.6964315084363436,3988.975787401576,email_nudge,20,138.90242123680653
105606,0.369019303024632,2013.7962500000003,none,0,0.0
105608,0.5456055342244079,14593.63445017182,discount_offer,250,1433.2261896831094
105610,0.4723517943613904,11950.465,discount_offer,250,1016.0682455165388
105613,0.624155060198477,8483.916772151899,discount_offer,250,953.1503250554408
105615,0.4113382591466728,10435.21007667032,email_nudge,20,214.6200573383694
105618,0.7219447802021578,4673.107109004739,email_nudge,20,168.68626423357836
105619,0.7037094720048058,9047.733032258064,discount_offer,250,1146.0555782947372
105621,0.5136506593627033,8085.882758620691,email_nudge,20,207.6659505247516
105622,0.8209225626305394,2183.405740181269,email_nudge,20,89.62035177459185
105623,0.4471850089360507,7943.106451612904,email_nudge,20,177.60190647722592
105624,0.3526066315166637,6877.06374589266,email_nudge,20,121.244914108229
105625,0.5978402774633671,10350.767333333331,discount_offer,250,1113.859010613376
105626,0.6686063859309607,9181.433077765609,discount_offer,250,1104.9776618025312
105628,0.5443688634084812,7216.541031390135,email_nudge,20,196.42301194992584
105630,0.4705799299524011,5671.257692307693,email_nudge,20,133.43900237940852
105632,0.4346208986743374,9010.854545454546,email_nudge,20,195.8152850184597
105634,0.3590471971898201,18386.30782241015,discount_offer,250,1188.279412255013
105636,0.5051128800363717,6128.959828009828,email_nudge,20,154.79082751766347
105637,0.6345925884983262,8424.758673469389,discount_offer,250,962.3320945327196
105638,0.4070148922106639,10283.39832089552,email_nudge,20,209.27481295693065
105642,0.8383915146511501,4728.211155063291,email_nudge,20,198.2046055941988
105645,0.6764229430194675,16726.585217391304,discount_offer,250,2036.564279894474
105646,0.4727328414622617,13767.898891625617,discount_offer,250,1171.5368335205942
105656,0.5698765175584772,9391.928136531364,discount_offer,250,963.4030739290748
105657,0.4959302226826947,2985.4413385826774,email_nudge,20,74.02852939247148
105659,0.5738327207531168,16376.487909836069,discount_offer,250,1691.5256304627155
105662,0.425163197609445,6024.203333333333,email_nudge,20,128.06347761247386
105664,0.5022795979985022,8024.437299771167,email_nudge,20,201.5255570546624
105665,0.7411537471016871,10347.987573964496,discount_offer,250,1380.5009577729868
105667,0.8311272667882831,5341.638208409506,email_nudge,20,221.9790582163627
105669,0.3877390250016319,7664.522961630695,email_nudge,20,148.59173301226528
105671,0.4752897557876765,33014.63056872038,personal_outreach,900,5492.030495149614
105672,0.3807310208069968,8348.111538461539,email_nudge,20,158.91925139245652
105674,0.6032702658938974,15737.583333333336,discount_offer,250,1708.9228947649265
105675,0.4040910147484324,10980.44982964225,email_nudge,20,221.85505570271943
105676,0.7741547913611916,7107.373548740416,discount_offer,250,990.397311615214
105677,0.3626527920495164,15974.458974358971,discount_offer,250,1042.7727867357123
105678,0.3709316754833743,28673.060791366905,discount_offer,250,1914.434366504107
105679,0.7191644196326845,7079.947747747748,discount_offer,250,916.4963723469732
105681,0.7234473961163769,1392.8048192771084,none,0,0.0
105682,0.3691890807274143,12847.31689944134,email_nudge,20,237.15445579592617
105683,0.629619663125637,4263.1935626102295,email_nudge,20,134.20952473650186
105685,0.5972959375503583,2662.910163339383,email_nudge,20,79.52727113120872
105686,0.5446914947878823,11570.5,discount_offer,250,1134.4235292797746
105687,0.424303571163496,2240.3,none,0,0.0
105690,0.7009904929921695,8191.275629791895,discount_offer,250,1033.5611415532617
105692,0.6184349455138274,11364.548849945237,discount_offer,250,1265.0821467849205
105693,0.4723227296667561,9819.903846153846,email_nudge,20,231.9081894840231
105701,0.5357084135552844,5353.959787234042,email_nudge,20,143.40806519289686
105704,0.7659875786275214,2414.111398467433,email_nudge,20,92.45896723245843
105706,0.6191969566735892,11072.30396825397,discount_offer,250,1234.0686456913973
105707,0.7307339298405797,18721.96149312377,discount_offer,250,2462.539049314981
105708,0.7805828910386484,10944.352957486137,discount_offer,250,1537.735440978344
105709,0.533695997873982,21150.54587628866,discount_offer,250,2031.833103664556
105710,0.4654352118084871,4602.39481897628,email_nudge,20,107.10583036982544
105711,0.4111629838495091,16061.857634112794,discount_offer,250,1188.7274359814098
105713,0.4508614830569517,11539.885431400282,discount_offer,250,936.5201747835196
105714,0.505390181832345,5371.514204545455,email_nudge,20,135.73552702751255
105722,0.668793603983844,5711.354090909091,email_nudge,20,190.98585430434807
105723,0.6066549169373242,13490.829411764706,discount_offer,250,1473.170039317751
105725,0.6459918188900268,14472.594990548205,discount_offer,250,1682.8520331605264
105727,0.6061414521477062,7748.62964028777,email_nudge,20,234.83828111593937
105728,0.7445112953135201,6817.972143698469,discount_offer,250,913.69030898096
105729,0.8052597418549378,6687.195783132532,discount_offer,250,969.2873190105714
105730,0.3708004940035089,7453.586899563318,email_nudge,20,138.18968522280804
105731,0.7490248065332474,7104.4724171539965,discount_offer,250,957.8566940003216
105732,0.7457354163093792,8908.61856516977,discount_offer,250,1195.825027398902
105733,0.3561944207748193,17759.008394160584,discount_offer,250,1138.618747528773
105734,0.5684945715980629,5902.256773399015,email_nudge,20,167.77004679276197
105735,0.6269812322720345,600.498,none,0,0.0
105738,0.7553814454415446,12944.79948979592,discount_offer,250,1760.087042919542
105740,0.3552476452142918,11990.422781065086,email_nudge,20,212.97847290485865
105742,0.7635099673670598,4456.213586956522,email_nudge,20,170.1181745178911
105747,0.3513466879287855,8350.858596973865,email_nudge,20,146.7023254704196
105749,0.3802139664874927,11754.77584175084,email_nudge,20,223.46649739817212
105750,0.3946421879832447,14045.654024390244,discount_offer,250,997.7413744513856
105752,0.7158067949672346,12416.842066420664,discount_offer,250,1599.850786172204
105753,0.5266937208354566,7915.698630887186,email_nudge,20,208.45743824570508
105755,0.3584850711430082,10895.660441767068,email_nudge,20,195.2965804308464
105756,0.5126820209985837,8325.954986522911,email_nudge,20,213.4283714616901
105757,0.7899448698303385,3170.857635009311,email_nudge,20,125.24013608689825
105758,0.7749383916810735,9142.674315443592,discount_offer,250,1275.3016793412687
105761,0.7061148350165944,7945.606243154436,discount_offer,250,1009.8918794685272
105763,0.4463797819560164,5090.225,email_nudge,20,113.6086762803532
105764,0.417221239145664,1998.561224489796,none,0,0.0
105765,0.6176486971065709,1658.43661971831,none,0,0.0
105769,0.4382552385228025,21245.31634615385,discount_offer,250,1675.9568128996889
105770,0.5967980200275749,2531.8117647058825,email_nudge,20,75.54901241294955
105771,0.6828094454900385,11850.463622047244,discount_offer,250,1456.4895290225911
105773,0.4824103861224314,11037.812916666666,discount_offer,250,958.4560063937388
105775,0.5914299926173546,7450.281145833333,email_nudge,20,220.3159861538712
105777,0.6975515742470513,514.760606060606,none,0,0.0
105778,0.7594097374234855,3563.87915451895,email_nudge,20,135.32222664711347
105781,0.3912240403880901,46175.13476821192,personal_outreach,900,6322.687976319556
105783,0.4373053866326111,13377.001136363637,discount_offer,250,1052.970237706028
105785,0.6329334954546043,6686.820249653259,email_nudge,20,211.6156257044834
105787,0.7299956875584845,6867.466391509433,discount_offer,250,902.3797530458484
105788,0.6816610505552254,14784.830722891567,discount_offer,250,1814.083783712539
105789,0.7048325079892295,16263.593985637342,discount_offer,250,2063.3597528067567
105792,0.8636543180274474,2594.984090909091,email_nudge,20,112.05846076630831
105796,0.4136062541631418,3675.455873925501,email_nudge,20,76.00957681781216
105797,0.508536541836945,2113.1815384615384,none,0,0.0
105798,0.4756828493056506,13764.683625730995,discount_offer,250,1178.5723068381394
105799,0.5182717334476582,6455.942497261774,email_nudge,20,167.29662545471317
105800,0.3643470072121262,17568.646963562755,discount_offer,250,1152.1951095492896
105801,0.6795953706551149,538.40770609319,none,0,0.0
105802,0.5451114922722736,8050.279241877256,email_nudge,20,219.41498653741093
105803,0.3810765125048616,10759.06581920904,email_nudge,20,205.00136400972207
105804,0.6976556712700749,7261.182935153583,discount_offer,250,911.8449818710892
105807,0.5935735291761938,9785.009232769831,discount_offer,250,1045.4620433970292
105809,0.3803861109902118,12430.047208121829,email_nudge,20,236.4108658461101
105810,0.6560259398584889,21454.913658536585,discount_offer,250,2533.496381536355
105814,0.63457175706906,8151.949178532312,discount_offer,250,931.1394084766072
105816,0.6086758984121738,10464.039784946235,discount_offer,250,1146.4575870821184
105819,0.582288091307145,3832.703405572755,email_nudge,20,111.5868775288677
105820,0.410583523712074,4813.011666666666,email_nudge,20,98.80716448836613
105821,0.6846236361409871,7552.281720430109,discount_offer,250,930.6847030683548
105822,0.6552972548325405,8634.50153256705,discount_offer,250,1018.4697272049394
105823,0.4388636584489627,10564.72222222222,email_nudge,20,231.82363224707495
105824,0.4010351433320702,11180.0419395466,email_nudge,20,224.17948608423137
105827,0.7849852845291457,433.6169133192389,none,0,0.0
105828,0.6043098909204463,18883.99482071713,discount_offer,250,2054.121273044971
105829,0.4478325890345616,17137.026050420165,discount_offer,250,1381.4133740122302
105830,0.4505081733642802,6005.111953352769,email_nudge,20,135.26760084764803
105831,0.829879756415925,5597.3209748083245,email_nudge,20,232.25516835778404
105832,0.3614645568862065,17183.134395973157,discount_offer,250,1117.9969308641828
105833,0.4748780761320113,5616.906936416185,email_nudge,20,133.36729798889337
105834,0.701392027004442,10249.947176470589,discount_offer,250,1294.061620822769
105835,0.6014604728335203,6614.921861471862,email_nudge,20,198.93070152788283
105836,0.6038183580780812,51085.206241033,personal_outreach,900,10796.16487408924
105838,0.5820738269803966,11019.739435146445,discount_offer,250,1154.574342961647
105841,0.7318787536656463,13123.19786223278,discount_offer,250,1728.826145193348
105843,0.6695056555160511,11025.249418604652,discount_offer,250,1328.6640310615564
105845,0.7535165881742693,6297.505087719299,email_nudge,20,237.26372738541744
105847,0.4777095773127751,7724.111440677966,email_nudge,20,184.4941005721521
105848,0.476118117425116,5005.413461538462,email_nudge,20,119.1584017121013
105850,0.4265527554884978,8860.050437317785,email_nudge,20,188.96394639024857
105859,0.6510601806371906,11436.233570646222,discount_offer,250,1340.2217329765258
105861,0.3979826106179217,226785.45,personal_outreach,900,31589.83290440605
105864,0.3717984698848682,6663.405906593406,email_nudge,20,123.87220601466107
105865,0.7725911351651127,6099.102332089552,email_nudge,20,235.60561971186263
105869,0.4914006172429881,7191.615277777777,email_nudge,20,176.69820932370516
105871,0.4897774340355829,10508.922549019608,discount_offer,250,926.46596169675
105872,0.6869060033791676,15408.812814895948,discount_offer,250,1905.193084949618
105873,0.6115281544308415,9946.749145299143,discount_offer,250,1094.8890865340404
105875,0.579864505892728,24980.284990619133,discount_offer,250,2607.3325103660804
105876,0.6817475749106857,3256.2094551282057,email_nudge,20,110.99564497174498
105879,0.3796527215348413,26161.561555555552,discount_offer,250,1787.8154479502296
105880,0.7033081610632437,9670.211789181692,discount_offer,250,1224.2049966974655
105882,0.5806124097554402,10264.669558823529,discount_offer,250,1072.7630150205312
105885,0.7809348043447666,1667.163204225352,email_nudge,20,65.09728853512598
105886,0.7340091111865938,10555.006294706724,discount_offer,250,1394.544742010385
105887,0.5968852337834636,2392.046710526316,email_nudge,20,71.38886800167326
105888,0.7834302958110073,8199.901612903226,discount_offer,250,1156.3292423192274
105890,0.4934936500718935,10982.23779193206,discount_offer,250,975.539630501648
105891,0.6509337453274746,15906.791949616649,discount_offer,250,1863.7681787835995
105892,0.3732191248368524,13167.712962962962,discount_offer,250,884.5996154651843
105894,0.4109527047564558,13588.444968553458,discount_offer,250,1005.1574783870332
105895,0.5271068539994946,29377.346024096383,personal_outreach,900,5419.750154565601
105897,0.6756671626958312,1346.2799533799534,none,0,0.0
105900,0.4108233319290634,9958.94978308026,email_nudge,20,204.5684466199628
105901,0.5698140948170822,8758.538665447897,discount_offer,250,898.3329806830696
105902,0.8069547664601611,1508.8252464403065,email_nudge,20,60.87768621852163
105903,0.6758215959034709,3353.81512890095,email_nudge,20,113.32903463895228
105904,0.5944953429710683,23581.664233576645,discount_offer,250,2523.45412194637
105905,0.5531950696840444,14407.50370967742,discount_offer,250,1434.6288033566632
105907,0.3722897759915987,13530.82395143488,discount_offer,250,906.7297352150608
105910,0.6751330637508596,17028.551451800235,discount_offer,250,2069.3768603207477
105913,0.8307290507339563,6822.092200232829,discount_offer,250,1020.1158319534102
105914,0.6228466642688627,6254.864747356052,email_nudge,20,194.791082167181
105915,0.7739615418024032,10861.948247535596,discount_offer,250,1513.211438275301
105917,0.5184209944287824,9782.271375464685,discount_offer,250,912.8402737633106
105919,0.3720052373661952,25209.376785714285,discount_offer,250,1688.0436351042283
105922,0.564267692104427,28764.40401606425,personal_outreach,900,5680.788354116359
105924,0.5412857045226658,12086.812468193384,discount_offer,250,1177.6353844102914
105925,0.4126662711192301,36252.67942430703,discount_offer,250,2692.846446499732
105926,0.5593098670411045,2758.4388714733545,email_nudge,20,77.14110392223881
105927,0.6080185322414102,2779.324311926606,email_nudge,20,84.49403443802412
105929,0.390230811808047,18623.458281733747,discount_offer,250,1308.140503911766
105930,0.6449961382343535,2405.734210526316,email_nudge,20,77.58446377038726
105932,0.4686110947363089,3408.7582978723403,email_nudge,20,79.86909788287173
105934,0.4280082130036928,7069.775036927621,email_nudge,20,151.29608899467536
105935,0.4341300928363363,7399.03373493976,email_nudge,20,160.6071601124291
105936,0.5269673263979544,11843.684898477157,discount_offer,250,1123.4222938170603
105938,0.4639208062690695,10239.498684210526,email_nudge,20,237.5158242685012
105940,0.351132931679791,10110.624667931688,email_nudge,20,177.50866403824335
105941,0.4722587667714368,4086.8347128378377,email_nudge,20,96.5021760741748
105942,0.5610182362778507,3606.896046511627,email_nudge,20,101.17672292257528
105943,0.4374427536955537,8220.371686746988,email_nudge,20,179.79710135257832
105944,0.5596261186026432,26388.307425742576,discount_offer,250,2658.1654910090924
105946,0.4458735289571395,12560.343037974682,discount_offer,250,1008.0584055457216
105948,0.3779229633972754,15834.90382585752,discount_offer,250,1077.187280216207
105949,0.3654824839164202,6493.87945054945,email_nudge,20,118.66995959203057
105954,0.8827595675546063,3727.3175657894735,email_nudge,20,164.51626212575016
105955,0.4352189226527866,44643.70763888889,personal_outreach,900,6800.425219638119
105956,0.4715729228820206,3317.5458333333336,email_nudge,20,78.22323927100345
105957,0.4263515044504341,5931.038842975207,email_nudge,20,126.4353666828221
105958,0.483183594885234,9277.998969072163,email_nudge,20,224.14884476088915
105959,0.4194288814112262,8617.885122699387,email_nudge,20,180.7294958572126
105960,0.3806597277041889,14430.275,discount_offer,250,988.7444193953816
105963,0.590758464490399,1142.45,none,0,0.0
105964,0.3654725268579094,18324.48898916968,discount_offer,250,1205.4775129653203
105967,0.3701519643399683,32618.02222222222,discount_offer,250,2173.252499719252
105968,0.598806496806277,2539.000518134715,email_nudge,20,76.01850028267854
105969,0.7452387248356626,1553.7342931937171,email_nudge,20,57.89514816965627
105970,0.541216747388164,10318.060947712418,discount_offer,250,1005.1753293852752
105973,0.3802147654510942,98059.85714285714,personal_outreach,900,13049.331954308733
105974,0.3690026287246754,16740.475263157892,discount_offer,250,1111.9102880770197
105977,0.8979055459420069,1210.9661422708618,none,0,0.0
105978,0.7794118699718094,8807.84578313253,discount_offer,250,1235.6891194058355
105979,0.6274525841798164,1466.6333333333334,none,0,0.0
105980,0.5758459647451125,5263.133112094396,email_nudge,20,151.5376982257972
105981,0.5435245732546258,14847.260452418095,discount_offer,250,1452.573162252149
105982,0.7069876118448348,26769.947535596937,personal_outreach,900,6624.107447091119
105983,0.5212180784705397,5875.62048192771,email_nudge,20,153.1239808706254
105987,0.4953166069609965,10865.67881355932,discount_offer,250,968.751209206834
105990,0.6004790682260981,6278.329390243902,email_nudge,20,188.50026911350923
105991,0.4359409626802191,35821.32787513691,personal_outreach,900,5465.594455429833
105992,0.6628096152965668,4392.782733050847,email_nudge,20,145.57893166874166
105994,0.6269311301450167,7276.367993630573,email_nudge,20,228.08908047989215
105995,0.378974978848479,4593.253460207612,email_nudge,20,87.03640664639416
105997,0.5437871459984499,8379.606073446326,email_nudge,20,227.8361035635328
105999,0.3606546712204126,16979.335141509437,discount_offer,250,1102.261775940411
