customer_id,signup_date,region,acquisition_channel,age,primary_category
100000,2024-03-06,North,Paid Ads,45,Sports & Outdoors
100001,2023-08-25,South,Referral,24,Toys & Games
100002,2024-05-11,Central,Paid Ads,23,Electronics
100003,2024-06-30,Central,Email,30,Home & Kitchen
100004,2023-06-23,South,Paid Ads,42,Toys & Games
100005,2024-06-02,Central,Referral,25,Grocery
100006,2023-12-31,South,Direct,32,Home & Kitchen
100007,2024-02-09,North,Referral,33,Grocery
100008,2023-06-23,South,Direct,23,Home & Kitchen
100009,2024-08-22,East,Email,18,Fashion
100010,2023-01-01,North,Social Media,23,Beauty & Personal Care
100011,2024-10-31,North,Paid Ads,37,Fashion
100012,2023-12-03,West,Paid Ads,40,Books
100013,2024-01-22,West,Direct,40,Fashion
100014,2024-11-21,West,Organic Search,41,Beauty & Personal Care
100015,2023-10-27,Central,Direct,28,Sports & Outdoors
100016,2024-07-31,South,Paid Ads,25,Grocery
100017,2025-02-01,Central,Referral,39,Electronics
100018,2023-08-29,South,Paid Ads,32,Sports & Outdoors
100019,2025-04-06,Central,Direct,44,Grocery
100020,2024-12-28,West,Organic Search,39,Sports & Outdoors
100021,2024-05-15,South,Paid Ads,49,Fashion
100022,2023-06-27,South,Direct,29,Sports & Outdoors
100023,2023-09-28,East,Organic Search,46,Sports & Outdoors
100024,2024-03-12,East,Organic Search,57,Fashion
100025,2025-05-18,South,Direct,35,Grocery
100026,2024-11-11,South,Email,40,Fashion
100027,2024-09-18,Central,Organic Search,24,Toys & Games
100028,2025-02-10,West,Social Media,44,Home & Kitchen
100029,2025-06-14,North,Organic Search,47,Electronics
100030,2024-04-28,West,Organic Search,29,Books
100031,2023-09-13,North,Social Media,41,Beauty & Personal Care
100032,2024-10-09,East,Organic Search,38,Sports & Outdoors
100033,2023-07-04,North,Paid Ads,39,Fashion
100034,2025-04-23,West,Organic Search,43,Electronics
100035,2025-02-20,North,Direct,40,Fashion
100036,2024-05-06,South,Social Media,33,Home & Kitchen
100037,2024-10-30,North,Organic Search,44,Electronics
100038,2023-10-22,North,Direct,47,Books
100039,2024-01-04,North,Email,28,Beauty & Personal Care
100040,2024-10-13,East,Organic Search,34,Fashion
100041,2025-04-10,Central,Direct,18,Sports & Outdoors
100042,2024-11-10,South,Organic Search,41,Books
100043,2023-12-25,West,Paid Ads,48,Beauty & Personal Care
100044,2023-10-04,East,Paid Ads,32,Sports & Outdoors
100045,2024-10-29,South,Organic Search,36,Beauty & Personal Care
100046,2025-06-15,North,Referral,32,Electronics
100047,2025-04-30,West,Social Media,30,Beauty & Personal Care
100048,2024-01-28,North,Direct,37,Fashion
100049,2024-10-17,East,Organic Search,26,Sports & Outdoors
100050,2024-10-11,North,Organic Search,32,Books
100051,2025-02-23,West,Paid Ads,25,Beauty & Personal Care
100052,2025-02-26,Central,Organic Search,41,Beauty & Personal Care
100053,2023-07-12,South,Direct,37,Fashion
100054,2024-01-13,South,Referral,30,Books
100055,2024-12-12,East,Email,35,Sports & Outdoors
100056,2024-05-31,East,Referral,32,Home & Kitchen
100057,2024-04-02,South,Organic Search,47,Fashion
100058,2023-01-01,South,Organic Search,30,Toys & Games
100059,2025-03-12,North,Paid Ads,41,Sports & Outdoors
100060,2024-04-07,South,Email,27,Electronics
100061,2023-07-15,East,Paid Ads,43,Fashion
100062,2023-01-01,West,Organic Search,46,Grocery
100063,2024-12-22,West,Referral,46,Sports & Outdoors
100064,2024-10-20,East,Organic Search,51,Fashion
100065,2023-10-18,West,Social Media,38,Home & Kitchen
100066,2025-05-20,East,Organic Search,48,Fashion
100067,2024-03-02,South,Social Media,52,Beauty & Personal Care
100068,2023-01-01,South,Paid Ads,22,Electronics
100069,2024-01-22,East,Direct,28,Fashion
100070,2025-07-23,South,Referral,18,Electronics
100071,2025-01-30,West,Organic Search,46,Toys & Games
100072,2024-12-16,North,Email,18,Fashion
100073,2023-03-17,North,Email,18,Beauty & Personal Care
100074,2024-08-14,East,Referral,22,Fashion
100075,2025-06-13,North,Direct,18,Electronics
100076,2024-07-12,North,Email,37,Electronics
100077,2024-05-10,South,Organic Search,23,Electronics
100078,2024-11-18,North,Paid Ads,18,Beauty & Personal Care
100079,2025-03-01,South,Paid Ads,34,Beauty & Personal Care
100080,2023-01-01,East,Social Media,35,Fashion
100081,2023-07-13,South,Direct,18,Toys & Games
100082,2023-05-27,Central,Social Media,27,Home & Kitchen
100083,2024-08-14,North,Paid Ads,34,Sports & Outdoors
100084,2024-12-26,West,Direct,31,Beauty & Personal Care
100085,2024-11-07,East,Referral,31,Fashion
100086,2025-04-23,West,Organic Search,47,Electronics
100087,2023-01-01,West,Direct,58,Fashion
100088,2024-08-02,North,Paid Ads,31,Books
100089,2023-01-01,West,Social Media,20,Sports & Outdoors
100090,2024-10-26,South,Paid Ads,32,Fashion
100091,2024-01-16,West,Direct,37,Toys & Games
100092,2024-04-21,South,Organic Search,34,Grocery
100093,2025-05-06,South,Paid Ads,41,Fashion
100094,2023-01-01,West,Referral,59,Fashion
100095,2024-10-18,Central,Direct,18,Toys & Games
100096,2025-03-27,Central,Organic Search,29,Toys & Games
100097,2023-10-14,West,Organic Search,51,Home & Kitchen
100098,2024-06-26,East,Direct,29,Grocery
100099,2024-02-22,East,Email,43,Toys & Games
100100,2024-05-24,Central,Paid Ads,41,Grocery
100101,2025-07-17,South,Paid Ads,48,Books
100102,2025-02-05,Central,Paid Ads,56,Home & Kitchen
100103,2025-02-12,West,Referral,38,Beauty & Personal Care
100104,2023-06-04,West,Social Media,18,Sports & Outdoors
100105,2024-06-14,East,Email,27,Fashion
100106,2023-12-22,Central,Organic Search,59,Books
100107,2024-10-03,West,Email,19,Beauty & Personal Care
100108,2023-11-30,North,Organic Search,40,Beauty & Personal Care
100109,2024-08-13,West,Direct,18,Grocery
100110,2024-09-03,West,Organic Search,20,Toys & Games
100111,2024-04-23,Central,Organic Search,44,Fashion
100112,2024-05-24,Central,Organic Search,35,Sports & Outdoors
100113,2023-01-01,Central,Organic Search,30,Beauty & Personal Care
100114,2025-02-07,North,Paid Ads,26,Fashion
100115,2025-05-19,West,Referral,18,Books
100116,2024-03-01,Central,Direct,42,Books
100117,2025-01-12,Central,Social Media,31,Grocery
100118,2025-07-24,East,Social Media,18,Home & Kitchen
100119,2025-03-19,Central,Paid Ads,35,Grocery
100120,2023-01-01,Central,Email,41,Fashion
100121,2025-02-12,North,Organic Search,32,Home & Kitchen
100122,2025-06-22,Central,Paid Ads,36,Beauty & Personal Care
100123,2023-01-01,West,Organic Search,35,Beauty & Personal Care
100124,2025-03-25,East,Organic Search,27,Electronics
100125,2023-01-01,North,Social Media,35,Fashion
100126,2024-10-14,Central,Organic Search,43,Fashion
100127,2023-01-01,South,Organic Search,46,Toys & Games
100128,2024-09-09,East,Email,43,Toys & Games
100129,2024-01-13,South,Organic Search,27,Home & Kitchen
100130,2024-08-07,Central,Social Media,41,Sports & Outdoors
100131,2024-09-07,East,Paid Ads,40,Beauty & Personal Care
100132,2024-04-02,North,Direct,27,Home & Kitchen
100133,2023-12-29,North,Referral,29,Sports & Outdoors
100134,2024-05-01,Central,Organic Search,42,Toys & Games
100135,2024-06-06,South,Direct,50,Fashion
100136,2025-01-10,West,Paid Ads,18,Fashion
100137,2024-07-26,North,Paid Ads,53,Toys & Games
100138,2023-01-01,Central,Referral,47,Books
100139,2025-01-19,West,Referral,37,Fashion
100140,2024-03-22,South,Paid Ads,32,Electronics
100141,2023-01-06,Central,Paid Ads,39,Books
100142,2023-12-25,South,Organic Search,27,Beauty & Personal Care
100143,2023-05-29,Central,Social Media,33,Fashion
100144,2025-03-27,East,Direct,18,Books
100145,2024-03-21,East,Paid Ads,18,Electronics
100146,2024-09-23,North,Direct,60,Home & Kitchen
100147,2024-09-11,South,Organic Search,35,Fashion
100148,2023-01-01,North,Email,37,Grocery
100149,2024-09-07,Central,Direct,34,Fashion
100150,2024-03-09,North,Referral,25,Fashion
100151,2025-06-22,North,Organic Search,31,Sports & Outdoors
100152,2023-01-01,North,Paid Ads,36,Electronics
100153,2023-07-01,Central,Organic Search,32,Sports & Outdoors
100154,2024-07-14,Central,Social Media,26,Electronics
100155,2024-10-05,West,Direct,40,Electronics
100156,2023-11-11,North,Paid Ads,37,Home & Kitchen
100157,2023-01-14,East,Organic Search,39,Toys & Games
100158,2023-01-01,Central,Organic Search,42,Fashion
100159,2023-07-19,North,Social Media,33,Fashion
100160,2024-06-01,West,Social Media,33,Books
100161,2023-04-27,North,Organic Search,51,Grocery
100162,2023-08-10,Central,Email,24,Home & Kitchen
100163,2024-05-31,East,Organic Search,18,Home & Kitchen
100164,2023-08-25,Central,Social Media,41,Fashion
100165,2023-09-04,East,Paid Ads,28,Home & Kitchen
100166,2024-07-16,West,Organic Search,23,Electronics
100167,2024-11-23,Central,Referral,44,Electronics
100168,2023-10-17,South,Referral,33,Sports & Outdoors
100169,2025-03-10,West,Paid Ads,21,Home & Kitchen
100170,2025-04-14,East,Email,56,Sports & Outdoors
100171,2024-03-03,East,Social Media,18,Books
100172,2023-10-30,West,Paid Ads,34,Electronics
100173,2024-03-06,South,Direct,18,Beauty & Personal Care
100174,2024-01-22,North,Direct,37,Beauty & Personal Care
100175,2023-11-07,East,Organic Search,27,Electronics
100176,2023-01-01,Central,Direct,44,Toys & Games
100177,2023-07-09,North,Email,34,Sports & Outdoors
100178,2023-07-26,South,Organic Search,49,Grocery
100179,2024-04-02,West,Social Media,30,Beauty & Personal Care
100180,2024-03-19,East,Organic Search,18,Grocery
100181,2024-08-11,West,Social Media,37,Fashion
100182,2024-02-03,East,Direct,32,Grocery
100183,2025-03-18,Central,Paid Ads,18,Toys & Games
100184,2023-01-01,Central,Social Media,23,Electronics
100185,2025-02-01,East,Organic Search,26,Books
100186,2023-07-10,East,Social Media,52,Electronics
100187,2023-01-01,South,Email,42,Books
100188,2023-07-12,East,Organic Search,31,Grocery
100189,2023-01-01,Central,Social Media,40,Fashion
100190,2025-07-14,East,Paid Ads,18,Home & Kitchen
100191,2024-11-07,West,Referral,28,Electronics
100192,2023-01-01,East,Referral,39,Books
100193,2025-04-19,West,Referral,36,Electronics
100194,2025-01-26,West,Paid Ads,29,Toys & Games
100195,2023-12-06,East,Social Media,34,Fashion
100196,2024-06-06,Central,Referral,38,Fashion
100197,2024-01-03,Central,Referral,34,Toys & Games
100198,2024-05-07,North,Social Media,44,Books
100199,2024-04-04,South,Direct,38,Home & Kitchen
100200,2025-01-06,Central,Organic Search,40,Sports & Outdoors
100201,2024-04-16,East,Organic Search,53,Grocery
100202,2024-10-21,South,Direct,44,Sports & Outdoors
100203,2024-09-15,West,Organic Search,54,Fashion
100204,2023-07-18,West,Direct,27,Home & Kitchen
100205,2025-04-26,North,Social Media,18,Beauty & Personal Care
100206,2025-08-04,North,Direct,33,Beauty & Personal Care
100207,2023-08-26,Central,Social Media,32,Fashion
100208,2024-04-15,West,Email,51,Electronics
100209,2023-01-01,South,Referral,22,Home & Kitchen
100210,2025-01-21,Central,Social Media,34,Grocery
100211,2024-07-26,North,Paid Ads,39,Fashion
100212,2024-05-24,Central,Organic Search,36,Home & Kitchen
100213,2024-12-12,North,Organic Search,33,Fashion
100214,2025-02-14,West,Direct,38,Beauty & Personal Care
100215,2023-07-31,Central,Organic Search,46,Toys & Games
100216,2025-05-08,West,Email,51,Fashion
100217,2025-03-15,West,Social Media,35,Sports & Outdoors
100218,2024-08-06,South,Paid Ads,26,Books
100219,2023-05-29,South,Direct,51,Toys & Games
100220,2024-11-27,South,Organic Search,23,Electronics
100221,2024-12-26,North,Social Media,54,Grocery
100222,2024-08-24,South,Paid Ads,49,Sports & Outdoors
100223,2024-02-12,South,Organic Search,51,Grocery
100224,2024-10-07,West,Organic Search,42,Sports & Outdoors
100225,2023-03-16,South,Referral,18,Fashion
100226,2023-02-18,North,Organic Search,23,Home & Kitchen
100227,2024-08-06,West,Email,38,Electronics
100228,2023-01-01,East,Social Media,27,Electronics
100229,2024-05-31,South,Organic Search,31,Toys & Games
100230,2023-03-11,West,Paid Ads,41,Grocery
100231,2024-02-23,South,Organic Search,33,Electronics
100232,2024-03-02,West,Email,21,Home & Kitchen
100233,2025-06-04,North,Social Media,44,Fashion
100234,2025-03-28,East,Organic Search,40,Fashion
100235,2024-09-23,East,Social Media,32,Grocery
100236,2023-02-23,South,Social Media,42,Toys & Games
100237,2024-02-18,West,Referral,36,Home & Kitchen
100238,2024-09-21,South,Organic Search,49,Grocery
100239,2023-10-25,West,Organic Search,36,Fashion
100240,2023-03-18,South,Paid Ads,49,Sports & Outdoors
100241,2024-06-22,East,Referral,18,Electronics
100242,2024-04-06,West,Referral,40,Fashion
100243,2024-05-24,Central,Organic Search,30,Beauty & Personal Care
100244,2024-07-13,South,Organic Search,25,Electronics
100245,2025-01-23,East,Referral,47,Electronics
100246,2025-02-07,East,Organic Search,44,Fashion
100247,2023-10-28,Central,Social Media,18,Home & Kitchen
100248,2023-03-06,Central,Paid Ads,42,Fashion
100249,2024-09-21,West,Organic Search,41,Fashion
100250,2024-09-28,Central,Social Media,27,Fashion
100251,2025-06-29,North,Organic Search,25,Electronics
100252,2025-07-13,West,Social Media,18,Home & Kitchen
100253,2023-01-01,Central,Organic Search,31,Fashion
100254,2025-01-10,West,Paid Ads,33,Books
100255,2023-01-01,East,Social Media,43,Fashion
100256,2024-12-03,Central,Organic Search,37,Fashion
100257,2025-05-31,West,Social Media,23,Home & Kitchen
100258,2024-05-21,Central,Email,37,Electronics
100259,2023-08-06,North,Direct,32,Electronics
100260,2023-10-03,West,Organic Search,24,Sports & Outdoors
100261,2023-06-14,East,Organic Search,18,Fashion
100262,2025-03-02,Central,Paid Ads,41,Beauty & Personal Care
100263,2023-01-01,Central,Direct,39,Fashion
100264,2023-01-01,Central,Paid Ads,41,Fashion
100265,2023-01-01,South,Paid Ads,26,Electronics
100266,2024-03-24,East,Referral,36,Fashion
100267,2024-10-13,North,Organic Search,19,Beauty & Personal Care
100268,2024-11-05,Central,Social Media,24,Beauty & Personal Care
100269,2025-06-01,South,Paid Ads,35,Fashion
100270,2024-11-28,West,Social Media,37,Fashion
100271,2025-08-07,East,Referral,18,Fashion
100272,2025-06-15,Central,Paid Ads,23,Electronics
100273,2024-03-28,Central,Referral,30,Beauty & Personal Care
100274,2024-09-12,West,Social Media,45,Grocery
100275,2024-04-13,West,Organic Search,26,Beauty & Personal Care
100276,2023-09-15,North,Direct,36,Electronics
100277,2024-02-03,Central,Email,37,Fashion
100278,2024-03-09,North,Direct,32,Home & Kitchen
100279,2024-07-23,East,Referral,37,Grocery
100280,2025-01-17,South,Organic Search,20,Fashion
100281,2025-04-18,South,Paid Ads,27,Electronics
100282,2024-11-22,Central,Paid Ads,50,Beauty & Personal Care
100283,2024-07-17,South,Organic Search,51,Beauty & Personal Care
100284,2024-06-07,East,Paid Ads,44,Toys & Games
100285,2023-06-12,South,Paid Ads,47,Beauty & Personal Care
100286,2024-08-15,Central,Organic Search,18,Electronics
100287,2023-11-26,West,Email,24,Books
100288,2025-05-17,East,Organic Search,31,Fashion
100289,2024-03-22,North,Social Media,61,Grocery
100290,2024-04-18,North,Email,31,Home & Kitchen
100291,2023-01-01,South,Social Media,43,Grocery
100292,2024-09-12,East,Organic Search,39,Fashion
100293,2024-09-23,Central,Social Media,38,Beauty & Personal Care
100294,2023-09-11,North,Email,34,Books
100295,2025-04-07,East,Direct,21,Electronics
100296,2024-04-01,South,Paid Ads,18,Home & Kitchen
100297,2025-04-15,North,Organic Search,49,Books
100298,2023-01-01,West,Social Media,28,Beauty & Personal Care
100299,2024-10-29,West,Organic Search,18,Electronics
100300,2025-04-24,Central,Email,39,Electronics
100301,2024-11-23,East,Referral,39,Fashion
100302,2024-03-30,South,Email,43,Fashion
100303,2023-12-10,Central,Direct,47,Beauty & Personal Care
100304,2023-01-01,South,Social Media,24,Electronics
100305,2024-12-22,West,Direct,25,Fashion
100306,2023-08-19,Central,Referral,31,Fashion
100307,2025-06-14,North,Organic Search,44,Grocery
100308,2025-03-14,Central,Email,18,Fashion
100309,2025-05-14,South,Referral,36,Sports & Outdoors
100310,2025-01-28,East,Direct,45,Grocery
100311,2023-09-12,South,Organic Search,44,Books
100312,2024-12-16,North,Paid Ads,42,Electronics
100313,2024-11-03,West,Email,46,Sports & Outdoors
100314,2024-03-19,East,Organic Search,18,Grocery
100315,2023-12-29,East,Referral,52,Home & Kitchen
100316,2024-10-26,East,Social Media,38,Grocery
100317,2025-03-15,West,Organic Search,49,Books
100318,2023-01-01,Central,Organic Search,22,Sports & Outdoors
100319,2024-10-24,East,Email,18,Beauty & Personal Care
100320,2024-09-28,North,Organic Search,54,Home & Kitchen
100321,2024-08-24,South,Referral,24,Fashion
100322,2023-11-12,East,Referral,31,Sports & Outdoors
100323,2025-05-23,North,Referral,40,Grocery
100324,2023-01-01,South,Paid Ads,43,Fashion
100325,2024-10-06,South,Organic Search,46,Books
100326,2023-10-27,Central,Email,37,Sports & Outdoors
100327,2025-04-22,East,Organic Search,23,Fashion
100328,2024-04-28,Central,Paid Ads,42,Books
100329,2023-01-01,East,Direct,42,Fashion
100330,2023-01-01,East,Paid Ads,18,Fashion
100331,2023-11-09,Central,Organic Search,50,Fashion
100332,2025-02-10,West,Direct,18,Fashion
100333,2023-01-01,South,Organic Search,46,Home & Kitchen
100334,2025-06-15,South,Organic Search,28,Fashion
100335,2025-02-17,West,Paid Ads,42,Sports & Outdoors
100336,2024-07-21,North,Email,40,Grocery
100337,2025-06-07,North,Direct,34,Sports & Outdoors
100338,2024-11-24,North,Email,39,Beauty & Personal Care
100339,2023-08-09,West,Direct,34,Books
100340,2025-01-08,East,Organic Search,42,Grocery
100341,2023-07-15,North,Social Media,59,Beauty & Personal Care
100342,2023-01-01,West,Organic Search,20,Electronics
100343,2024-02-02,West,Direct,18,Fashion
100344,2023-07-24,West,Direct,30,Fashion
100345,2023-01-01,North,Paid Ads,29,Toys & Games
100346,2024-11-02,Central,Email,30,Sports & Outdoors
100347,2023-08-06,North,Referral,24,Home & Kitchen
100348,2024-11-08,East,Organic Search,44,Fashion
100349,2024-03-02,East,Social Media,19,Toys & Games
100350,2023-05-17,South,Direct,39,Sports & Outdoors
100351,2025-02-02,South,Paid Ads,42,Fashion
100352,2025-08-04,North,Organic Search,38,Home & Kitchen
100353,2025-02-19,East,Direct,40,Fashion
100354,2023-02-19,West,Paid Ads,45,Toys & Games
100355,2025-03-13,South,Paid Ads,35,Beauty & Personal Care
100356,2023-03-26,East,Referral,31,Electronics
100357,2025-02-19,Central,Social Media,40,Fashion
100358,2024-09-02,South,Paid Ads,41,Beauty & Personal Care
100359,2024-06-29,South,Organic Search,44,Beauty & Personal Care
100360,2025-03-14,North,Email,18,Fashion
100361,2024-08-30,East,Social Media,32,Books
100362,2025-06-01,South,Referral,23,Fashion
100363,2024-10-10,Central,Direct,41,Toys & Games
100364,2024-07-26,South,Organic Search,42,Grocery
100365,2025-08-01,West,Direct,31,Home & Kitchen
100366,2025-02-21,North,Email,26,Home & Kitchen
100367,2024-03-14,South,Direct,41,Fashion
100368,2025-04-01,North,Organic Search,33,Electronics
100369,2024-01-08,East,Paid Ads,50,Sports & Outdoors
100370,2023-11-26,North,Referral,54,Grocery
100371,2024-03-16,North,Direct,46,Home & Kitchen
100372,2023-08-12,East,Direct,37,Grocery
100373,2025-06-07,East,Paid Ads,55,Toys & Games
100374,2023-04-20,South,Social Media,37,Beauty & Personal Care
100375,2025-03-11,East,Organic Search,29,Fashion
100376,2024-05-21,East,Referral,27,Grocery
100377,2023-01-01,West,Email,27,Fashion
100378,2024-10-15,East,Email,34,Toys & Games
100379,2024-06-20,Central,Paid Ads,40,Fashion
100380,2025-03-10,South,Direct,19,Fashion
100381,2023-01-01,North,Organic Search,30,Electronics
100382,2025-02-21,East,Social Media,37,Fashion
100383,2023-10-16,North,Social Media,42,Beauty & Personal Care
100384,2023-01-01,West,Social Media,34,Home & Kitchen
100385,2023-08-30,South,Email,37,Beauty & Personal Care
100386,2024-02-20,South,Social Media,21,Home & Kitchen
100387,2024-05-26,East,Organic Search,24,Beauty & Personal Care
100388,2025-04-23,North,Organic Search,34,Beauty & Personal Care
100389,2023-01-01,South,Social Media,40,Toys & Games
100390,2024-03-25,Central,Referral,37,Grocery
100391,2024-06-20,West,Social Media,25,Fashion
100392,2025-03-24,East,Paid Ads,32,Home & Kitchen
100393,2024-06-04,East,Organic Search,51,Electronics
100394,2024-07-11,East,Email,40,Fashion
100395,2023-01-01,Central,Social Media,33,Fashion
100396,2024-06-20,Central,Social Media,23,Toys & Games
100397,2024-06-09,East,Paid Ads,27,Sports & Outdoors
100398,2025-03-22,Central,Organic Search,35,Grocery
100399,2025-01-15,North,Organic Search,38,Fashion
100400,2023-12-12,South,Organic Search,41,Grocery
100401,2025-06-25,South,Referral,39,Sports & Outdoors
100402,2023-04-24,West,Organic Search,30,Electronics
100403,2023-04-08,West,Paid Ads,29,Fashion
100404,2025-02-05,East,Direct,57,Sports & Outdoors
100405,2024-02-19,South,Paid Ads,28,Fashion
100406,2023-01-01,East,Social Media,20,Fashion
100407,2024-08-06,South,Paid Ads,18,Toys & Games
100408,2024-10-01,East,Paid Ads,31,Home & Kitchen
100409,2024-08-28,South,Organic Search,45,Fashion
100410,2024-03-26,Central,Direct,28,Fashion
100411,2024-12-20,West,Paid Ads,51,Beauty & Personal Care
100412,2024-10-24,North,Referral,34,Books
100413,2024-03-18,Central,Direct,47,Grocery
100414,2024-11-13,West,Organic Search,26,Books
100415,2025-04-05,South,Referral,26,Toys & Games
100416,2025-07-02,East,Organic Search,36,Beauty & Personal Care
100417,2024-06-14,North,Paid Ads,40,Home & Kitchen
100418,2023-01-01,North,Email,33,Sports & Outdoors
100419,2024-01-29,East,Organic Search,38,Fashion
100420,2025-03-30,West,Direct,41,Books
100421,2025-01-17,South,Social Media,19,Home & Kitchen
100422,2024-10-03,South,Paid Ads,31,Electronics
100423,2023-01-01,Central,Organic Search,29,Fashion
100424,2023-01-01,Central,Social Media,29,Books
100425,2023-01-01,East,Social Media,39,Toys & Games
100426,2024-05-10,North,Organic Search,29,Beauty & Personal Care
100427,2023-01-01,West,Social Media,18,Home & Kitchen
100428,2025-01-07,West,Organic Search,32,Grocery
100429,2024-10-13,Central,Direct,23,Fashion
100430,2023-06-08,Central,Paid Ads,40,Electronics
100431,2024-03-16,West,Social Media,43,Fashion
100432,2024-02-22,North,Email,18,Electronics
100433,2025-03-04,South,Referral,26,Home & Kitchen
100434,2024-07-13,West,Direct,38,Fashion
100435,2025-01-04,West,Direct,19,Fashion
100436,2025-05-03,East,Organic Search,43,Fashion
100437,2024-12-09,East,Paid Ads,46,Fashion
100438,2024-03-16,West,Referral,33,Beauty & Personal Care
100439,2023-09-07,East,Organic Search,26,Electronics
100440,2025-07-05,North,Referral,18,Beauty & Personal Care
100441,2024-06-28,Central,Organic Search,43,Books
100442,2024-07-28,South,Direct,57,Sports & Outdoors
100443,2024-04-05,South,Referral,54,Beauty & Personal Care
100444,2025-03-27,North,Social Media,32,Home & Kitchen
100445,2025-03-24,East,Paid Ads,22,Beauty & Personal Care
100446,2023-01-01,Central,Direct,44,Fashion
100447,2025-02-03,North,Referral,33,Electronics
100448,2024-10-25,South,Email,40,Beauty & Personal Care
100449,2024-09-29,North,Email,38,Grocery
100450,2024-12-31,North,Organic Search,36,Home & Kitchen
100451,2023-12-26,West,Organic Search,46,Fashion
100452,2024-02-01,South,Organic Search,46,Fashion
100453,2024-08-11,West,Referral,29,Electronics
100454,2024-12-18,East,Social Media,24,Toys & Games
100455,2024-09-04,West,Paid Ads,18,Fashion
100456,2024-05-31,North,Direct,31,Grocery
100457,2025-01-17,South,Organic Search,22,Toys & Games
100458,2023-11-23,East,Email,39,Home & Kitchen
100459,2023-04-28,North,Social Media,31,Home & Kitchen
100460,2023-01-01,East,Paid Ads,32,Fashion
100461,2023-01-01,East,Organic Search,43,Books
100462,2024-09-30,East,Referral,39,Fashion
100463,2024-05-14,East,Email,33,Fashion
100464,2024-08-17,West,Paid Ads,53,Fashion
100465,2024-08-18,West,Social Media,43,Home & Kitchen
100466,2024-09-06,North,Social Media,30,Electronics
100467,2024-06-22,West,Paid Ads,30,Beauty & Personal Care
100468,2023-01-21,Central,Social Media,43,Electronics
100469,2024-03-04,Central,Paid Ads,37,Sports & Outdoors
100470,2025-04-03,South,Direct,22,Home & Kitchen
100471,2023-05-23,West,Referral,44,Sports & Outdoors
100472,2024-04-10,Central,Organic Search,48,Electronics
100473,2023-12-21,South,Email,47,Beauty & Personal Care
100474,2024-03-12,Central,Paid Ads,51,Fashion
100475,2024-02-22,West,Direct,57,Beauty & Personal Care
100476,2024-02-04,West,Social Media,54,Home & Kitchen
100477,2025-06-18,West,Organic Search,38,Books
100478,2023-12-26,West,Referral,32,Electronics
100479,2025-01-08,Central,Organic Search,18,Grocery
100480,2024-11-14,Central,Direct,35,Home & Kitchen
100481,2024-06-25,East,Direct,40,Books
100482,2023-01-01,East,Referral,35,Fashion
100483,2025-03-08,West,Social Media,18,Sports & Outdoors
100484,2024-07-06,Central,Social Media,31,Toys & Games
100485,2024-09-12,South,Paid Ads,42,Toys & Games
100486,2023-05-31,South,Organic Search,23,Sports & Outdoors
100487,2024-09-20,West,Direct,36,Home & Kitchen
100488,2024-04-06,Central,Paid Ads,39,Fashion
100489,2025-03-08,Central,Paid Ads,47,Fashion
100490,2023-02-24,North,Organic Search,53,Sports & Outdoors
100491,2025-05-13,Central,Direct,30,Fashion
100492,2024-01-01,West,Direct,37,Fashion
100493,2024-04-03,North,Paid Ads,37,Fashion
100494,2024-02-07,North,Organic Search,42,Fashion
100495,2025-05-11,South,Email,40,Beauty & Personal Care
100496,2024-09-26,Central,Paid Ads,50,Books
100497,2023-06-27,West,Direct,18,Home & Kitchen
100498,2023-01-01,East,Direct,39,Home & Kitchen
100499,2024-07-30,West,Email,40,Grocery
100500,2023-08-17,East,Organic Search,32,Fashion
100501,2024-05-10,Central,Referral,18,Beauty & Personal Care
100502,2024-07-14,North,Direct,34,Beauty & Personal Care
100503,2024-10-27,South,Paid Ads,27,Home & Kitchen
100504,2024-06-23,South,Direct,53,Grocery
100505,2023-10-02,Central,Paid Ads,39,Electronics
100506,2023-08-23,East,Direct,26,Sports & Outdoors
100507,2025-04-17,West,Referral,18,Home & Kitchen
100508,2024-11-18,Central,Organic Search,41,Grocery
100509,2025-03-16,North,Paid Ads,42,Home & Kitchen
100510,2024-06-06,Central,Organic Search,32,Fashion
100511,2024-10-06,North,Paid Ads,41,Beauty & Personal Care
100512,2024-02-21,West,Direct,31,Toys & Games
100513,2024-01-24,West,Organic Search,46,Electronics
100514,2025-07-26,Central,Direct,45,Grocery
100515,2024-06-26,North,Organic Search,18,Beauty & Personal Care
100516,2023-01-08,Central,Referral,19,Grocery
100517,2024-11-18,West,Direct,57,Grocery
100518,2024-11-25,North,Referral,45,Electronics
100519,2023-04-29,East,Direct,21,Home & Kitchen
100520,2023-07-30,Central,Direct,18,Beauty & Personal Care
100521,2025-02-27,East,Referral,37,Grocery
100522,2023-09-19,South,Email,22,Fashion
100523,2025-01-19,South,Organic Search,31,Toys & Games
100524,2024-11-28,East,Paid Ads,34,Electronics
100525,2025-02-27,Central,Paid Ads,34,Beauty & Personal Care
100526,2025-04-18,West,Email,47,Books
100527,2024-05-17,West,Referral,55,Beauty & Personal Care
100528,2025-05-08,West,Social Media,29,Electronics
100529,2024-05-03,West,Direct,22,Home & Kitchen
100530,2024-05-14,East,Organic Search,39,Fashion
100531,2024-08-13,West,Direct,52,Beauty & Personal Care
100532,2024-11-07,South,Organic Search,30,Home & Kitchen
100533,2024-12-23,East,Paid Ads,44,Grocery
100534,2025-03-21,South,Referral,25,Electronics
100535,2023-01-01,Central,Paid Ads,35,Home & Kitchen
100536,2024-08-26,West,Referral,22,Grocery
100537,2024-09-05,East,Email,35,Books
100538,2025-02-19,East,Email,33,Fashion
100539,2023-01-01,East,Organic Search,41,Sports & Outdoors
100540,2024-12-10,West,Organic Search,54,Fashion
100541,2024-03-29,South,Organic Search,30,Beauty & Personal Care
100542,2024-01-14,Central,Social Media,18,Beauty & Personal Care
100543,2024-05-17,South,Organic Search,32,Electronics
100544,2025-05-10,North,Paid Ads,38,Books
100545,2023-10-10,West,Email,37,Books
100546,2024-12-12,West,Direct,33,Books
100547,2023-08-04,South,Email,51,Books
100548,2024-07-16,West,Organic Search,36,Fashion
100549,2023-12-19,West,Social Media,33,Fashion
100550,2023-01-01,West,Organic Search,26,Fashion
100551,2023-10-28,Central,Paid Ads,18,Fashion
100552,2023-12-08,Central,Paid Ads,38,Home & Kitchen
100553,2023-09-18,East,Direct,37,Fashion
100554,2025-01-26,South,Referral,23,Toys & Games
100555,2023-07-13,North,Organic Search,34,Electronics
100556,2024-09-17,East,Referral,33,Grocery
100557,2024-09-08,West,Direct,28,Fashion
100558,2024-05-28,West,Organic Search,26,Beauty & Personal Care
100559,2024-10-12,North,Email,39,Fashion
100560,2025-03-06,West,Organic Search,32,Grocery
100561,2024-06-23,West,Organic Search,28,Electronics
100562,2024-09-07,West,Direct,25,Fashion
100563,2024-09-17,East,Organic Search,33,Toys & Games
100564,2024-07-26,North,Referral,45,Fashion
100565,2025-07-21,East,Organic Search,37,Fashion
100566,2024-09-15,West,Social Media,32,Fashion
100567,2023-01-01,East,Social Media,38,Electronics
100568,2023-01-01,East,Direct,50,Fashion
100569,2024-06-12,East,Email,40,Fashion
100570,2024-06-23,East,Referral,37,Fashion
100571,2025-08-04,South,Paid Ads,42,Electronics
100572,2024-11-29,West,Organic Search,33,Beauty & Personal Care
100573,2023-09-23,South,Referral,37,Books
100574,2024-10-19,East,Social Media,29,Books
100575,2023-04-05,East,Organic Search,18,Fashion
100576,2023-05-11,West,Direct,38,Books
100577,2024-12-04,Central,Paid Ads,38,Grocery
100578,2024-05-17,West,Organic Search,31,Toys & Games
100579,2023-01-01,North,Direct,46,Grocery
100580,2025-05-13,West,Social Media,27,Electronics
100581,2024-10-13,South,Referral,18,Toys & Games
100582,2025-05-25,North,Organic Search,27,Fashion
100583,2025-02-09,North,Paid Ads,18,Electronics
100584,2023-01-01,Central,Referral,38,Home & Kitchen
100585,2024-10-13,East,Organic Search,26,Fashion
100586,2025-07-06,South,Referral,45,Books
100587,2025-03-07,North,Organic Search,45,Toys & Games
100588,2025-06-05,West,Organic Search,24,Sports & Outdoors
100589,2024-05-03,West,Organic Search,26,Books
100590,2024-01-20,South,Paid Ads,40,Fashion
100591,2023-07-05,North,Organic Search,45,Sports & Outdoors
100592,2023-10-19,South,Email,18,Fashion
100593,2025-05-07,West,Social Media,38,Fashion
100594,2024-02-11,North,Organic Search,18,Home & Kitchen
100595,2024-08-09,South,Social Media,28,Grocery
100596,2023-04-17,North,Organic Search,47,Fashion
100597,2023-08-25,East,Paid Ads,68,Grocery
100598,2023-01-01,North,Direct,32,Home & Kitchen
100599,2025-02-22,North,Referral,21,Electronics
100600,2025-03-18,North,Referral,29,Books
100601,2024-11-15,West,Paid Ads,35,Books
100602,2024-07-28,East,Organic Search,27,Toys & Games
100603,2024-12-30,Central,Email,24,Fashion
100604,2025-02-12,South,Social Media,30,Electronics
100605,2024-03-08,South,Social Media,39,Home & Kitchen
100606,2024-11-15,South,Direct,33,Fashion
100607,2025-01-08,Central,Paid Ads,25,Beauty & Personal Care
100608,2025-05-08,East,Email,27,Beauty & Personal Care
100609,2025-07-31,South,Social Media,30,Fashion
100610,2023-01-01,West,Organic Search,24,Toys & Games
100611,2023-01-01,East,Organic Search,27,Fashion
100612,2023-08-10,North,Social Media,42,Fashion
100613,2023-12-06,West,Paid Ads,32,Home & Kitchen
100614,2024-12-07,North,Referral,18,Beauty & Personal Care
100615,2023-11-18,North,Referral,46,Beauty & Personal Care
100616,2025-03-29,West,Paid Ads,39,Books
100617,2024-05-25,East,Social Media,19,Electronics
100618,2025-01-25,South,Social Media,30,Toys & Games
100619,2023-11-16,North,Paid Ads,26,Electronics
100620,2023-01-01,East,Direct,42,Books
100621,2025-03-08,West,Organic Search,30,Beauty & Personal Care
100622,2024-11-26,South,Direct,34,Fashion
100623,2024-06-01,East,Organic Search,32,Home & Kitchen
100624,2025-06-27,South,Organic Search,18,Home & Kitchen
100625,2025-05-31,Central,Referral,50,Electronics
100626,2023-01-01,West,Organic Search,42,Home & Kitchen
100627,2024-03-07,South,Organic Search,26,Home & Kitchen
100628,2024-12-20,East,Organic Search,37,Home & Kitchen
100629,2024-07-07,Central,Referral,45,Home & Kitchen
100630,2024-11-14,South,Social Media,35,Toys & Games
100631,2024-05-22,North,Organic Search,52,Grocery
100632,2024-11-05,South,Paid Ads,67,Books
100633,2024-08-01,West,Organic Search,33,Toys & Games
100634,2023-10-06,Central,Direct,28,Fashion
100635,2023-11-06,South,Organic Search,24,Fashion
100636,2023-01-01,North,Social Media,18,Home & Kitchen
100637,2024-02-07,North,Social Media,48,Books
100638,2024-06-16,East,Social Media,31,Books
100639,2023-01-01,North,Direct,44,Books
100640,2024-09-01,North,Paid Ads,46,Fashion
100641,2025-07-26,West,Referral,23,Fashion
100642,2023-08-03,Central,Paid Ads,24,Fashion
100643,2024-03-27,South,Referral,54,Home & Kitchen
100644,2024-07-02,East,Paid Ads,34,Home & Kitchen
100645,2023-07-20,East,Organic Search,27,Books
100646,2024-11-02,West,Organic Search,23,Books
100647,2025-07-23,Central,Organic Search,33,Fashion
100648,2023-07-10,Central,Direct,51,Sports & Outdoors
100649,2024-12-27,South,Email,42,Home & Kitchen
100650,2025-03-01,Central,Organic Search,36,Electronics
100651,2025-07-20,North,Social Media,52,Books
100652,2023-08-24,Central,Referral,50,Sports & Outdoors
100653,2025-08-11,North,Paid Ads,38,Books
100654,2023-01-01,North,Paid Ads,65,Fashion
100655,2024-10-09,North,Referral,32,Home & Kitchen
100656,2023-07-30,North,Organic Search,47,Sports & Outdoors
100657,2024-01-26,East,Social Media,30,Electronics
100658,2023-01-01,West,Organic Search,44,Toys & Games
100659,2024-02-06,West,Organic Search,32,Electronics
100660,2023-01-06,North,Referral,40,Fashion
100661,2024-12-03,South,Referral,61,Beauty & Personal Care
100662,2025-06-01,North,Direct,45,Home & Kitchen
100663,2023-05-09,North,Organic Search,40,Beauty & Personal Care
100664,2025-06-04,West,Referral,26,Home & Kitchen
100665,2023-08-29,West,Direct,37,Grocery
100666,2025-03-21,South,Referral,23,Toys & Games
100667,2024-03-19,South,Direct,44,Sports & Outdoors
100668,2023-01-01,Central,Direct,44,Beauty & Personal Care
100669,2023-10-08,East,Email,33,Home & Kitchen
100670,2024-08-31,South,Direct,53,Books
100671,2024-01-16,Central,Social Media,51,Sports & Outdoors
100672,2024-11-25,North,Social Media,36,Sports & Outdoors
100673,2023-01-01,South,Direct,41,Electronics
100674,2025-01-12,West,Email,28,Books
100675,2024-07-30,East,Organic Search,32,Fashion
100676,2023-11-20,North,Paid Ads,23,Beauty & Personal Care
100677,2024-02-16,Central,Organic Search,29,Sports & Outdoors
100678,2023-12-31,South,Direct,33,Toys & Games
100679,2024-11-20,West,Organic Search,18,Electronics
100680,2024-09-12,South,Paid Ads,41,Fashion
100681,2023-06-04,West,Social Media,46,Electronics
100682,2023-07-02,Central,Organic Search,34,Sports & Outdoors
100683,2024-02-06,West,Direct,18,Fashion
100684,2023-01-01,Central,Social Media,32,Electronics
100685,2023-05-13,East,Organic Search,19,Electronics
100686,2023-07-18,North,Organic Search,28,Sports & Outdoors
100687,2025-06-06,East,Email,50,Electronics
100688,2024-02-11,East,Referral,18,Home & Kitchen
100689,2024-04-23,West,Paid Ads,26,Fashion
100690,2023-01-01,South,Paid Ads,44,Books
100691,2024-08-16,West,Direct,27,Electronics
100692,2024-05-23,East,Email,26,Fashion
100693,2025-03-23,West,Referral,57,Grocery
100694,2025-02-20,East,Paid Ads,39,Electronics
100695,2023-01-01,South,Direct,45,Electronics
100696,2024-01-02,South,Referral,40,Sports & Outdoors
100697,2023-01-01,Central,Paid Ads,36,Fashion
100698,2024-08-22,North,Direct,48,Fashion
100699,2025-05-12,South,Direct,55,Electronics
100700,2024-10-02,East,Referral,18,Beauty & Personal Care
100701,2024-11-16,North,Email,34,Home & Kitchen
100702,2023-09-21,Central,Paid Ads,34,Grocery
100703,2023-10-11,South,Social Media,30,Electronics
100704,2023-12-11,South,Organic Search,45,Toys & Games
100705,2023-01-01,South,Social Media,37,Electronics
100706,2023-01-01,North,Paid Ads,56,Fashion
100707,2025-02-07,West,Paid Ads,47,Electronics
100708,2023-04-24,East,Direct,50,Sports & Outdoors
100709,2024-06-15,South,Organic Search,21,Fashion
100710,2024-08-30,Central,Email,26,Electronics
100711,2023-01-01,West,Paid Ads,27,Beauty & Personal Care
100712,2025-02-19,East,Organic Search,49,Fashion
100713,2023-06-02,East,Organic Search,24,Beauty & Personal Care
100714,2023-08-28,West,Paid Ads,24,Home & Kitchen
100715,2025-02-22,North,Paid Ads,22,Electronics
100716,2025-06-09,Central,Paid Ads,65,Grocery
100717,2024-07-22,South,Referral,33,Fashion
100718,2023-02-15,North,Social Media,40,Electronics
100719,2024-02-13,East,Organic Search,22,Beauty & Personal Care
100720,2023-01-01,Central,Paid Ads,45,Grocery
100721,2024-03-11,West,Organic Search,18,Home & Kitchen
100722,2023-01-01,South,Organic Search,24,Grocery
100723,2024-12-11,South,Organic Search,26,Electronics
100724,2023-12-12,East,Referral,37,Fashion
100725,2024-10-22,South,Referral,26,Books
100726,2024-07-31,Central,Direct,51,Sports & Outdoors
100727,2024-05-24,South,Email,40,Electronics
100728,2024-02-14,South,Social Media,27,Beauty & Personal Care
100729,2025-01-11,North,Paid Ads,45,Sports & Outdoors
100730,2024-01-03,West,Organic Search,30,Electronics
100731,2024-06-11,North,Referral,28,Electronics
100732,2025-05-05,Central,Paid Ads,44,Beauty & Personal Care
100733,2025-06-23,Central,Organic Search,18,Home & Kitchen
100734,2023-02-12,North,Direct,43,Home & Kitchen
100735,2024-08-16,North,Organic Search,27,Grocery
100736,2025-05-18,Central,Organic Search,27,Electronics
100737,2023-01-01,North,Direct,56,Sports & Outdoors
100738,2023-11-19,East,Paid Ads,29,Grocery
100739,2024-02-25,Central,Paid Ads,45,Home & Kitchen
100740,2025-01-29,North,Organic Search,38,Books
100741,2025-05-07,West,Paid Ads,39,Beauty & Personal Care
100742,2024-04-22,South,Direct,32,Fashion
100743,2024-07-02,East,Referral,31,Beauty & Personal Care
100744,2025-03-21,Central,Paid Ads,51,Electronics
100745,2025-03-26,West,Paid Ads,45,Sports & Outdoors
100746,2025-04-03,South,Paid Ads,29,Electronics
100747,2025-04-08,Central,Social Media,23,Fashion
100748,2024-12-19,East,Organic Search,28,Home & Kitchen
100749,2024-02-25,North,Organic Search,45,Home & Kitchen
100750,2023-12-17,South,Referral,47,Beauty & Personal Care
100751,2024-07-08,South,Direct,41,Beauty & Personal Care
100752,2024-05-09,West,Direct,18,Grocery
100753,2023-11-26,Central,Email,43,Home & Kitchen
100754,2025-07-13,North,Social Media,49,Books
100755,2024-04-11,West,Email,36,Electronics
100756,2023-01-01,Central,Direct,56,Grocery
100757,2024-08-23,Central,Organic Search,20,Fashion
100758,2023-03-10,West,Paid Ads,42,Beauty & Personal Care
100759,2024-08-18,South,Organic Search,23,Toys & Games
100760,2023-10-26,North,Direct,46,Sports & Outdoors
100761,2024-03-04,Central,Direct,41,Home & Kitchen
100762,2025-04-05,East,Email,54,Home & Kitchen
100763,2025-02-28,South,Paid Ads,40,Electronics
100764,2023-01-01,West,Direct,30,Books
100765,2023-07-13,West,Organic Search,29,Beauty & Personal Care
100766,2024-07-28,Central,Organic Search,32,Beauty & Personal Care
100767,2024-09-07,Central,Social Media,29,Fashion
100768,2025-01-28,Central,Email,49,Sports & Outdoors
100769,2024-01-29,North,Direct,49,Fashion
100770,2025-01-11,North,Paid Ads,18,Home & Kitchen
100771,2024-10-14,South,Paid Ads,35,Electronics
100772,2024-12-20,West,Paid Ads,35,Sports & Outdoors
100773,2023-08-15,East,Organic Search,26,Fashion
100774,2024-08-10,Central,Direct,39,Beauty & Personal Care
100775,2024-05-06,Central,Paid Ads,51,Grocery
100776,2025-04-02,Central,Organic Search,44,Beauty & Personal Care
100777,2024-12-21,North,Paid Ads,49,Beauty & Personal Care
100778,2024-04-28,West,Referral,27,Grocery
100779,2025-06-03,Central,Direct,35,Toys & Games
100780,2024-09-02,Central,Organic Search,26,Fashion
100781,2024-06-28,South,Organic Search,37,Home & Kitchen
100782,2025-04-21,West,Direct,38,Home & Kitchen
100783,2023-04-06,East,Social Media,45,Electronics
100784,2024-02-18,North,Paid Ads,49,Home & Kitchen
100785,2024-08-13,South,Organic Search,42,Books
100786,2025-01-06,South,Direct,25,Grocery
100787,2025-06-07,Central,Referral,20,Grocery
100788,2023-05-21,North,Organic Search,40,Electronics
100789,2024-11-07,North,Organic Search,51,Home & Kitchen
100790,2025-05-12,East,Organic Search,34,Toys & Games
100791,2025-01-12,East,Organic Search,18,Beauty & Personal Care
100792,2024-01-06,East,Organic Search,57,Toys & Games
100793,2024-03-31,North,Organic Search,40,Fashion
100794,2025-03-20,East,Organic Search,36,Home & Kitchen
100795,2023-02-08,Central,Paid Ads,22,Home & Kitchen
100796,2025-05-14,North,Social Media,35,Grocery
100797,2023-01-01,West,Paid Ads,42,Fashion
100798,2024-04-16,North,Email,40,Home & Kitchen
100799,2024-10-19,South,Organic Search,27,Sports & Outdoors
100800,2024-09-11,Central,Direct,34,Fashion
100801,2024-05-28,South,Direct,28,Home & Kitchen
100802,2023-12-03,East,Direct,53,Grocery
100803,2025-06-24,South,Organic Search,44,Fashion
100804,2025-01-19,West,Organic Search,29,Beauty & Personal Care
100805,2024-06-08,East,Social Media,22,Electronics
100806,2023-01-15,East,Organic Search,38,Toys & Games
100807,2023-02-08,Central,Organic Search,29,Books
100808,2023-01-01,East,Organic Search,30,Toys & Games
100809,2023-03-10,East,Social Media,22,Grocery
100810,2025-02-02,Central,Email,23,Sports & Outdoors
100811,2024-06-30,East,Organic Search,36,Electronics
100812,2023-03-07,Central,Direct,32,Home & Kitchen
100813,2023-05-05,West,Email,62,Electronics
100814,2024-08-28,Central,Organic Search,41,Beauty & Personal Care
100815,2023-12-15,East,Paid Ads,22,Toys & Games
100816,2024-11-08,East,Organic Search,18,Home & Kitchen
100817,2025-05-23,North,Direct,39,Fashion
100818,2024-08-02,North,Referral,30,Fashion
100819,2024-08-20,North,Referral,49,Beauty & Personal Care
100820,2024-11-20,West,Referral,38,Grocery
100821,2023-12-01,South,Paid Ads,18,Beauty & Personal Care
100822,2024-09-07,South,Direct,23,Sports & Outdoors
100823,2024-02-01,West,Direct,27,Home & Kitchen
100824,2023-08-25,South,Referral,39,Home & Kitchen
100825,2023-01-01,North,Paid Ads,23,Fashion
100826,2024-07-28,East,Organic Search,36,Electronics
100827,2023-01-06,East,Organic Search,20,Grocery
100828,2024-04-06,North,Organic Search,35,Sports & Outdoors
100829,2024-03-14,South,Social Media,39,Electronics
100830,2024-07-23,South,Email,51,Beauty & Personal Care
100831,2024-05-08,West,Direct,37,Beauty & Personal Care
100832,2024-09-04,South,Organic Search,26,Grocery
100833,2023-04-27,North,Organic Search,51,Electronics
100834,2025-01-11,South,Organic Search,32,Electronics
100835,2025-05-24,East,Direct,43,Fashion
100836,2024-11-28,West,Email,28,Fashion
100837,2024-12-22,North,Social Media,35,Electronics
100838,2024-11-28,Central,Social Media,26,Grocery
100839,2024-08-09,South,Social Media,38,Toys & Games
100840,2024-11-27,South,Organic Search,43,Books
100841,2024-08-13,North,Organic Search,29,Sports & Outdoors
100842,2024-11-26,South,Paid Ads,28,Beauty & Personal Care
100843,2024-01-23,East,Organic Search,38,Beauty & Personal Care
100844,2023-01-01,West,Social Media,25,Grocery
100845,2024-04-13,West,Paid Ads,18,Grocery
100846,2024-11-17,East,Referral,38,Fashion
100847,2025-08-04,North,Social Media,33,Sports & Outdoors
100848,2023-01-01,South,Social Media,33,Electronics
100849,2024-03-23,West,Direct,40,Electronics
100850,2024-08-16,West,Paid Ads,42,Fashion
100851,2025-08-01,East,Referral,33,Home & Kitchen
100852,2024-07-31,East,Organic Search,22,Fashion
100853,2024-05-11,East,Referral,27,Grocery
100854,2024-11-25,Central,Social Media,41,Beauty & Personal Care
100855,2025-05-02,East,Organic Search,36,Home & Kitchen
100856,2025-05-10,East,Organic Search,28,Sports & Outdoors
100857,2023-01-01,South,Referral,26,Books
100858,2024-05-22,East,Referral,41,Sports & Outdoors
100859,2024-11-26,West,Referral,32,Fashion
100860,2024-06-11,Central,Paid Ads,43,Fashion
100861,2024-07-04,West,Referral,44,Fashion
100862,2025-05-16,West,Social Media,31,Sports & Outdoors
100863,2023-06-05,West,Organic Search,45,Home & Kitchen
100864,2024-08-24,North,Social Media,36,Electronics
100865,2024-05-17,South,Social Media,37,Beauty & Personal Care
100866,2023-01-01,South,Email,18,Fashion
100867,2025-04-28,West,Paid Ads,24,Beauty & Personal Care
100868,2025-01-22,West,Paid Ads,24,Beauty & Personal Care
100869,2024-03-02,North,Direct,31,Fashion
100870,2023-06-16,North,Direct,36,Toys & Games
100871,2024-12-17,East,Organic Search,36,Home & Kitchen
100872,2024-12-05,Central,Direct,38,Beauty & Personal Care
100873,2023-10-21,North,Organic Search,27,Sports & Outdoors
100874,2023-01-01,Central,Direct,42,Books
100875,2024-05-31,North,Organic Search,54,Electronics
100876,2025-01-22,South,Paid Ads,31,Home & Kitchen
100877,2025-03-18,West,Direct,27,Grocery
100878,2024-08-10,West,Organic Search,27,Grocery
100879,2023-07-12,Central,Email,35,Electronics
100880,2023-01-01,North,Social Media,29,Fashion
100881,2024-09-28,North,Organic Search,18,Fashion
100882,2024-05-31,East,Direct,18,Grocery
100883,2023-01-01,East,Social Media,46,Toys & Games
100884,2024-03-09,South,Direct,49,Home & Kitchen
100885,2024-04-11,West,Direct,52,Books
100886,2023-01-01,South,Organic Search,37,Fashion
100887,2024-05-22,Central,Organic Search,24,Books
100888,2025-03-05,North,Paid Ads,30,Electronics
100889,2023-01-01,West,Social Media,18,Electronics
100890,2025-06-04,East,Organic Search,18,Home & Kitchen
100891,2023-04-13,North,Paid Ads,37,Grocery
100892,2024-06-27,West,Email,40,Electronics
100893,2024-09-25,North,Organic Search,56,Fashion
100894,2024-10-03,East,Referral,34,Books
100895,2024-08-11,West,Paid Ads,20,Fashion
100896,2024-11-04,North,Organic Search,33,Electronics
100897,2024-01-10,South,Organic Search,31,Beauty & Personal Care
100898,2024-10-26,South,Organic Search,29,Electronics
100899,2024-06-24,Central,Social Media,38,Fashion
100900,2025-07-11,South,Organic Search,21,Grocery
100901,2024-06-27,Central,Email,36,Beauty & Personal Care
100902,2024-11-09,East,Email,42,Sports & Outdoors
100903,2023-05-27,Central,Organic Search,50,Electronics
100904,2024-09-14,Central,Direct,38,Sports & Outdoors
100905,2023-08-16,South,Direct,46,Fashion
100906,2023-10-14,East,Organic Search,30,Grocery
100907,2023-09-30,West,Direct,31,Books
100908,2024-09-04,North,Organic Search,49,Books
100909,2024-06-05,West,Referral,19,Fashion
100910,2024-01-22,East,Organic Search,30,Home & Kitchen
100911,2024-05-25,North,Email,47,Electronics
100912,2024-09-13,Central,Email,32,Fashion
100913,2025-02-17,South,Direct,31,Electronics
100914,2024-06-20,Central,Direct,32,Electronics
100915,2025-05-23,South,Organic Search,36,Fashion
100916,2025-07-16,East,Referral,46,Books
100917,2025-03-29,South,Organic Search,45,Fashion
100918,2023-10-06,Central,Organic Search,35,Grocery
100919,2024-04-03,Central,Organic Search,47,Beauty & Personal Care
100920,2023-10-01,West,Direct,38,Home & Kitchen
100921,2025-01-03,Central,Referral,44,Home & Kitchen
100922,2023-03-29,West,Organic Search,23,Home & Kitchen
100923,2025-05-10,South,Direct,54,Fashion
100924,2025-03-23,Central,Email,37,Home & Kitchen
100925,2023-04-09,East,Paid Ads,18,Electronics
100926,2024-04-30,South,Paid Ads,53,Home & Kitchen
100927,2023-09-28,North,Referral,35,Home & Kitchen
100928,2024-04-01,West,Referral,30,Electronics
100929,2024-12-04,South,Paid Ads,28,Beauty & Personal Care
100930,2025-04-10,West,Social Media,39,Sports & Outdoors
100931,2025-06-29,North,Organic Search,25,Fashion
100932,2023-01-01,West,Social Media,28,Home & Kitchen
100933,2025-06-08,West,Paid Ads,28,Grocery
100934,2023-01-01,East,Paid Ads,31,Grocery
100935,2024-05-20,West,Organic Search,29,Fashion
100936,2024-03-20,Central,Referral,44,Fashion
100937,2024-04-15,Central,Paid Ads,37,Fashion
100938,2023-11-28,East,Paid Ads,39,Beauty & Personal Care
100939,2025-01-23,Central,Organic Search,41,Grocery
100940,2025-07-25,Central,Direct,33,Fashion
100941,2024-12-09,North,Organic Search,23,Books
100942,2024-01-06,South,Paid Ads,54,Books
100943,2025-03-21,West,Organic Search,45,Electronics
100944,2023-03-14,East,Referral,52,Electronics
100945,2024-08-05,North,Paid Ads,46,Electronics
100946,2025-04-05,East,Paid Ads,29,Home & Kitchen
100947,2024-05-04,South,Direct,18,Fashion
100948,2024-01-13,West,Email,21,Fashion
100949,2023-12-13,East,Social Media,42,Toys & Games
100950,2023-04-08,North,Paid Ads,33,Fashion
100951,2025-05-20,North,Direct,30,Fashion
100952,2023-04-07,South,Direct,18,Sports & Outdoors
100953,2023-02-10,North,Referral,34,Toys & Games
100954,2025-04-10,Central,Email,23,Books
100955,2025-03-11,South,Direct,27,Sports & Outdoors
100956,2023-09-03,West,Direct,44,Fashion
100957,2024-10-24,North,Organic Search,23,Fashion
100958,2023-01-01,East,Direct,24,Toys & Games
100959,2023-01-01,Central,Referral,37,Toys & Games
100960,2025-04-05,West,Social Media,44,Fashion
100961,2025-01-27,South,Paid Ads,30,Sports & Outdoors
100962,2024-05-23,West,Paid Ads,51,Fashion
100963,2025-07-26,East,Email,20,Electronics
100964,2025-06-26,South,Referral,19,Books
100965,2025-02-18,Central,Organic Search,18,Beauty & Personal Care
100966,2023-01-01,Central,Social Media,18,Electronics
100967,2024-03-28,East,Organic Search,38,Home & Kitchen
100968,2024-12-26,North,Social Media,24,Beauty & Personal Care
100969,2025-03-12,East,Social Media,19,Home & Kitchen
100970,2025-04-11,East,Referral,39,Electronics
100971,2024-12-10,Central,Organic Search,44,Toys & Games
100972,2024-12-23,West,Organic Search,46,Toys & Games
100973,2024-09-07,South,Organic Search,44,Grocery
100974,2023-12-23,East,Social Media,24,Books
100975,2024-07-23,North,Direct,38,Grocery
100976,2023-08-03,East,Email,40,Grocery
100977,2024-09-27,East,Referral,29,Beauty & Personal Care
100978,2023-01-01,East,Paid Ads,36,Beauty & Personal Care
100979,2023-08-16,East,Organic Search,21,Beauty & Personal Care
100980,2024-04-08,East,Direct,28,Fashion
100981,2023-12-22,West,Social Media,39,Electronics
100982,2024-12-03,East,Organic Search,51,Toys & Games
100983,2024-09-11,North,Social Media,47,Home & Kitchen
100984,2024-09-22,West,Referral,42,Electronics
100985,2025-01-20,West,Paid Ads,35,Toys & Games
100986,2025-05-05,West,Organic Search,34,Sports & Outdoors
100987,2023-11-27,West,Social Media,19,Books
100988,2023-05-10,North,Organic Search,25,Toys & Games
100989,2024-01-31,Central,Paid Ads,26,Grocery
100990,2024-07-24,Central,Email,41,Electronics
100991,2023-01-01,North,Direct,45,Sports & Outdoors
100992,2024-12-28,South,Paid Ads,43,Electronics
100993,2024-03-26,South,Organic Search,48,Sports & Outdoors
100994,2023-02-14,Central,Social Media,35,Fashion
100995,2025-03-27,Central,Organic Search,24,Fashion
100996,2023-10-22,South,Direct,34,Grocery
100997,2023-01-01,West,Referral,27,Electronics
100998,2024-06-28,South,Paid Ads,42,Toys & Games
100999,2024-04-29,North,Email,31,Electronics
101000,2024-12-27,South,Paid Ads,33,Electronics
101001,2023-12-27,North,Social Media,42,Electronics
101002,2025-01-25,Central,Direct,26,Sports & Outdoors
101003,2024-07-17,West,Organic Search,45,Home & Kitchen
101004,2025-05-20,North,Paid Ads,20,Beauty & Personal Care
101005,2025-08-16,East,Direct,38,Grocery
101006,2024-11-13,South,Paid Ads,34,Beauty & Personal Care
101007,2024-11-17,East,Paid Ads,44,Toys & Games
101008,2024-10-22,Central,Organic Search,19,Electronics
101009,2023-09-01,Central,Paid Ads,18,Fashion
101010,2023-04-23,Central,Social Media,43,Sports & Outdoors
101011,2024-03-10,South,Paid Ads,30,Grocery
101012,2023-10-07,North,Organic Search,34,Books
101013,2025-01-19,North,Paid Ads,27,Fashion
101014,2025-03-07,North,Referral,45,Grocery
101015,2023-12-18,West,Direct,38,Fashion
101016,2025-03-29,West,Referral,37,Home & Kitchen
101017,2025-04-15,Central,Referral,22,Sports & Outdoors
101018,2023-01-01,North,Email,40,Home & Kitchen
101019,2024-06-06,South,Organic Search,24,Grocery
101020,2024-11-16,West,Paid Ads,27,Beauty & Personal Care
101021,2024-12-14,West,Organic Search,19,Grocery
101022,2025-05-17,East,Paid Ads,33,Fashion
101023,2024-03-18,North,Direct,46,Books
101024,2024-09-28,East,Paid Ads,37,Books
101025,2023-05-10,North,Direct,30,Home & Kitchen
101026,2023-12-04,East,Organic Search,36,Home & Kitchen
101027,2024-10-07,Central,Paid Ads,36,Grocery
101028,2025-07-12,North,Paid Ads,35,Fashion
101029,2024-06-05,North,Organic Search,36,Electronics
101030,2024-07-06,West,Paid Ads,23,Beauty & Personal Care
101031,2025-07-25,North,Referral,36,Grocery
101032,2024-01-25,Central,Social Media,18,Toys & Games
101033,2025-04-04,West,Email,41,Grocery
101034,2023-04-09,East,Direct,22,Sports & Outdoors
101035,2024-07-25,South,Social Media,47,Electronics
101036,2024-12-20,South,Direct,18,Beauty & Personal Care
101037,2024-04-16,South,Organic Search,53,Books
101038,2024-05-09,Central,Organic Search,18,Home & Kitchen
101039,2024-05-23,West,Paid Ads,21,Grocery
101040,2023-06-27,South,Social Media,38,Toys & Games
101041,2024-03-24,North,Social Media,41,Toys & Games
101042,2025-01-08,East,Social Media,31,Electronics
101043,2024-09-19,West,Direct,44,Electronics
101044,2023-01-01,West,Organic Search,26,Electronics
101045,2025-01-27,South,Email,30,Fashion
101046,2024-01-31,East,Social Media,31,Sports & Outdoors
101047,2023-06-07,North,Social Media,29,Beauty & Personal Care
101048,2023-12-21,East,Paid Ads,18,Home & Kitchen
101049,2024-06-03,West,Paid Ads,34,Sports & Outdoors
101050,2024-04-09,South,Paid Ads,33,Fashion
101051,2023-11-23,South,Email,46,Toys & Games
101052,2025-01-29,East,Paid Ads,20,Fashion
101053,2024-07-04,Central,Organic Search,27,Home & Kitchen
101054,2023-01-01,West,Email,48,Grocery
101055,2024-01-18,Central,Referral,38,Sports & Outdoors
101056,2024-05-21,North,Direct,41,Electronics
101057,2024-10-17,Central,Social Media,39,Electronics
101058,2025-01-27,North,Referral,40,Books
101059,2024-03-27,South,Paid Ads,55,Books
101060,2024-02-29,East,Referral,36,Grocery
101061,2024-07-25,South,Paid Ads,23,Electronics
101062,2023-01-01,Central,Organic Search,42,Grocery
101063,2025-01-10,Central,Direct,28,Fashion
101064,2025-02-25,East,Referral,33,Home & Kitchen
101065,2024-10-13,East,Social Media,39,Books
101066,2024-07-15,West,Social Media,25,Grocery
101067,2025-02-06,West,Referral,29,Home & Kitchen
101068,2024-04-05,East,Organic Search,40,Electronics
101069,2024-02-24,Central,Paid Ads,28,Books
101070,2023-09-29,North,Organic Search,45,Beauty & Personal Care
101071,2024-11-24,South,Organic Search,24,Toys & Games
101072,2023-01-01,North,Organic Search,24,Beauty & Personal Care
101073,2023-11-01,North,Email,55,Books
101074,2025-01-14,North,Organic Search,18,Grocery
101075,2025-02-07,West,Email,34,Fashion
101076,2024-09-25,Central,Direct,55,Electronics
101077,2024-02-23,East,Organic Search,34,Sports & Outdoors
101078,2023-12-25,East,Referral,49,Books
101079,2023-11-02,South,Paid Ads,42,Grocery
101080,2023-01-01,North,Direct,34,Fashion
101081,2025-06-20,East,Social Media,33,Home & Kitchen
101082,2024-08-03,North,Paid Ads,18,Electronics
101083,2023-01-01,West,Paid Ads,31,Sports & Outdoors
101084,2023-09-06,East,Direct,37,Fashion
101085,2025-03-07,South,Organic Search,37,Beauty & Personal Care
101086,2024-04-24,North,Email,62,Beauty & Personal Care
101087,2024-08-21,South,Organic Search,38,Home & Kitchen
101088,2024-08-31,North,Referral,41,Electronics
101089,2024-11-28,West,Paid Ads,47,Beauty & Personal Care
101090,2024-05-24,East,Organic Search,40,Beauty & Personal Care
101091,2023-03-09,West,Organic Search,34,Fashion
101092,2024-11-07,East,Paid Ads,34,Books
101093,2023-10-29,Central,Email,31,Toys & Games
101094,2023-08-06,West,Referral,39,Toys & Games
101095,2023-01-01,North,Organic Search,33,Grocery
101096,2025-02-10,North,Paid Ads,41,Sports & Outdoors
101097,2024-06-20,Central,Organic Search,23,Sports & Outdoors
101098,2024-12-25,South,Referral,36,Sports & Outdoors
101099,2024-05-23,West,Email,52,Home & Kitchen
101100,2024-05-26,West,Direct,32,Fashion
101101,2025-03-25,West,Direct,55,Sports & Outdoors
101102,2024-05-03,South,Paid Ads,36,Beauty & Personal Care
101103,2023-01-01,South,Organic Search,34,Sports & Outdoors
101104,2023-12-23,East,Direct,36,Toys & Games
101105,2025-04-24,North,Organic Search,31,Home & Kitchen
101106,2025-02-21,South,Organic Search,18,Grocery
101107,2024-07-07,East,Paid Ads,44,Electronics
101108,2025-02-17,South,Email,59,Fashion
101109,2023-01-01,South,Referral,40,Home & Kitchen
101110,2025-05-10,Central,Direct,40,Toys & Games
101111,2023-12-20,South,Paid Ads,32,Toys & Games
101112,2025-06-03,Central,Organic Search,47,Beauty & Personal Care
101113,2024-07-12,Central,Paid Ads,34,Beauty & Personal Care
101114,2025-03-14,West,Email,37,Home & Kitchen
101115,2023-09-30,North,Organic Search,18,Grocery
101116,2023-04-03,South,Direct,29,Grocery
101117,2024-02-24,Central,Social Media,39,Fashion
101118,2023-03-07,North,Email,44,Electronics
101119,2025-08-07,East,Email,45,Electronics
101120,2024-05-07,East,Paid Ads,18,Grocery
101121,2023-12-26,Central,Referral,18,Sports & Outdoors
101122,2023-10-30,Central,Paid Ads,41,Fashion
101123,2024-01-21,South,Email,26,Books
101124,2023-10-20,East,Email,44,Home & Kitchen
101125,2024-05-11,West,Social Media,18,Beauty & Personal Care
101126,2025-04-23,Central,Organic Search,33,Beauty & Personal Care
101127,2024-11-30,East,Direct,34,Books
101128,2023-01-01,North,Direct,40,Fashion
101129,2023-02-23,Central,Social Media,23,Toys & Games
101130,2024-01-03,East,Direct,18,Grocery
101131,2023-09-19,North,Social Media,36,Electronics
101132,2023-05-07,North,Paid Ads,40,Books
101133,2024-01-08,South,Paid Ads,46,Beauty & Personal Care
101134,2023-01-01,West,Organic Search,31,Beauty & Personal Care
101135,2023-01-21,Central,Social Media,43,Electronics
101136,2023-01-01,East,Referral,40,Beauty & Personal Care
101137,2024-11-20,North,Organic Search,49,Sports & Outdoors
101138,2024-11-16,Central,Organic Search,34,Electronics
101139,2024-02-09,West,Referral,18,Home & Kitchen
101140,2023-01-01,East,Email,34,Beauty & Personal Care
101141,2023-01-01,North,Direct,35,Electronics
101142,2023-07-19,Central,Organic Search,40,Toys & Games
101143,2023-01-01,North,Email,18,Books
101144,2023-12-18,West,Organic Search,31,Books
101145,2024-09-22,East,Organic Search,44,Home & Kitchen
101146,2023-01-01,East,Referral,33,Electronics
101147,2024-01-20,East,Paid Ads,31,Grocery
101148,2023-02-04,South,Email,55,Electronics
101149,2025-08-07,East,Paid Ads,23,Sports & Outdoors
101150,2025-07-29,South,Organic Search,48,Fashion
101151,2024-04-26,East,Social Media,46,Sports & Outdoors
101152,2025-02-17,West,Organic Search,32,Home & Kitchen
101153,2024-03-23,West,Organic Search,34,Home & Kitchen
101154,2024-11-16,North,Organic Search,34,Toys & Games
101155,2023-01-01,Central,Paid Ads,37,Toys & Games
101156,2023-03-26,North,Email,28,Electronics
101157,2023-01-01,South,Organic Search,30,Grocery
101158,2025-07-18,South,Social Media,31,Electronics
101159,2023-07-27,South,Social Media,31,Beauty & Personal Care
101160,2024-08-20,South,Social Media,31,Grocery
101161,2023-01-01,South,Social Media,18,Fashion
101162,2023-10-11,East,Referral,36,Books
101163,2024-07-07,West,Direct,29,Beauty & Personal Care
101164,2025-04-09,Central,Organic Search,18,Home & Kitchen
101165,2024-05-03,South,Email,31,Grocery
101166,2023-01-01,South,Organic Search,30,Books
101167,2023-01-01,West,Social Media,49,Sports & Outdoors
101168,2024-10-10,North,Social Media,29,Electronics
101169,2023-01-01,East,Organic Search,42,Fashion
101170,2023-02-15,South,Organic Search,50,Beauty & Personal Care
101171,2025-02-13,West,Organic Search,28,Grocery
101172,2025-03-26,North,Organic Search,34,Sports & Outdoors
101173,2024-08-01,Central,Social Media,54,Home & Kitchen
101174,2024-10-11,South,Organic Search,37,Grocery
101175,2023-12-15,East,Email,39,Grocery
101176,2024-06-10,East,Direct,30,Beauty & Personal Care
101177,2024-09-18,East,Paid Ads,42,Electronics
101178,2025-05-28,East,Organic Search,34,Beauty & Personal Care
101179,2023-09-26,South,Paid Ads,18,Fashion
101180,2025-06-06,West,Direct,31,Fashion
101181,2023-02-13,East,Paid Ads,21,Grocery
101182,2025-07-10,South,Organic Search,36,Toys & Games
101183,2025-06-12,South,Direct,24,Books
101184,2025-02-14,East,Social Media,40,Fashion
101185,2024-11-03,Central,Paid Ads,35,Fashion
101186,2024-12-23,Central,Direct,21,Electronics
101187,2024-11-04,South,Direct,29,Electronics
101188,2024-03-15,South,Social Media,41,Electronics
101189,2025-02-10,North,Paid Ads,47,Books
101190,2024-03-11,East,Social Media,25,Fashion
101191,2025-08-06,South,Organic Search,22,Electronics
101192,2025-02-17,Central,Paid Ads,56,Toys & Games
101193,2025-06-16,East,Organic Search,34,Sports & Outdoors
101194,2023-02-21,South,Social Media,36,Beauty & Personal Care
101195,2025-01-15,Central,Email,26,Beauty & Personal Care
101196,2023-10-27,Central,Direct,37,Toys & Games
101197,2025-07-02,South,Email,53,Beauty & Personal Care
101198,2023-01-01,North,Organic Search,37,Electronics
101199,2024-05-20,South,Organic Search,46,Beauty & Personal Care
101200,2024-06-30,South,Social Media,35,Home & Kitchen
101201,2025-05-27,East,Organic Search,23,Toys & Games
101202,2025-03-11,Central,Organic Search,27,Home & Kitchen
101203,2024-09-09,Central,Email,22,Sports & Outdoors
101204,2025-03-04,West,Paid Ads,37,Grocery
101205,2023-04-24,Central,Organic Search,48,Electronics
101206,2024-05-31,North,Social Media,36,Toys & Games
101207,2025-03-02,North,Direct,31,Beauty & Personal Care
101208,2023-07-23,Central,Referral,26,Grocery
101209,2024-10-17,West,Organic Search,38,Books
101210,2023-08-16,South,Social Media,21,Home & Kitchen
101211,2024-11-27,West,Direct,22,Fashion
101212,2023-11-29,North,Organic Search,44,Fashion
101213,2024-10-26,West,Referral,31,Sports & Outdoors
101214,2023-04-24,Central,Referral,31,Electronics
101215,2025-06-30,East,Referral,33,Fashion
101216,2025-04-20,West,Organic Search,42,Beauty & Personal Care
101217,2024-08-13,West,Direct,36,Fashion
101218,2025-01-06,Central,Paid Ads,26,Beauty & Personal Care
101219,2024-11-03,East,Organic Search,27,Home & Kitchen
101220,2023-10-06,South,Organic Search,32,Fashion
101221,2024-11-08,South,Paid Ads,38,Sports & Outdoors
101222,2024-02-26,South,Organic Search,34,Fashion
101223,2025-02-18,North,Email,33,Fashion
101224,2025-07-16,West,Direct,35,Fashion
101225,2023-08-20,South,Organic Search,34,Fashion
101226,2023-01-01,West,Email,26,Electronics
101227,2024-04-08,North,Direct,47,Sports & Outdoors
101228,2024-07-27,South,Organic Search,29,Beauty & Personal Care
101229,2024-05-18,South,Referral,36,Electronics
101230,2023-01-01,North,Direct,18,Home & Kitchen
101231,2024-04-03,Central,Email,32,Grocery
101232,2023-07-25,East,Social Media,22,Home & Kitchen
101233,2023-08-18,Central,Direct,24,Toys & Games
101234,2023-03-03,Central,Referral,61,Electronics
101235,2024-08-03,North,Paid Ads,37,Beauty & Personal Care
101236,2024-11-30,Central,Organic Search,48,Beauty & Personal Care
101237,2023-11-24,North,Social Media,44,Beauty & Personal Care
101238,2023-04-17,Central,Paid Ads,45,Beauty & Personal Care
101239,2023-01-01,West,Paid Ads,32,Beauty & Personal Care
101240,2023-01-01,Central,Organic Search,52,Grocery
101241,2023-06-10,East,Email,44,Home & Kitchen
101242,2024-12-13,North,Referral,35,Books
101243,2024-04-08,North,Paid Ads,37,Fashion
101244,2024-05-12,North,Organic Search,33,Fashion
101245,2024-06-20,Central,Organic Search,35,Beauty & Personal Care
101246,2023-11-23,East,Organic Search,34,Books
101247,2024-08-31,South,Social Media,39,Grocery
101248,2024-08-31,North,Organic Search,54,Books
101249,2023-01-01,North,Direct,21,Books
101250,2024-07-17,South,Organic Search,47,Home & Kitchen
101251,2023-03-08,West,Organic Search,30,Fashion
101252,2023-01-30,Central,Direct,48,Sports & Outdoors
101253,2024-03-29,West,Paid Ads,31,Home & Kitchen
101254,2024-08-19,Central,Paid Ads,39,Grocery
101255,2025-02-10,South,Organic Search,33,Grocery
101256,2025-06-07,South,Referral,18,Electronics
101257,2023-10-20,West,Paid Ads,54,Electronics
101258,2024-01-24,North,Email,24,Home & Kitchen
101259,2023-08-07,Central,Referral,35,Fashion
101260,2024-11-15,West,Direct,23,Fashion
101261,2023-01-01,North,Social Media,20,Home & Kitchen
101262,2023-12-17,North,Email,32,Sports & Outdoors
101263,2024-07-29,West,Referral,28,Fashion
101264,2025-07-20,West,Paid Ads,22,Toys & Games
101265,2024-10-18,South,Referral,34,Beauty & Personal Care
101266,2023-07-13,West,Referral,18,Sports & Outdoors
101267,2023-01-01,East,Organic Search,36,Electronics
101268,2024-06-09,West,Referral,33,Electronics
101269,2023-01-01,East,Organic Search,18,Fashion
101270,2025-02-25,East,Social Media,29,Grocery
101271,2024-01-11,South,Organic Search,40,Grocery
101272,2023-12-30,North,Organic Search,23,Fashion
101273,2023-10-16,North,Organic Search,40,Home & Kitchen
101274,2024-04-21,North,Organic Search,39,Home & Kitchen
101275,2024-02-04,Central,Organic Search,23,Fashion
101276,2025-03-01,East,Organic Search,34,Toys & Games
101277,2023-01-01,South,Social Media,44,Books
101278,2023-05-08,Central,Paid Ads,25,Home & Kitchen
101279,2024-02-21,Central,Direct,32,Electronics
101280,2023-04-24,South,Email,47,Electronics
101281,2023-01-01,South,Organic Search,25,Beauty & Personal Care
101282,2023-10-23,East,Paid Ads,40,Sports & Outdoors
101283,2023-01-01,Central,Paid Ads,23,Beauty & Personal Care
101284,2023-09-12,West,Paid Ads,33,Grocery
101285,2025-02-01,East,Social Media,39,Sports & Outdoors
101286,2024-03-13,South,Referral,18,Sports & Outdoors
101287,2023-04-01,South,Referral,29,Beauty & Personal Care
101288,2023-01-01,North,Paid Ads,39,Grocery
101289,2024-04-13,West,Referral,37,Fashion
101290,2025-02-16,Central,Paid Ads,29,Electronics
101291,2024-08-26,West,Email,22,Sports & Outdoors
101292,2025-05-01,South,Direct,41,Fashion
101293,2023-07-21,East,Paid Ads,31,Fashion
101294,2024-10-21,Central,Email,40,Beauty & Personal Care
101295,2024-12-31,East,Email,39,Beauty & Personal Care
101296,2023-05-28,Central,Social Media,30,Electronics
101297,2023-01-01,East,Organic Search,46,Beauty & Personal Care
101298,2025-01-01,East,Email,28,Fashion
101299,2024-04-10,East,Paid Ads,48,Electronics
101300,2024-08-13,South,Organic Search,49,Toys & Games
101301,2023-01-01,East,Social Media,46,Fashion
101302,2024-07-08,South,Paid Ads,33,Home & Kitchen
101303,2025-03-05,West,Organic Search,63,Electronics
101304,2024-06-22,West,Direct,36,Toys & Games
101305,2023-01-01,South,Organic Search,37,Electronics
101306,2024-08-31,Central,Social Media,34,Electronics
101307,2024-12-09,East,Referral,22,Home & Kitchen
101308,2024-07-23,Central,Organic Search,49,Electronics
101309,2025-02-28,West,Referral,28,Fashion
101310,2024-08-14,Central,Referral,45,Fashion
101311,2024-11-22,Central,Social Media,47,Home & Kitchen
101312,2023-01-01,South,Social Media,41,Grocery
101313,2025-07-05,South,Direct,27,Home & Kitchen
101314,2025-02-02,Central,Direct,31,Sports & Outdoors
101315,2024-12-10,South,Organic Search,18,Toys & Games
101316,2025-02-26,West,Paid Ads,33,Grocery
101317,2024-01-07,North,Social Media,43,Grocery
101318,2025-01-05,Central,Direct,32,Sports & Outdoors
101319,2025-05-15,West,Email,28,Electronics
101320,2024-05-14,East,Paid Ads,31,Fashion
101321,2024-09-17,East,Direct,48,Fashion
101322,2024-12-26,West,Paid Ads,34,Books
101323,2023-01-01,South,Organic Search,55,Home & Kitchen
101324,2023-12-23,South,Social Media,28,Beauty & Personal Care
101325,2024-02-11,South,Paid Ads,37,Grocery
101326,2023-12-13,North,Social Media,30,Electronics
101327,2024-01-05,Central,Paid Ads,57,Grocery
101328,2024-09-02,West,Email,36,Beauty & Personal Care
101329,2025-01-03,East,Direct,58,Beauty & Personal Care
101330,2024-05-06,Central,Organic Search,30,Fashion
101331,2024-09-08,West,Social Media,51,Fashion
101332,2025-07-06,East,Referral,36,Beauty & Personal Care
101333,2025-03-13,North,Organic Search,44,Grocery
101334,2024-10-14,East,Email,21,Sports & Outdoors
101335,2023-05-15,North,Social Media,38,Sports & Outdoors
101336,2024-05-04,West,Organic Search,23,Fashion
101337,2025-02-09,North,Direct,37,Beauty & Personal Care
101338,2025-03-28,East,Paid Ads,18,Beauty & Personal Care
101339,2023-01-09,South,Organic Search,33,Electronics
101340,2024-08-20,North,Organic Search,47,Beauty & Personal Care
101341,2025-08-24,East,Email,41,Electronics
101342,2024-07-31,South,Direct,21,Sports & Outdoors
101343,2023-09-15,South,Paid Ads,18,Grocery
101344,2025-04-01,Central,Organic Search,40,Grocery
101345,2024-06-01,South,Organic Search,52,Fashion
101346,2024-04-29,East,Referral,24,Beauty & Personal Care
101347,2025-03-23,North,Paid Ads,58,Sports & Outdoors
101348,2023-01-01,South,Paid Ads,34,Books
101349,2024-04-22,South,Paid Ads,18,Electronics
101350,2024-10-15,West,Paid Ads,18,Beauty & Personal Care
101351,2024-08-18,North,Referral,43,Beauty & Personal Care
101352,2025-04-21,Central,Social Media,36,Sports & Outdoors
101353,2025-04-27,North,Organic Search,51,Sports & Outdoors
101354,2024-11-09,West,Social Media,21,Books
101355,2024-10-24,North,Paid Ads,36,Electronics
101356,2024-09-06,Central,Social Media,35,Beauty & Personal Care
101357,2023-01-01,West,Organic Search,33,Grocery
101358,2023-10-12,Central,Organic Search,30,Fashion
101359,2025-06-24,Central,Social Media,31,Grocery
101360,2023-01-23,Central,Organic Search,36,Electronics
101361,2024-11-11,West,Social Media,38,Toys & Games
101362,2023-08-26,Central,Paid Ads,37,Toys & Games
101363,2024-10-21,North,Organic Search,48,Toys & Games
101364,2024-05-16,West,Referral,21,Fashion
101365,2025-04-11,Central,Paid Ads,18,Grocery
101366,2024-02-24,South,Organic Search,46,Fashion
101367,2023-06-27,Central,Email,24,Electronics
101368,2025-06-07,East,Paid Ads,30,Home & Kitchen
101369,2023-06-18,East,Direct,28,Sports & Outdoors
101370,2025-01-04,South,Organic Search,28,Electronics
101371,2023-01-01,North,Direct,18,Home & Kitchen
101372,2023-08-16,Central,Email,28,Beauty & Personal Care
101373,2023-11-13,West,Organic Search,42,Grocery
101374,2024-08-16,East,Social Media,34,Fashion
101375,2023-01-01,Central,Referral,40,Electronics
101376,2024-11-09,North,Social Media,29,Fashion
101377,2025-03-10,West,Paid Ads,44,Beauty & Personal Care
101378,2024-12-27,East,Direct,29,Beauty & Personal Care
101379,2023-03-17,West,Referral,18,Fashion
101380,2024-05-23,North,Direct,38,Beauty & Personal Care
101381,2024-07-13,West,Email,43,Home & Kitchen
101382,2024-11-05,West,Email,28,Electronics
101383,2024-07-30,Central,Referral,48,Electronics
101384,2024-11-22,South,Referral,25,Beauty & Personal Care
101385,2023-09-30,North,Direct,42,Toys & Games
101386,2024-09-13,North,Social Media,54,Home & Kitchen
101387,2024-12-23,North,Organic Search,35,Beauty & Personal Care
101388,2023-05-07,South,Social Media,32,Sports & Outdoors
101389,2025-03-04,Central,Organic Search,33,Beauty & Personal Care
101390,2024-05-18,North,Direct,52,Electronics
101391,2025-07-07,North,Referral,39,Home & Kitchen
101392,2025-05-07,North,Social Media,58,Electronics
101393,2024-10-13,South,Organic Search,38,Grocery
101394,2024-11-27,West,Social Media,27,Toys & Games
101395,2024-11-27,South,Paid Ads,28,Fashion
101396,2023-08-11,East,Referral,35,Beauty & Personal Care
101397,2023-07-11,South,Social Media,18,Electronics
101398,2024-03-08,Central,Social Media,29,Fashion
101399,2025-03-13,North,Organic Search,30,Electronics
101400,2024-08-01,South,Social Media,37,Electronics
101401,2023-01-01,East,Paid Ads,56,Books
101402,2023-01-01,Central,Direct,35,Home & Kitchen
101403,2023-05-02,East,Direct,18,Books
101404,2025-03-07,North,Email,24,Toys & Games
101405,2024-07-29,East,Paid Ads,37,Grocery
101406,2024-04-03,South,Organic Search,36,Electronics
101407,2024-05-29,South,Direct,52,Home & Kitchen
101408,2023-02-28,Central,Direct,45,Toys & Games
101409,2023-09-03,Central,Organic Search,45,Toys & Games
101410,2025-03-16,South,Referral,32,Sports & Outdoors
101411,2024-12-18,East,Paid Ads,47,Fashion
101412,2023-05-04,East,Organic Search,25,Home & Kitchen
101413,2023-01-01,Central,Direct,45,Fashion
101414,2024-03-29,Central,Direct,31,Fashion
101415,2023-01-01,South,Direct,19,Fashion
101416,2024-05-11,North,Organic Search,41,Books
101417,2025-02-14,North,Social Media,50,Books
101418,2023-10-19,North,Direct,30,Beauty & Personal Care
101419,2023-01-01,West,Referral,52,Toys & Games
101420,2025-04-20,West,Paid Ads,18,Sports & Outdoors
101421,2023-01-01,Central,Social Media,21,Home & Kitchen
101422,2023-11-15,North,Organic Search,33,Grocery
101423,2024-12-31,North,Social Media,30,Fashion
101424,2025-07-05,North,Direct,27,Home & Kitchen
101425,2025-07-30,West,Organic Search,36,Electronics
101426,2024-11-28,North,Organic Search,29,Grocery
101427,2024-01-29,West,Social Media,31,Fashion
101428,2023-06-16,Central,Social Media,38,Electronics
101429,2023-02-03,North,Paid Ads,27,Sports & Outdoors
101430,2024-03-06,West,Organic Search,33,Toys & Games
101431,2024-05-06,East,Referral,27,Grocery
101432,2024-10-04,Central,Organic Search,21,Fashion
101433,2024-01-19,South,Referral,43,Toys & Games
101434,2024-12-28,South,Social Media,53,Fashion
101435,2025-04-13,North,Paid Ads,46,Fashion
101436,2024-05-28,West,Social Media,38,Fashion
101437,2023-07-28,Central,Referral,27,Electronics
101438,2025-05-12,North,Social Media,31,Beauty & Personal Care
101439,2024-11-28,East,Social Media,46,Sports & Outdoors
101440,2024-06-10,West,Paid Ads,18,Beauty & Personal Care
101441,2024-06-17,West,Paid Ads,31,Beauty & Personal Care
101442,2023-11-28,Central,Social Media,43,Books
101443,2023-01-01,West,Paid Ads,22,Grocery
101444,2025-07-30,Central,Paid Ads,39,Fashion
101445,2023-01-01,Central,Organic Search,39,Home & Kitchen
101446,2023-01-01,Central,Referral,19,Grocery
101447,2023-06-06,East,Organic Search,35,Fashion
101448,2024-04-05,East,Direct,28,Electronics
101449,2024-12-23,East,Social Media,39,Fashion
101450,2023-06-13,Central,Organic Search,42,Books
101451,2024-03-16,South,Referral,39,Electronics
101452,2024-09-29,West,Paid Ads,35,Fashion
101453,2023-06-28,West,Direct,38,Home & Kitchen
101454,2023-03-22,North,Direct,22,Home & Kitchen
101455,2023-01-01,East,Email,34,Toys & Games
101456,2025-01-16,North,Social Media,26,Beauty & Personal Care
101457,2023-01-01,West,Direct,46,Grocery
101458,2024-09-23,East,Referral,42,Home & Kitchen
101459,2024-04-04,South,Direct,42,Beauty & Personal Care
101460,2024-01-18,North,Organic Search,53,Beauty & Personal Care
101461,2023-01-18,North,Direct,31,Fashion
101462,2023-08-23,West,Referral,28,Electronics
101463,2024-10-03,Central,Paid Ads,31,Fashion
101464,2025-07-23,South,Direct,18,Electronics
101465,2023-12-03,Central,Referral,18,Sports & Outdoors
101466,2024-04-20,East,Direct,41,Grocery
101467,2025-04-22,South,Organic Search,19,Fashion
101468,2024-03-06,East,Social Media,23,Fashion
101469,2024-06-15,West,Referral,33,Electronics
101470,2023-01-01,Central,Organic Search,30,Beauty & Personal Care
101471,2023-01-01,East,Email,44,Home & Kitchen
101472,2023-04-06,South,Referral,35,Toys & Games
101473,2024-07-04,West,Organic Search,26,Grocery
101474,2024-05-14,East,Referral,45,Toys & Games
101475,2025-01-24,South,Organic Search,43,Books
101476,2024-12-15,East,Email,19,Grocery
101477,2024-07-24,East,Direct,37,Sports & Outdoors
101478,2024-08-26,North,Social Media,27,Fashion
101479,2025-04-30,North,Social Media,26,Beauty & Personal Care
101480,2023-01-01,West,Paid Ads,55,Beauty & Personal Care
101481,2023-01-01,North,Paid Ads,36,Beauty & Personal Care
101482,2023-01-01,East,Direct,32,Home & Kitchen
101483,2023-01-01,West,Paid Ads,35,Fashion
101484,2023-01-01,South,Paid Ads,44,Sports & Outdoors
101485,2025-01-20,South,Paid Ads,27,Electronics
101486,2023-01-01,Central,Referral,29,Fashion
101487,2024-10-05,North,Email,42,Grocery
101488,2023-09-24,West,Organic Search,18,Grocery
101489,2025-05-30,North,Organic Search,45,Toys & Games
101490,2024-11-09,Central,Organic Search,18,Toys & Games
101491,2023-03-20,East,Organic Search,32,Electronics
101492,2023-08-30,North,Paid Ads,18,Beauty & Personal Care
101493,2024-10-10,West,Email,23,Fashion
101494,2024-05-14,North,Social Media,49,Home & Kitchen
101495,2024-12-05,South,Organic Search,46,Sports & Outdoors
101496,2023-03-22,East,Social Media,47,Toys & Games
101497,2023-01-01,West,Email,19,Toys & Games
101498,2025-01-19,East,Paid Ads,23,Beauty & Personal Care
101499,2024-06-20,Central,Organic Search,38,Home & Kitchen
101500,2025-05-05,East,Email,42,Fashion
101501,2024-03-18,South,Organic Search,26,Beauty & Personal Care
101502,2023-11-15,South,Email,28,Electronics
101503,2024-02-14,Central,Email,22,Home & Kitchen
101504,2023-12-22,West,Direct,53,Electronics
101505,2024-07-26,North,Organic Search,29,Electronics
101506,2024-07-18,West,Organic Search,35,Toys & Games
101507,2024-08-02,East,Direct,35,Fashion
101508,2024-11-16,South,Paid Ads,47,Home & Kitchen
101509,2024-10-16,North,Paid Ads,24,Books
101510,2023-12-07,Central,Social Media,47,Beauty & Personal Care
101511,2023-01-01,North,Organic Search,20,Grocery
101512,2025-02-23,Central,Referral,47,Grocery
101513,2024-07-19,North,Direct,18,Fashion
101514,2025-04-01,East,Referral,33,Home & Kitchen
101515,2024-11-12,North,Paid Ads,52,Fashion
101516,2024-09-30,East,Direct,42,Toys & Games
101517,2024-04-15,Central,Referral,39,Electronics
101518,2024-04-25,East,Organic Search,23,Sports & Outdoors
101519,2024-06-23,East,Referral,26,Grocery
101520,2024-01-13,North,Organic Search,49,Grocery
101521,2025-02-05,Central,Paid Ads,40,Books
101522,2024-04-12,South,Social Media,44,Beauty & Personal Care
101523,2023-08-16,East,Organic Search,35,Beauty & Personal Care
101524,2025-02-08,Central,Organic Search,31,Fashion
101525,2025-06-19,West,Social Media,43,Fashion
101526,2023-03-27,West,Paid Ads,37,Sports & Outdoors
101527,2025-03-27,North,Social Media,33,Beauty & Personal Care
101528,2024-11-24,East,Organic Search,19,Toys & Games
101529,2023-08-31,East,Referral,45,Fashion
101530,2025-02-18,North,Direct,39,Fashion
101531,2023-05-08,South,Organic Search,28,Beauty & Personal Care
101532,2024-12-28,Central,Email,47,Electronics
101533,2025-01-24,Central,Organic Search,37,Sports & Outdoors
101534,2025-03-31,Central,Paid Ads,37,Fashion
101535,2024-12-26,Central,Paid Ads,44,Beauty & Personal Care
101536,2023-11-07,Central,Organic Search,42,Electronics
101537,2024-11-24,North,Organic Search,38,Home & Kitchen
101538,2023-03-24,Central,Email,32,Beauty & Personal Care
101539,2024-06-09,West,Email,56,Beauty & Personal Care
101540,2024-05-09,Central,Direct,26,Toys & Games
101541,2025-01-30,West,Direct,43,Books
101542,2023-01-01,North,Paid Ads,34,Beauty & Personal Care
101543,2023-08-11,East,Organic Search,40,Books
101544,2023-08-26,West,Organic Search,48,Sports & Outdoors
101545,2024-08-13,North,Social Media,31,Toys & Games
101546,2025-04-19,East,Direct,41,Electronics
101547,2024-04-20,West,Organic Search,37,Sports & Outdoors
101548,2023-11-27,East,Organic Search,27,Electronics
101549,2023-11-22,West,Paid Ads,48,Electronics
101550,2024-01-22,North,Direct,42,Sports & Outdoors
101551,2024-02-09,South,Paid Ads,30,Beauty & Personal Care
101552,2024-12-29,Central,Referral,47,Sports & Outdoors
101553,2024-12-19,East,Paid Ads,25,Home & Kitchen
101554,2025-03-30,North,Paid Ads,34,Electronics
101555,2023-03-17,North,Paid Ads,30,Books
101556,2023-01-01,East,Email,43,Beauty & Personal Care
101557,2023-01-01,Central,Email,29,Fashion
101558,2024-03-25,North,Paid Ads,43,Home & Kitchen
101559,2024-02-08,North,Organic Search,41,Beauty & Personal Care
101560,2024-07-31,South,Organic Search,30,Fashion
101561,2024-03-31,South,Organic Search,55,Sports & Outdoors
101562,2025-02-18,North,Organic Search,26,Beauty & Personal Care
101563,2024-08-07,South,Organic Search,19,Electronics
101564,2025-01-22,West,Referral,44,Beauty & Personal Care
101565,2024-09-15,Central,Email,18,Fashion
101566,2025-01-05,South,Referral,51,Grocery
101567,2023-11-27,West,Referral,36,Home & Kitchen
101568,2023-09-29,Central,Direct,19,Electronics
101569,2024-02-21,North,Direct,24,Books
101570,2024-12-18,Central,Organic Search,18,Fashion
101571,2025-04-09,North,Organic Search,39,Toys & Games
101572,2023-09-23,West,Organic Search,20,Electronics
101573,2024-06-11,West,Direct,40,Electronics
101574,2025-06-22,Central,Organic Search,31,Toys & Games
101575,2024-04-23,East,Paid Ads,29,Toys & Games
101576,2024-02-05,West,Social Media,40,Electronics
101577,2025-05-24,North,Social Media,41,Home & Kitchen
101578,2023-11-19,East,Social Media,47,Toys & Games
101579,2025-05-06,Central,Email,28,Fashion
101580,2025-01-10,North,Social Media,34,Grocery
101581,2025-05-05,North,Direct,28,Beauty & Personal Care
101582,2025-02-01,West,Organic Search,36,Sports & Outdoors
101583,2025-04-08,East,Direct,26,Books
101584,2023-03-21,East,Social Media,30,Sports & Outdoors
101585,2024-08-29,South,Organic Search,30,Fashion
101586,2024-10-28,North,Direct,38,Toys & Games
101587,2023-01-22,West,Direct,35,Home & Kitchen
101588,2023-02-24,South,Email,40,Electronics
101589,2024-10-07,West,Direct,33,Sports & Outdoors
101590,2024-02-28,East,Paid Ads,28,Fashion
101591,2024-11-30,South,Organic Search,37,Electronics
101592,2024-07-14,South,Organic Search,24,Books
101593,2025-03-12,West,Direct,41,Sports & Outdoors
101594,2023-12-31,South,Email,31,Books
101595,2023-01-01,Central,Direct,37,Fashion
101596,2023-04-20,East,Email,37,Fashion
101597,2024-05-26,Central,Referral,52,Fashion
101598,2025-06-30,East,Organic Search,39,Books
101599,2024-12-11,East,Organic Search,35,Electronics
101600,2024-07-15,East,Paid Ads,27,Grocery
101601,2025-04-26,East,Email,43,Toys & Games
101602,2025-05-18,East,Organic Search,32,Grocery
101603,2023-01-01,Central,Direct,18,Home & Kitchen
101604,2023-06-28,West,Referral,32,Beauty & Personal Care
101605,2023-11-27,North,Paid Ads,37,Beauty & Personal Care
101606,2023-08-30,North,Direct,25,Beauty & Personal Care
101607,2025-04-03,North,Social Media,33,Grocery
101608,2025-02-07,West,Referral,34,Grocery
101609,2024-03-24,South,Paid Ads,34,Fashion
101610,2024-02-22,South,Paid Ads,48,Electronics
101611,2025-05-04,Central,Organic Search,20,Beauty & Personal Care
101612,2024-04-20,North,Social Media,57,Electronics
101613,2024-07-09,North,Email,34,Books
101614,2023-05-09,North,Direct,41,Sports & Outdoors
101615,2024-02-20,South,Direct,36,Books
101616,2023-01-01,North,Organic Search,18,Fashion
101617,2024-10-06,West,Direct,23,Sports & Outdoors
101618,2025-03-24,West,Organic Search,29,Fashion
101619,2023-01-01,North,Organic Search,45,Home & Kitchen
101620,2024-01-30,East,Referral,19,Books
101621,2024-07-07,South,Direct,25,Fashion
101622,2025-01-31,North,Direct,36,Grocery
101623,2024-10-03,East,Email,40,Fashion
101624,2024-10-17,West,Organic Search,39,Grocery
101625,2025-03-31,South,Organic Search,24,Toys & Games
101626,2025-07-22,West,Organic Search,18,Home & Kitchen
101627,2024-10-23,Central,Social Media,40,Electronics
101628,2023-08-17,North,Social Media,50,Fashion
101629,2023-01-01,North,Organic Search,31,Sports & Outdoors
101630,2023-04-17,South,Paid Ads,22,Electronics
101631,2023-03-13,Central,Social Media,30,Grocery
101632,2025-03-13,North,Referral,39,Beauty & Personal Care
101633,2024-03-16,East,Paid Ads,32,Sports & Outdoors
101634,2023-11-23,East,Paid Ads,50,Sports & Outdoors
101635,2023-10-25,North,Referral,45,Sports & Outdoors
101636,2024-07-14,North,Referral,37,Electronics
101637,2024-05-02,North,Organic Search,18,Sports & Outdoors
101638,2023-05-04,North,Organic Search,27,Books
101639,2023-12-10,East,Direct,28,Beauty & Personal Care
101640,2023-09-16,Central,Email,26,Grocery
101641,2024-11-04,South,Organic Search,37,Beauty & Personal Care
101642,2023-10-12,South,Social Media,37,Beauty & Personal Care
101643,2024-05-07,South,Social Media,18,Beauty & Personal Care
101644,2023-07-01,Central,Organic Search,43,Sports & Outdoors
101645,2024-12-29,Central,Organic Search,35,Toys & Games
101646,2023-08-14,West,Direct,38,Beauty & Personal Care
101647,2024-09-29,East,Social Media,43,Fashion
101648,2023-08-12,North,Organic Search,26,Beauty & Personal Care
101649,2024-03-14,Central,Email,48,Toys & Games
101650,2024-06-02,North,Paid Ads,33,Fashion
101651,2024-09-14,North,Referral,51,Grocery
101652,2024-07-06,West,Paid Ads,25,Grocery
101653,2024-10-22,North,Organic Search,50,Home & Kitchen
101654,2024-09-20,North,Organic Search,25,Grocery
101655,2023-12-22,East,Direct,63,Sports & Outdoors
101656,2025-06-08,North,Social Media,24,Toys & Games
101657,2023-08-19,South,Email,46,Beauty & Personal Care
101658,2023-08-10,West,Organic Search,31,Sports & Outdoors
101659,2024-09-06,North,Email,42,Fashion
101660,2024-04-23,West,Social Media,34,Home & Kitchen
101661,2025-02-20,North,Referral,22,Fashion
101662,2024-01-19,West,Paid Ads,18,Beauty & Personal Care
101663,2025-01-28,North,Social Media,62,Electronics
101664,2025-08-20,West,Organic Search,35,Grocery
101665,2023-01-01,West,Organic Search,18,Fashion
101666,2025-03-11,West,Email,38,Beauty & Personal Care
101667,2024-07-13,South,Organic Search,42,Toys & Games
101668,2024-04-09,South,Organic Search,27,Home & Kitchen
101669,2023-12-23,Central,Direct,27,Electronics
101670,2024-06-14,West,Organic Search,34,Home & Kitchen
101671,2024-03-06,North,Social Media,48,Toys & Games
101672,2024-09-12,North,Email,36,Toys & Games
101673,2025-05-21,South,Referral,51,Books
101674,2024-06-27,West,Organic Search,47,Books
101675,2023-10-23,South,Social Media,32,Home & Kitchen
101676,2025-03-01,Central,Social Media,18,Beauty & Personal Care
101677,2024-04-05,East,Paid Ads,32,Beauty & Personal Care
101678,2023-01-01,Central,Email,40,Home & Kitchen
101679,2024-07-18,Central,Direct,35,Grocery
101680,2024-07-02,East,Organic Search,41,Grocery
101681,2025-05-30,Central,Organic Search,44,Grocery
101682,2025-03-21,East,Referral,40,Fashion
101683,2025-01-26,North,Paid Ads,31,Fashion
101684,2023-11-10,South,Email,40,Toys & Games
101685,2025-02-17,East,Organic Search,59,Electronics
101686,2024-01-28,Central,Organic Search,18,Home & Kitchen
101687,2025-01-08,Central,Referral,40,Electronics
101688,2025-05-26,North,Direct,55,Fashion
101689,2023-09-14,North,Organic Search,22,Home & Kitchen
101690,2024-10-14,East,Direct,46,Electronics
101691,2023-12-20,East,Paid Ads,47,Beauty & Personal Care
101692,2025-05-29,West,Organic Search,18,Home & Kitchen
101693,2025-07-27,South,Social Media,42,Home & Kitchen
101694,2024-05-10,Central,Organic Search,32,Sports & Outdoors
101695,2025-03-26,East,Referral,34,Home & Kitchen
101696,2024-05-15,South,Paid Ads,31,Electronics
101697,2024-05-08,East,Social Media,49,Books
101698,2024-06-21,Central,Organic Search,33,Books
101699,2023-03-18,South,Email,29,Beauty & Personal Care
101700,2024-02-04,East,Direct,30,Electronics
101701,2023-01-01,Central,Paid Ads,31,Toys & Games
101702,2024-10-07,North,Paid Ads,23,Fashion
101703,2025-04-23,East,Direct,29,Fashion
101704,2024-12-25,West,Organic Search,36,Fashion
101705,2024-09-21,Central,Email,39,Books
101706,2023-01-01,North,Social Media,48,Beauty & Personal Care
101707,2024-06-02,West,Direct,37,Grocery
101708,2023-02-23,Central,Paid Ads,29,Beauty & Personal Care
101709,2024-10-29,South,Paid Ads,23,Fashion
101710,2024-11-28,West,Paid Ads,38,Sports & Outdoors
101711,2025-06-03,East,Organic Search,33,Fashion
101712,2023-01-01,West,Organic Search,34,Grocery
101713,2023-01-01,South,Direct,37,Electronics
101714,2024-04-01,North,Organic Search,40,Home & Kitchen
101715,2024-09-04,Central,Organic Search,37,Toys & Games
101716,2024-05-20,South,Organic Search,33,Sports & Outdoors
101717,2025-04-29,North,Paid Ads,26,Fashion
101718,2023-12-20,Central,Social Media,28,Sports & Outdoors
101719,2023-01-01,Central,Organic Search,44,Electronics
101720,2023-01-01,West,Email,30,Electronics
101721,2025-05-29,East,Email,20,Home & Kitchen
101722,2023-03-01,South,Organic Search,47,Toys & Games
101723,2025-04-28,West,Email,24,Beauty & Personal Care
101724,2025-07-24,West,Paid Ads,35,Electronics
101725,2023-02-05,East,Paid Ads,40,Beauty & Personal Care
101726,2024-11-18,West,Direct,35,Grocery
101727,2023-05-05,East,Direct,18,Beauty & Personal Care
101728,2023-06-25,Central,Paid Ads,39,Fashion
101729,2023-09-03,West,Social Media,49,Toys & Games
101730,2024-05-24,South,Paid Ads,43,Toys & Games
101731,2025-04-13,West,Social Media,18,Home & Kitchen
101732,2024-09-20,South,Referral,58,Grocery
101733,2023-01-01,South,Organic Search,20,Fashion
101734,2023-04-20,Central,Direct,23,Fashion
101735,2024-09-05,East,Referral,43,Home & Kitchen
101736,2024-09-09,North,Organic Search,39,Grocery
101737,2023-10-18,South,Direct,35,Sports & Outdoors
101738,2024-04-29,Central,Referral,28,Toys & Games
101739,2024-08-21,West,Paid Ads,49,Sports & Outdoors
101740,2023-11-27,Central,Social Media,34,Sports & Outdoors
101741,2023-12-12,East,Direct,18,Grocery
101742,2024-12-19,North,Direct,48,Electronics
101743,2024-02-14,North,Paid Ads,37,Sports & Outdoors
101744,2024-01-08,North,Referral,47,Electronics
101745,2024-06-20,West,Direct,41,Home & Kitchen
101746,2025-01-11,West,Direct,61,Home & Kitchen
101747,2024-09-29,East,Organic Search,31,Sports & Outdoors
101748,2025-02-21,West,Social Media,35,Toys & Games
101749,2024-02-03,East,Direct,42,Fashion
101750,2025-05-29,West,Organic Search,31,Toys & Games
101751,2023-01-01,West,Paid Ads,43,Books
101752,2023-01-01,East,Social Media,18,Beauty & Personal Care
101753,2023-12-29,West,Social Media,34,Sports & Outdoors
101754,2023-05-24,South,Referral,33,Fashion
101755,2023-07-01,West,Organic Search,33,Electronics
101756,2024-04-23,Central,Email,25,Fashion
101757,2024-08-13,South,Paid Ads,44,Fashion
101758,2024-09-16,West,Email,29,Home & Kitchen
101759,2023-01-01,North,Paid Ads,37,Electronics
101760,2025-01-19,South,Organic Search,34,Sports & Outdoors
101761,2025-01-15,West,Direct,40,Beauty & Personal Care
101762,2023-04-03,South,Email,50,Books
101763,2023-05-30,South,Paid Ads,37,Electronics
101764,2024-08-30,South,Organic Search,44,Beauty & Personal Care
101765,2023-11-11,North,Social Media,36,Grocery
101766,2023-09-10,West,Direct,29,Grocery
101767,2025-04-20,North,Paid Ads,33,Books
101768,2023-01-01,South,Direct,31,Beauty & Personal Care
101769,2023-09-10,South,Paid Ads,41,Toys & Games
101770,2023-12-21,Central,Referral,36,Electronics
101771,2023-09-06,Central,Paid Ads,26,Electronics
101772,2024-02-11,North,Organic Search,32,Sports & Outdoors
101773,2024-07-09,North,Direct,18,Fashion
101774,2024-04-20,West,Organic Search,32,Electronics
101775,2025-05-02,South,Direct,35,Toys & Games
101776,2023-01-01,West,Organic Search,54,Electronics
101777,2024-07-15,Central,Organic Search,49,Sports & Outdoors
101778,2023-01-01,North,Direct,23,Home & Kitchen
101779,2024-04-13,Central,Referral,37,Home & Kitchen
101780,2024-11-30,North,Organic Search,37,Home & Kitchen
101781,2023-01-01,South,Social Media,32,Fashion
101782,2024-01-08,East,Organic Search,33,Electronics
101783,2023-01-01,Central,Direct,31,Books
101784,2024-12-06,East,Organic Search,55,Beauty & Personal Care
101785,2023-01-01,North,Social Media,30,Home & Kitchen
101786,2023-01-01,South,Organic Search,38,Beauty & Personal Care
101787,2023-07-29,West,Referral,18,Home & Kitchen
101788,2023-01-01,East,Direct,44,Fashion
101789,2024-07-07,North,Email,48,Electronics
101790,2025-01-20,East,Paid Ads,23,Sports & Outdoors
101791,2024-11-09,East,Organic Search,29,Sports & Outdoors
101792,2024-05-09,North,Organic Search,39,Fashion
101793,2023-07-02,South,Direct,35,Electronics
101794,2025-01-06,Central,Organic Search,40,Beauty & Personal Care
101795,2024-09-15,West,Social Media,31,Books
101796,2024-12-20,North,Paid Ads,55,Beauty & Personal Care
101797,2023-03-24,North,Direct,27,Fashion
101798,2023-01-01,South,Social Media,64,Sports & Outdoors
101799,2025-02-22,East,Social Media,48,Fashion
101800,2023-10-20,East,Direct,44,Beauty & Personal Care
101801,2023-01-06,West,Direct,23,Fashion
101802,2024-08-04,North,Social Media,45,Fashion
101803,2025-04-25,North,Email,41,Home & Kitchen
101804,2023-01-01,West,Referral,18,Beauty & Personal Care
101805,2025-05-03,Central,Paid Ads,19,Electronics
101806,2023-01-01,North,Organic Search,38,Fashion
101807,2024-12-24,South,Referral,33,Beauty & Personal Care
101808,2025-05-21,West,Referral,29,Sports & Outdoors
101809,2024-10-21,North,Organic Search,46,Fashion
101810,2024-06-07,Central,Organic Search,25,Sports & Outdoors
101811,2024-03-24,South,Referral,29,Toys & Games
101812,2023-09-09,East,Organic Search,27,Books
101813,2024-02-18,South,Referral,40,Sports & Outdoors
101814,2023-01-01,West,Referral,18,Sports & Outdoors
101815,2024-06-23,North,Paid Ads,29,Grocery
101816,2024-01-27,North,Organic Search,18,Electronics
101817,2024-03-02,East,Paid Ads,31,Fashion
101818,2025-06-03,Central,Paid Ads,42,Beauty & Personal Care
101819,2025-03-26,West,Social Media,43,Fashion
101820,2024-05-08,West,Referral,26,Fashion
101821,2023-12-05,East,Direct,40,Grocery
101822,2025-07-08,North,Organic Search,32,Sports & Outdoors
101823,2023-01-01,East,Referral,49,Fashion
101824,2023-10-29,Central,Paid Ads,33,Fashion
101825,2024-05-28,West,Email,18,Books
101826,2023-11-20,West,Organic Search,44,Home & Kitchen
101827,2024-11-05,South,Social Media,29,Fashion
101828,2024-03-20,East,Social Media,31,Grocery
101829,2024-01-16,West,Paid Ads,38,Toys & Games
101830,2023-01-01,West,Direct,19,Home & Kitchen
101831,2024-07-22,Central,Organic Search,35,Books
101832,2025-04-30,West,Organic Search,40,Fashion
101833,2025-01-25,South,Referral,39,Toys & Games
101834,2024-08-16,South,Social Media,28,Home & Kitchen
101835,2025-04-15,West,Organic Search,45,Fashion
101836,2025-02-15,Central,Paid Ads,24,Home & Kitchen
101837,2025-01-23,Central,Organic Search,28,Fashion
101838,2024-09-06,West,Direct,33,Beauty & Personal Care
101839,2023-11-04,East,Social Media,38,Electronics
101840,2024-09-19,Central,Organic Search,31,Beauty & Personal Care
101841,2023-10-03,Central,Paid Ads,48,Sports & Outdoors
101842,2024-05-28,North,Direct,38,Fashion
101843,2025-02-09,South,Direct,35,Fashion
101844,2024-01-09,South,Organic Search,37,Fashion
101845,2024-03-15,East,Referral,43,Beauty & Personal Care
101846,2023-09-20,South,Organic Search,37,Electronics
101847,2023-06-07,South,Organic Search,18,Beauty & Personal Care
101848,2023-01-01,North,Direct,46,Books
101849,2023-10-19,North,Direct,36,Toys & Games
101850,2024-03-28,East,Organic Search,42,Toys & Games
101851,2023-09-18,Central,Direct,30,Fashion
101852,2024-10-16,South,Referral,18,Books
101853,2024-11-04,South,Email,18,Sports & Outdoors
101854,2023-01-01,South,Email,24,Grocery
101855,2024-11-12,Central,Social Media,40,Electronics
101856,2025-01-18,West,Direct,49,Electronics
101857,2023-10-20,West,Organic Search,38,Fashion
101858,2024-10-14,North,Social Media,23,Fashion
101859,2023-06-12,Central,Paid Ads,26,Sports & Outdoors
101860,2023-01-01,North,Email,49,Grocery
101861,2024-12-21,Central,Organic Search,20,Home & Kitchen
101862,2023-08-22,Central,Paid Ads,58,Home & Kitchen
101863,2024-11-17,East,Email,55,Beauty & Personal Care
101864,2024-08-10,Central,Paid Ads,58,Electronics
101865,2024-01-29,Central,Organic Search,39,Home & Kitchen
101866,2024-11-04,East,Organic Search,31,Electronics
101867,2024-03-06,West,Referral,38,Electronics
101868,2024-07-16,East,Paid Ads,44,Books
101869,2023-05-31,East,Paid Ads,27,Beauty & Personal Care
101870,2023-05-29,South,Social Media,22,Home & Kitchen
101871,2024-11-03,West,Direct,31,Sports & Outdoors
101872,2024-01-19,South,Email,26,Beauty & Personal Care
101873,2023-03-03,North,Organic Search,48,Fashion
101874,2025-02-18,South,Direct,28,Books
101875,2024-07-18,North,Email,36,Fashion
101876,2024-02-07,Central,Referral,45,Electronics
101877,2025-02-25,South,Social Media,49,Toys & Games
101878,2024-10-04,West,Organic Search,37,Grocery
101879,2023-01-01,East,Referral,39,Beauty & Personal Care
101880,2024-11-12,South,Social Media,23,Electronics
101881,2024-10-16,South,Paid Ads,46,Home & Kitchen
101882,2023-10-25,Central,Organic Search,48,Beauty & Personal Care
101883,2025-03-18,East,Organic Search,18,Fashion
101884,2024-07-11,East,Social Media,54,Fashion
101885,2025-01-16,West,Organic Search,27,Beauty & Personal Care
101886,2024-03-07,Central,Referral,41,Grocery
101887,2025-08-17,West,Email,35,Fashion
101888,2024-04-30,East,Paid Ads,34,Grocery
101889,2024-01-26,Central,Organic Search,32,Home & Kitchen
101890,2024-09-27,Central,Organic Search,24,Fashion
101891,2024-09-09,Central,Paid Ads,40,Grocery
101892,2024-10-29,North,Email,31,Electronics
101893,2024-07-15,Central,Referral,20,Sports & Outdoors
101894,2023-01-01,North,Direct,23,Home & Kitchen
101895,2023-05-13,West,Direct,20,Electronics
101896,2024-07-15,West,Organic Search,29,Books
101897,2024-10-03,South,Referral,40,Home & Kitchen
101898,2023-07-06,North,Paid Ads,27,Sports & Outdoors
101899,2024-04-01,Central,Social Media,45,Beauty & Personal Care
101900,2025-03-02,Central,Paid Ads,33,Sports & Outdoors
101901,2024-08-20,North,Paid Ads,31,Electronics
101902,2023-01-01,West,Referral,35,Home & Kitchen
101903,2023-11-13,North,Social Media,50,Beauty & Personal Care
101904,2024-10-01,East,Paid Ads,19,Grocery
101905,2025-05-08,South,Organic Search,53,Grocery
101906,2024-03-09,West,Social Media,45,Home & Kitchen
101907,2024-05-26,East,Referral,34,Fashion
101908,2024-07-25,East,Social Media,48,Home & Kitchen
101909,2023-06-29,West,Organic Search,31,Sports & Outdoors
101910,2023-11-07,East,Paid Ads,38,Electronics
101911,2025-05-04,North,Email,29,Toys & Games
101912,2024-05-24,East,Referral,45,Books
101913,2025-04-03,West,Organic Search,27,Home & Kitchen
101914,2024-10-25,East,Paid Ads,34,Beauty & Personal Care
101915,2025-04-13,North,Paid Ads,42,Grocery
101916,2025-04-08,North,Referral,46,Home & Kitchen
101917,2024-01-20,South,Organic Search,25,Fashion
101918,2024-03-02,West,Social Media,43,Books
101919,2024-06-18,South,Direct,24,Electronics
101920,2024-11-16,Central,Paid Ads,18,Home & Kitchen
101921,2025-04-23,South,Paid Ads,26,Fashion
101922,2024-10-24,East,Organic Search,44,Sports & Outdoors
101923,2024-02-29,West,Organic Search,34,Grocery
101924,2024-03-09,West,Direct,29,Sports & Outdoors
101925,2023-01-01,North,Direct,35,Electronics
101926,2023-01-01,North,Organic Search,35,Electronics
101927,2024-06-05,North,Direct,41,Toys & Games
101928,2024-10-27,Central,Organic Search,18,Beauty & Personal Care
101929,2025-01-11,North,Social Media,33,Fashion
101930,2025-05-13,North,Referral,36,Beauty & Personal Care
101931,2025-03-18,West,Paid Ads,19,Sports & Outdoors
101932,2024-02-28,West,Social Media,19,Books
101933,2023-10-06,Central,Social Media,30,Home & Kitchen
101934,2024-09-05,South,Organic Search,35,Beauty & Personal Care
101935,2023-01-01,West,Direct,35,Electronics
101936,2025-03-16,North,Organic Search,28,Grocery
101937,2025-05-23,East,Organic Search,28,Sports & Outdoors
101938,2023-01-01,North,Direct,30,Grocery
101939,2025-04-29,Central,Paid Ads,38,Fashion
101940,2024-09-09,East,Paid Ads,48,Fashion
101941,2024-12-25,South,Organic Search,18,Beauty & Personal Care
101942,2024-01-30,Central,Organic Search,41,Home & Kitchen
101943,2024-09-30,North,Organic Search,33,Fashion
101944,2023-10-04,West,Paid Ads,40,Sports & Outdoors
101945,2023-06-18,East,Social Media,48,Electronics
101946,2025-05-14,West,Paid Ads,26,Electronics
101947,2025-01-18,South,Direct,45,Grocery
101948,2023-08-23,Central,Direct,21,Fashion
101949,2023-02-27,East,Paid Ads,36,Grocery
101950,2024-04-11,East,Direct,32,Beauty & Personal Care
101951,2023-12-30,East,Direct,35,Beauty & Personal Care
101952,2023-01-01,South,Direct,24,Electronics
101953,2024-09-27,South,Referral,39,Home & Kitchen
101954,2024-04-15,North,Organic Search,52,Grocery
101955,2023-01-01,East,Organic Search,24,Sports & Outdoors
101956,2023-01-01,East,Direct,37,Fashion
101957,2024-07-13,South,Social Media,44,Electronics
101958,2025-01-11,Central,Direct,31,Electronics
101959,2024-07-16,North,Referral,49,Sports & Outdoors
101960,2024-06-15,Central,Organic Search,30,Home & Kitchen
101961,2025-01-18,Central,Paid Ads,33,Home & Kitchen
101962,2024-12-20,North,Direct,24,Grocery
101963,2023-01-01,West,Organic Search,36,Home & Kitchen
101964,2023-12-09,South,Referral,35,Home & Kitchen
101965,2024-09-08,North,Direct,41,Electronics
101966,2025-03-07,Central,Organic Search,28,Sports & Outdoors
101967,2024-12-17,North,Organic Search,27,Home & Kitchen
101968,2025-06-01,South,Social Media,40,Toys & Games
101969,2024-04-02,North,Email,50,Fashion
101970,2024-12-29,North,Social Media,41,Fashion
101971,2024-03-02,North,Organic Search,55,Electronics
101972,2023-08-28,Central,Organic Search,41,Books
101973,2024-02-26,North,Paid Ads,40,Beauty & Personal Care
101974,2024-10-11,West,Paid Ads,42,Fashion
101975,2025-01-28,North,Organic Search,51,Fashion
101976,2025-03-30,Central,Email,48,Fashion
101977,2023-01-03,Central,Organic Search,23,Home & Kitchen
101978,2024-03-14,West,Email,43,Fashion
101979,2024-09-27,Central,Direct,37,Home & Kitchen
101980,2023-11-02,South,Referral,32,Grocery
101981,2023-04-15,West,Social Media,18,Beauty & Personal Care
101982,2024-12-25,South,Organic Search,18,Sports & Outdoors
101983,2024-03-25,West,Social Media,30,Beauty & Personal Care
101984,2024-03-18,Central,Paid Ads,18,Fashion
101985,2023-01-01,West,Organic Search,31,Toys & Games
101986,2024-09-30,South,Social Media,42,Fashion
101987,2025-02-04,West,Organic Search,28,Toys & Games
101988,2024-02-12,Central,Organic Search,35,Toys & Games
101989,2023-09-24,Central,Referral,23,Fashion
101990,2024-04-25,West,Paid Ads,38,Fashion
101991,2023-01-01,West,Organic Search,40,Fashion
101992,2024-10-01,West,Organic Search,19,Beauty & Personal Care
101993,2024-04-16,West,Organic Search,26,Home & Kitchen
101994,2025-05-05,North,Social Media,21,Grocery
101995,2025-02-14,Central,Social Media,40,Toys & Games
101996,2024-12-23,North,Organic Search,36,Home & Kitchen
101997,2024-08-17,East,Social Media,34,Electronics
101998,2025-04-15,South,Direct,33,Toys & Games
101999,2023-11-09,South,Social Media,38,Home & Kitchen
102000,2025-01-11,South,Social Media,38,Beauty & Personal Care
102001,2023-01-01,North,Social Media,29,Beauty & Personal Care
102002,2025-01-04,East,Direct,28,Sports & Outdoors
102003,2024-05-23,East,Direct,34,Home & Kitchen
102004,2024-07-05,East,Organic Search,32,Electronics
102005,2025-03-01,North,Organic Search,57,Beauty & Personal Care
102006,2024-08-16,West,Organic Search,30,Home & Kitchen
102007,2024-08-20,North,Email,38,Beauty & Personal Care
102008,2023-06-18,Central,Organic Search,40,Fashion
102009,2024-01-28,North,Direct,50,Electronics
102010,2023-11-15,North,Organic Search,26,Electronics
102011,2023-06-30,South,Social Media,49,Beauty & Personal Care
102012,2023-11-08,East,Organic Search,33,Books
102013,2024-03-29,Central,Paid Ads,62,Electronics
102014,2024-12-25,East,Paid Ads,38,Home & Kitchen
102015,2024-04-21,South,Referral,21,Beauty & Personal Care
102016,2025-02-01,Central,Social Media,32,Home & Kitchen
102017,2024-07-25,South,Paid Ads,49,Books
102018,2024-09-02,Central,Referral,35,Toys & Games
102019,2024-08-15,East,Direct,34,Fashion
102020,2025-04-14,South,Email,42,Sports & Outdoors
102021,2025-08-17,South,Referral,31,Fashion
102022,2024-10-22,North,Social Media,32,Beauty & Personal Care
102023,2023-02-22,West,Direct,24,Grocery
102024,2024-05-29,East,Social Media,54,Grocery
102025,2023-04-07,West,Direct,21,Home & Kitchen
102026,2025-01-31,West,Email,36,Grocery
102027,2024-11-03,North,Organic Search,40,Home & Kitchen
102028,2023-01-01,Central,Organic Search,34,Books
102029,2025-01-20,East,Referral,21,Beauty & Personal Care
102030,2023-11-24,West,Referral,24,Beauty & Personal Care
102031,2023-11-25,North,Social Media,40,Electronics
102032,2024-01-13,West,Direct,26,Grocery
102033,2023-11-19,West,Social Media,18,Fashion
102034,2025-01-22,South,Paid Ads,39,Electronics
102035,2024-10-10,Central,Social Media,25,Home & Kitchen
102036,2025-08-09,West,Organic Search,41,Electronics
102037,2023-01-01,Central,Social Media,32,Electronics
102038,2023-11-21,Central,Direct,32,Home & Kitchen
102039,2024-12-23,South,Organic Search,35,Home & Kitchen
102040,2025-01-29,Central,Email,22,Grocery
102041,2023-02-11,West,Email,25,Home & Kitchen
102042,2025-01-07,North,Organic Search,32,Sports & Outdoors
102043,2024-12-24,West,Email,22,Beauty & Personal Care
102044,2025-03-08,East,Email,42,Home & Kitchen
102045,2023-08-27,Central,Social Media,31,Electronics
102046,2023-04-16,North,Organic Search,19,Grocery
102047,2024-08-31,South,Paid Ads,28,Beauty & Personal Care
102048,2023-04-12,South,Social Media,36,Fashion
102049,2024-02-17,East,Organic Search,30,Fashion
102050,2025-03-17,West,Paid Ads,39,Sports & Outdoors
102051,2023-01-01,South,Direct,41,Grocery
102052,2025-03-09,West,Referral,61,Sports & Outdoors
102053,2024-08-10,North,Referral,47,Fashion
102054,2024-08-30,South,Direct,18,Electronics
102055,2024-10-18,West,Organic Search,31,Home & Kitchen
102056,2025-06-30,South,Organic Search,32,Beauty & Personal Care
102057,2023-01-01,East,Referral,41,Beauty & Personal Care
102058,2025-06-19,West,Paid Ads,24,Beauty & Personal Care
102059,2023-01-01,South,Organic Search,29,Books
102060,2025-02-04,Central,Email,21,Beauty & Personal Care
102061,2024-12-03,Central,Organic Search,28,Fashion
102062,2023-01-01,Central,Social Media,28,Electronics
102063,2024-01-04,East,Social Media,31,Home & Kitchen
102064,2025-05-01,South,Referral,21,Fashion
102065,2025-05-03,Central,Paid Ads,45,Home & Kitchen
102066,2024-03-06,West,Organic Search,40,Fashion
102067,2025-03-12,West,Direct,19,Home & Kitchen
102068,2023-12-15,North,Direct,35,Fashion
102069,2023-10-31,Central,Social Media,18,Fashion
102070,2025-01-15,East,Organic Search,49,Fashion
102071,2024-11-21,West,Social Media,52,Beauty & Personal Care
102072,2024-02-22,Central,Paid Ads,34,Books
102073,2025-01-24,North,Organic Search,25,Beauty & Personal Care
102074,2024-05-28,North,Organic Search,27,Toys & Games
102075,2023-01-01,North,Organic Search,30,Home & Kitchen
102076,2024-02-03,West,Paid Ads,33,Fashion
102077,2024-10-14,Central,Paid Ads,50,Grocery
102078,2023-01-01,North,Email,45,Home & Kitchen
102079,2023-07-22,North,Social Media,45,Home & Kitchen
102080,2025-03-08,East,Paid Ads,36,Beauty & Personal Care
102081,2025-02-05,South,Organic Search,22,Electronics
102082,2025-06-09,North,Direct,26,Grocery
102083,2024-02-29,West,Organic Search,35,Grocery
102084,2025-07-13,Central,Organic Search,21,Toys & Games
102085,2023-01-01,South,Social Media,38,Home & Kitchen
102086,2024-09-13,North,Referral,43,Fashion
102087,2023-06-19,South,Email,40,Electronics
102088,2024-10-08,North,Paid Ads,40,Books
102089,2024-03-07,East,Paid Ads,18,Fashion
102090,2024-08-06,North,Paid Ads,49,Fashion
102091,2024-06-07,South,Social Media,18,Electronics
102092,2023-01-01,North,Paid Ads,33,Toys & Games
102093,2023-01-01,West,Paid Ads,41,Grocery
102094,2023-01-01,East,Organic Search,38,Sports & Outdoors
102095,2023-01-01,North,Direct,20,Sports & Outdoors
102096,2025-01-03,North,Organic Search,22,Grocery
102097,2024-01-29,East,Organic Search,38,Fashion
102098,2024-12-29,East,Direct,40,Home & Kitchen
102099,2023-01-22,North,Referral,22,Home & Kitchen
102100,2025-02-28,South,Social Media,39,Electronics
102101,2023-01-01,West,Referral,18,Beauty & Personal Care
102102,2024-04-13,East,Organic Search,41,Electronics
102103,2024-07-20,North,Email,25,Beauty & Personal Care
102104,2024-06-14,South,Organic Search,35,Sports & Outdoors
102105,2025-03-29,North,Direct,34,Electronics
102106,2025-03-16,Central,Organic Search,47,Fashion
102107,2024-04-06,Central,Social Media,37,Grocery
102108,2024-04-09,South,Social Media,28,Sports & Outdoors
102109,2024-12-19,South,Organic Search,38,Sports & Outdoors
102110,2024-09-16,North,Paid Ads,58,Electronics
102111,2023-12-24,West,Email,43,Books
102112,2025-01-25,Central,Organic Search,34,Electronics
102113,2025-06-20,South,Direct,25,Home & Kitchen
102114,2023-01-01,West,Paid Ads,28,Electronics
102115,2024-03-11,South,Social Media,42,Fashion
102116,2024-11-10,Central,Social Media,25,Toys & Games
102117,2024-12-30,South,Paid Ads,35,Books
102118,2025-01-27,North,Referral,50,Electronics
102119,2023-01-25,Central,Referral,36,Sports & Outdoors
102120,2025-04-22,Central,Social Media,23,Home & Kitchen
102121,2024-01-30,South,Social Media,58,Fashion
102122,2024-01-30,Central,Social Media,54,Fashion
102123,2023-08-18,South,Paid Ads,40,Home & Kitchen
102124,2024-10-17,South,Organic Search,49,Fashion
102125,2023-01-01,East,Organic Search,32,Grocery
102126,2023-08-02,West,Social Media,42,Books
102127,2024-10-26,South,Direct,30,Grocery
102128,2025-01-08,West,Organic Search,20,Electronics
102129,2024-08-05,West,Social Media,63,Electronics
102130,2024-11-03,North,Organic Search,19,Beauty & Personal Care
102131,2025-02-10,Central,Social Media,38,Beauty & Personal Care
102132,2024-05-30,North,Referral,38,Sports & Outdoors
102133,2024-09-14,East,Referral,40,Beauty & Personal Care
102134,2023-01-01,East,Referral,34,Electronics
102135,2024-11-04,East,Email,34,Books
102136,2025-01-10,North,Organic Search,36,Grocery
102137,2024-06-21,South,Social Media,40,Books
102138,2024-03-23,North,Organic Search,34,Grocery
102139,2024-02-22,Central,Direct,34,Home & Kitchen
102140,2024-02-26,North,Email,20,Electronics
102141,2024-06-09,East,Organic Search,57,Grocery
102142,2024-07-04,South,Organic Search,40,Sports & Outdoors
102143,2023-10-28,North,Paid Ads,37,Beauty & Personal Care
102144,2025-02-26,South,Direct,28,Electronics
102145,2025-01-09,Central,Organic Search,23,Fashion
102146,2025-05-23,East,Social Media,44,Fashion
102147,2025-02-23,Central,Paid Ads,33,Electronics
102148,2023-03-28,Central,Referral,41,Grocery
102149,2023-11-17,East,Referral,20,Home & Kitchen
102150,2023-01-01,Central,Organic Search,52,Fashion
102151,2023-01-01,South,Email,44,Fashion
102152,2023-11-13,East,Organic Search,34,Fashion
102153,2024-05-02,West,Email,40,Beauty & Personal Care
102154,2024-06-14,East,Organic Search,43,Home & Kitchen
102155,2025-07-16,Central,Social Media,20,Grocery
102156,2024-07-21,North,Paid Ads,53,Fashion
102157,2024-12-03,East,Social Media,40,Grocery
102158,2025-02-15,West,Organic Search,27,Fashion
102159,2024-01-25,South,Social Media,22,Toys & Games
102160,2024-08-27,Central,Organic Search,45,Books
102161,2024-05-25,South,Paid Ads,37,Toys & Games
102162,2025-03-13,South,Email,40,Grocery
102163,2023-07-11,South,Paid Ads,35,Home & Kitchen
102164,2024-11-05,West,Social Media,23,Home & Kitchen
102165,2024-02-16,North,Social Media,40,Fashion
102166,2024-10-15,North,Paid Ads,32,Fashion
102167,2025-07-27,West,Direct,34,Fashion
102168,2024-01-08,South,Paid Ads,61,Fashion
102169,2024-08-08,North,Direct,44,Fashion
102170,2025-05-31,South,Direct,45,Fashion
102171,2025-04-01,South,Paid Ads,64,Sports & Outdoors
102172,2023-06-25,North,Paid Ads,39,Sports & Outdoors
102173,2025-05-26,Central,Referral,36,Grocery
102174,2024-11-11,North,Email,27,Fashion
102175,2023-01-01,East,Organic Search,30,Toys & Games
102176,2023-12-27,South,Organic Search,18,Fashion
102177,2023-09-08,South,Organic Search,43,Fashion
102178,2024-09-20,North,Email,21,Electronics
102179,2025-06-08,Central,Referral,44,Electronics
102180,2024-04-21,Central,Organic Search,34,Fashion
102181,2025-03-21,North,Social Media,36,Toys & Games
102182,2025-04-05,North,Email,34,Sports & Outdoors
102183,2024-06-02,Central,Direct,50,Beauty & Personal Care
102184,2025-03-10,East,Organic Search,48,Fashion
102185,2024-07-10,North,Paid Ads,34,Beauty & Personal Care
102186,2025-01-02,North,Paid Ads,25,Home & Kitchen
102187,2024-07-21,East,Social Media,45,Grocery
102188,2024-11-27,East,Organic Search,24,Fashion
102189,2024-07-13,West,Organic Search,18,Fashion
102190,2023-01-01,North,Email,40,Fashion
102191,2023-08-27,South,Social Media,48,Sports & Outdoors
102192,2024-08-16,South,Organic Search,30,Beauty & Personal Care
102193,2023-01-01,East,Paid Ads,39,Sports & Outdoors
102194,2024-02-10,South,Organic Search,30,Home & Kitchen
102195,2023-01-26,South,Paid Ads,42,Home & Kitchen
102196,2025-05-14,Central,Paid Ads,47,Fashion
102197,2025-03-08,East,Organic Search,32,Sports & Outdoors
102198,2024-04-25,East,Organic Search,23,Fashion
102199,2024-08-23,North,Direct,18,Electronics
102200,2024-07-12,North,Direct,45,Fashion
102201,2023-12-04,West,Organic Search,22,Electronics
102202,2024-04-22,Central,Referral,39,Beauty & Personal Care
102203,2023-07-09,East,Organic Search,43,Home & Kitchen
102204,2023-07-23,North,Email,29,Home & Kitchen
102205,2025-03-01,East,Direct,33,Fashion
102206,2025-07-25,South,Social Media,45,Electronics
102207,2025-03-11,North,Social Media,26,Electronics
102208,2025-03-22,North,Paid Ads,24,Fashion
102209,2024-06-18,East,Organic Search,32,Beauty & Personal Care
102210,2024-06-22,East,Social Media,49,Electronics
102211,2024-09-10,East,Organic Search,52,Electronics
102212,2024-01-25,West,Referral,33,Electronics
102213,2023-01-01,South,Paid Ads,27,Beauty & Personal Care
102214,2024-09-16,South,Organic Search,46,Fashion
102215,2024-04-10,West,Social Media,18,Home & Kitchen
102216,2024-07-12,North,Email,37,Fashion
102217,2024-12-17,North,Social Media,34,Books
102218,2023-11-30,Central,Social Media,49,Fashion
102219,2024-09-30,South,Email,50,Fashion
102220,2025-01-31,North,Organic Search,24,Sports & Outdoors
102221,2025-01-16,West,Social Media,36,Toys & Games
102222,2023-06-19,East,Paid Ads,28,Beauty & Personal Care
102223,2023-12-11,North,Organic Search,31,Electronics
102224,2024-11-22,Central,Direct,41,Sports & Outdoors
102225,2024-02-01,South,Paid Ads,31,Home & Kitchen
102226,2024-07-08,West,Paid Ads,37,Books
102227,2024-04-04,West,Organic Search,45,Beauty & Personal Care
102228,2024-12-23,Central,Direct,51,Beauty & Personal Care
102229,2025-03-17,West,Direct,38,Home & Kitchen
102230,2024-10-01,West,Organic Search,36,Fashion
102231,2025-02-17,North,Social Media,22,Home & Kitchen
102232,2025-03-02,Central,Organic Search,52,Fashion
102233,2025-05-07,North,Referral,40,Books
102234,2025-07-25,South,Social Media,36,Electronics
102235,2024-11-18,East,Organic Search,35,Sports & Outdoors
102236,2023-03-06,South,Social Media,38,Sports & Outdoors
102237,2023-08-03,East,Direct,43,Beauty & Personal Care
102238,2023-01-01,North,Paid Ads,44,Grocery
102239,2025-03-09,East,Organic Search,52,Fashion
102240,2023-10-31,South,Direct,37,Home & Kitchen
102241,2024-08-18,West,Organic Search,54,Beauty & Personal Care
102242,2025-01-16,East,Paid Ads,46,Books
102243,2023-05-15,West,Social Media,34,Home & Kitchen
102244,2024-08-15,North,Organic Search,18,Electronics
102245,2025-06-20,Central,Organic Search,35,Beauty & Personal Care
102246,2023-08-08,South,Organic Search,52,Electronics
102247,2024-02-29,South,Organic Search,26,Home & Kitchen
102248,2024-05-30,East,Social Media,35,Electronics
102249,2025-04-09,North,Email,36,Home & Kitchen
102250,2024-04-19,Central,Organic Search,45,Home & Kitchen
102251,2023-01-01,South,Referral,30,Beauty & Personal Care
102252,2024-03-11,Central,Paid Ads,25,Beauty & Personal Care
102253,2025-05-24,North,Organic Search,41,Sports & Outdoors
102254,2024-02-10,Central,Social Media,26,Toys & Games
102255,2024-03-07,South,Organic Search,18,Fashion
102256,2023-09-23,West,Social Media,55,Grocery
102257,2024-03-18,Central,Paid Ads,45,Home & Kitchen
102258,2025-03-01,North,Referral,55,Fashion
102259,2024-06-17,South,Direct,44,Beauty & Personal Care
102260,2024-09-26,Central,Organic Search,42,Home & Kitchen
102261,2024-05-08,North,Direct,39,Fashion
102262,2023-04-24,North,Organic Search,32,Beauty & Personal Care
102263,2025-01-03,East,Organic Search,40,Books
102264,2023-01-01,North,Organic Search,28,Home & Kitchen
102265,2024-02-13,Central,Email,23,Fashion
102266,2023-08-06,Central,Referral,31,Sports & Outdoors
102267,2023-10-14,North,Direct,49,Books
102268,2024-02-29,North,Referral,21,Beauty & Personal Care
102269,2023-12-16,West,Paid Ads,21,Grocery
102270,2025-08-26,East,Direct,41,Toys & Games
102271,2023-10-15,Central,Direct,30,Electronics
102272,2025-02-16,Central,Email,40,Fashion
102273,2024-07-28,East,Social Media,45,Grocery
102274,2024-03-03,South,Email,40,Electronics
102275,2023-03-29,West,Organic Search,28,Electronics
102276,2025-02-16,West,Direct,49,Fashion
102277,2024-11-12,East,Direct,43,Sports & Outdoors
102278,2024-10-10,South,Referral,35,Home & Kitchen
102279,2024-05-03,South,Organic Search,34,Fashion
102280,2024-09-24,East,Organic Search,39,Fashion
102281,2023-12-14,East,Direct,31,Beauty & Personal Care
102282,2025-06-17,East,Direct,18,Fashion
102283,2024-08-21,North,Referral,43,Beauty & Personal Care
102284,2023-01-01,Central,Direct,42,Sports & Outdoors
102285,2024-09-23,West,Social Media,18,Electronics
102286,2024-02-11,Central,Direct,40,Fashion
102287,2023-06-28,Central,Organic Search,54,Beauty & Personal Care
102288,2024-02-25,West,Organic Search,22,Books
102289,2023-01-01,South,Social Media,34,Fashion
102290,2024-06-09,West,Paid Ads,32,Home & Kitchen
102291,2023-11-22,East,Paid Ads,53,Electronics
102292,2024-04-18,Central,Email,47,Electronics
102293,2023-01-01,South,Organic Search,25,Grocery
102294,2024-11-01,North,Referral,38,Beauty & Personal Care
102295,2023-01-01,North,Organic Search,60,Home & Kitchen
102296,2024-12-28,North,Email,28,Home & Kitchen
102297,2023-01-01,West,Organic Search,34,Toys & Games
102298,2025-03-08,North,Referral,40,Home & Kitchen
102299,2023-11-07,North,Social Media,28,Fashion
102300,2024-07-08,South,Paid Ads,54,Electronics
102301,2023-07-10,West,Organic Search,29,Sports & Outdoors
102302,2024-02-01,East,Organic Search,19,Toys & Games
102303,2023-08-08,South,Paid Ads,29,Toys & Games
102304,2025-03-14,South,Organic Search,42,Fashion
102305,2025-06-01,Central,Organic Search,26,Books
102306,2025-04-07,East,Referral,38,Beauty & Personal Care
102307,2025-04-11,South,Organic Search,41,Home & Kitchen
102308,2025-03-16,West,Organic Search,21,Grocery
102309,2024-12-14,South,Paid Ads,28,Grocery
102310,2024-12-16,South,Paid Ads,38,Electronics
102311,2024-07-01,West,Social Media,42,Electronics
102312,2025-02-03,South,Referral,29,Fashion
102313,2025-01-20,East,Social Media,36,Sports & Outdoors
102314,2024-09-07,West,Social Media,31,Grocery
102315,2023-04-26,South,Paid Ads,43,Books
102316,2024-11-05,North,Organic Search,40,Electronics
102317,2024-07-22,Central,Referral,30,Beauty & Personal Care
102318,2024-05-31,South,Paid Ads,40,Home & Kitchen
102319,2025-02-25,South,Email,30,Sports & Outdoors
102320,2024-10-12,East,Social Media,40,Sports & Outdoors
102321,2025-01-04,North,Referral,40,Fashion
102322,2023-06-20,North,Social Media,61,Fashion
102323,2023-08-04,East,Direct,31,Fashion
102324,2025-01-24,Central,Paid Ads,33,Beauty & Personal Care
102325,2024-07-28,East,Paid Ads,27,Electronics
102326,2023-11-21,East,Direct,23,Beauty & Personal Care
102327,2024-03-17,West,Social Media,29,Home & Kitchen
102328,2024-02-04,Central,Paid Ads,42,Beauty & Personal Care
102329,2025-02-24,Central,Organic Search,43,Grocery
102330,2023-01-01,North,Organic Search,38,Home & Kitchen
102331,2024-12-19,East,Email,31,Sports & Outdoors
102332,2024-12-25,East,Organic Search,29,Toys & Games
102333,2025-04-24,South,Organic Search,24,Electronics
102334,2024-08-25,Central,Organic Search,28,Electronics
102335,2023-02-22,South,Direct,20,Fashion
102336,2024-03-21,Central,Social Media,49,Sports & Outdoors
102337,2024-08-03,North,Social Media,55,Books
102338,2023-09-11,West,Direct,18,Beauty & Personal Care
102339,2023-03-10,West,Paid Ads,38,Books
102340,2023-08-05,East,Email,37,Home & Kitchen
102341,2025-06-27,North,Referral,37,Fashion
102342,2023-09-06,North,Paid Ads,28,Fashion
102343,2024-01-18,West,Email,46,Toys & Games
102344,2025-01-28,Central,Direct,39,Fashion
102345,2024-01-17,East,Organic Search,46,Fashion
102346,2023-02-21,North,Organic Search,26,Sports & Outdoors
102347,2024-12-09,West,Email,19,Sports & Outdoors
102348,2023-06-28,East,Paid Ads,39,Beauty & Personal Care
102349,2024-03-12,North,Social Media,24,Beauty & Personal Care
102350,2025-08-21,South,Organic Search,46,Toys & Games
102351,2024-07-11,South,Email,18,Home & Kitchen
102352,2024-03-28,Central,Referral,29,Grocery
102353,2024-10-01,Central,Direct,28,Toys & Games
102354,2024-02-27,North,Paid Ads,31,Electronics
102355,2024-08-13,East,Direct,37,Books
102356,2023-01-01,North,Social Media,39,Toys & Games
102357,2024-10-20,East,Social Media,42,Home & Kitchen
102358,2025-01-23,North,Referral,43,Home & Kitchen
102359,2023-07-26,West,Social Media,33,Home & Kitchen
102360,2024-09-17,North,Social Media,58,Sports & Outdoors
102361,2024-07-28,Central,Organic Search,50,Books
102362,2024-08-23,South,Paid Ads,31,Home & Kitchen
102363,2023-08-24,South,Referral,33,Beauty & Personal Care
102364,2025-03-17,Central,Organic Search,31,Beauty & Personal Care
102365,2023-06-29,Central,Referral,38,Fashion
102366,2023-12-14,North,Paid Ads,24,Electronics
102367,2023-01-01,North,Organic Search,26,Electronics
102368,2024-04-26,Central,Referral,18,Home & Kitchen
102369,2025-03-05,Central,Organic Search,30,Books
102370,2024-04-22,East,Direct,46,Toys & Games
102371,2024-03-07,North,Direct,33,Grocery
102372,2023-01-01,North,Paid Ads,33,Fashion
102373,2025-03-06,South,Paid Ads,38,Beauty & Personal Care
102374,2025-05-24,West,Organic Search,23,Home & Kitchen
102375,2024-04-15,North,Email,35,Fashion
102376,2023-01-01,West,Organic Search,44,Fashion
102377,2023-10-10,Central,Direct,38,Grocery
102378,2023-09-11,North,Direct,45,Electronics
102379,2025-04-27,Central,Organic Search,48,Electronics
102380,2024-06-13,Central,Referral,42,Fashion
102381,2023-01-01,South,Paid Ads,27,Home & Kitchen
102382,2024-03-02,North,Social Media,31,Electronics
102383,2025-05-31,South,Organic Search,56,Fashion
102384,2024-06-20,South,Referral,38,Grocery
102385,2023-11-12,South,Organic Search,36,Home & Kitchen
102386,2024-07-26,Central,Direct,25,Beauty & Personal Care
102387,2025-02-13,North,Paid Ads,33,Toys & Games
102388,2023-07-10,South,Referral,42,Books
102389,2024-10-30,West,Direct,35,Books
102390,2024-01-24,North,Referral,29,Toys & Games
102391,2024-06-29,North,Social Media,31,Electronics
102392,2024-11-08,South,Paid Ads,48,Toys & Games
102393,2023-01-01,Central,Paid Ads,42,Electronics
102394,2024-12-05,Central,Paid Ads,40,Electronics
102395,2024-06-01,Central,Direct,39,Home & Kitchen
102396,2024-06-30,Central,Organic Search,21,Grocery
102397,2024-04-24,North,Paid Ads,37,Fashion
102398,2023-01-01,East,Email,46,Electronics
102399,2023-11-12,East,Paid Ads,32,Electronics
102400,2024-11-11,North,Direct,45,Home & Kitchen
102401,2023-01-01,Central,Organic Search,40,Toys & Games
102402,2023-08-22,West,Organic Search,44,Books
102403,2024-11-06,Central,Social Media,35,Beauty & Personal Care
102404,2023-01-01,South,Social Media,44,Fashion
102405,2025-04-29,West,Direct,18,Toys & Games
102406,2025-03-23,North,Paid Ads,35,Electronics
102407,2025-06-07,North,Organic Search,42,Electronics
102408,2025-07-15,West,Paid Ads,38,Fashion
102409,2023-01-01,North,Paid Ads,47,Home & Kitchen
102410,2024-04-19,South,Social Media,33,Grocery
102411,2025-05-28,West,Organic Search,28,Sports & Outdoors
102412,2024-07-09,East,Social Media,18,Home & Kitchen
102413,2023-06-11,South,Direct,31,Books
102414,2025-01-14,South,Paid Ads,40,Sports & Outdoors
102415,2024-10-01,West,Referral,43,Fashion
102416,2023-01-01,Central,Organic Search,19,Fashion
102417,2024-09-06,West,Email,47,Fashion
102418,2025-05-19,South,Organic Search,24,Grocery
102419,2024-11-26,East,Social Media,33,Grocery
102420,2025-06-04,North,Paid Ads,28,Grocery
102421,2023-10-04,North,Organic Search,39,Beauty & Personal Care
102422,2025-02-11,South,Paid Ads,36,Fashion
102423,2025-02-16,South,Organic Search,42,Beauty & Personal Care
102424,2023-01-01,Central,Direct,55,Grocery
102425,2025-04-09,Central,Organic Search,39,Books
102426,2025-05-04,North,Direct,28,Grocery
102427,2025-03-15,South,Social Media,40,Electronics
102428,2023-05-24,North,Organic Search,56,Beauty & Personal Care
102429,2023-12-07,North,Paid Ads,42,Grocery
102430,2024-11-29,South,Organic Search,45,Beauty & Personal Care
102431,2024-12-20,Central,Email,18,Fashion
102432,2024-01-10,North,Organic Search,39,Fashion
102433,2024-04-05,West,Direct,32,Electronics
102434,2024-08-18,South,Organic Search,27,Grocery
102435,2023-11-21,East,Paid Ads,34,Books
102436,2025-03-26,Central,Organic Search,36,Grocery
102437,2025-02-07,Central,Referral,28,Fashion
102438,2023-10-27,Central,Social Media,37,Fashion
102439,2024-03-04,East,Direct,33,Beauty & Personal Care
102440,2024-06-15,North,Paid Ads,42,Electronics
102441,2023-01-01,Central,Organic Search,37,Beauty & Personal Care
102442,2023-08-09,Central,Email,39,Fashion
102443,2024-11-22,Central,Social Media,45,Fashion
102444,2025-01-22,East,Email,41,Fashion
102445,2024-02-14,South,Paid Ads,34,Toys & Games
102446,2023-01-03,North,Referral,18,Beauty & Personal Care
102447,2025-06-19,South,Organic Search,40,Beauty & Personal Care
102448,2024-03-15,South,Direct,24,Sports & Outdoors
102449,2024-10-06,South,Organic Search,34,Grocery
102450,2024-04-19,Central,Email,39,Beauty & Personal Care
102451,2025-05-13,West,Organic Search,49,Home & Kitchen
102452,2023-01-03,South,Email,55,Electronics
102453,2023-01-01,West,Direct,24,Sports & Outdoors
102454,2023-09-26,West,Direct,20,Fashion
102455,2023-01-01,East,Paid Ads,38,Fashion
102456,2024-10-19,Central,Paid Ads,37,Toys & Games
102457,2024-03-24,Central,Email,21,Books
102458,2023-09-18,East,Social Media,34,Beauty & Personal Care
102459,2024-02-08,East,Social Media,41,Books
102460,2024-09-15,South,Organic Search,21,Fashion
102461,2024-08-15,West,Paid Ads,24,Grocery
102462,2023-01-01,Central,Paid Ads,27,Home & Kitchen
102463,2024-07-03,West,Referral,32,Beauty & Personal Care
102464,2023-02-09,South,Organic Search,42,Fashion
102465,2024-07-20,East,Paid Ads,31,Toys & Games
102466,2023-02-13,West,Email,35,Home & Kitchen
102467,2024-05-28,North,Social Media,59,Electronics
102468,2023-10-30,East,Direct,24,Grocery
102469,2024-12-28,West,Organic Search,27,Home & Kitchen
102470,2024-03-25,East,Paid Ads,42,Beauty & Personal Care
102471,2024-12-25,West,Social Media,45,Fashion
102472,2024-10-26,Central,Paid Ads,39,Electronics
102473,2024-10-04,North,Referral,54,Electronics
102474,2024-08-20,East,Organic Search,38,Fashion
102475,2023-04-27,West,Social Media,18,Grocery
102476,2024-11-04,Central,Organic Search,36,Toys & Games
102477,2024-05-04,East,Social Media,28,Electronics
102478,2023-02-11,Central,Email,50,Books
102479,2023-11-09,South,Organic Search,45,Toys & Games
102480,2025-06-17,East,Paid Ads,18,Fashion
102481,2025-05-16,Central,Social Media,49,Toys & Games
102482,2024-02-01,East,Referral,45,Home & Kitchen
102483,2024-11-17,South,Organic Search,31,Fashion
102484,2025-05-31,East,Paid Ads,34,Grocery
102485,2024-12-04,West,Email,50,Electronics
102486,2024-01-16,Central,Social Media,18,Home & Kitchen
102487,2024-10-07,West,Referral,39,Fashion
102488,2024-06-07,North,Paid Ads,47,Home & Kitchen
102489,2024-09-13,North,Direct,34,Beauty & Personal Care
102490,2025-01-04,Central,Organic Search,42,Beauty & Personal Care
102491,2024-04-02,East,Organic Search,36,Electronics
102492,2025-06-11,South,Social Media,26,Sports & Outdoors
102493,2025-01-30,South,Paid Ads,26,Grocery
102494,2023-08-11,North,Referral,42,Grocery
102495,2025-05-12,North,Organic Search,28,Beauty & Personal Care
102496,2024-06-24,West,Organic Search,18,Books
102497,2024-10-28,West,Referral,36,Grocery
102498,2024-11-21,East,Paid Ads,29,Electronics
102499,2023-06-21,North,Referral,21,Books
102500,2023-03-02,West,Referral,35,Beauty & Personal Care
102501,2025-03-16,Central,Organic Search,43,Sports & Outdoors
102502,2024-08-18,Central,Referral,35,Fashion
102503,2025-07-04,South,Direct,23,Fashion
102504,2023-07-22,West,Email,40,Grocery
102505,2024-07-12,South,Organic Search,46,Electronics
102506,2025-05-20,Central,Social Media,59,Toys & Games
102507,2025-01-21,Central,Direct,50,Sports & Outdoors
102508,2025-03-30,South,Social Media,23,Fashion
102509,2025-02-01,East,Paid Ads,44,Books
102510,2025-06-27,South,Organic Search,37,Grocery
102511,2023-01-01,West,Referral,22,Fashion
102512,2025-03-09,South,Email,38,Books
102513,2024-06-25,West,Direct,56,Toys & Games
102514,2024-01-20,Central,Direct,48,Fashion
102515,2023-03-01,Central,Paid Ads,23,Grocery
102516,2024-06-14,North,Social Media,35,Electronics
102517,2024-09-17,North,Organic Search,40,Sports & Outdoors
102518,2024-05-30,Central,Organic Search,18,Electronics
102519,2025-03-16,North,Organic Search,18,Beauty & Personal Care
102520,2025-03-03,East,Direct,36,Electronics
102521,2024-09-24,Central,Organic Search,36,Toys & Games
102522,2025-07-22,East,Social Media,18,Grocery
102523,2024-12-31,North,Paid Ads,39,Grocery
102524,2024-11-13,Central,Paid Ads,46,Toys & Games
102525,2023-01-01,West,Social Media,32,Sports & Outdoors
102526,2023-01-01,South,Organic Search,35,Fashion
102527,2024-01-21,West,Paid Ads,41,Toys & Games
102528,2023-07-09,West,Paid Ads,39,Fashion
102529,2025-03-05,East,Email,18,Grocery
102530,2024-05-21,Central,Referral,25,Sports & Outdoors
102531,2023-09-13,West,Email,30,Books
102532,2025-03-03,South,Paid Ads,25,Books
102533,2025-05-16,Central,Organic Search,51,Electronics
102534,2024-03-06,Central,Paid Ads,41,Beauty & Personal Care
102535,2025-05-02,North,Direct,22,Electronics
102536,2023-12-13,South,Organic Search,32,Toys & Games
102537,2023-03-12,West,Organic Search,47,Fashion
102538,2025-02-26,Central,Direct,27,Grocery
102539,2025-02-12,West,Direct,44,Sports & Outdoors
102540,2023-03-30,East,Organic Search,50,Books
102541,2024-06-12,South,Email,48,Beauty & Personal Care
102542,2023-06-18,North,Paid Ads,36,Home & Kitchen
102543,2024-09-14,Central,Social Media,48,Sports & Outdoors
102544,2024-08-23,East,Social Media,29,Home & Kitchen
102545,2024-06-21,East,Direct,62,Sports & Outdoors
102546,2023-01-01,Central,Organic Search,37,Fashion
102547,2023-07-31,North,Email,47,Grocery
102548,2025-01-07,South,Organic Search,31,Sports & Outdoors
102549,2024-04-25,Central,Social Media,40,Sports & Outdoors
102550,2024-10-03,South,Referral,40,Home & Kitchen
102551,2024-11-21,Central,Email,24,Books
102552,2023-12-25,Central,Direct,24,Beauty & Personal Care
102553,2024-03-22,North,Email,32,Fashion
102554,2025-02-24,East,Referral,47,Home & Kitchen
102555,2024-06-20,West,Organic Search,18,Home & Kitchen
102556,2024-11-28,East,Direct,31,Fashion
102557,2024-01-22,South,Paid Ads,49,Electronics
102558,2024-12-08,North,Paid Ads,21,Books
102559,2024-08-21,North,Social Media,48,Sports & Outdoors
102560,2024-11-14,North,Paid Ads,22,Fashion
102561,2025-06-14,South,Social Media,24,Toys & Games
102562,2023-01-01,South,Paid Ads,33,Fashion
102563,2024-06-23,Central,Organic Search,55,Beauty & Personal Care
102564,2023-01-01,East,Direct,27,Grocery
102565,2024-06-08,North,Direct,18,Sports & Outdoors
102566,2023-10-06,North,Social Media,19,Home & Kitchen
102567,2024-12-24,North,Direct,45,Grocery
102568,2024-12-19,South,Paid Ads,20,Sports & Outdoors
102569,2024-07-12,West,Paid Ads,48,Fashion
102570,2023-01-01,North,Direct,35,Sports & Outdoors
102571,2025-02-18,East,Referral,34,Fashion
102572,2025-07-04,East,Email,38,Fashion
102573,2023-04-13,North,Paid Ads,26,Home & Kitchen
102574,2023-09-06,North,Paid Ads,36,Home & Kitchen
102575,2024-11-01,South,Organic Search,21,Electronics
102576,2023-01-01,North,Direct,49,Fashion
102577,2023-01-01,West,Organic Search,23,Books
102578,2025-06-20,Central,Social Media,39,Home & Kitchen
102579,2024-12-29,West,Organic Search,23,Books
102580,2024-07-14,West,Referral,29,Books
102581,2024-02-03,West,Paid Ads,30,Toys & Games
102582,2024-04-04,Central,Email,67,Home & Kitchen
102583,2024-06-25,North,Social Media,34,Beauty & Personal Care
102584,2025-03-16,Central,Organic Search,25,Sports & Outdoors
102585,2023-12-12,East,Organic Search,30,Books
102586,2023-11-16,East,Organic Search,18,Beauty & Personal Care
102587,2023-05-24,West,Referral,33,Sports & Outdoors
102588,2025-04-06,East,Email,55,Books
102589,2024-09-02,South,Paid Ads,38,Books
102590,2024-11-13,North,Social Media,44,Fashion
102591,2025-04-09,North,Organic Search,24,Sports & Outdoors
102592,2024-09-06,North,Direct,32,Beauty & Personal Care
102593,2025-03-08,South,Direct,37,Grocery
102594,2025-05-02,West,Email,27,Electronics
102595,2023-08-30,South,Organic Search,39,Home & Kitchen
102596,2024-11-02,East,Paid Ads,41,Books
102597,2025-01-08,North,Direct,40,Grocery
102598,2023-01-03,East,Organic Search,33,Grocery
102599,2023-11-02,Central,Referral,47,Beauty & Personal Care
102600,2025-07-12,South,Direct,32,Sports & Outdoors
102601,2024-01-31,East,Email,31,Home & Kitchen
102602,2024-02-02,Central,Social Media,50,Fashion
102603,2024-09-18,West,Social Media,22,Home & Kitchen
102604,2024-09-29,South,Direct,18,Toys & Games
102605,2025-06-03,North,Paid Ads,25,Home & Kitchen
102606,2023-01-01,Central,Direct,39,Beauty & Personal Care
102607,2024-09-07,West,Paid Ads,49,Toys & Games
102608,2024-02-22,North,Email,27,Electronics
102609,2024-08-23,East,Direct,54,Electronics
102610,2025-01-05,Central,Social Media,35,Beauty & Personal Care
102611,2023-07-21,Central,Paid Ads,33,Fashion
102612,2024-05-06,North,Organic Search,25,Books
102613,2024-09-05,East,Email,56,Home & Kitchen
102614,2024-02-27,Central,Social Media,33,Beauty & Personal Care
102615,2024-07-26,West,Organic Search,20,Toys & Games
102616,2023-01-01,East,Direct,62,Home & Kitchen
102617,2023-08-09,South,Direct,39,Books
102618,2023-12-22,West,Direct,43,Toys & Games
102619,2025-05-22,East,Social Media,53,Home & Kitchen
102620,2023-12-07,East,Direct,41,Electronics
102621,2023-12-18,Central,Direct,45,Books
102622,2025-03-05,South,Organic Search,35,Books
102623,2025-05-25,West,Direct,43,Fashion
102624,2023-08-30,North,Social Media,34,Sports & Outdoors
102625,2023-06-26,West,Direct,34,Sports & Outdoors
102626,2024-12-18,East,Email,36,Fashion
102627,2024-12-27,Central,Referral,30,Fashion
102628,2024-05-12,South,Paid Ads,40,Books
102629,2024-11-03,Central,Organic Search,40,Home & Kitchen
102630,2025-05-27,East,Organic Search,44,Electronics
102631,2025-03-07,South,Referral,42,Electronics
102632,2024-03-08,North,Direct,57,Electronics
102633,2025-02-25,North,Organic Search,46,Electronics
102634,2023-05-29,South,Organic Search,32,Books
102635,2023-12-25,East,Referral,39,Toys & Games
102636,2024-02-21,Central,Paid Ads,50,Sports & Outdoors
102637,2024-05-20,Central,Organic Search,24,Home & Kitchen
102638,2025-01-14,West,Organic Search,57,Books
102639,2023-10-25,East,Referral,26,Beauty & Personal Care
102640,2025-01-20,West,Social Media,44,Fashion
102641,2023-04-28,South,Direct,35,Home & Kitchen
102642,2023-01-01,South,Paid Ads,34,Home & Kitchen
102643,2024-05-08,East,Organic Search,20,Fashion
102644,2023-01-01,Central,Email,44,Toys & Games
102645,2025-03-04,North,Direct,20,Fashion
102646,2023-12-20,North,Paid Ads,19,Books
102647,2024-07-03,North,Direct,47,Fashion
102648,2023-08-21,South,Email,54,Home & Kitchen
102649,2025-07-08,North,Direct,27,Books
102650,2023-09-21,North,Paid Ads,46,Sports & Outdoors
102651,2024-12-26,North,Organic Search,43,Fashion
102652,2024-06-17,South,Organic Search,33,Beauty & Personal Care
102653,2023-01-01,West,Email,49,Books
102654,2023-12-05,North,Direct,33,Electronics
102655,2024-02-02,South,Paid Ads,40,Sports & Outdoors
102656,2024-03-06,Central,Organic Search,21,Beauty & Personal Care
102657,2023-02-25,North,Organic Search,21,Books
102658,2023-08-03,Central,Social Media,47,Fashion
102659,2024-03-02,East,Direct,41,Home & Kitchen
102660,2024-04-19,West,Paid Ads,33,Beauty & Personal Care
102661,2024-05-13,South,Referral,55,Fashion
102662,2024-07-21,South,Social Media,55,Books
102663,2025-04-09,South,Direct,39,Electronics
102664,2023-12-15,North,Email,18,Beauty & Personal Care
102665,2024-12-04,South,Organic Search,33,Electronics
102666,2024-08-27,Central,Referral,25,Home & Kitchen
102667,2023-06-29,North,Email,35,Grocery
102668,2024-07-13,East,Direct,24,Home & Kitchen
102669,2024-08-07,West,Social Media,21,Toys & Games
102670,2024-05-07,North,Organic Search,18,Sports & Outdoors
102671,2024-10-02,North,Social Media,36,Toys & Games
102672,2023-01-01,East,Referral,18,Grocery
102673,2023-01-01,South,Organic Search,31,Grocery
102674,2023-01-01,Central,Direct,42,Fashion
102675,2024-03-05,North,Organic Search,27,Grocery
102676,2024-12-19,North,Direct,23,Fashion
102677,2023-06-14,South,Paid Ads,34,Grocery
102678,2024-09-30,South,Organic Search,25,Home & Kitchen
102679,2023-04-25,North,Social Media,37,Electronics
102680,2024-12-29,West,Social Media,23,Grocery
102681,2024-02-05,South,Direct,33,Books
102682,2023-01-31,East,Social Media,31,Books
102683,2024-09-15,South,Organic Search,34,Grocery
102684,2024-09-16,North,Direct,52,Toys & Games
102685,2025-05-14,North,Social Media,37,Sports & Outdoors
102686,2024-12-22,North,Organic Search,40,Beauty & Personal Care
102687,2024-03-12,Central,Direct,28,Fashion
102688,2024-01-12,South,Organic Search,37,Sports & Outdoors
102689,2023-11-10,South,Organic Search,31,Beauty & Personal Care
102690,2025-06-22,East,Social Media,35,Beauty & Personal Care
102691,2024-09-29,North,Social Media,42,Books
102692,2025-04-30,West,Social Media,29,Sports & Outdoors
102693,2024-04-01,East,Direct,30,Fashion
102694,2025-06-03,West,Organic Search,29,Fashion
102695,2025-03-23,North,Direct,29,Fashion
102696,2023-08-12,North,Organic Search,36,Sports & Outdoors
102697,2024-11-27,West,Organic Search,30,Home & Kitchen
102698,2023-01-01,South,Organic Search,51,Beauty & Personal Care
102699,2023-10-28,North,Organic Search,64,Beauty & Personal Care
102700,2024-09-13,East,Paid Ads,28,Grocery
102701,2023-05-21,East,Direct,38,Beauty & Personal Care
102702,2024-08-20,Central,Email,46,Toys & Games
102703,2023-09-11,Central,Referral,32,Beauty & Personal Care
102704,2025-01-02,East,Organic Search,24,Beauty & Personal Care
102705,2023-04-18,North,Direct,54,Electronics
102706,2025-05-25,West,Paid Ads,42,Home & Kitchen
102707,2025-03-23,South,Referral,38,Fashion
102708,2025-02-24,Central,Referral,50,Beauty & Personal Care
102709,2024-12-10,West,Organic Search,43,Fashion
102710,2024-02-27,South,Social Media,34,Fashion
102711,2024-06-26,Central,Direct,24,Toys & Games
102712,2023-09-05,East,Organic Search,29,Fashion
102713,2023-01-23,South,Referral,48,Grocery
102714,2025-06-05,North,Direct,42,Sports & Outdoors
102715,2023-01-01,West,Paid Ads,32,Fashion
102716,2024-08-27,South,Paid Ads,54,Home & Kitchen
102717,2023-01-01,North,Paid Ads,33,Sports & Outdoors
102718,2025-01-11,North,Email,45,Home & Kitchen
102719,2025-07-01,West,Paid Ads,37,Electronics
102720,2023-10-23,Central,Social Media,56,Beauty & Personal Care
102721,2023-11-22,South,Organic Search,43,Beauty & Personal Care
102722,2025-03-19,South,Direct,35,Fashion
102723,2025-03-03,West,Direct,33,Electronics
102724,2023-07-29,North,Social Media,34,Home & Kitchen
102725,2024-02-08,North,Direct,27,Toys & Games
102726,2024-09-24,West,Referral,19,Toys & Games
102727,2023-12-28,East,Direct,38,Grocery
102728,2024-03-19,North,Organic Search,29,Home & Kitchen
102729,2025-02-13,South,Organic Search,29,Fashion
102730,2023-06-19,North,Direct,34,Toys & Games
102731,2023-10-02,West,Paid Ads,35,Grocery
102732,2024-06-19,West,Paid Ads,35,Fashion
102733,2023-07-29,West,Email,54,Home & Kitchen
102734,2023-01-01,North,Referral,42,Beauty & Personal Care
102735,2025-03-05,Central,Paid Ads,58,Beauty & Personal Care
102736,2024-09-12,South,Paid Ads,30,Books
102737,2024-08-29,Central,Paid Ads,43,Toys & Games
102738,2023-08-09,Central,Organic Search,30,Electronics
102739,2024-12-13,East,Organic Search,28,Grocery
102740,2023-09-07,West,Social Media,58,Fashion
102741,2024-11-16,West,Email,26,Beauty & Personal Care
102742,2025-03-24,West,Paid Ads,18,Beauty & Personal Care
102743,2024-05-30,North,Paid Ads,27,Books
102744,2024-11-22,North,Referral,18,Fashion
102745,2024-04-25,Central,Organic Search,24,Electronics
102746,2024-01-27,West,Paid Ads,25,Grocery
102747,2025-05-29,West,Organic Search,35,Fashion
102748,2024-10-25,South,Referral,18,Fashion
102749,2024-05-30,East,Organic Search,48,Electronics
102750,2023-07-26,South,Paid Ads,18,Beauty & Personal Care
102751,2023-09-28,East,Social Media,33,Beauty & Personal Care
102752,2025-01-28,West,Email,31,Beauty & Personal Care
102753,2024-08-15,West,Referral,44,Electronics
102754,2024-01-05,South,Direct,38,Grocery
102755,2024-09-04,Central,Referral,48,Electronics
102756,2025-01-09,North,Paid Ads,31,Toys & Games
102757,2024-07-09,Central,Organic Search,29,Home & Kitchen
102758,2024-02-14,West,Organic Search,39,Beauty & Personal Care
102759,2025-02-15,East,Organic Search,46,Books
102760,2023-11-19,South,Organic Search,44,Beauty & Personal Care
102761,2024-05-09,South,Paid Ads,38,Grocery
102762,2023-11-02,South,Referral,37,Sports & Outdoors
102763,2024-07-16,Central,Referral,34,Beauty & Personal Care
102764,2023-01-01,North,Paid Ads,39,Electronics
102765,2024-02-22,West,Social Media,57,Books
102766,2023-09-09,Central,Organic Search,32,Sports & Outdoors
102767,2023-11-20,East,Social Media,30,Grocery
102768,2024-08-19,West,Social Media,30,Beauty & Personal Care
102769,2024-03-28,East,Paid Ads,39,Fashion
102770,2024-12-08,East,Organic Search,18,Fashion
102771,2023-01-01,West,Direct,33,Home & Kitchen
102772,2024-01-08,Central,Social Media,44,Books
102773,2025-01-21,West,Social Media,29,Books
102774,2023-01-01,Central,Organic Search,37,Beauty & Personal Care
102775,2024-08-04,East,Organic Search,58,Sports & Outdoors
102776,2023-06-30,West,Paid Ads,38,Home & Kitchen
102777,2025-06-01,Central,Direct,18,Beauty & Personal Care
102778,2023-02-12,South,Organic Search,19,Grocery
102779,2024-01-25,Central,Paid Ads,32,Beauty & Personal Care
102780,2025-02-06,West,Direct,26,Fashion
102781,2024-02-02,East,Social Media,36,Home & Kitchen
102782,2023-01-01,West,Paid Ads,31,Fashion
102783,2024-12-01,North,Referral,47,Fashion
102784,2024-12-04,West,Social Media,22,Beauty & Personal Care
102785,2024-08-23,East,Direct,32,Electronics
102786,2024-06-02,Central,Organic Search,37,Fashion
102787,2023-05-26,West,Email,38,Books
102788,2024-01-02,East,Organic Search,36,Fashion
102789,2024-08-23,East,Email,18,Toys & Games
102790,2024-03-12,East,Email,35,Beauty & Personal Care
102791,2023-01-01,Central,Email,33,Beauty & Personal Care
102792,2023-10-19,West,Direct,44,Beauty & Personal Care
102793,2024-07-23,North,Referral,42,Sports & Outdoors
102794,2024-09-01,East,Organic Search,37,Books
102795,2024-04-03,South,Organic Search,38,Grocery
102796,2023-06-02,North,Paid Ads,49,Fashion
102797,2025-01-01,Central,Social Media,47,Home & Kitchen
102798,2023-08-15,Central,Paid Ads,38,Beauty & Personal Care
102799,2024-07-29,Central,Referral,58,Fashion
102800,2024-06-13,South,Referral,28,Fashion
102801,2023-01-01,East,Direct,21,Electronics
102802,2023-10-06,West,Paid Ads,34,Home & Kitchen
102803,2024-11-14,North,Email,30,Home & Kitchen
102804,2024-01-27,North,Referral,18,Sports & Outdoors
102805,2023-05-05,East,Direct,27,Books
102806,2023-09-30,West,Email,38,Fashion
102807,2025-07-13,East,Paid Ads,34,Sports & Outdoors
102808,2024-06-27,South,Organic Search,26,Electronics
102809,2024-01-09,East,Direct,35,Fashion
102810,2024-02-11,Central,Referral,36,Fashion
102811,2024-10-26,South,Email,42,Electronics
102812,2023-09-22,East,Email,27,Grocery
102813,2023-02-10,South,Referral,44,Home & Kitchen
102814,2025-05-26,South,Email,23,Fashion
102815,2025-06-04,West,Direct,29,Sports & Outdoors
102816,2024-01-30,South,Direct,53,Beauty & Personal Care
102817,2023-08-12,West,Paid Ads,23,Grocery
102818,2024-11-30,North,Organic Search,27,Books
102819,2025-07-09,West,Organic Search,21,Grocery
102820,2024-06-22,North,Paid Ads,25,Sports & Outdoors
102821,2024-02-05,South,Email,36,Sports & Outdoors
102822,2024-09-15,Central,Email,42,Home & Kitchen
102823,2023-04-20,South,Paid Ads,34,Electronics
102824,2024-03-01,West,Paid Ads,31,Home & Kitchen
102825,2024-12-24,South,Social Media,21,Beauty & Personal Care
102826,2024-12-02,Central,Email,27,Fashion
102827,2024-06-15,Central,Referral,18,Fashion
102828,2024-10-03,Central,Organic Search,43,Home & Kitchen
102829,2025-06-10,South,Paid Ads,43,Home & Kitchen
102830,2024-04-03,South,Social Media,34,Beauty & Personal Care
102831,2024-11-26,West,Social Media,39,Fashion
102832,2024-10-18,Central,Email,44,Electronics
102833,2025-03-06,East,Direct,36,Fashion
102834,2023-01-01,West,Organic Search,50,Fashion
102835,2023-11-03,Central,Organic Search,23,Beauty & Personal Care
102836,2023-01-01,West,Paid Ads,31,Home & Kitchen
102837,2024-09-16,South,Paid Ads,29,Beauty & Personal Care
102838,2023-10-07,South,Paid Ads,42,Home & Kitchen
102839,2024-03-27,East,Organic Search,19,Beauty & Personal Care
102840,2024-12-16,East,Organic Search,50,Electronics
102841,2024-09-19,Central,Email,41,Beauty & Personal Care
102842,2023-11-03,South,Organic Search,54,Electronics
102843,2025-03-07,North,Email,34,Sports & Outdoors
102844,2023-04-15,South,Paid Ads,28,Grocery
102845,2024-04-27,East,Paid Ads,42,Beauty & Personal Care
102846,2023-06-29,South,Organic Search,46,Electronics
102847,2024-02-04,South,Organic Search,27,Fashion
102848,2025-05-25,South,Paid Ads,18,Electronics
102849,2024-06-27,Central,Email,18,Electronics
102850,2023-04-02,East,Direct,37,Books
102851,2024-05-02,West,Organic Search,51,Books
102852,2024-06-19,East,Organic Search,20,Beauty & Personal Care
102853,2024-05-02,North,Organic Search,32,Electronics
102854,2025-06-17,South,Email,31,Fashion
102855,2023-01-31,Central,Organic Search,56,Fashion
102856,2025-07-25,East,Organic Search,59,Home & Kitchen
102857,2023-01-01,West,Direct,39,Fashion
102858,2024-10-05,West,Direct,44,Grocery
102859,2024-01-06,East,Referral,44,Electronics
102860,2025-06-24,East,Organic Search,20,Home & Kitchen
102861,2023-08-18,South,Paid Ads,42,Toys & Games
102862,2023-11-10,South,Organic Search,23,Toys & Games
102863,2023-12-08,North,Referral,33,Fashion
102864,2025-06-28,South,Email,47,Books
102865,2025-01-13,West,Organic Search,35,Sports & Outdoors
102866,2024-02-01,Central,Direct,47,Fashion
102867,2023-02-17,East,Paid Ads,49,Beauty & Personal Care
102868,2025-02-11,West,Email,18,Toys & Games
102869,2025-02-06,Central,Organic Search,18,Grocery
102870,2024-02-28,West,Paid Ads,47,Grocery
102871,2023-01-01,South,Organic Search,48,Beauty & Personal Care
102872,2024-12-12,South,Referral,37,Beauty & Personal Care
102873,2024-10-09,West,Organic Search,39,Fashion
102874,2024-11-15,South,Paid Ads,44,Sports & Outdoors
102875,2024-07-28,South,Email,44,Sports & Outdoors
102876,2023-01-01,East,Referral,31,Home & Kitchen
102877,2024-07-12,West,Referral,45,Grocery
102878,2023-01-01,South,Referral,31,Fashion
102879,2024-05-15,North,Referral,37,Grocery
102880,2023-01-01,West,Referral,37,Beauty & Personal Care
102881,2024-09-19,South,Paid Ads,25,Electronics
102882,2025-04-08,West,Organic Search,26,Fashion
102883,2024-07-13,North,Paid Ads,59,Books
102884,2023-12-01,South,Organic Search,25,Sports & Outdoors
102885,2025-01-11,West,Paid Ads,39,Home & Kitchen
102886,2023-02-11,North,Paid Ads,41,Fashion
102887,2024-11-03,South,Organic Search,34,Fashion
102888,2025-03-06,West,Email,42,Toys & Games
102889,2023-01-01,West,Referral,38,Home & Kitchen
102890,2025-01-22,South,Social Media,25,Home & Kitchen
102891,2024-11-11,North,Direct,40,Fashion
102892,2023-09-18,North,Paid Ads,29,Home & Kitchen
102893,2024-09-28,East,Organic Search,54,Toys & Games
102894,2025-02-28,West,Organic Search,39,Beauty & Personal Care
102895,2024-12-04,East,Social Media,27,Books
102896,2023-01-01,East,Organic Search,38,Toys & Games
102897,2023-11-15,North,Direct,24,Toys & Games
102898,2023-08-15,South,Paid Ads,37,Grocery
102899,2024-03-18,North,Social Media,32,Grocery
102900,2024-01-12,East,Social Media,25,Beauty & Personal Care
102901,2024-10-18,South,Paid Ads,25,Grocery
102902,2024-05-04,North,Referral,61,Sports & Outdoors
102903,2025-07-04,West,Referral,36,Toys & Games
102904,2023-05-10,South,Email,30,Grocery
102905,2024-10-21,Central,Social Media,28,Beauty & Personal Care
102906,2025-03-27,East,Paid Ads,40,Electronics
102907,2024-04-14,North,Paid Ads,27,Toys & Games
102908,2024-08-19,West,Referral,22,Beauty & Personal Care
102909,2023-05-30,West,Paid Ads,34,Toys & Games
102910,2024-07-06,Central,Paid Ads,34,Home & Kitchen
102911,2024-12-09,West,Organic Search,30,Books
102912,2024-06-28,South,Referral,25,Grocery
102913,2023-01-01,West,Organic Search,30,Electronics
102914,2023-05-11,West,Direct,29,Home & Kitchen
102915,2023-11-16,East,Organic Search,28,Grocery
102916,2023-04-17,West,Paid Ads,38,Home & Kitchen
102917,2023-10-12,Central,Organic Search,59,Books
102918,2025-02-05,West,Paid Ads,49,Beauty & Personal Care
102919,2023-08-11,East,Paid Ads,56,Home & Kitchen
102920,2023-02-06,East,Referral,28,Fashion
102921,2023-01-01,Central,Organic Search,53,Toys & Games
102922,2025-03-14,Central,Organic Search,37,Sports & Outdoors
102923,2024-11-10,South,Organic Search,45,Toys & Games
102924,2024-12-15,North,Paid Ads,40,Grocery
102925,2024-09-22,Central,Direct,31,Electronics
102926,2024-01-02,South,Paid Ads,42,Grocery
102927,2024-04-23,Central,Email,40,Electronics
102928,2024-04-23,North,Paid Ads,18,Toys & Games
102929,2025-04-23,Central,Paid Ads,33,Beauty & Personal Care
102930,2024-11-19,West,Email,44,Fashion
102931,2023-01-01,South,Organic Search,38,Books
102932,2023-02-08,North,Direct,40,Grocery
102933,2024-07-11,Central,Social Media,26,Toys & Games
102934,2023-08-10,North,Paid Ads,37,Fashion
102935,2024-02-09,North,Direct,33,Sports & Outdoors
102936,2023-06-14,West,Paid Ads,32,Fashion
102937,2023-07-18,West,Direct,27,Electronics
102938,2024-06-15,North,Direct,45,Fashion
102939,2023-11-14,South,Organic Search,38,Sports & Outdoors
102940,2024-01-14,West,Paid Ads,37,Electronics
102941,2024-06-07,West,Email,57,Sports & Outdoors
102942,2024-08-15,South,Organic Search,40,Toys & Games
102943,2023-01-01,East,Referral,48,Sports & Outdoors
102944,2024-06-06,North,Organic Search,38,Fashion
102945,2023-09-10,North,Organic Search,31,Grocery
102946,2023-01-01,Central,Social Media,23,Sports & Outdoors
102947,2023-11-14,South,Referral,37,Beauty & Personal Care
102948,2023-12-05,Central,Referral,18,Toys & Games
102949,2024-06-04,North,Social Media,37,Fashion
102950,2024-01-06,Central,Organic Search,38,Electronics
102951,2024-09-09,East,Paid Ads,32,Fashion
102952,2023-01-01,Central,Organic Search,33,Fashion
102953,2025-04-20,Central,Organic Search,21,Fashion
102954,2024-07-28,South,Paid Ads,50,Beauty & Personal Care
102955,2023-11-07,West,Social Media,31,Electronics
102956,2023-12-04,South,Organic Search,24,Beauty & Personal Care
102957,2024-09-09,West,Organic Search,40,Electronics
102958,2025-06-03,Central,Referral,36,Home & Kitchen
102959,2025-03-29,Central,Organic Search,31,Home & Kitchen
102960,2024-03-28,West,Direct,29,Fashion
102961,2025-06-30,South,Paid Ads,34,Toys & Games
102962,2023-10-05,North,Organic Search,49,Electronics
102963,2023-01-01,East,Direct,40,Fashion
102964,2023-07-11,North,Social Media,34,Home & Kitchen
102965,2023-03-26,East,Email,44,Grocery
102966,2025-06-27,Central,Paid Ads,35,Beauty & Personal Care
102967,2024-08-29,North,Paid Ads,39,Fashion
102968,2025-02-19,Central,Referral,36,Home & Kitchen
102969,2025-05-17,East,Paid Ads,41,Grocery
102970,2024-10-26,North,Social Media,30,Home & Kitchen
102971,2023-01-01,West,Organic Search,22,Fashion
102972,2023-01-01,North,Paid Ads,44,Fashion
102973,2025-01-27,West,Organic Search,51,Grocery
102974,2024-05-13,East,Email,22,Fashion
102975,2024-01-12,West,Paid Ads,36,Beauty & Personal Care
102976,2024-08-27,South,Direct,30,Books
102977,2023-01-01,North,Organic Search,44,Electronics
102978,2024-10-22,South,Paid Ads,37,Electronics
102979,2024-12-02,West,Paid Ads,71,Toys & Games
102980,2025-01-16,Central,Referral,31,Grocery
102981,2024-08-29,South,Email,51,Toys & Games
102982,2025-08-11,South,Social Media,52,Beauty & Personal Care
102983,2024-08-15,Central,Paid Ads,40,Fashion
102984,2024-04-22,South,Referral,35,Beauty & Personal Care
102985,2024-03-29,South,Organic Search,36,Sports & Outdoors
102986,2025-03-01,Central,Social Media,35,Beauty & Personal Care
102987,2024-04-06,East,Referral,47,Home & Kitchen
102988,2024-04-13,East,Organic Search,25,Beauty & Personal Care
102989,2024-04-05,East,Referral,33,Fashion
102990,2023-07-01,West,Referral,31,Home & Kitchen
102991,2025-03-08,South,Organic Search,18,Home & Kitchen
102992,2024-08-23,West,Paid Ads,44,Sports & Outdoors
102993,2025-06-10,South,Paid Ads,46,Beauty & Personal Care
102994,2023-08-19,East,Email,28,Home & Kitchen
102995,2025-02-10,North,Social Media,46,Toys & Games
102996,2023-04-08,North,Paid Ads,18,Fashion
102997,2023-03-18,East,Paid Ads,35,Sports & Outdoors
102998,2024-07-26,North,Organic Search,33,Electronics
102999,2024-08-11,Central,Organic Search,35,Home & Kitchen
103000,2025-05-02,Central,Organic Search,35,Fashion
103001,2024-05-25,South,Organic Search,34,Home & Kitchen
103002,2023-07-05,South,Organic Search,30,Home & Kitchen
103003,2024-02-18,East,Social Media,33,Home & Kitchen
103004,2023-01-01,South,Social Media,49,Electronics
103005,2024-09-26,Central,Organic Search,28,Fashion
103006,2024-09-26,North,Social Media,59,Fashion
103007,2025-01-29,East,Organic Search,28,Home & Kitchen
103008,2023-01-01,North,Paid Ads,37,Home & Kitchen
103009,2025-05-03,Central,Direct,41,Fashion
103010,2023-08-13,North,Social Media,31,Beauty & Personal Care
103011,2023-06-24,East,Organic Search,50,Home & Kitchen
103012,2023-07-17,Central,Paid Ads,40,Fashion
103013,2025-01-12,East,Referral,32,Electronics
103014,2024-07-26,North,Organic Search,50,Electronics
103015,2023-10-24,North,Direct,23,Electronics
103016,2024-11-28,West,Paid Ads,28,Electronics
103017,2024-09-06,North,Organic Search,41,Electronics
103018,2024-11-24,South,Social Media,43,Fashion
103019,2024-05-01,West,Referral,38,Beauty & Personal Care
103020,2024-05-24,South,Paid Ads,33,Home & Kitchen
103021,2023-01-01,Central,Direct,32,Grocery
103022,2023-10-14,West,Direct,47,Grocery
103023,2025-04-03,North,Organic Search,37,Fashion
103024,2025-03-23,Central,Organic Search,25,Grocery
103025,2023-08-04,Central,Paid Ads,24,Beauty & Personal Care
103026,2024-05-28,South,Social Media,51,Sports & Outdoors
103027,2023-01-01,South,Social Media,27,Sports & Outdoors
103028,2023-01-01,South,Organic Search,38,Home & Kitchen
103029,2025-01-30,East,Direct,49,Home & Kitchen
103030,2024-02-12,East,Paid Ads,40,Sports & Outdoors
103031,2025-03-21,Central,Email,26,Grocery
103032,2023-08-12,West,Email,23,Home & Kitchen
103033,2023-01-01,Central,Organic Search,55,Fashion
103034,2024-04-07,South,Organic Search,23,Books
103035,2024-10-05,East,Organic Search,28,Sports & Outdoors
103036,2024-01-01,North,Direct,39,Sports & Outdoors
103037,2023-04-26,South,Paid Ads,32,Home & Kitchen
103038,2023-04-22,East,Email,41,Fashion
103039,2024-10-02,North,Paid Ads,18,Beauty & Personal Care
103040,2024-12-03,Central,Paid Ads,32,Fashion
103041,2024-03-05,South,Direct,42,Fashion
103042,2024-09-14,North,Paid Ads,42,Books
103043,2023-01-01,West,Referral,28,Fashion
103044,2024-09-18,North,Paid Ads,23,Sports & Outdoors
103045,2024-05-04,South,Organic Search,37,Home & Kitchen
103046,2024-01-12,North,Organic Search,20,Fashion
103047,2025-04-28,West,Organic Search,49,Home & Kitchen
103048,2024-11-14,Central,Referral,36,Fashion
103049,2023-01-01,North,Paid Ads,27,Fashion
103050,2023-05-21,East,Paid Ads,23,Fashion
103051,2024-09-21,East,Organic Search,28,Fashion
103052,2023-08-10,West,Social Media,18,Sports & Outdoors
103053,2023-01-01,South,Email,40,Sports & Outdoors
103054,2024-08-09,East,Social Media,26,Home & Kitchen
103055,2023-06-17,East,Direct,39,Fashion
103056,2023-09-01,North,Organic Search,40,Beauty & Personal Care
103057,2025-03-18,East,Organic Search,45,Books
103058,2024-08-07,East,Social Media,37,Beauty & Personal Care
103059,2023-01-01,Central,Organic Search,47,Sports & Outdoors
103060,2023-01-01,East,Referral,50,Home & Kitchen
103061,2023-05-16,Central,Email,37,Books
103062,2024-11-22,South,Organic Search,38,Beauty & Personal Care
103063,2025-07-18,West,Direct,28,Fashion
103064,2024-12-23,Central,Organic Search,24,Electronics
103065,2025-04-08,North,Referral,49,Fashion
103066,2023-01-01,East,Paid Ads,41,Home & Kitchen
103067,2025-06-12,Central,Referral,42,Fashion
103068,2025-03-14,East,Organic Search,28,Toys & Games
103069,2024-03-13,Central,Direct,52,Home & Kitchen
103070,2024-05-30,East,Direct,32,Electronics
103071,2023-01-01,Central,Social Media,26,Toys & Games
103072,2023-10-02,West,Social Media,28,Grocery
103073,2024-07-16,East,Referral,52,Fashion
103074,2023-01-01,South,Social Media,22,Books
103075,2024-09-29,North,Social Media,26,Sports & Outdoors
103076,2023-01-01,South,Social Media,66,Home & Kitchen
103077,2025-01-20,West,Direct,45,Beauty & Personal Care
103078,2024-06-12,East,Social Media,26,Grocery
103079,2025-07-09,South,Organic Search,23,Home & Kitchen
103080,2023-04-16,East,Direct,18,Home & Kitchen
103081,2024-04-04,South,Organic Search,36,Sports & Outdoors
103082,2023-01-01,Central,Organic Search,43,Toys & Games
103083,2024-08-18,South,Direct,51,Toys & Games
103084,2025-04-30,East,Organic Search,18,Beauty & Personal Care
103085,2023-12-03,East,Organic Search,20,Beauty & Personal Care
103086,2024-11-07,West,Social Media,33,Beauty & Personal Care
103087,2023-07-08,South,Email,65,Electronics
103088,2025-01-16,North,Organic Search,44,Grocery
103089,2023-01-01,West,Social Media,39,Electronics
103090,2024-05-05,East,Organic Search,21,Electronics
103091,2024-07-15,West,Paid Ads,18,Electronics
103092,2023-01-01,East,Paid Ads,35,Sports & Outdoors
103093,2023-04-07,East,Organic Search,33,Fashion
103094,2024-12-19,Central,Direct,32,Home & Kitchen
103095,2023-04-25,North,Referral,30,Fashion
103096,2023-08-20,North,Email,26,Toys & Games
103097,2024-06-27,Central,Direct,24,Toys & Games
103098,2023-06-10,Central,Direct,50,Home & Kitchen
103099,2023-01-01,East,Referral,25,Grocery
103100,2024-06-17,East,Paid Ads,31,Fashion
103101,2024-06-16,East,Email,34,Books
103102,2024-07-04,Central,Social Media,42,Electronics
103103,2024-12-28,East,Organic Search,25,Grocery
103104,2024-06-21,West,Paid Ads,45,Home & Kitchen
103105,2024-07-27,South,Paid Ads,28,Sports & Outdoors
103106,2024-08-14,South,Paid Ads,33,Books
103107,2024-08-18,West,Email,53,Sports & Outdoors
103108,2025-03-14,South,Social Media,24,Home & Kitchen
103109,2023-02-06,North,Organic Search,42,Beauty & Personal Care
103110,2024-11-14,North,Organic Search,46,Beauty & Personal Care
103111,2023-01-01,Central,Direct,38,Fashion
103112,2025-02-07,South,Paid Ads,33,Fashion
103113,2023-01-01,North,Paid Ads,58,Books
103114,2024-09-16,Central,Email,34,Fashion
103115,2023-04-17,Central,Email,37,Beauty & Personal Care
103116,2024-04-07,East,Social Media,31,Toys & Games
103117,2025-04-05,West,Referral,36,Fashion
103118,2025-03-28,West,Organic Search,45,Grocery
103119,2024-12-04,North,Direct,31,Beauty & Personal Care
103120,2024-10-02,South,Social Media,18,Beauty & Personal Care
103121,2024-06-07,East,Referral,40,Fashion
103122,2024-01-16,East,Organic Search,23,Toys & Games
103123,2024-07-20,South,Referral,43,Sports & Outdoors
103124,2024-02-07,North,Paid Ads,34,Books
103125,2023-12-01,Central,Paid Ads,45,Grocery
103126,2024-08-03,West,Referral,24,Electronics
103127,2023-08-29,West,Email,29,Electronics
103128,2023-05-05,East,Paid Ads,31,Electronics
103129,2023-11-19,East,Direct,18,Grocery
103130,2023-10-24,East,Organic Search,47,Grocery
103131,2024-03-15,East,Social Media,18,Home & Kitchen
103132,2023-01-01,West,Organic Search,47,Books
103133,2024-05-30,Central,Paid Ads,39,Grocery
103134,2024-11-30,West,Direct,32,Fashion
103135,2024-05-20,West,Organic Search,38,Fashion
103136,2025-04-02,North,Direct,38,Toys & Games
103137,2025-04-19,East,Paid Ads,30,Fashion
103138,2023-05-02,Central,Referral,38,Beauty & Personal Care
103139,2023-01-01,South,Organic Search,43,Beauty & Personal Care
103140,2024-09-07,East,Referral,24,Home & Kitchen
103141,2023-04-26,South,Direct,38,Home & Kitchen
103142,2025-06-22,North,Social Media,18,Sports & Outdoors
103143,2023-11-18,West,Paid Ads,18,Sports & Outdoors
103144,2024-05-28,South,Email,41,Sports & Outdoors
103145,2023-01-01,East,Referral,30,Fashion
103146,2024-07-15,East,Organic Search,25,Fashion
103147,2025-02-20,Central,Referral,34,Fashion
103148,2025-05-07,Central,Referral,30,Beauty & Personal Care
103149,2024-05-20,East,Email,24,Fashion
103150,2024-03-15,North,Paid Ads,18,Toys & Games
103151,2024-08-03,East,Paid Ads,18,Grocery
103152,2023-04-13,Central,Direct,43,Toys & Games
103153,2023-01-01,East,Social Media,30,Fashion
103154,2024-09-10,East,Social Media,45,Books
103155,2025-06-07,West,Direct,30,Grocery
103156,2024-02-05,East,Organic Search,38,Home & Kitchen
103157,2023-01-01,East,Paid Ads,33,Home & Kitchen
103158,2024-09-09,East,Email,35,Electronics
103159,2023-10-24,Central,Referral,36,Toys & Games
103160,2025-03-05,East,Direct,30,Sports & Outdoors
103161,2024-02-15,South,Referral,21,Toys & Games
103162,2023-10-15,East,Paid Ads,43,Fashion
103163,2024-02-03,West,Paid Ads,52,Sports & Outdoors
103164,2023-01-01,Central,Organic Search,53,Fashion
103165,2023-01-01,Central,Direct,28,Electronics
103166,2023-07-29,West,Organic Search,26,Grocery
103167,2023-01-31,West,Social Media,28,Electronics
103168,2024-02-18,East,Paid Ads,33,Books
103169,2024-06-12,South,Organic Search,34,Home & Kitchen
103170,2024-10-08,East,Paid Ads,24,Toys & Games
103171,2025-03-08,West,Referral,18,Beauty & Personal Care
103172,2023-01-01,East,Organic Search,35,Books
103173,2023-01-01,South,Direct,18,Sports & Outdoors
103174,2024-05-11,North,Direct,33,Fashion
103175,2024-05-05,North,Organic Search,24,Toys & Games
103176,2023-09-25,East,Direct,43,Electronics
103177,2024-07-13,West,Paid Ads,46,Electronics
103178,2025-02-15,West,Organic Search,46,Books
103179,2025-04-06,Central,Paid Ads,31,Home & Kitchen
103180,2023-01-01,West,Email,22,Fashion
103181,2025-05-24,North,Referral,26,Sports & Outdoors
103182,2024-01-19,Central,Organic Search,38,Sports & Outdoors
103183,2025-05-11,Central,Referral,18,Grocery
103184,2024-06-28,Central,Referral,50,Fashion
103185,2024-09-12,East,Referral,31,Grocery
103186,2025-04-22,South,Social Media,40,Books
103187,2023-09-08,Central,Email,18,Grocery
103188,2025-02-28,North,Referral,24,Beauty & Personal Care
103189,2025-05-08,West,Organic Search,18,Grocery
103190,2023-07-14,Central,Email,46,Sports & Outdoors
103191,2024-09-10,Central,Paid Ads,33,Toys & Games
103192,2024-12-24,East,Referral,41,Books
103193,2023-06-11,Central,Referral,35,Home & Kitchen
103194,2025-03-08,Central,Paid Ads,40,Home & Kitchen
103195,2025-06-05,Central,Organic Search,31,Home & Kitchen
103196,2023-01-01,South,Referral,32,Books
103197,2023-01-01,West,Email,33,Fashion
103198,2024-07-06,Central,Email,39,Electronics
103199,2024-07-10,South,Social Media,39,Electronics
103200,2023-05-10,South,Organic Search,65,Sports & Outdoors
103201,2023-01-01,South,Paid Ads,53,Toys & Games
103202,2025-02-17,South,Email,18,Electronics
103203,2024-08-28,West,Paid Ads,33,Fashion
103204,2024-02-20,Central,Referral,30,Beauty & Personal Care
103205,2023-06-12,North,Paid Ads,49,Sports & Outdoors
103206,2023-08-09,South,Organic Search,31,Books
103207,2023-10-30,Central,Social Media,40,Toys & Games
103208,2023-01-01,East,Social Media,18,Beauty & Personal Care
103209,2024-06-13,South,Social Media,18,Home & Kitchen
103210,2023-01-01,West,Organic Search,58,Grocery
103211,2024-11-06,Central,Email,35,Fashion
103212,2023-08-01,South,Social Media,24,Fashion
103213,2024-10-01,East,Email,37,Fashion
103214,2024-07-01,West,Social Media,23,Fashion
103215,2024-05-10,Central,Paid Ads,31,Home & Kitchen
103216,2024-10-16,East,Referral,19,Fashion
103217,2023-01-01,Central,Social Media,26,Grocery
103218,2024-09-18,West,Social Media,30,Toys & Games
103219,2024-05-28,East,Referral,47,Toys & Games
103220,2023-10-01,East,Organic Search,40,Books
103221,2023-01-01,West,Direct,42,Books
103222,2023-09-13,North,Paid Ads,34,Electronics
103223,2024-04-28,South,Organic Search,44,Home & Kitchen
103224,2025-06-20,South,Email,25,Beauty & Personal Care
103225,2024-07-10,Central,Organic Search,26,Grocery
103226,2024-11-29,Central,Direct,39,Electronics
103227,2024-09-01,Central,Paid Ads,31,Beauty & Personal Care
103228,2024-10-07,North,Paid Ads,34,Home & Kitchen
103229,2023-10-06,South,Organic Search,33,Electronics
103230,2024-07-17,South,Organic Search,48,Toys & Games
103231,2025-01-20,North,Organic Search,49,Grocery
103232,2023-04-16,South,Organic Search,28,Electronics
103233,2025-03-25,East,Paid Ads,18,Fashion
103234,2024-05-14,Central,Paid Ads,27,Beauty & Personal Care
103235,2024-07-08,North,Paid Ads,25,Fashion
103236,2024-01-06,Central,Organic Search,44,Books
103237,2023-01-01,Central,Organic Search,45,Sports & Outdoors
103238,2023-01-01,North,Organic Search,23,Home & Kitchen
103239,2024-04-28,South,Organic Search,26,Toys & Games
103240,2024-12-03,East,Paid Ads,18,Electronics
103241,2024-12-24,Central,Organic Search,36,Fashion
103242,2024-12-25,West,Paid Ads,34,Sports & Outdoors
103243,2024-01-22,Central,Direct,43,Beauty & Personal Care
103244,2025-07-08,South,Organic Search,40,Beauty & Personal Care
103245,2025-04-02,Central,Organic Search,41,Beauty & Personal Care
103246,2024-01-22,Central,Referral,18,Grocery
103247,2023-03-17,East,Social Media,28,Home & Kitchen
103248,2023-03-14,North,Organic Search,45,Electronics
103249,2024-04-11,South,Email,29,Books
103250,2023-06-02,North,Referral,18,Beauty & Personal Care
103251,2023-01-01,Central,Direct,43,Beauty & Personal Care
103252,2024-09-23,South,Direct,28,Fashion
103253,2023-01-28,West,Social Media,46,Sports & Outdoors
103254,2025-05-17,South,Referral,34,Electronics
103255,2025-04-06,Central,Paid Ads,31,Fashion
103256,2024-09-06,West,Direct,49,Electronics
103257,2025-05-31,South,Social Media,20,Books
103258,2023-09-28,East,Paid Ads,50,Sports & Outdoors
103259,2024-11-01,North,Organic Search,27,Beauty & Personal Care
103260,2024-07-04,North,Social Media,36,Fashion
103261,2024-06-22,Central,Social Media,36,Electronics
103262,2024-09-13,Central,Email,30,Fashion
103263,2024-12-27,Central,Organic Search,26,Home & Kitchen
103264,2023-10-21,West,Email,30,Home & Kitchen
103265,2024-11-06,South,Organic Search,23,Sports & Outdoors
103266,2024-06-27,North,Social Media,56,Toys & Games
103267,2024-01-02,West,Paid Ads,29,Sports & Outdoors
103268,2023-01-01,South,Paid Ads,47,Fashion
103269,2023-01-18,North,Paid Ads,46,Electronics
103270,2024-10-15,North,Organic Search,38,Toys & Games
103271,2025-01-06,East,Organic Search,33,Books
103272,2023-01-01,Central,Email,37,Fashion
103273,2024-11-08,South,Organic Search,41,Toys & Games
103274,2023-11-09,Central,Referral,36,Electronics
103275,2025-06-05,South,Referral,18,Fashion
103276,2025-07-09,West,Organic Search,18,Home & Kitchen
103277,2024-04-28,South,Direct,51,Fashion
103278,2024-08-09,West,Email,18,Electronics
103279,2023-07-10,South,Email,37,Electronics
103280,2024-12-24,West,Email,32,Books
103281,2024-02-03,East,Social Media,36,Toys & Games
103282,2023-08-08,North,Direct,22,Toys & Games
103283,2024-12-16,South,Organic Search,38,Home & Kitchen
103284,2024-09-06,South,Organic Search,37,Sports & Outdoors
103285,2025-03-09,East,Referral,65,Fashion
103286,2023-06-21,South,Paid Ads,36,Books
103287,2023-10-15,East,Social Media,49,Home & Kitchen
103288,2023-09-09,Central,Paid Ads,18,Books
103289,2024-08-10,West,Paid Ads,46,Electronics
103290,2023-10-23,South,Direct,37,Sports & Outdoors
103291,2024-07-14,West,Organic Search,37,Beauty & Personal Care
103292,2023-01-01,Central,Organic Search,38,Beauty & Personal Care
103293,2024-05-27,South,Referral,53,Fashion
103294,2023-02-24,South,Email,37,Fashion
103295,2024-08-09,North,Email,26,Electronics
103296,2023-01-01,Central,Organic Search,28,Fashion
103297,2025-01-07,Central,Direct,43,Fashion
103298,2023-12-13,East,Social Media,39,Sports & Outdoors
103299,2024-11-27,Central,Email,18,Electronics
103300,2024-02-21,West,Organic Search,40,Fashion
103301,2024-11-06,Central,Paid Ads,23,Sports & Outdoors
103302,2024-05-29,Central,Social Media,39,Beauty & Personal Care
103303,2024-10-01,Central,Social Media,26,Books
103304,2023-08-26,South,Organic Search,31,Electronics
103305,2023-11-24,West,Social Media,29,Books
103306,2024-12-05,North,Referral,51,Books
103307,2024-12-11,Central,Paid Ads,39,Home & Kitchen
103308,2025-01-24,South,Social Media,48,Toys & Games
103309,2025-03-01,East,Paid Ads,66,Fashion
103310,2023-07-23,East,Direct,35,Beauty & Personal Care
103311,2025-02-04,West,Social Media,51,Electronics
103312,2024-01-18,West,Social Media,27,Home & Kitchen
103313,2024-10-24,Central,Direct,48,Fashion
103314,2023-03-14,West,Referral,26,Books
103315,2023-01-01,West,Organic Search,34,Sports & Outdoors
103316,2025-08-20,East,Referral,40,Grocery
103317,2025-01-09,East,Direct,42,Fashion
103318,2024-10-28,Central,Organic Search,21,Books
103319,2024-07-31,South,Social Media,25,Beauty & Personal Care
103320,2024-08-18,West,Organic Search,41,Beauty & Personal Care
103321,2025-04-08,South,Email,30,Fashion
103322,2023-01-01,East,Referral,19,Books
103323,2024-08-08,South,Direct,34,Beauty & Personal Care
103324,2023-11-26,South,Referral,33,Grocery
103325,2023-11-12,Central,Organic Search,36,Beauty & Personal Care
103326,2025-05-09,West,Social Media,40,Books
103327,2024-09-16,West,Direct,40,Fashion
103328,2023-07-23,North,Organic Search,26,Fashion
103329,2023-01-01,South,Organic Search,30,Toys & Games
103330,2024-09-10,South,Referral,45,Beauty & Personal Care
103331,2025-04-16,West,Social Media,29,Home & Kitchen
103332,2024-11-18,Central,Organic Search,30,Toys & Games
103333,2024-09-22,South,Organic Search,18,Fashion
103334,2024-10-02,South,Paid Ads,34,Books
103335,2025-01-24,East,Referral,38,Fashion
103336,2025-04-30,Central,Paid Ads,18,Home & Kitchen
103337,2025-03-11,South,Social Media,23,Home & Kitchen
103338,2024-11-16,South,Email,19,Sports & Outdoors
103339,2023-08-01,East,Organic Search,43,Home & Kitchen
103340,2023-01-06,Central,Referral,18,Fashion
103341,2024-04-20,West,Paid Ads,34,Fashion
103342,2025-03-06,East,Paid Ads,42,Grocery
103343,2024-11-02,West,Social Media,37,Fashion
103344,2025-07-06,North,Referral,30,Home & Kitchen
103345,2023-01-01,West,Direct,38,Home & Kitchen
103346,2024-12-09,North,Organic Search,46,Home & Kitchen
103347,2024-01-03,South,Organic Search,33,Books
103348,2023-02-21,South,Paid Ads,18,Grocery
103349,2023-01-01,West,Social Media,47,Electronics
103350,2023-06-03,South,Organic Search,39,Sports & Outdoors
103351,2024-10-04,South,Direct,34,Electronics
103352,2023-11-05,Central,Email,18,Electronics
103353,2023-01-01,East,Social Media,31,Electronics
103354,2024-12-12,West,Paid Ads,25,Grocery
103355,2025-05-06,East,Organic Search,21,Grocery
103356,2025-01-22,West,Social Media,33,Fashion
103357,2023-12-06,West,Social Media,29,Books
103358,2024-09-27,West,Direct,29,Electronics
103359,2024-06-29,Central,Social Media,43,Sports & Outdoors
103360,2023-09-20,West,Organic Search,37,Toys & Games
103361,2025-01-27,South,Organic Search,29,Toys & Games
103362,2024-07-15,North,Organic Search,28,Books
103363,2024-11-06,Central,Direct,29,Home & Kitchen
103364,2023-01-01,South,Email,32,Home & Kitchen
103365,2023-06-21,South,Email,41,Fashion
103366,2024-09-25,North,Email,23,Electronics
103367,2024-10-10,East,Organic Search,51,Fashion
103368,2023-01-01,East,Referral,41,Beauty & Personal Care
103369,2023-01-01,Central,Referral,18,Fashion
103370,2023-12-09,West,Organic Search,35,Sports & Outdoors
103371,2024-06-14,West,Social Media,46,Sports & Outdoors
103372,2025-04-06,East,Referral,39,Home & Kitchen
103373,2025-01-21,Central,Direct,30,Grocery
103374,2025-04-16,Central,Organic Search,34,Grocery
103375,2023-01-26,Central,Direct,36,Electronics
103376,2025-04-04,South,Direct,43,Sports & Outdoors
103377,2024-10-14,South,Direct,19,Grocery
103378,2025-06-22,North,Organic Search,28,Fashion
103379,2025-05-18,Central,Organic Search,53,Home & Kitchen
103380,2023-08-28,West,Referral,35,Electronics
103381,2024-02-14,Central,Paid Ads,51,Fashion
103382,2024-06-02,West,Organic Search,67,Toys & Games
103383,2024-10-09,East,Email,29,Toys & Games
103384,2025-06-01,North,Organic Search,21,Books
103385,2024-11-12,North,Paid Ads,32,Electronics
103386,2024-08-03,West,Direct,47,Electronics
103387,2023-10-02,South,Paid Ads,48,Beauty & Personal Care
103388,2023-03-03,South,Direct,59,Fashion
103389,2023-08-12,Central,Paid Ads,34,Books
103390,2024-02-17,East,Paid Ads,40,Electronics
103391,2024-06-07,Central,Organic Search,27,Toys & Games
103392,2024-03-28,East,Paid Ads,18,Electronics
103393,2024-11-28,Central,Paid Ads,34,Fashion
103394,2024-05-09,North,Email,22,Electronics
103395,2024-08-05,South,Direct,42,Home & Kitchen
103396,2023-01-01,North,Organic Search,18,Fashion
103397,2024-03-18,North,Organic Search,26,Books
103398,2025-07-12,Central,Referral,37,Grocery
103399,2024-10-23,East,Social Media,39,Grocery
103400,2024-09-07,South,Paid Ads,34,Sports & Outdoors
103401,2023-06-02,South,Organic Search,55,Toys & Games
103402,2024-01-28,South,Organic Search,52,Electronics
103403,2024-02-18,North,Social Media,27,Sports & Outdoors
103404,2023-01-01,Central,Organic Search,52,Electronics
103405,2023-01-01,North,Referral,54,Beauty & Personal Care
103406,2023-08-29,South,Paid Ads,33,Grocery
103407,2024-10-03,North,Paid Ads,35,Books
103408,2024-09-25,Central,Social Media,34,Electronics
103409,2023-01-01,South,Organic Search,27,Fashion
103410,2024-09-26,South,Direct,28,Grocery
103411,2024-06-30,West,Referral,49,Grocery
103412,2024-10-28,East,Direct,39,Sports & Outdoors
103413,2025-03-09,South,Paid Ads,28,Fashion
103414,2023-01-01,East,Paid Ads,24,Fashion
103415,2024-06-28,East,Organic Search,26,Electronics
103416,2023-01-01,South,Social Media,33,Home & Kitchen
103417,2024-09-22,East,Social Media,45,Home & Kitchen
103418,2024-12-10,South,Paid Ads,25,Fashion
103419,2023-10-11,Central,Organic Search,44,Books
103420,2023-03-05,East,Organic Search,37,Fashion
103421,2023-01-24,West,Organic Search,36,Electronics
103422,2024-08-07,South,Paid Ads,46,Home & Kitchen
103423,2023-08-21,West,Social Media,44,Sports & Outdoors
103424,2024-11-15,East,Direct,19,Fashion
103425,2024-05-13,West,Organic Search,23,Beauty & Personal Care
103426,2024-09-05,East,Organic Search,32,Electronics
103427,2024-10-17,West,Paid Ads,38,Fashion
103428,2024-04-28,North,Organic Search,50,Grocery
103429,2025-03-13,West,Referral,35,Electronics
103430,2023-04-25,West,Organic Search,53,Books
103431,2024-10-16,East,Direct,27,Electronics
103432,2023-05-22,North,Direct,29,Beauty & Personal Care
103433,2025-02-06,East,Social Media,31,Fashion
103434,2024-10-17,West,Direct,26,Fashion
103435,2025-03-14,East,Social Media,47,Beauty & Personal Care
103436,2025-03-20,North,Direct,18,Toys & Games
103437,2025-01-13,South,Organic Search,29,Fashion
103438,2025-02-04,Central,Direct,47,Beauty & Personal Care
103439,2025-03-12,South,Organic Search,31,Home & Kitchen
103440,2024-06-06,East,Paid Ads,46,Books
103441,2023-10-20,South,Direct,59,Toys & Games
103442,2023-09-25,West,Paid Ads,35,Home & Kitchen
103443,2025-06-08,East,Organic Search,47,Grocery
103444,2024-09-07,South,Organic Search,61,Grocery
103445,2024-10-05,East,Organic Search,39,Grocery
103446,2023-01-01,East,Paid Ads,34,Fashion
103447,2024-08-27,East,Paid Ads,44,Books
103448,2024-07-04,South,Social Media,48,Fashion
103449,2025-05-04,North,Email,34,Fashion
103450,2025-01-18,West,Organic Search,29,Home & Kitchen
103451,2025-05-11,South,Email,53,Home & Kitchen
103452,2024-05-15,West,Social Media,32,Books
103453,2023-01-01,South,Email,48,Fashion
103454,2025-01-11,Central,Email,37,Electronics
103455,2024-08-25,West,Direct,55,Fashion
103456,2025-02-02,East,Organic Search,25,Grocery
103457,2024-12-03,South,Social Media,25,Grocery
103458,2024-05-08,West,Direct,44,Electronics
103459,2023-01-01,North,Referral,22,Fashion
103460,2023-01-01,North,Organic Search,36,Electronics
103461,2023-01-01,North,Social Media,52,Home & Kitchen
103462,2023-05-17,South,Email,18,Fashion
103463,2024-08-28,East,Organic Search,39,Sports & Outdoors
103464,2024-10-06,South,Referral,48,Grocery
103465,2025-01-10,North,Email,34,Home & Kitchen
103466,2024-09-02,South,Social Media,24,Home & Kitchen
103467,2023-01-01,East,Organic Search,32,Beauty & Personal Care
103468,2023-01-01,South,Social Media,25,Fashion
103469,2023-01-01,East,Social Media,35,Books
103470,2024-04-11,South,Paid Ads,31,Books
103471,2025-04-06,Central,Referral,29,Electronics
103472,2023-11-21,Central,Paid Ads,40,Fashion
103473,2023-01-01,West,Direct,52,Home & Kitchen
103474,2023-01-01,East,Email,38,Grocery
103475,2024-11-05,North,Email,49,Fashion
103476,2025-03-23,West,Social Media,52,Electronics
103477,2025-03-28,South,Organic Search,28,Electronics
103478,2024-12-28,South,Referral,38,Fashion
103479,2024-11-25,West,Organic Search,30,Beauty & Personal Care
103480,2024-09-19,North,Social Media,18,Electronics
103481,2023-09-20,South,Organic Search,38,Electronics
103482,2024-09-28,West,Social Media,23,Grocery
103483,2024-05-29,Central,Referral,40,Electronics
103484,2025-05-19,East,Paid Ads,18,Fashion
103485,2025-01-10,East,Paid Ads,36,Home & Kitchen
103486,2025-01-19,Central,Organic Search,18,Sports & Outdoors
103487,2025-06-05,North,Paid Ads,42,Grocery
103488,2024-10-05,East,Paid Ads,30,Sports & Outdoors
103489,2025-05-18,South,Direct,29,Beauty & Personal Care
103490,2024-10-23,East,Direct,47,Beauty & Personal Care
103491,2024-05-02,Central,Direct,31,Home & Kitchen
103492,2023-01-01,East,Organic Search,36,Toys & Games
103493,2025-01-29,Central,Paid Ads,32,Toys & Games
103494,2024-05-12,East,Paid Ads,40,Sports & Outdoors
103495,2024-12-13,Central,Referral,46,Grocery
103496,2025-05-24,North,Referral,44,Beauty & Personal Care
103497,2023-01-01,South,Email,29,Beauty & Personal Care
103498,2024-04-16,South,Social Media,48,Sports & Outdoors
103499,2023-12-14,West,Social Media,24,Fashion
103500,2023-01-01,East,Direct,26,Books
103501,2024-10-25,South,Organic Search,33,Home & Kitchen
103502,2025-04-13,North,Email,46,Toys & Games
103503,2025-01-31,South,Referral,22,Fashion
103504,2025-04-25,North,Organic Search,44,Books
103505,2023-01-29,West,Direct,34,Electronics
103506,2023-01-01,Central,Direct,30,Beauty & Personal Care
103507,2024-05-06,Central,Email,47,Sports & Outdoors
103508,2023-09-06,South,Organic Search,26,Grocery
103509,2023-04-23,East,Organic Search,60,Grocery
103510,2023-01-01,East,Referral,33,Beauty & Personal Care
103511,2023-01-01,East,Organic Search,36,Beauty & Personal Care
103512,2025-06-27,East,Organic Search,51,Fashion
103513,2024-12-07,South,Paid Ads,36,Toys & Games
103514,2024-06-15,North,Organic Search,48,Books
103515,2025-01-03,East,Referral,18,Fashion
103516,2024-09-12,North,Social Media,30,Grocery
103517,2024-01-12,North,Organic Search,39,Books
103518,2024-01-23,East,Social Media,46,Books
103519,2023-05-12,Central,Organic Search,43,Electronics
103520,2024-06-08,East,Organic Search,42,Electronics
103521,2025-08-01,North,Social Media,46,Beauty & Personal Care
103522,2024-10-05,Central,Social Media,40,Fashion
103523,2024-02-22,West,Paid Ads,18,Books
103524,2023-03-31,South,Social Media,50,Beauty & Personal Care
103525,2023-06-25,South,Paid Ads,25,Fashion
103526,2024-07-23,Central,Social Media,38,Home & Kitchen
103527,2024-12-21,East,Paid Ads,36,Grocery
103528,2024-07-08,North,Referral,35,Books
103529,2025-06-14,South,Social Media,22,Fashion
103530,2024-11-30,South,Organic Search,18,Beauty & Personal Care
103531,2023-01-01,East,Referral,23,Home & Kitchen
103532,2024-07-09,South,Email,44,Electronics
103533,2024-02-05,East,Organic Search,19,Fashion
103534,2025-05-01,South,Social Media,25,Electronics
103535,2023-04-05,West,Email,39,Fashion
103536,2024-08-08,East,Organic Search,23,Fashion
103537,2024-02-19,Central,Direct,29,Toys & Games
103538,2023-11-20,Central,Paid Ads,35,Beauty & Personal Care
103539,2023-04-27,South,Referral,38,Fashion
103540,2024-04-20,North,Direct,23,Fashion
103541,2024-08-01,East,Direct,36,Home & Kitchen
103542,2025-04-02,South,Social Media,39,Fashion
103543,2025-05-12,Central,Referral,20,Grocery
103544,2024-04-27,East,Organic Search,37,Beauty & Personal Care
103545,2024-02-16,South,Paid Ads,27,Toys & Games
103546,2023-12-10,South,Direct,36,Fashion
103547,2025-01-27,Central,Paid Ads,42,Electronics
103548,2024-11-28,North,Email,33,Grocery
103549,2024-05-04,Central,Organic Search,45,Books
103550,2024-10-29,South,Organic Search,43,Books
103551,2023-01-01,Central,Organic Search,44,Electronics
103552,2024-12-03,East,Social Media,39,Fashion
103553,2024-01-19,East,Organic Search,47,Electronics
103554,2023-07-11,South,Paid Ads,39,Fashion
103555,2023-06-08,West,Direct,18,Books
103556,2024-11-03,West,Email,26,Sports & Outdoors
103557,2023-11-18,East,Email,32,Toys & Games
103558,2024-01-13,East,Organic Search,34,Fashion
103559,2023-10-29,East,Paid Ads,38,Fashion
103560,2024-05-08,East,Referral,26,Grocery
103561,2023-07-07,Central,Organic Search,57,Fashion
103562,2024-03-26,North,Paid Ads,33,Home & Kitchen
103563,2025-04-19,South,Direct,34,Fashion
103564,2024-04-07,Central,Organic Search,27,Electronics
103565,2024-02-22,West,Direct,23,Fashion
103566,2023-08-14,South,Organic Search,33,Fashion
103567,2024-04-27,East,Organic Search,35,Sports & Outdoors
103568,2023-01-01,North,Organic Search,34,Books
103569,2024-07-21,North,Direct,53,Electronics
103570,2024-11-15,Central,Social Media,33,Electronics
103571,2023-01-01,West,Email,34,Home & Kitchen
103572,2024-07-29,North,Paid Ads,43,Beauty & Personal Care
103573,2024-05-30,West,Direct,33,Books
103574,2024-02-21,East,Social Media,40,Fashion
103575,2024-03-26,East,Social Media,20,Beauty & Personal Care
103576,2023-11-02,Central,Email,21,Beauty & Personal Care
103577,2023-09-13,Central,Email,36,Electronics
103578,2024-12-06,North,Referral,32,Toys & Games
103579,2025-03-21,South,Organic Search,26,Toys & Games
103580,2025-03-02,South,Direct,36,Home & Kitchen
103581,2023-01-01,Central,Organic Search,37,Beauty & Personal Care
103582,2024-08-23,West,Direct,27,Home & Kitchen
103583,2023-07-16,West,Paid Ads,29,Grocery
103584,2023-08-31,North,Organic Search,37,Electronics
103585,2024-05-30,Central,Paid Ads,23,Fashion
103586,2025-01-30,East,Social Media,28,Sports & Outdoors
103587,2023-08-18,South,Paid Ads,40,Fashion
103588,2024-06-11,East,Email,34,Toys & Games
103589,2025-03-30,East,Referral,29,Grocery
103590,2024-10-27,South,Organic Search,25,Grocery
103591,2025-05-21,Central,Social Media,23,Fashion
103592,2024-10-15,Central,Email,33,Fashion
103593,2024-05-12,North,Direct,57,Grocery
103594,2024-07-16,Central,Paid Ads,41,Home & Kitchen
103595,2024-08-22,East,Direct,20,Sports & Outdoors
103596,2024-05-16,West,Organic Search,42,Beauty & Personal Care
103597,2023-11-30,West,Referral,26,Grocery
103598,2023-06-03,East,Email,34,Sports & Outdoors
103599,2023-03-19,West,Paid Ads,28,Books
103600,2024-12-31,West,Organic Search,57,Books
103601,2023-01-18,Central,Referral,22,Sports & Outdoors
103602,2024-06-10,East,Paid Ads,38,Home & Kitchen
103603,2024-09-22,West,Organic Search,27,Beauty & Personal Care
103604,2025-02-25,Central,Organic Search,43,Toys & Games
103605,2023-12-31,Central,Email,38,Sports & Outdoors
103606,2024-01-16,North,Organic Search,48,Grocery
103607,2024-11-19,East,Social Media,42,Books
103608,2024-11-12,East,Direct,27,Home & Kitchen
103609,2024-07-27,West,Email,67,Toys & Games
103610,2024-09-27,West,Social Media,41,Fashion
103611,2025-01-10,Central,Social Media,28,Fashion
103612,2025-03-15,East,Organic Search,37,Fashion
103613,2023-01-10,West,Paid Ads,41,Sports & Outdoors
103614,2024-10-28,Central,Organic Search,41,Beauty & Personal Care
103615,2024-01-19,North,Organic Search,40,Beauty & Personal Care
103616,2023-10-27,West,Organic Search,45,Books
103617,2023-12-29,South,Social Media,44,Grocery
103618,2023-10-01,Central,Organic Search,25,Fashion
103619,2024-01-03,East,Organic Search,58,Sports & Outdoors
103620,2024-12-11,West,Direct,56,Beauty & Personal Care
103621,2024-09-12,West,Organic Search,43,Grocery
103622,2023-01-28,South,Referral,35,Electronics
103623,2024-11-05,East,Paid Ads,35,Fashion
103624,2024-06-10,West,Social Media,31,Fashion
103625,2023-11-28,West,Organic Search,32,Electronics
103626,2023-01-01,South,Organic Search,18,Books
103627,2023-03-25,Central,Email,51,Sports & Outdoors
103628,2025-02-07,North,Paid Ads,47,Beauty & Personal Care
103629,2024-02-01,South,Organic Search,18,Grocery
103630,2024-03-19,Central,Paid Ads,44,Books
103631,2024-09-09,West,Social Media,34,Books
103632,2024-05-31,East,Organic Search,32,Fashion
103633,2024-12-13,East,Social Media,40,Toys & Games
103634,2024-08-02,Central,Social Media,18,Home & Kitchen
103635,2024-11-02,South,Social Media,34,Toys & Games
103636,2024-05-05,South,Email,35,Home & Kitchen
103637,2024-09-19,East,Paid Ads,35,Home & Kitchen
103638,2023-01-01,Central,Direct,19,Books
103639,2024-04-23,East,Paid Ads,39,Sports & Outdoors
103640,2024-06-29,West,Paid Ads,46,Fashion
103641,2024-08-18,Central,Referral,39,Toys & Games
103642,2024-09-19,Central,Social Media,32,Electronics
103643,2025-03-30,East,Organic Search,64,Electronics
103644,2023-07-17,East,Direct,24,Electronics
103645,2023-01-01,North,Direct,43,Beauty & Personal Care
103646,2024-11-06,North,Paid Ads,37,Books
103647,2023-01-31,East,Social Media,57,Grocery
103648,2023-01-01,West,Email,39,Home & Kitchen
103649,2023-01-01,Central,Direct,41,Sports & Outdoors
103650,2023-01-01,East,Social Media,40,Beauty & Personal Care
103651,2025-03-12,East,Organic Search,23,Home & Kitchen
103652,2025-03-14,Central,Referral,25,Beauty & Personal Care
103653,2023-10-03,South,Organic Search,31,Fashion
103654,2024-06-06,North,Referral,45,Sports & Outdoors
103655,2025-07-01,Central,Social Media,37,Beauty & Personal Care
103656,2024-10-09,East,Referral,32,Grocery
103657,2023-10-25,North,Organic Search,50,Home & Kitchen
103658,2024-07-28,South,Social Media,18,Fashion
103659,2024-06-05,South,Social Media,20,Home & Kitchen
103660,2025-03-14,South,Paid Ads,18,Home & Kitchen
103661,2024-10-12,East,Organic Search,48,Fashion
103662,2023-10-01,Central,Organic Search,33,Beauty & Personal Care
103663,2024-10-25,West,Direct,45,Fashion
103664,2023-01-01,Central,Paid Ads,33,Beauty & Personal Care
103665,2024-05-28,Central,Referral,46,Beauty & Personal Care
103666,2024-01-01,South,Social Media,33,Electronics
103667,2023-10-12,North,Email,39,Books
103668,2023-10-31,North,Social Media,37,Home & Kitchen
103669,2025-02-12,West,Organic Search,38,Sports & Outdoors
103670,2025-01-11,South,Organic Search,53,Sports & Outdoors
103671,2025-07-03,West,Organic Search,18,Sports & Outdoors
103672,2024-09-13,East,Email,34,Fashion
103673,2025-01-26,Central,Referral,37,Sports & Outdoors
103674,2024-11-01,East,Email,35,Books
103675,2024-08-15,Central,Referral,30,Toys & Games
103676,2024-04-13,South,Email,29,Books
103677,2024-07-24,West,Direct,51,Electronics
103678,2024-07-29,East,Referral,34,Beauty & Personal Care
103679,2024-02-04,North,Organic Search,61,Books
103680,2024-06-19,South,Organic Search,40,Toys & Games
103681,2023-06-09,South,Social Media,31,Fashion
103682,2024-06-18,North,Email,41,Home & Kitchen
103683,2023-01-01,Central,Social Media,36,Grocery
103684,2025-02-19,South,Paid Ads,49,Beauty & Personal Care
103685,2024-09-18,East,Referral,22,Home & Kitchen
103686,2024-12-09,East,Paid Ads,18,Sports & Outdoors
103687,2024-03-30,East,Paid Ads,38,Electronics
103688,2025-02-19,West,Email,44,Home & Kitchen
103689,2025-04-30,Central,Social Media,38,Home & Kitchen
103690,2025-01-17,Central,Paid Ads,42,Electronics
103691,2025-04-21,Central,Paid Ads,40,Toys & Games
103692,2024-08-11,East,Social Media,18,Toys & Games
103693,2024-04-14,West,Paid Ads,38,Beauty & Personal Care
103694,2025-05-17,North,Organic Search,49,Fashion
103695,2024-10-04,Central,Social Media,36,Books
103696,2023-03-26,North,Referral,20,Toys & Games
103697,2023-01-01,North,Organic Search,31,Grocery
103698,2023-08-24,Central,Social Media,41,Fashion
103699,2025-07-27,West,Social Media,54,Sports & Outdoors
103700,2024-05-17,North,Paid Ads,18,Electronics
103701,2023-01-16,Central,Paid Ads,38,Books
103702,2024-10-30,North,Paid Ads,24,Fashion
103703,2025-03-28,North,Paid Ads,40,Grocery
103704,2023-03-04,Central,Email,41,Books
103705,2023-01-01,South,Paid Ads,32,Electronics
103706,2024-06-22,South,Direct,41,Beauty & Personal Care
103707,2025-03-26,West,Paid Ads,47,Home & Kitchen
103708,2025-05-30,West,Referral,33,Toys & Games
103709,2024-02-21,East,Social Media,20,Beauty & Personal Care
103710,2024-12-07,Central,Email,50,Electronics
103711,2024-07-12,North,Direct,44,Sports & Outdoors
103712,2024-08-13,Central,Social Media,41,Grocery
103713,2025-01-27,South,Social Media,27,Beauty & Personal Care
103714,2025-06-04,West,Direct,45,Grocery
103715,2024-10-23,South,Direct,57,Fashion
103716,2024-05-03,South,Direct,33,Fashion
103717,2024-04-17,South,Organic Search,36,Grocery
103718,2024-12-21,East,Organic Search,23,Home & Kitchen
103719,2023-01-01,Central,Paid Ads,27,Toys & Games
103720,2025-03-12,North,Referral,23,Toys & Games
103721,2023-05-12,West,Organic Search,36,Beauty & Personal Care
103722,2024-05-14,Central,Paid Ads,31,Sports & Outdoors
103723,2024-10-21,West,Social Media,39,Sports & Outdoors
103724,2023-12-31,Central,Organic Search,25,Fashion
103725,2024-08-30,North,Referral,33,Home & Kitchen
103726,2025-05-01,South,Organic Search,24,Grocery
103727,2025-03-23,East,Email,37,Beauty & Personal Care
103728,2024-09-17,East,Paid Ads,18,Fashion
103729,2024-11-22,South,Social Media,36,Electronics
103730,2023-05-25,South,Social Media,31,Home & Kitchen
103731,2024-12-02,Central,Paid Ads,36,Home & Kitchen
103732,2024-12-15,South,Paid Ads,18,Home & Kitchen
103733,2025-01-11,Central,Email,42,Sports & Outdoors
103734,2025-01-27,North,Social Media,31,Toys & Games
103735,2025-01-21,East,Organic Search,37,Home & Kitchen
103736,2025-04-13,West,Referral,18,Sports & Outdoors
103737,2024-04-30,Central,Organic Search,21,Beauty & Personal Care
103738,2024-08-06,West,Social Media,30,Grocery
103739,2024-08-18,North,Paid Ads,50,Home & Kitchen
103740,2025-05-24,West,Social Media,40,Home & Kitchen
103741,2024-02-06,South,Organic Search,36,Fashion
103742,2023-12-27,Central,Organic Search,24,Books
103743,2023-01-01,West,Organic Search,22,Fashion
103744,2024-01-19,North,Paid Ads,38,Home & Kitchen
103745,2023-01-01,South,Social Media,42,Beauty & Personal Care
103746,2024-12-26,Central,Referral,37,Grocery
103747,2023-01-01,Central,Organic Search,53,Books
103748,2024-01-06,West,Organic Search,27,Beauty & Personal Care
103749,2024-02-27,South,Referral,36,Electronics
103750,2024-08-26,South,Social Media,18,Electronics
103751,2024-10-22,West,Email,37,Fashion
103752,2024-12-10,East,Organic Search,51,Electronics
103753,2023-01-01,South,Organic Search,23,Fashion
103754,2024-09-04,South,Paid Ads,44,Toys & Games
103755,2023-12-29,North,Referral,50,Fashion
103756,2023-09-25,East,Social Media,27,Sports & Outdoors
103757,2023-10-02,East,Organic Search,40,Books
103758,2024-04-28,East,Organic Search,52,Electronics
103759,2023-01-01,Central,Referral,37,Fashion
103760,2024-01-31,West,Paid Ads,43,Electronics
103761,2024-12-15,East,Referral,18,Electronics
103762,2024-10-10,South,Paid Ads,41,Grocery
103763,2025-05-18,West,Paid Ads,40,Toys & Games
103764,2024-03-21,Central,Organic Search,20,Toys & Games
103765,2023-11-23,North,Direct,24,Fashion
103766,2023-10-15,South,Organic Search,41,Electronics
103767,2024-01-06,North,Organic Search,31,Sports & Outdoors
103768,2024-08-25,South,Email,47,Fashion
103769,2024-07-02,North,Organic Search,38,Fashion
103770,2024-07-01,East,Paid Ads,35,Home & Kitchen
103771,2023-05-23,Central,Organic Search,33,Electronics
103772,2025-06-25,Central,Referral,38,Electronics
103773,2024-11-07,South,Paid Ads,43,Beauty & Personal Care
103774,2025-03-02,West,Email,40,Beauty & Personal Care
103775,2023-01-01,South,Referral,30,Beauty & Personal Care
103776,2023-01-31,South,Social Media,48,Electronics
103777,2024-10-28,West,Organic Search,42,Electronics
103778,2025-04-27,West,Email,39,Fashion
103779,2025-03-22,East,Direct,36,Fashion
103780,2023-05-30,North,Email,40,Sports & Outdoors
103781,2025-05-22,East,Organic Search,18,Electronics
103782,2024-06-27,South,Referral,37,Fashion
103783,2023-08-27,North,Referral,53,Sports & Outdoors
103784,2025-04-05,North,Direct,37,Home & Kitchen
103785,2024-06-30,East,Organic Search,35,Home & Kitchen
103786,2024-10-24,North,Email,28,Electronics
103787,2024-11-25,West,Referral,40,Fashion
103788,2024-12-31,North,Direct,32,Fashion
103789,2023-07-17,South,Referral,49,Toys & Games
103790,2023-01-01,Central,Direct,25,Beauty & Personal Care
103791,2024-09-16,West,Paid Ads,30,Electronics
103792,2024-02-25,East,Organic Search,28,Sports & Outdoors
103793,2024-06-23,North,Paid Ads,55,Toys & Games
103794,2025-06-15,North,Email,32,Electronics
103795,2024-09-26,Central,Organic Search,28,Beauty & Personal Care
103796,2025-06-30,West,Referral,18,Home & Kitchen
103797,2024-11-14,Central,Direct,24,Beauty & Personal Care
103798,2024-07-09,Central,Direct,40,Electronics
103799,2023-10-06,North,Referral,40,Electronics
103800,2024-03-31,Central,Email,27,Beauty & Personal Care
103801,2023-07-03,East,Organic Search,28,Home & Kitchen
103802,2025-02-01,West,Social Media,55,Books
103803,2023-01-01,East,Social Media,64,Sports & Outdoors
103804,2023-01-01,West,Email,47,Grocery
103805,2025-07-04,Central,Paid Ads,52,Sports & Outdoors
103806,2025-05-27,Central,Organic Search,54,Toys & Games
103807,2024-07-16,East,Referral,59,Beauty & Personal Care
103808,2024-12-01,South,Social Media,31,Sports & Outdoors
103809,2024-10-27,West,Email,25,Grocery
103810,2024-04-03,East,Social Media,55,Home & Kitchen
103811,2023-06-12,South,Email,24,Electronics
103812,2025-02-10,West,Social Media,23,Grocery
103813,2023-03-12,North,Email,23,Electronics
103814,2025-01-04,East,Referral,33,Fashion
103815,2023-01-01,West,Organic Search,18,Sports & Outdoors
103816,2023-01-01,Central,Paid Ads,19,Fashion
103817,2024-12-14,West,Direct,28,Fashion
103818,2025-04-24,Central,Organic Search,21,Grocery
103819,2024-12-19,Central,Referral,46,Fashion
103820,2025-01-16,South,Organic Search,35,Beauty & Personal Care
103821,2023-12-03,Central,Email,41,Fashion
103822,2025-07-02,South,Organic Search,40,Home & Kitchen
103823,2025-05-26,West,Social Media,32,Sports & Outdoors
103824,2023-12-15,South,Social Media,45,Grocery
103825,2025-01-24,East,Organic Search,39,Home & Kitchen
103826,2024-11-11,West,Social Media,31,Beauty & Personal Care
103827,2023-08-29,Central,Direct,18,Books
103828,2023-05-18,Central,Referral,40,Fashion
103829,2023-01-13,Central,Direct,21,Sports & Outdoors
103830,2023-10-10,East,Email,39,Toys & Games
103831,2024-09-03,Central,Referral,35,Fashion
103832,2024-09-26,North,Social Media,20,Home & Kitchen
103833,2024-10-26,Central,Direct,37,Electronics
103834,2025-04-05,South,Social Media,37,Electronics
103835,2025-02-17,East,Paid Ads,37,Beauty & Personal Care
103836,2023-04-05,Central,Email,36,Fashion
103837,2025-01-05,West,Direct,27,Fashion
103838,2025-04-04,Central,Paid Ads,41,Home & Kitchen
103839,2023-02-14,West,Organic Search,27,Books
103840,2024-04-25,West,Social Media,23,Fashion
103841,2023-01-01,North,Referral,42,Beauty & Personal Care
103842,2023-01-01,Central,Paid Ads,45,Sports & Outdoors
103843,2025-03-23,West,Referral,41,Electronics
103844,2024-08-05,West,Social Media,32,Fashion
103845,2025-03-02,East,Paid Ads,18,Beauty & Personal Care
103846,2025-03-03,Central,Social Media,51,Fashion
103847,2024-11-02,East,Paid Ads,18,Toys & Games
103848,2023-11-20,North,Email,41,Electronics
103849,2023-11-17,North,Organic Search,58,Fashion
103850,2024-01-11,West,Email,36,Electronics
103851,2024-09-04,West,Paid Ads,38,Electronics
103852,2023-10-24,South,Direct,39,Electronics
103853,2025-04-06,West,Email,37,Home & Kitchen
103854,2024-04-20,Central,Organic Search,60,Fashion
103855,2024-06-29,East,Direct,25,Home & Kitchen
103856,2024-09-20,Central,Social Media,24,Home & Kitchen
103857,2024-04-06,North,Social Media,31,Electronics
103858,2025-02-27,East,Direct,54,Beauty & Personal Care
103859,2023-12-26,East,Direct,28,Fashion
103860,2024-07-07,South,Referral,39,Beauty & Personal Care
103861,2025-05-17,North,Direct,46,Sports & Outdoors
103862,2024-07-14,East,Paid Ads,43,Grocery
103863,2024-11-28,South,Organic Search,46,Grocery
103864,2023-03-21,South,Organic Search,50,Home & Kitchen
103865,2025-03-27,South,Paid Ads,38,Fashion
103866,2025-03-22,East,Social Media,29,Beauty & Personal Care
103867,2024-02-18,Central,Paid Ads,36,Grocery
103868,2024-08-24,East,Social Media,31,Sports & Outdoors
103869,2024-09-06,East,Organic Search,62,Home & Kitchen
103870,2023-01-01,South,Paid Ads,29,Sports & Outdoors
103871,2023-11-04,East,Referral,40,Fashion
103872,2024-10-11,South,Organic Search,18,Electronics
103873,2025-05-30,Central,Referral,36,Grocery
103874,2024-10-25,East,Email,31,Toys & Games
103875,2025-04-11,East,Social Media,42,Sports & Outdoors
103876,2025-02-16,North,Direct,42,Fashion
103877,2025-02-10,Central,Direct,50,Electronics
103878,2023-05-07,East,Organic Search,49,Electronics
103879,2025-05-07,North,Referral,34,Electronics
103880,2023-07-03,North,Organic Search,24,Fashion
103881,2024-01-31,South,Paid Ads,25,Fashion
103882,2024-02-06,West,Social Media,38,Fashion
103883,2025-02-23,North,Referral,36,Grocery
103884,2023-09-11,North,Email,37,Fashion
103885,2025-03-14,East,Referral,29,Electronics
103886,2023-01-01,East,Email,50,Home & Kitchen
103887,2023-04-24,Central,Social Media,18,Sports & Outdoors
103888,2023-01-01,West,Organic Search,28,Home & Kitchen
103889,2024-06-27,West,Organic Search,23,Books
103890,2024-08-24,South,Social Media,32,Books
103891,2024-11-01,West,Referral,48,Electronics
103892,2023-01-01,East,Organic Search,31,Sports & Outdoors
103893,2023-11-24,South,Paid Ads,36,Electronics
103894,2025-04-09,South,Organic Search,42,Sports & Outdoors
103895,2023-01-01,Central,Social Media,31,Toys & Games
103896,2024-09-04,East,Paid Ads,39,Electronics
103897,2025-08-07,East,Organic Search,37,Electronics
103898,2025-01-17,West,Organic Search,22,Toys & Games
103899,2023-04-24,South,Paid Ads,29,Toys & Games
103900,2024-01-29,South,Social Media,38,Home & Kitchen
103901,2023-11-07,Central,Direct,49,Electronics
103902,2023-01-01,Central,Organic Search,49,Books
103903,2025-06-15,East,Social Media,58,Beauty & Personal Care
103904,2025-01-15,Central,Social Media,40,Home & Kitchen
103905,2024-06-20,South,Referral,30,Sports & Outdoors
103906,2023-04-07,West,Paid Ads,34,Fashion
103907,2025-03-15,North,Organic Search,33,Sports & Outdoors
103908,2024-10-12,West,Direct,30,Books
103909,2024-07-10,North,Direct,39,Electronics
103910,2025-01-24,South,Paid Ads,39,Home & Kitchen
103911,2024-07-14,Central,Social Media,22,Beauty & Personal Care
103912,2024-08-25,South,Organic Search,46,Home & Kitchen
103913,2024-12-04,East,Organic Search,18,Home & Kitchen
103914,2023-09-12,Central,Organic Search,32,Sports & Outdoors
103915,2023-12-09,Central,Referral,47,Beauty & Personal Care
103916,2023-08-21,East,Organic Search,41,Fashion
103917,2023-07-07,North,Organic Search,31,Beauty & Personal Care
103918,2025-05-21,South,Organic Search,56,Fashion
103919,2025-05-09,West,Organic Search,30,Fashion
103920,2023-10-24,South,Paid Ads,18,Toys & Games
103921,2024-11-13,West,Social Media,39,Books
103922,2024-12-12,Central,Social Media,18,Fashion
103923,2025-01-13,West,Paid Ads,25,Fashion
103924,2023-08-03,West,Paid Ads,41,Home & Kitchen
103925,2023-01-01,East,Email,29,Sports & Outdoors
103926,2023-07-10,North,Paid Ads,41,Sports & Outdoors
103927,2024-11-24,East,Organic Search,22,Beauty & Personal Care
103928,2023-08-30,Central,Direct,44,Grocery
103929,2025-05-12,West,Referral,18,Beauty & Personal Care
103930,2024-09-14,West,Paid Ads,49,Sports & Outdoors
103931,2025-06-15,Central,Organic Search,29,Sports & Outdoors
103932,2024-11-13,South,Organic Search,51,Beauty & Personal Care
103933,2024-05-14,South,Organic Search,25,Fashion
103934,2023-01-01,Central,Direct,56,Sports & Outdoors
103935,2023-02-18,East,Social Media,24,Grocery
103936,2025-06-13,West,Organic Search,18,Beauty & Personal Care
103937,2025-06-05,West,Organic Search,35,Books
103938,2025-01-23,North,Organic Search,48,Home & Kitchen
103939,2023-01-01,South,Organic Search,43,Electronics
103940,2025-06-09,South,Social Media,47,Sports & Outdoors
103941,2025-01-12,North,Paid Ads,43,Home & Kitchen
103942,2025-01-13,West,Direct,25,Toys & Games
103943,2024-02-19,Central,Referral,43,Electronics
103944,2023-08-17,Central,Direct,36,Grocery
103945,2023-12-04,North,Direct,27,Electronics
103946,2024-04-14,East,Direct,36,Electronics
103947,2025-05-17,South,Direct,34,Home & Kitchen
103948,2024-06-10,North,Paid Ads,50,Fashion
103949,2023-01-01,West,Organic Search,29,Books
103950,2023-01-01,Central,Organic Search,28,Beauty & Personal Care
103951,2024-03-01,North,Social Media,27,Grocery
103952,2025-06-12,West,Referral,55,Grocery
103953,2024-02-23,North,Organic Search,27,Fashion
103954,2024-08-26,Central,Email,49,Sports & Outdoors
103955,2025-05-29,North,Email,23,Toys & Games
103956,2025-03-24,East,Social Media,40,Fashion
103957,2025-02-23,North,Paid Ads,37,Fashion
103958,2023-10-23,East,Organic Search,48,Electronics
103959,2023-01-01,East,Social Media,46,Toys & Games
103960,2024-01-02,East,Organic Search,35,Toys & Games
103961,2023-10-07,Central,Social Media,29,Books
103962,2024-08-06,Central,Paid Ads,52,Electronics
103963,2024-12-16,South,Organic Search,27,Beauty & Personal Care
103964,2023-12-21,Central,Paid Ads,18,Grocery
103965,2024-04-09,East,Social Media,18,Electronics
103966,2025-02-07,North,Paid Ads,18,Home & Kitchen
103967,2024-05-04,West,Direct,41,Electronics
103968,2024-07-17,West,Organic Search,59,Grocery
103969,2024-10-14,South,Direct,18,Books
103970,2024-12-23,East,Organic Search,26,Beauty & Personal Care
103971,2024-03-01,East,Organic Search,35,Fashion
103972,2024-12-09,North,Direct,52,Home & Kitchen
103973,2023-01-01,South,Referral,26,Sports & Outdoors
103974,2024-01-17,East,Referral,41,Electronics
103975,2024-02-23,South,Referral,32,Books
103976,2024-09-07,Central,Paid Ads,63,Home & Kitchen
103977,2024-11-06,South,Email,36,Home & Kitchen
103978,2025-07-02,West,Organic Search,38,Books
103979,2025-01-26,North,Email,35,Electronics
103980,2025-06-14,South,Direct,30,Beauty & Personal Care
103981,2025-06-16,Central,Direct,45,Beauty & Personal Care
103982,2025-04-15,Central,Referral,22,Electronics
103983,2023-01-27,Central,Referral,18,Electronics
103984,2023-01-30,North,Social Media,33,Home & Kitchen
103985,2025-01-21,Central,Paid Ads,43,Toys & Games
103986,2025-05-19,South,Direct,28,Beauty & Personal Care
103987,2024-11-17,North,Referral,37,Beauty & Personal Care
103988,2023-10-27,North,Paid Ads,21,Toys & Games
103989,2023-06-05,West,Email,46,Beauty & Personal Care
103990,2024-05-09,East,Organic Search,42,Electronics
103991,2024-03-06,East,Email,35,Grocery
103992,2024-04-13,Central,Email,36,Toys & Games
103993,2025-06-08,North,Organic Search,19,Toys & Games
103994,2025-05-08,North,Organic Search,20,Fashion
103995,2023-01-01,Central,Referral,33,Beauty & Personal Care
103996,2024-05-11,West,Organic Search,40,Home & Kitchen
103997,2025-07-19,West,Direct,41,Home & Kitchen
103998,2024-02-11,East,Organic Search,31,Fashion
103999,2025-03-03,North,Organic Search,43,Electronics
104000,2023-04-20,East,Organic Search,50,Fashion
104001,2023-06-21,Central,Email,34,Electronics
104002,2023-11-23,North,Social Media,38,Home & Kitchen
104003,2024-05-15,North,Email,32,Fashion
104004,2023-01-01,South,Direct,33,Beauty & Personal Care
104005,2023-01-01,East,Social Media,36,Fashion
104006,2025-02-27,West,Organic Search,53,Books
104007,2023-11-28,North,Organic Search,45,Grocery
104008,2024-12-21,Central,Direct,44,Beauty & Personal Care
104009,2025-03-23,North,Organic Search,30,Electronics
104010,2023-01-01,South,Direct,25,Electronics
104011,2023-09-14,Central,Direct,39,Grocery
104012,2024-04-15,South,Social Media,48,Home & Kitchen
104013,2025-02-10,East,Social Media,53,Books
104014,2023-01-01,East,Direct,18,Books
104015,2025-03-06,South,Email,61,Fashion
104016,2025-04-10,East,Referral,39,Fashion
104017,2024-07-16,West,Paid Ads,44,Sports & Outdoors
104018,2023-10-28,North,Social Media,18,Electronics
104019,2024-10-24,Central,Paid Ads,32,Home & Kitchen
104020,2024-05-21,North,Direct,44,Electronics
104021,2024-12-22,Central,Referral,22,Beauty & Personal Care
104022,2024-11-27,Central,Email,18,Home & Kitchen
104023,2023-01-01,Central,Organic Search,38,Beauty & Personal Care
104024,2024-08-14,West,Direct,34,Fashion
104025,2023-01-01,Central,Paid Ads,50,Fashion
104026,2025-06-19,Central,Referral,33,Home & Kitchen
104027,2023-04-08,West,Organic Search,34,Home & Kitchen
104028,2025-02-01,Central,Direct,42,Home & Kitchen
104029,2023-09-02,South,Referral,46,Beauty & Personal Care
104030,2025-02-03,Central,Paid Ads,27,Home & Kitchen
104031,2024-11-10,Central,Paid Ads,45,Fashion
104032,2025-03-27,West,Paid Ads,29,Fashion
104033,2023-08-23,North,Paid Ads,35,Sports & Outdoors
104034,2023-06-01,South,Organic Search,42,Beauty & Personal Care
104035,2025-01-26,North,Paid Ads,44,Electronics
104036,2025-05-27,East,Paid Ads,38,Fashion
104037,2023-01-01,East,Paid Ads,23,Home & Kitchen
104038,2025-01-02,Central,Referral,18,Electronics
104039,2024-08-30,South,Paid Ads,32,Electronics
104040,2025-02-28,North,Organic Search,45,Electronics
104041,2023-10-12,West,Direct,39,Grocery
104042,2023-09-29,North,Paid Ads,37,Home & Kitchen
104043,2023-01-01,Central,Referral,34,Grocery
104044,2023-03-21,North,Direct,38,Home & Kitchen
104045,2023-05-02,East,Email,24,Books
104046,2024-08-03,Central,Social Media,43,Beauty & Personal Care
104047,2024-09-09,East,Social Media,44,Fashion
104048,2023-10-18,Central,Email,31,Grocery
104049,2024-08-20,East,Email,39,Grocery
104050,2023-02-28,West,Organic Search,18,Sports & Outdoors
104051,2025-03-11,West,Social Media,36,Books
104052,2025-06-20,East,Direct,33,Home & Kitchen
104053,2023-12-14,North,Email,48,Electronics
104054,2024-12-07,Central,Organic Search,32,Home & Kitchen
104055,2025-04-04,North,Paid Ads,44,Sports & Outdoors
104056,2023-01-01,South,Social Media,30,Home & Kitchen
104057,2024-07-05,West,Organic Search,18,Toys & Games
104058,2025-05-05,West,Referral,32,Beauty & Personal Care
104059,2025-01-02,East,Paid Ads,37,Fashion
104060,2024-10-03,East,Paid Ads,36,Electronics
104061,2023-12-23,East,Paid Ads,36,Fashion
104062,2025-01-01,Central,Direct,29,Beauty & Personal Care
104063,2024-08-26,South,Direct,31,Toys & Games
104064,2024-04-02,Central,Email,22,Toys & Games
104065,2024-01-20,North,Direct,18,Sports & Outdoors
104066,2024-08-04,West,Direct,33,Fashion
104067,2023-01-01,West,Social Media,26,Toys & Games
104068,2023-10-06,West,Organic Search,46,Toys & Games
104069,2023-11-03,East,Email,18,Books
104070,2023-11-20,West,Referral,38,Electronics
104071,2023-02-23,East,Paid Ads,58,Fashion
104072,2024-04-28,East,Direct,32,Home & Kitchen
104073,2025-03-14,Central,Paid Ads,34,Fashion
104074,2024-02-10,West,Direct,39,Beauty & Personal Care
104075,2023-12-18,West,Social Media,40,Beauty & Personal Care
104076,2023-01-01,Central,Organic Search,30,Toys & Games
104077,2025-03-29,South,Direct,23,Home & Kitchen
104078,2025-02-20,East,Email,42,Electronics
104079,2024-06-24,West,Referral,18,Electronics
104080,2023-11-07,West,Social Media,44,Electronics
104081,2025-04-25,North,Organic Search,30,Fashion
104082,2025-03-25,West,Organic Search,35,Books
104083,2023-07-14,North,Organic Search,29,Books
104084,2025-04-19,East,Organic Search,50,Grocery
104085,2025-02-17,West,Paid Ads,37,Electronics
104086,2023-06-09,South,Social Media,31,Books
104087,2023-11-14,North,Organic Search,31,Beauty & Personal Care
104088,2024-12-30,West,Social Media,33,Fashion
104089,2024-01-06,South,Organic Search,61,Beauty & Personal Care
104090,2024-03-27,Central,Organic Search,20,Electronics
104091,2024-08-16,Central,Direct,46,Electronics
104092,2024-10-30,South,Direct,41,Home & Kitchen
104093,2024-01-23,West,Email,51,Books
104094,2025-04-08,South,Organic Search,41,Beauty & Personal Care
104095,2024-01-28,Central,Referral,35,Sports & Outdoors
104096,2024-05-02,South,Organic Search,46,Fashion
104097,2024-04-05,Central,Social Media,37,Fashion
104098,2025-02-25,West,Direct,43,Beauty & Personal Care
104099,2023-01-01,South,Paid Ads,50,Home & Kitchen
104100,2024-12-29,Central,Direct,36,Sports & Outdoors
104101,2024-11-25,West,Referral,30,Electronics
104102,2024-08-28,West,Paid Ads,27,Sports & Outdoors
104103,2023-11-15,South,Organic Search,39,Grocery
104104,2024-04-17,South,Email,25,Books
104105,2025-05-30,West,Paid Ads,31,Beauty & Personal Care
104106,2024-07-09,North,Organic Search,24,Fashion
104107,2024-06-12,South,Organic Search,40,Electronics
104108,2023-01-01,North,Direct,26,Grocery
104109,2024-10-07,North,Organic Search,20,Toys & Games
104110,2023-12-25,North,Direct,22,Fashion
104111,2023-01-01,North,Referral,28,Home & Kitchen
104112,2023-02-09,Central,Paid Ads,29,Fashion
104113,2025-03-06,West,Paid Ads,37,Fashion
104114,2023-09-13,Central,Email,33,Books
104115,2024-01-26,North,Paid Ads,39,Toys & Games
104116,2024-10-16,Central,Organic Search,39,Home & Kitchen
104117,2023-09-07,East,Organic Search,43,Grocery
104118,2025-03-09,West,Direct,18,Grocery
104119,2024-12-25,Central,Referral,22,Books
104120,2024-08-24,South,Social Media,41,Sports & Outdoors
104121,2024-10-28,West,Organic Search,37,Electronics
104122,2023-10-31,West,Paid Ads,45,Sports & Outdoors
104123,2024-07-18,East,Email,18,Electronics
104124,2024-11-22,East,Organic Search,29,Sports & Outdoors
104125,2023-02-19,South,Direct,31,Toys & Games
104126,2023-11-18,North,Direct,36,Fashion
104127,2025-05-10,Central,Paid Ads,35,Home & Kitchen
104128,2025-05-13,West,Direct,40,Home & Kitchen
104129,2024-11-20,East,Referral,33,Fashion
104130,2025-04-26,West,Referral,50,Electronics
104131,2023-05-30,East,Organic Search,53,Sports & Outdoors
104132,2024-12-15,South,Direct,22,Grocery
104133,2023-12-25,Central,Paid Ads,35,Fashion
104134,2023-09-20,Central,Email,43,Books
104135,2025-07-01,South,Paid Ads,41,Beauty & Personal Care
104136,2024-12-05,Central,Paid Ads,30,Fashion
104137,2024-09-07,East,Direct,37,Fashion
104138,2024-03-31,West,Social Media,18,Grocery
104139,2023-06-30,North,Organic Search,34,Home & Kitchen
104140,2023-01-01,East,Email,18,Toys & Games
104141,2023-01-01,North,Organic Search,40,Grocery
104142,2024-07-22,Central,Direct,22,Grocery
104143,2024-07-26,South,Direct,36,Fashion
104144,2023-01-01,South,Organic Search,38,Home & Kitchen
104145,2024-07-05,West,Social Media,35,Electronics
104146,2024-12-10,Central,Direct,28,Home & Kitchen
104147,2023-05-20,South,Direct,32,Toys & Games
104148,2024-03-13,West,Social Media,47,Books
104149,2025-05-14,West,Referral,30,Fashion
104150,2024-10-05,East,Social Media,35,Fashion
104151,2025-04-22,Central,Organic Search,28,Fashion
104152,2025-08-07,North,Referral,46,Electronics
104153,2023-01-01,Central,Paid Ads,35,Fashion
104154,2024-05-23,East,Paid Ads,26,Home & Kitchen
104155,2024-09-25,North,Paid Ads,35,Home & Kitchen
104156,2024-11-22,Central,Direct,32,Home & Kitchen
104157,2024-06-28,West,Organic Search,50,Electronics
104158,2024-11-25,Central,Organic Search,34,Fashion
104159,2025-03-03,North,Organic Search,19,Home & Kitchen
104160,2024-11-11,West,Organic Search,40,Electronics
104161,2023-01-01,West,Direct,54,Electronics
104162,2023-06-02,Central,Paid Ads,48,Sports & Outdoors
104163,2024-11-11,South,Organic Search,22,Fashion
104164,2023-01-01,Central,Direct,32,Fashion
104165,2024-07-26,West,Organic Search,34,Electronics
104166,2025-01-24,South,Social Media,34,Fashion
104167,2024-02-24,South,Email,39,Grocery
104168,2023-01-01,Central,Email,31,Toys & Games
104169,2023-01-01,West,Organic Search,24,Home & Kitchen
104170,2025-01-14,North,Referral,45,Fashion
104171,2025-04-04,North,Social Media,22,Books
104172,2024-10-19,Central,Referral,26,Fashion
104173,2023-12-17,North,Organic Search,22,Books
104174,2023-08-16,South,Email,41,Books
104175,2023-01-24,West,Social Media,36,Sports & Outdoors
104176,2024-05-04,Central,Referral,44,Fashion
104177,2024-04-22,South,Direct,26,Fashion
104178,2024-05-17,West,Direct,21,Fashion
104179,2023-04-17,West,Email,30,Books
104180,2023-08-06,West,Paid Ads,32,Toys & Games
104181,2025-01-21,West,Organic Search,37,Home & Kitchen
104182,2023-10-09,South,Social Media,18,Fashion
104183,2023-05-25,West,Organic Search,40,Beauty & Personal Care
104184,2023-04-09,North,Referral,25,Fashion
104185,2024-03-12,West,Referral,27,Electronics
104186,2024-04-02,West,Social Media,47,Home & Kitchen
104187,2024-07-12,West,Organic Search,18,Beauty & Personal Care
104188,2024-06-08,North,Direct,38,Home & Kitchen
104189,2023-01-01,Central,Social Media,38,Sports & Outdoors
104190,2024-05-28,East,Social Media,25,Books
104191,2025-01-06,North,Social Media,30,Home & Kitchen
104192,2024-03-04,East,Organic Search,48,Toys & Games
104193,2023-08-26,East,Referral,56,Beauty & Personal Care
104194,2023-05-04,East,Organic Search,46,Home & Kitchen
104195,2025-03-05,West,Social Media,55,Home & Kitchen
104196,2023-01-01,East,Organic Search,27,Electronics
104197,2023-09-14,South,Organic Search,18,Books
104198,2023-01-01,West,Organic Search,34,Sports & Outdoors
104199,2025-05-01,South,Organic Search,43,Fashion
104200,2023-03-17,North,Direct,18,Sports & Outdoors
104201,2025-03-13,South,Email,24,Books
104202,2024-09-19,Central,Organic Search,26,Electronics
104203,2023-08-29,East,Organic Search,38,Fashion
104204,2025-03-28,South,Email,37,Toys & Games
104205,2024-11-27,South,Organic Search,26,Electronics
104206,2025-05-03,Central,Paid Ads,36,Toys & Games
104207,2023-09-11,West,Organic Search,22,Grocery
104208,2025-01-25,West,Social Media,30,Sports & Outdoors
104209,2024-06-19,West,Direct,21,Beauty & Personal Care
104210,2024-01-25,Central,Organic Search,33,Fashion
104211,2024-03-08,West,Direct,26,Fashion
104212,2024-04-13,East,Direct,42,Electronics
104213,2024-04-13,South,Direct,34,Beauty & Personal Care
104214,2025-04-25,North,Email,32,Grocery
104215,2024-09-04,West,Direct,54,Electronics
104216,2024-04-17,Central,Social Media,39,Fashion
104217,2024-05-26,West,Direct,30,Electronics
104218,2024-08-01,East,Organic Search,28,Beauty & Personal Care
104219,2024-12-29,North,Referral,22,Sports & Outdoors
104220,2024-03-17,West,Social Media,34,Grocery
104221,2024-01-03,South,Organic Search,38,Fashion
104222,2024-10-27,West,Paid Ads,18,Books
104223,2023-04-30,South,Organic Search,19,Home & Kitchen
104224,2023-01-01,Central,Paid Ads,29,Toys & Games
104225,2024-06-12,Central,Organic Search,22,Books
104226,2025-01-17,South,Organic Search,35,Electronics
104227,2025-03-30,South,Paid Ads,37,Fashion
104228,2024-09-23,Central,Social Media,33,Books
104229,2024-07-07,North,Organic Search,41,Books
104230,2025-04-07,East,Organic Search,28,Home & Kitchen
104231,2024-10-01,North,Paid Ads,34,Fashion
104232,2023-05-30,East,Paid Ads,23,Fashion
104233,2025-07-12,North,Organic Search,38,Fashion
104234,2024-05-22,North,Direct,35,Electronics
104235,2024-11-28,East,Paid Ads,21,Home & Kitchen
104236,2024-06-27,North,Paid Ads,33,Fashion
104237,2023-01-01,West,Social Media,34,Fashion
104238,2024-07-12,East,Direct,38,Fashion
104239,2024-08-25,East,Paid Ads,38,Fashion
104240,2023-10-13,East,Organic Search,27,Beauty & Personal Care
104241,2024-03-12,Central,Social Media,43,Books
104242,2024-05-21,Central,Social Media,40,Grocery
104243,2024-02-26,North,Paid Ads,27,Beauty & Personal Care
104244,2023-01-01,West,Direct,22,Electronics
104245,2023-07-05,East,Direct,27,Fashion
104246,2024-09-14,West,Social Media,18,Beauty & Personal Care
104247,2023-01-01,West,Organic Search,37,Sports & Outdoors
104248,2024-11-14,West,Social Media,48,Fashion
104249,2024-05-22,West,Direct,50,Sports & Outdoors
104250,2024-04-12,South,Direct,23,Sports & Outdoors
104251,2024-09-27,Central,Organic Search,43,Sports & Outdoors
104252,2023-01-01,West,Organic Search,35,Books
104253,2024-10-10,South,Organic Search,18,Fashion
104254,2024-08-05,South,Email,31,Beauty & Personal Care
104255,2023-04-16,East,Social Media,30,Fashion
104256,2024-11-05,South,Paid Ads,48,Grocery
104257,2025-04-12,West,Paid Ads,25,Electronics
104258,2024-05-12,East,Organic Search,41,Books
104259,2025-03-01,North,Direct,33,Grocery
104260,2025-03-19,South,Paid Ads,19,Fashion
104261,2025-07-11,Central,Organic Search,28,Fashion
104262,2025-07-02,Central,Referral,51,Electronics
104263,2025-06-26,South,Referral,33,Beauty & Personal Care
104264,2023-01-01,West,Referral,44,Fashion
104265,2025-06-27,North,Email,44,Beauty & Personal Care
104266,2025-03-06,Central,Organic Search,30,Beauty & Personal Care
104267,2024-07-31,West,Organic Search,20,Electronics
104268,2023-11-03,North,Organic Search,22,Books
104269,2023-09-16,West,Referral,50,Grocery
104270,2025-01-17,East,Direct,36,Toys & Games
104271,2024-05-28,Central,Paid Ads,18,Electronics
104272,2024-08-09,South,Email,44,Grocery
104273,2024-06-17,Central,Referral,18,Sports & Outdoors
104274,2024-05-03,Central,Direct,25,Toys & Games
104275,2024-01-27,South,Paid Ads,35,Fashion
104276,2024-12-02,East,Organic Search,62,Beauty & Personal Care
104277,2024-10-08,West,Email,43,Beauty & Personal Care
104278,2023-01-01,South,Email,29,Grocery
104279,2024-11-18,Central,Referral,35,Electronics
104280,2024-05-22,North,Direct,45,Beauty & Personal Care
104281,2024-08-06,South,Paid Ads,50,Home & Kitchen
104282,2024-06-05,East,Referral,32,Toys & Games
104283,2023-04-01,East,Organic Search,32,Grocery
104284,2024-08-23,North,Paid Ads,25,Toys & Games
104285,2025-03-26,Central,Organic Search,42,Books
104286,2024-12-06,South,Organic Search,46,Fashion
104287,2024-08-23,North,Organic Search,18,Books
104288,2024-04-22,East,Referral,30,Grocery
104289,2025-01-16,Central,Direct,21,Fashion
104290,2024-12-25,North,Paid Ads,36,Beauty & Personal Care
104291,2024-04-08,East,Paid Ads,21,Electronics
104292,2024-03-26,Central,Organic Search,20,Electronics
104293,2023-06-22,Central,Paid Ads,47,Home & Kitchen
104294,2024-12-09,North,Paid Ads,33,Beauty & Personal Care
104295,2023-12-17,West,Social Media,34,Home & Kitchen
104296,2024-08-06,Central,Direct,39,Electronics
104297,2024-11-07,West,Social Media,45,Sports & Outdoors
104298,2024-07-27,West,Referral,30,Fashion
104299,2024-06-14,West,Referral,30,Grocery
104300,2025-04-10,East,Organic Search,30,Fashion
104301,2025-03-30,North,Paid Ads,46,Books
104302,2023-10-18,West,Organic Search,34,Home & Kitchen
104303,2024-10-14,West,Paid Ads,31,Electronics
104304,2024-04-19,Central,Direct,39,Beauty & Personal Care
104305,2023-11-01,Central,Social Media,55,Electronics
104306,2024-07-25,South,Paid Ads,35,Electronics
104307,2023-12-09,Central,Organic Search,32,Books
104308,2024-06-12,North,Paid Ads,56,Home & Kitchen
104309,2024-05-27,Central,Direct,49,Grocery
104310,2023-02-11,North,Paid Ads,48,Home & Kitchen
104311,2024-08-26,West,Referral,29,Toys & Games
104312,2023-10-13,West,Organic Search,28,Electronics
104313,2025-05-04,West,Organic Search,18,Toys & Games
104314,2024-05-02,Central,Paid Ads,45,Fashion
104315,2023-01-01,East,Direct,35,Fashion
104316,2023-01-01,North,Organic Search,18,Home & Kitchen
104317,2025-04-28,West,Referral,48,Books
104318,2024-10-16,South,Organic Search,31,Beauty & Personal Care
104319,2025-02-26,West,Social Media,32,Fashion
104320,2024-08-15,South,Social Media,18,Beauty & Personal Care
104321,2023-07-27,North,Social Media,40,Home & Kitchen
104322,2023-01-20,West,Paid Ads,40,Fashion
104323,2023-01-01,North,Organic Search,34,Electronics
104324,2025-05-09,South,Direct,30,Books
104325,2024-06-21,West,Social Media,63,Beauty & Personal Care
104326,2024-12-13,Central,Organic Search,21,Beauty & Personal Care
104327,2024-09-01,South,Paid Ads,27,Home & Kitchen
104328,2024-11-13,South,Organic Search,42,Beauty & Personal Care
104329,2025-05-03,South,Paid Ads,23,Electronics
104330,2023-01-14,East,Paid Ads,23,Books
104331,2025-01-14,North,Organic Search,47,Grocery
104332,2024-12-09,East,Paid Ads,41,Electronics
104333,2023-01-01,Central,Referral,40,Sports & Outdoors
104334,2025-05-24,North,Direct,37,Home & Kitchen
104335,2024-02-02,Central,Referral,27,Sports & Outdoors
104336,2023-05-14,East,Social Media,32,Beauty & Personal Care
104337,2023-01-01,West,Email,34,Fashion
104338,2024-02-29,West,Organic Search,44,Home & Kitchen
104339,2023-10-04,Central,Referral,39,Electronics
104340,2023-05-15,West,Organic Search,24,Electronics
104341,2024-08-10,Central,Organic Search,43,Electronics
104342,2025-02-10,South,Social Media,18,Toys & Games
104343,2023-01-01,South,Organic Search,31,Toys & Games
104344,2023-11-24,West,Referral,22,Electronics
104345,2024-06-21,North,Referral,25,Fashion
104346,2025-04-27,North,Organic Search,56,Home & Kitchen
104347,2025-07-24,South,Paid Ads,18,Books
104348,2024-02-10,South,Social Media,25,Fashion
104349,2025-07-27,North,Referral,40,Fashion
104350,2024-06-25,West,Email,29,Beauty & Personal Care
104351,2025-01-05,East,Paid Ads,36,Electronics
104352,2024-11-13,South,Email,50,Beauty & Personal Care
104353,2023-01-01,South,Paid Ads,42,Grocery
104354,2025-01-03,Central,Organic Search,29,Toys & Games
104355,2024-06-09,Central,Social Media,33,Beauty & Personal Care
104356,2025-01-02,North,Organic Search,40,Home & Kitchen
104357,2024-03-18,West,Organic Search,41,Sports & Outdoors
104358,2024-05-09,South,Organic Search,35,Grocery
104359,2024-06-25,South,Email,38,Home & Kitchen
104360,2023-05-13,East,Direct,38,Grocery
104361,2025-05-23,Central,Direct,33,Home & Kitchen
104362,2025-06-19,East,Paid Ads,28,Home & Kitchen
104363,2025-04-03,Central,Paid Ads,43,Beauty & Personal Care
104364,2024-05-08,Central,Email,38,Home & Kitchen
104365,2024-01-12,West,Paid Ads,18,Fashion
104366,2025-08-20,West,Paid Ads,25,Grocery
104367,2024-01-17,West,Organic Search,29,Toys & Games
104368,2024-10-09,South,Social Media,32,Beauty & Personal Care
104369,2023-01-01,Central,Referral,48,Sports & Outdoors
104370,2024-02-17,Central,Paid Ads,70,Fashion
104371,2023-01-01,West,Organic Search,18,Books
104372,2023-01-25,West,Referral,38,Fashion
104373,2024-10-09,Central,Social Media,35,Fashion
104374,2023-07-24,North,Organic Search,33,Home & Kitchen
104375,2024-10-10,North,Paid Ads,40,Electronics
104376,2023-01-01,Central,Direct,36,Fashion
104377,2024-09-15,East,Referral,31,Fashion
104378,2023-12-22,West,Social Media,35,Home & Kitchen
104379,2023-01-01,East,Referral,41,Home & Kitchen
104380,2023-12-03,East,Direct,40,Books
104381,2024-11-05,North,Paid Ads,37,Electronics
104382,2025-04-19,South,Paid Ads,28,Home & Kitchen
104383,2025-05-22,North,Paid Ads,66,Electronics
104384,2024-01-19,East,Email,38,Sports & Outdoors
104385,2024-07-27,North,Organic Search,43,Grocery
104386,2025-04-01,Central,Organic Search,29,Toys & Games
104387,2023-09-18,South,Organic Search,37,Beauty & Personal Care
104388,2023-09-25,West,Referral,36,Grocery
104389,2024-08-01,North,Referral,18,Home & Kitchen
104390,2023-01-01,North,Paid Ads,27,Fashion
104391,2025-06-11,East,Organic Search,26,Grocery
104392,2024-10-27,West,Email,28,Electronics
104393,2023-12-06,Central,Organic Search,23,Beauty & Personal Care
104394,2025-03-14,East,Referral,35,Toys & Games
104395,2023-07-31,West,Organic Search,50,Fashion
104396,2023-02-25,West,Direct,36,Fashion
104397,2025-08-09,West,Paid Ads,22,Electronics
104398,2023-01-01,West,Referral,23,Beauty & Personal Care
104399,2024-01-01,North,Organic Search,30,Books
104400,2024-11-25,East,Organic Search,19,Beauty & Personal Care
104401,2025-05-13,Central,Referral,38,Fashion
104402,2023-05-22,East,Social Media,49,Home & Kitchen
104403,2025-04-08,North,Email,28,Grocery
104404,2024-01-02,West,Social Media,35,Toys & Games
104405,2025-04-02,South,Social Media,30,Fashion
104406,2024-07-02,East,Direct,28,Books
104407,2023-06-16,East,Paid Ads,37,Grocery
104408,2024-11-22,West,Direct,27,Books
104409,2023-01-01,Central,Paid Ads,26,Grocery
104410,2023-11-25,West,Paid Ads,18,Books
104411,2025-03-14,Central,Email,35,Fashion
104412,2025-05-04,North,Organic Search,46,Beauty & Personal Care
104413,2025-01-27,West,Organic Search,42,Beauty & Personal Care
104414,2024-07-18,East,Organic Search,51,Fashion
104415,2023-01-01,West,Social Media,27,Electronics
104416,2023-01-01,North,Social Media,44,Grocery
104417,2024-12-01,East,Organic Search,22,Sports & Outdoors
104418,2024-12-08,North,Organic Search,42,Electronics
104419,2023-09-09,West,Paid Ads,53,Sports & Outdoors
104420,2023-09-13,South,Paid Ads,40,Books
104421,2023-01-01,North,Organic Search,53,Home & Kitchen
104422,2023-01-01,North,Organic Search,28,Sports & Outdoors
104423,2025-02-09,South,Email,33,Grocery
104424,2025-05-27,Central,Referral,24,Grocery
104425,2023-11-18,Central,Paid Ads,35,Electronics
104426,2024-04-18,North,Organic Search,37,Home & Kitchen
104427,2025-07-13,Central,Organic Search,35,Electronics
104428,2025-05-30,East,Paid Ads,29,Sports & Outdoors
104429,2023-12-11,South,Paid Ads,29,Home & Kitchen
104430,2024-08-14,Central,Direct,38,Sports & Outdoors
104431,2023-11-30,South,Referral,33,Sports & Outdoors
104432,2025-03-25,North,Paid Ads,22,Electronics
104433,2023-10-28,South,Organic Search,18,Toys & Games
104434,2024-03-03,North,Referral,28,Home & Kitchen
104435,2023-09-23,East,Direct,19,Toys & Games
104436,2024-11-14,North,Organic Search,25,Electronics
104437,2025-01-03,South,Email,30,Fashion
104438,2025-05-13,South,Organic Search,33,Home & Kitchen
104439,2024-10-03,West,Referral,27,Toys & Games
104440,2023-03-23,Central,Organic Search,59,Electronics
104441,2023-01-01,North,Social Media,21,Beauty & Personal Care
104442,2025-04-07,West,Organic Search,48,Electronics
104443,2024-07-18,North,Social Media,33,Fashion
104444,2023-01-01,Central,Social Media,27,Beauty & Personal Care
104445,2023-01-01,South,Social Media,41,Fashion
104446,2024-10-14,Central,Referral,30,Fashion
104447,2023-01-28,West,Organic Search,26,Books
104448,2023-05-15,South,Referral,54,Sports & Outdoors
104449,2023-07-01,South,Organic Search,18,Electronics
104450,2025-06-13,South,Referral,32,Fashion
104451,2024-12-14,East,Organic Search,37,Beauty & Personal Care
104452,2024-08-21,East,Paid Ads,50,Grocery
104453,2024-08-29,West,Paid Ads,30,Home & Kitchen
104454,2024-07-21,East,Direct,64,Fashion
104455,2023-01-01,West,Referral,43,Electronics
104456,2024-10-05,East,Organic Search,18,Fashion
104457,2024-02-13,South,Referral,19,Home & Kitchen
104458,2024-02-28,South,Organic Search,37,Fashion
104459,2024-07-17,West,Paid Ads,22,Beauty & Personal Care
104460,2025-03-29,North,Paid Ads,41,Fashion
104461,2024-06-04,South,Email,30,Fashion
104462,2025-07-14,South,Direct,21,Books
104463,2024-01-02,West,Direct,24,Sports & Outdoors
104464,2025-07-25,North,Organic Search,44,Grocery
104465,2024-02-10,East,Organic Search,18,Beauty & Personal Care
104466,2024-12-26,West,Email,46,Toys & Games
104467,2025-03-07,Central,Paid Ads,46,Fashion
104468,2023-09-01,East,Social Media,31,Beauty & Personal Care
104469,2024-11-05,Central,Direct,19,Home & Kitchen
104470,2024-06-22,West,Organic Search,41,Books
104471,2025-06-10,West,Paid Ads,29,Fashion
104472,2023-01-01,South,Direct,18,Electronics
104473,2024-05-20,Central,Referral,56,Home & Kitchen
104474,2024-05-20,South,Direct,25,Books
104475,2023-12-24,North,Referral,18,Sports & Outdoors
104476,2025-08-14,North,Paid Ads,38,Books
104477,2023-01-01,West,Email,34,Books
104478,2024-10-15,West,Email,51,Electronics
104479,2023-01-01,North,Direct,30,Sports & Outdoors
104480,2024-10-24,Central,Paid Ads,30,Beauty & Personal Care
104481,2024-12-20,South,Social Media,38,Electronics
104482,2024-01-23,West,Paid Ads,37,Fashion
104483,2023-01-01,East,Organic Search,37,Fashion
104484,2023-01-29,East,Direct,37,Electronics
104485,2023-12-06,West,Direct,36,Electronics
104486,2024-01-29,Central,Social Media,30,Grocery
104487,2024-06-07,West,Direct,44,Home & Kitchen
104488,2023-01-01,Central,Paid Ads,31,Home & Kitchen
104489,2023-08-19,Central,Email,43,Grocery
104490,2025-05-16,South,Referral,50,Home & Kitchen
104491,2025-03-06,East,Referral,27,Fashion
104492,2023-11-20,North,Referral,61,Fashion
104493,2025-04-03,Central,Referral,27,Electronics
104494,2024-05-22,Central,Direct,27,Fashion
104495,2023-07-06,Central,Paid Ads,40,Grocery
104496,2024-01-20,West,Email,39,Beauty & Personal Care
104497,2025-04-26,Central,Organic Search,35,Beauty & Personal Care
104498,2025-02-24,West,Organic Search,44,Home & Kitchen
104499,2024-01-06,South,Referral,37,Home & Kitchen
104500,2023-01-01,South,Email,57,Books
104501,2024-08-02,East,Direct,34,Home & Kitchen
104502,2023-06-16,East,Organic Search,25,Fashion
104503,2024-01-16,West,Organic Search,28,Fashion
104504,2024-12-28,West,Social Media,40,Fashion
104505,2023-06-10,Central,Direct,40,Beauty & Personal Care
104506,2025-06-13,West,Direct,37,Electronics
104507,2023-07-21,North,Direct,25,Electronics
104508,2023-12-20,South,Social Media,47,Beauty & Personal Care
104509,2024-12-07,South,Direct,56,Sports & Outdoors
104510,2025-03-21,West,Organic Search,35,Fashion
104511,2024-11-16,South,Direct,54,Electronics
104512,2025-01-14,Central,Social Media,44,Books
104513,2024-09-20,South,Paid Ads,59,Electronics
104514,2024-10-21,East,Social Media,40,Fashion
104515,2024-12-07,Central,Email,36,Home & Kitchen
104516,2025-06-16,South,Organic Search,44,Sports & Outdoors
104517,2025-04-12,North,Organic Search,30,Sports & Outdoors
104518,2023-03-11,South,Referral,39,Home & Kitchen
104519,2024-12-01,South,Direct,49,Grocery
104520,2024-09-15,West,Referral,44,Home & Kitchen
104521,2024-11-05,West,Organic Search,34,Home & Kitchen
104522,2023-01-01,East,Referral,37,Home & Kitchen
104523,2025-01-19,East,Organic Search,43,Beauty & Personal Care
104524,2025-02-02,East,Paid Ads,42,Home & Kitchen
104525,2023-12-10,North,Organic Search,43,Toys & Games
104526,2024-04-24,North,Social Media,38,Grocery
104527,2023-11-27,West,Paid Ads,25,Home & Kitchen
104528,2023-12-26,Central,Organic Search,27,Electronics
104529,2023-05-26,East,Paid Ads,40,Beauty & Personal Care
104530,2025-04-29,North,Referral,44,Fashion
104531,2024-01-22,Central,Paid Ads,42,Fashion
104532,2025-02-01,South,Organic Search,27,Home & Kitchen
104533,2025-07-11,West,Social Media,33,Sports & Outdoors
104534,2023-12-29,Central,Email,22,Sports & Outdoors
104535,2024-01-24,Central,Email,19,Beauty & Personal Care
104536,2024-07-05,North,Paid Ads,35,Sports & Outdoors
104537,2023-05-16,North,Referral,49,Fashion
104538,2025-01-30,West,Email,36,Home & Kitchen
104539,2023-10-17,West,Referral,55,Electronics
104540,2024-08-20,Central,Social Media,33,Electronics
104541,2024-07-28,East,Organic Search,35,Fashion
104542,2025-07-01,North,Paid Ads,24,Sports & Outdoors
104543,2023-05-10,West,Paid Ads,31,Toys & Games
104544,2024-02-09,West,Paid Ads,21,Beauty & Personal Care
104545,2023-11-05,East,Direct,18,Electronics
104546,2025-02-25,West,Organic Search,22,Beauty & Personal Care
104547,2024-03-28,South,Social Media,35,Fashion
104548,2024-08-21,Central,Direct,26,Grocery
104549,2024-01-18,North,Social Media,29,Sports & Outdoors
104550,2024-04-14,Central,Organic Search,39,Home & Kitchen
104551,2023-01-01,Central,Direct,18,Home & Kitchen
104552,2023-01-01,West,Paid Ads,35,Sports & Outdoors
104553,2024-09-23,Central,Organic Search,44,Toys & Games
104554,2023-12-30,Central,Paid Ads,45,Fashion
104555,2024-10-16,North,Organic Search,40,Sports & Outdoors
104556,2023-06-01,East,Email,34,Books
104557,2024-08-08,West,Organic Search,28,Fashion
104558,2024-11-20,Central,Email,34,Fashion
104559,2024-04-02,West,Organic Search,53,Fashion
104560,2023-01-06,East,Direct,38,Fashion
104561,2023-04-17,East,Organic Search,33,Fashion
104562,2024-11-06,North,Direct,41,Electronics
104563,2023-01-01,South,Organic Search,35,Fashion
104564,2025-02-14,East,Direct,37,Home & Kitchen
104565,2024-12-18,Central,Email,32,Beauty & Personal Care
104566,2023-06-24,Central,Social Media,30,Home & Kitchen
104567,2025-07-11,West,Organic Search,45,Fashion
104568,2024-06-21,North,Social Media,18,Electronics
104569,2024-09-24,West,Social Media,40,Beauty & Personal Care
104570,2023-01-01,East,Social Media,29,Grocery
104571,2025-03-18,West,Referral,18,Beauty & Personal Care
104572,2025-02-28,East,Direct,24,Beauty & Personal Care
104573,2023-01-01,West,Direct,34,Home & Kitchen
104574,2024-09-21,South,Social Media,36,Beauty & Personal Care
104575,2023-01-31,North,Organic Search,43,Books
104576,2024-11-03,South,Organic Search,43,Fashion
104577,2024-12-27,Central,Referral,18,Toys & Games
104578,2023-01-01,North,Direct,39,Electronics
104579,2023-01-01,South,Paid Ads,43,Fashion
104580,2023-01-01,South,Organic Search,37,Toys & Games
104581,2024-11-19,Central,Paid Ads,40,Grocery
104582,2024-07-05,South,Paid Ads,18,Electronics
104583,2025-02-20,Central,Direct,24,Home & Kitchen
104584,2025-01-21,Central,Referral,50,Books
104585,2025-01-31,West,Organic Search,31,Beauty & Personal Care
104586,2024-10-28,South,Paid Ads,59,Toys & Games
104587,2024-05-13,East,Organic Search,20,Sports & Outdoors
104588,2024-06-22,West,Referral,52,Books
104589,2023-09-10,North,Referral,28,Beauty & Personal Care
104590,2024-04-25,Central,Organic Search,44,Toys & Games
104591,2023-10-28,East,Paid Ads,31,Beauty & Personal Care
104592,2023-08-13,Central,Direct,36,Electronics
104593,2024-11-15,West,Email,41,Sports & Outdoors
104594,2024-08-14,Central,Social Media,28,Beauty & Personal Care
104595,2023-01-01,North,Social Media,43,Grocery
104596,2024-12-05,North,Direct,32,Home & Kitchen
104597,2023-10-01,North,Referral,36,Fashion
104598,2025-04-21,Central,Direct,18,Books
104599,2023-07-29,Central,Organic Search,31,Grocery
104600,2025-01-10,Central,Organic Search,48,Electronics
104601,2024-06-10,South,Organic Search,42,Fashion
104602,2025-05-12,South,Direct,44,Fashion
104603,2024-07-14,South,Referral,35,Electronics
104604,2024-07-07,Central,Organic Search,53,Beauty & Personal Care
104605,2024-08-26,South,Direct,38,Electronics
104606,2024-01-14,East,Direct,27,Toys & Games
104607,2023-02-24,West,Organic Search,44,Fashion
104608,2025-03-01,South,Referral,45,Electronics
104609,2024-08-18,East,Referral,41,Fashion
104610,2025-06-24,West,Organic Search,30,Home & Kitchen
104611,2024-04-29,West,Referral,38,Grocery
104612,2025-03-14,North,Organic Search,50,Beauty & Personal Care
104613,2024-06-25,East,Direct,40,Toys & Games
104614,2024-04-15,North,Email,18,Home & Kitchen
104615,2025-06-09,North,Direct,28,Electronics
104616,2024-02-17,West,Email,27,Grocery
104617,2023-03-26,East,Organic Search,26,Beauty & Personal Care
104618,2023-11-14,South,Paid Ads,18,Beauty & Personal Care
104619,2025-02-25,North,Referral,55,Home & Kitchen
104620,2024-07-16,Central,Paid Ads,25,Fashion
104621,2024-06-10,Central,Referral,26,Home & Kitchen
104622,2024-08-13,Central,Paid Ads,18,Fashion
104623,2025-04-27,North,Organic Search,44,Fashion
104624,2025-01-28,North,Social Media,34,Fashion
104625,2024-09-08,South,Referral,31,Beauty & Personal Care
104626,2024-04-20,North,Social Media,31,Sports & Outdoors
104627,2024-12-06,East,Referral,41,Toys & Games
104628,2025-07-03,West,Paid Ads,29,Electronics
104629,2024-11-22,North,Email,18,Grocery
104630,2023-01-01,South,Referral,20,Fashion
104631,2024-02-14,East,Social Media,20,Beauty & Personal Care
104632,2024-04-30,South,Paid Ads,38,Electronics
104633,2025-01-31,East,Social Media,45,Electronics
104634,2024-11-11,East,Organic Search,51,Grocery
104635,2025-07-08,Central,Referral,18,Beauty & Personal Care
104636,2025-02-12,South,Organic Search,41,Fashion
104637,2024-03-06,North,Direct,28,Toys & Games
104638,2024-04-28,Central,Email,67,Grocery
104639,2024-12-27,East,Social Media,50,Home & Kitchen
104640,2024-08-13,East,Email,53,Fashion
104641,2024-06-22,West,Referral,43,Fashion
104642,2024-12-16,Central,Organic Search,39,Books
104643,2024-01-21,North,Referral,30,Fashion
104644,2024-05-04,Central,Direct,28,Home & Kitchen
104645,2024-11-02,West,Organic Search,26,Toys & Games
104646,2025-04-18,East,Organic Search,41,Toys & Games
104647,2024-11-20,Central,Social Media,52,Home & Kitchen
104648,2024-12-05,South,Paid Ads,31,Grocery
104649,2024-12-28,West,Referral,27,Home & Kitchen
104650,2025-06-05,East,Social Media,18,Home & Kitchen
104651,2023-01-01,Central,Email,37,Fashion
104652,2023-01-01,East,Organic Search,48,Fashion
104653,2024-08-24,West,Paid Ads,49,Books
104654,2024-04-22,East,Direct,50,Sports & Outdoors
104655,2024-01-29,South,Paid Ads,39,Beauty & Personal Care
104656,2024-08-19,South,Social Media,35,Books
104657,2024-03-26,Central,Organic Search,49,Fashion
104658,2023-11-30,Central,Organic Search,22,Grocery
104659,2024-05-18,South,Paid Ads,30,Books
104660,2023-09-09,Central,Paid Ads,53,Grocery
104661,2025-01-04,East,Referral,23,Sports & Outdoors
104662,2024-07-16,North,Social Media,34,Home & Kitchen
104663,2023-01-01,West,Direct,41,Books
104664,2023-05-13,North,Direct,35,Electronics
104665,2024-05-10,Central,Organic Search,47,Home & Kitchen
104666,2025-03-01,East,Organic Search,51,Beauty & Personal Care
104667,2024-06-30,Central,Direct,40,Fashion
104668,2023-06-21,East,Paid Ads,50,Grocery
104669,2023-10-09,North,Paid Ads,24,Home & Kitchen
104670,2025-06-27,West,Organic Search,33,Grocery
104671,2025-06-01,West,Referral,61,Grocery
104672,2025-05-28,South,Paid Ads,56,Fashion
104673,2024-01-22,South,Organic Search,20,Electronics
104674,2025-05-26,Central,Social Media,34,Electronics
104675,2025-03-08,West,Email,36,Electronics
104676,2024-08-30,South,Organic Search,39,Fashion
104677,2023-03-20,West,Referral,49,Electronics
104678,2024-01-02,South,Paid Ads,55,Home & Kitchen
104679,2024-10-03,North,Paid Ads,35,Beauty & Personal Care
104680,2023-08-26,West,Paid Ads,47,Sports & Outdoors
104681,2023-01-01,Central,Organic Search,42,Grocery
104682,2024-06-27,Central,Paid Ads,34,Electronics
104683,2025-04-26,East,Direct,18,Toys & Games
104684,2025-03-02,North,Organic Search,46,Beauty & Personal Care
104685,2025-03-04,East,Direct,41,Books
104686,2025-01-23,West,Organic Search,39,Fashion
104687,2024-10-21,Central,Paid Ads,24,Home & Kitchen
104688,2024-04-09,North,Social Media,56,Fashion
104689,2025-05-15,West,Email,36,Home & Kitchen
104690,2025-04-23,East,Organic Search,22,Home & Kitchen
104691,2023-12-04,East,Organic Search,20,Fashion
104692,2024-12-04,North,Social Media,42,Fashion
104693,2025-02-14,North,Paid Ads,42,Sports & Outdoors
104694,2024-09-22,West,Referral,29,Fashion
104695,2023-01-01,North,Email,40,Sports & Outdoors
104696,2023-10-02,West,Organic Search,42,Home & Kitchen
104697,2023-11-04,North,Email,36,Toys & Games
104698,2023-01-01,Central,Organic Search,27,Home & Kitchen
104699,2024-03-22,South,Direct,45,Toys & Games
104700,2023-01-01,East,Direct,44,Electronics
104701,2023-01-01,South,Referral,41,Electronics
104702,2025-05-12,East,Direct,25,Fashion
104703,2025-06-11,East,Email,20,Grocery
104704,2025-03-15,West,Organic Search,35,Sports & Outdoors
104705,2023-02-07,West,Organic Search,45,Fashion
104706,2024-09-16,Central,Organic Search,46,Electronics
104707,2024-10-20,North,Paid Ads,41,Grocery
104708,2023-08-12,Central,Social Media,30,Grocery
104709,2024-12-16,West,Social Media,26,Fashion
104710,2024-05-10,South,Referral,34,Electronics
104711,2023-12-04,Central,Paid Ads,34,Toys & Games
104712,2025-02-28,West,Organic Search,47,Home & Kitchen
104713,2025-04-06,North,Organic Search,29,Fashion
104714,2024-06-29,North,Direct,30,Toys & Games
104715,2024-05-17,West,Paid Ads,57,Sports & Outdoors
104716,2023-09-21,West,Paid Ads,52,Fashion
104717,2025-03-19,North,Organic Search,25,Home & Kitchen
104718,2025-01-17,West,Direct,51,Home & Kitchen
104719,2023-01-01,East,Organic Search,22,Home & Kitchen
104720,2023-05-26,Central,Referral,30,Books
104721,2024-08-21,West,Organic Search,31,Electronics
104722,2023-02-23,Central,Organic Search,34,Home & Kitchen
104723,2025-03-18,North,Referral,41,Beauty & Personal Care
104724,2024-09-23,West,Referral,36,Beauty & Personal Care
104725,2024-05-20,South,Referral,41,Electronics
104726,2024-10-24,East,Organic Search,30,Grocery
104727,2024-10-15,Central,Direct,39,Beauty & Personal Care
104728,2023-10-16,Central,Social Media,35,Toys & Games
104729,2023-05-18,South,Direct,19,Home & Kitchen
104730,2024-11-19,South,Organic Search,40,Grocery
104731,2025-05-05,West,Paid Ads,36,Electronics
104732,2025-05-29,Central,Paid Ads,27,Toys & Games
104733,2025-07-15,West,Email,30,Sports & Outdoors
104734,2023-01-01,North,Referral,30,Home & Kitchen
104735,2023-10-14,North,Social Media,32,Electronics
104736,2024-01-26,West,Organic Search,54,Sports & Outdoors
104737,2024-12-20,West,Organic Search,57,Home & Kitchen
104738,2024-12-21,Central,Organic Search,18,Books
104739,2023-04-29,East,Email,40,Home & Kitchen
104740,2025-06-10,East,Paid Ads,45,Fashion
104741,2024-11-09,North,Organic Search,32,Electronics
104742,2023-02-02,West,Paid Ads,45,Toys & Games
104743,2024-11-09,Central,Organic Search,53,Fashion
104744,2023-11-08,North,Direct,19,Home & Kitchen
104745,2024-08-09,East,Paid Ads,36,Beauty & Personal Care
104746,2025-08-17,South,Direct,56,Sports & Outdoors
104747,2024-08-22,West,Referral,21,Fashion
104748,2024-06-22,West,Social Media,33,Sports & Outdoors
104749,2024-09-13,South,Paid Ads,30,Electronics
104750,2025-04-13,Central,Referral,46,Grocery
104751,2024-09-10,North,Referral,48,Grocery
104752,2025-07-11,West,Organic Search,36,Grocery
104753,2024-11-12,West,Direct,35,Electronics
104754,2023-10-01,North,Paid Ads,18,Home & Kitchen
104755,2023-01-01,West,Paid Ads,50,Grocery
104756,2023-01-01,South,Paid Ads,31,Sports & Outdoors
104757,2025-03-22,South,Referral,33,Grocery
104758,2025-05-24,North,Paid Ads,45,Sports & Outdoors
104759,2024-05-20,West,Paid Ads,37,Grocery
104760,2024-07-14,Central,Organic Search,46,Electronics
104761,2023-12-13,East,Paid Ads,41,Fashion
104762,2025-01-07,West,Organic Search,37,Sports & Outdoors
104763,2024-07-04,South,Direct,38,Grocery
104764,2024-07-21,East,Paid Ads,22,Fashion
104765,2024-11-04,West,Direct,33,Sports & Outdoors
104766,2025-06-17,East,Referral,46,Fashion
104767,2023-10-08,West,Email,25,Books
104768,2024-05-18,North,Direct,27,Beauty & Personal Care
104769,2023-09-03,East,Organic Search,25,Sports & Outdoors
104770,2023-04-30,Central,Social Media,36,Home & Kitchen
104771,2024-08-18,West,Organic Search,50,Fashion
104772,2023-10-05,South,Organic Search,41,Grocery
104773,2023-01-01,East,Paid Ads,18,Toys & Games
104774,2023-01-01,West,Referral,42,Beauty & Personal Care
104775,2024-04-04,Central,Email,30,Grocery
104776,2024-03-04,Central,Organic Search,40,Electronics
104777,2024-04-10,Central,Referral,33,Beauty & Personal Care
104778,2023-12-29,West,Organic Search,25,Home & Kitchen
104779,2023-05-25,South,Organic Search,34,Sports & Outdoors
104780,2024-04-18,South,Organic Search,30,Fashion
104781,2023-01-01,East,Social Media,38,Electronics
104782,2023-01-01,East,Social Media,25,Home & Kitchen
104783,2024-06-23,Central,Organic Search,22,Beauty & Personal Care
104784,2024-06-25,Central,Organic Search,43,Books
104785,2024-11-22,Central,Social Media,47,Grocery
104786,2023-12-05,West,Email,41,Toys & Games
104787,2024-10-12,North,Organic Search,27,Sports & Outdoors
104788,2024-12-03,North,Referral,26,Fashion
104789,2023-12-15,South,Referral,27,Toys & Games
104790,2025-03-31,West,Paid Ads,44,Books
104791,2023-05-15,South,Organic Search,25,Grocery
104792,2023-11-26,West,Direct,44,Home & Kitchen
104793,2023-01-01,Central,Paid Ads,42,Electronics
104794,2024-03-28,South,Paid Ads,48,Books
104795,2023-09-14,Central,Direct,46,Electronics
104796,2023-07-08,East,Email,40,Grocery
104797,2023-01-01,Central,Referral,18,Books
104798,2024-05-09,North,Email,41,Home & Kitchen
104799,2024-11-24,South,Organic Search,36,Electronics
104800,2024-03-19,Central,Email,30,Fashion
104801,2023-05-16,Central,Paid Ads,49,Fashion
104802,2023-02-26,East,Direct,33,Electronics
104803,2025-06-16,North,Paid Ads,29,Electronics
104804,2023-01-01,North,Organic Search,47,Beauty & Personal Care
104805,2024-12-02,East,Paid Ads,30,Electronics
104806,2023-09-05,Central,Email,28,Home & Kitchen
104807,2023-01-01,South,Social Media,22,Beauty & Personal Care
104808,2024-07-24,Central,Email,25,Fashion
104809,2023-02-01,East,Organic Search,26,Toys & Games
104810,2025-06-17,North,Organic Search,41,Home & Kitchen
104811,2023-01-08,East,Social Media,23,Sports & Outdoors
104812,2023-03-30,South,Paid Ads,18,Fashion
104813,2024-01-28,South,Referral,38,Electronics
104814,2023-05-14,West,Direct,28,Electronics
104815,2023-01-01,South,Referral,34,Fashion
104816,2023-01-01,Central,Paid Ads,49,Fashion
104817,2024-07-05,Central,Social Media,35,Fashion
104818,2024-03-22,West,Direct,51,Fashion
104819,2024-08-29,North,Referral,34,Electronics
104820,2024-10-05,Central,Email,46,Grocery
104821,2023-07-12,East,Paid Ads,28,Fashion
104822,2024-09-01,West,Referral,36,Sports & Outdoors
104823,2023-07-13,North,Organic Search,24,Grocery
104824,2024-07-24,West,Referral,26,Toys & Games
104825,2024-06-06,South,Direct,32,Beauty & Personal Care
104826,2025-02-01,West,Direct,20,Fashion
104827,2023-07-27,South,Organic Search,36,Grocery
104828,2025-06-22,Central,Email,31,Toys & Games
104829,2023-01-01,West,Organic Search,37,Sports & Outdoors
104830,2023-01-01,East,Paid Ads,20,Beauty & Personal Care
104831,2024-05-25,East,Referral,42,Fashion
104832,2024-06-10,North,Social Media,53,Beauty & Personal Care
104833,2025-05-22,South,Paid Ads,51,Fashion
104834,2024-11-17,West,Referral,55,Fashion
104835,2023-05-08,Central,Referral,35,Home & Kitchen
104836,2023-02-11,Central,Social Media,31,Home & Kitchen
104837,2024-04-09,North,Social Media,40,Beauty & Personal Care
104838,2023-06-12,South,Referral,32,Home & Kitchen
104839,2025-01-28,West,Paid Ads,18,Electronics
104840,2024-01-09,South,Organic Search,44,Home & Kitchen
104841,2023-01-01,South,Social Media,32,Fashion
104842,2023-10-14,South,Referral,18,Beauty & Personal Care
104843,2023-01-01,Central,Paid Ads,29,Home & Kitchen
104844,2023-01-01,Central,Organic Search,32,Home & Kitchen
104845,2023-12-11,North,Direct,35,Grocery
104846,2025-08-26,Central,Direct,35,Sports & Outdoors
104847,2023-02-25,East,Social Media,50,Sports & Outdoors
104848,2025-04-14,Central,Email,20,Books
104849,2025-08-14,West,Direct,33,Grocery
104850,2025-07-04,West,Social Media,25,Books
104851,2023-01-11,East,Organic Search,48,Electronics
104852,2023-12-08,West,Referral,28,Beauty & Personal Care
104853,2024-03-30,Central,Direct,31,Beauty & Personal Care
104854,2023-10-24,East,Referral,46,Grocery
104855,2025-06-29,North,Organic Search,49,Beauty & Personal Care
104856,2024-08-30,North,Direct,51,Fashion
104857,2024-12-25,East,Email,18,Home & Kitchen
104858,2024-04-29,East,Paid Ads,40,Home & Kitchen
104859,2024-04-16,Central,Direct,37,Beauty & Personal Care
104860,2023-11-14,North,Referral,34,Fashion
104861,2023-09-01,Central,Email,35,Fashion
104862,2025-06-25,North,Direct,49,Toys & Games
104863,2024-08-26,East,Organic Search,46,Home & Kitchen
104864,2024-06-17,East,Email,44,Grocery
104865,2025-04-18,East,Paid Ads,37,Toys & Games
104866,2025-05-02,North,Direct,59,Sports & Outdoors
104867,2025-05-20,West,Direct,30,Home & Kitchen
104868,2023-06-15,North,Email,18,Fashion
104869,2025-06-10,West,Email,32,Sports & Outdoors
104870,2025-05-24,East,Email,35,Beauty & Personal Care
104871,2024-05-14,Central,Paid Ads,49,Fashion
104872,2024-01-11,Central,Paid Ads,29,Sports & Outdoors
104873,2024-06-28,Central,Organic Search,40,Beauty & Personal Care
104874,2025-03-21,East,Email,18,Sports & Outdoors
104875,2025-04-30,East,Referral,46,Beauty & Personal Care
104876,2024-05-25,West,Social Media,35,Beauty & Personal Care
104877,2024-08-04,West,Organic Search,31,Home & Kitchen
104878,2024-10-20,West,Social Media,58,Fashion
104879,2023-07-10,East,Paid Ads,46,Sports & Outdoors
104880,2024-08-24,East,Direct,23,Home & Kitchen
104881,2025-05-11,North,Direct,33,Home & Kitchen
104882,2024-10-18,North,Social Media,65,Fashion
104883,2023-11-21,Central,Email,56,Sports & Outdoors
104884,2024-09-11,Central,Organic Search,45,Grocery
104885,2023-11-30,West,Organic Search,18,Electronics
104886,2023-08-27,South,Referral,49,Books
104887,2024-08-23,North,Referral,28,Fashion
104888,2024-06-30,North,Organic Search,49,Fashion
104889,2024-09-30,West,Organic Search,27,Fashion
104890,2023-11-19,West,Social Media,40,Fashion
104891,2024-10-08,South,Organic Search,27,Home & Kitchen
104892,2024-01-04,North,Paid Ads,31,Fashion
104893,2024-04-09,North,Social Media,41,Fashion
104894,2025-07-04,West,Direct,20,Beauty & Personal Care
104895,2023-12-10,West,Paid Ads,61,Sports & Outdoors
104896,2024-05-15,South,Organic Search,23,Home & Kitchen
104897,2023-01-01,West,Organic Search,23,Electronics
104898,2025-04-12,Central,Organic Search,41,Beauty & Personal Care
104899,2024-04-03,East,Email,49,Grocery
104900,2024-11-15,South,Paid Ads,31,Beauty & Personal Care
104901,2025-06-25,North,Organic Search,23,Grocery
104902,2025-07-18,West,Direct,24,Electronics
104903,2023-01-01,East,Email,23,Fashion
104904,2024-04-02,South,Organic Search,38,Books
104905,2024-09-02,North,Organic Search,34,Home & Kitchen
104906,2025-06-01,Central,Email,39,Fashion
104907,2023-01-01,Central,Referral,39,Grocery
104908,2025-01-16,East,Direct,44,Home & Kitchen
104909,2024-03-14,South,Organic Search,30,Grocery
104910,2024-05-29,West,Email,26,Toys & Games
104911,2023-01-01,Central,Organic Search,36,Electronics
104912,2024-07-08,East,Paid Ads,34,Toys & Games
104913,2024-12-01,North,Email,37,Sports & Outdoors
104914,2024-03-27,North,Referral,27,Sports & Outdoors
104915,2024-02-12,North,Organic Search,42,Fashion
104916,2023-01-01,East,Organic Search,22,Fashion
104917,2024-07-13,East,Email,30,Home & Kitchen
104918,2025-04-16,East,Organic Search,47,Electronics
104919,2024-10-20,West,Paid Ads,22,Sports & Outdoors
104920,2024-03-28,North,Organic Search,46,Grocery
104921,2024-01-14,Central,Organic Search,19,Toys & Games
104922,2025-06-10,South,Email,18,Fashion
104923,2024-11-20,East,Organic Search,18,Beauty & Personal Care
104924,2023-01-01,South,Social Media,36,Fashion
104925,2025-02-24,South,Referral,43,Fashion
104926,2023-06-27,Central,Organic Search,49,Fashion
104927,2024-10-11,North,Referral,48,Beauty & Personal Care
104928,2024-06-24,East,Paid Ads,44,Fashion
104929,2025-05-29,East,Email,25,Electronics
104930,2024-09-14,East,Email,25,Fashion
104931,2024-04-01,South,Email,43,Electronics
104932,2024-07-09,South,Paid Ads,50,Electronics
104933,2024-08-27,Central,Email,23,Home & Kitchen
104934,2023-11-17,South,Social Media,49,Books
104935,2025-04-30,East,Paid Ads,18,Grocery
104936,2024-03-14,South,Organic Search,39,Fashion
104937,2025-07-23,West,Organic Search,33,Electronics
104938,2023-01-18,Central,Organic Search,32,Sports & Outdoors
104939,2024-08-16,Central,Paid Ads,35,Beauty & Personal Care
104940,2023-08-04,North,Direct,25,Grocery
104941,2025-08-22,North,Direct,39,Home & Kitchen
104942,2023-10-18,South,Organic Search,35,Grocery
104943,2025-01-23,East,Direct,45,Electronics
104944,2024-06-22,North,Referral,52,Toys & Games
104945,2023-10-10,Central,Social Media,36,Home & Kitchen
104946,2024-07-23,Central,Direct,25,Grocery
104947,2023-12-07,East,Referral,22,Electronics
104948,2024-10-07,West,Social Media,53,Fashion
104949,2023-01-01,East,Organic Search,52,Beauty & Personal Care
104950,2024-08-17,West,Organic Search,44,Electronics
104951,2024-08-11,Central,Direct,35,Beauty & Personal Care
104952,2024-08-05,North,Organic Search,43,Fashion
104953,2024-07-01,South,Organic Search,49,Beauty & Personal Care
104954,2025-04-24,East,Organic Search,28,Sports & Outdoors
104955,2025-03-02,Central,Social Media,35,Beauty & Personal Care
104956,2023-05-15,East,Paid Ads,22,Sports & Outdoors
104957,2023-08-04,South,Direct,33,Fashion
104958,2023-09-07,North,Paid Ads,51,Sports & Outdoors
104959,2024-01-17,East,Direct,46,Beauty & Personal Care
104960,2024-11-25,South,Social Media,36,Beauty & Personal Care
104961,2024-12-19,South,Social Media,18,Beauty & Personal Care
104962,2024-07-15,Central,Organic Search,27,Beauty & Personal Care
104963,2023-02-12,East,Organic Search,36,Home & Kitchen
104964,2024-04-23,North,Direct,32,Fashion
104965,2025-03-10,North,Email,35,Beauty & Personal Care
104966,2025-05-20,South,Paid Ads,37,Fashion
104967,2023-07-18,North,Direct,29,Electronics
104968,2023-01-01,East,Email,34,Electronics
104969,2025-06-15,East,Organic Search,33,Grocery
104970,2023-06-30,Central,Social Media,27,Grocery
104971,2024-01-27,South,Email,55,Toys & Games
104972,2025-01-30,South,Email,29,Home & Kitchen
104973,2024-04-18,West,Organic Search,18,Fashion
104974,2025-04-06,West,Organic Search,54,Toys & Games
104975,2024-09-09,North,Paid Ads,25,Beauty & Personal Care
104976,2024-06-27,North,Organic Search,44,Grocery
104977,2023-01-01,North,Organic Search,27,Fashion
104978,2024-09-23,West,Social Media,41,Sports & Outdoors
104979,2025-01-08,South,Social Media,34,Sports & Outdoors
104980,2024-02-28,Central,Organic Search,46,Books
104981,2023-11-25,East,Social Media,32,Fashion
104982,2025-01-16,Central,Organic Search,27,Grocery
104983,2025-03-17,South,Paid Ads,37,Home & Kitchen
104984,2025-03-03,East,Email,30,Sports & Outdoors
104985,2023-01-01,North,Direct,18,Beauty & Personal Care
104986,2023-12-15,Central,Organic Search,28,Electronics
104987,2024-10-11,East,Direct,66,Home & Kitchen
104988,2023-03-24,North,Direct,18,Home & Kitchen
104989,2025-01-17,West,Social Media,37,Toys & Games
104990,2024-07-28,Central,Direct,32,Grocery
104991,2025-04-08,West,Organic Search,55,Fashion
104992,2023-04-19,Central,Organic Search,22,Beauty & Personal Care
104993,2025-02-02,South,Email,36,Home & Kitchen
104994,2025-01-29,East,Social Media,42,Books
104995,2024-02-19,Central,Paid Ads,33,Home & Kitchen
104996,2025-07-28,West,Organic Search,26,Home & Kitchen
104997,2025-05-08,West,Organic Search,34,Sports & Outdoors
104998,2023-09-23,West,Organic Search,31,Toys & Games
104999,2025-03-05,West,Organic Search,31,Electronics
105000,2023-01-01,North,Direct,45,Electronics
105001,2024-05-08,South,Paid Ads,39,Beauty & Personal Care
105002,2025-06-21,West,Email,41,Sports & Outdoors
105003,2023-01-01,South,Organic Search,38,Grocery
105004,2024-05-08,West,Paid Ads,45,Fashion
105005,2024-09-02,East,Direct,49,Home & Kitchen
105006,2024-05-10,West,Organic Search,31,Grocery
105007,2025-06-22,South,Paid Ads,44,Fashion
105008,2024-07-17,South,Email,20,Electronics
105009,2025-02-21,West,Organic Search,18,Grocery
105010,2024-08-06,North,Organic Search,55,Fashion
105011,2024-11-19,South,Direct,31,Toys & Games
105012,2024-05-28,Central,Paid Ads,37,Fashion
105013,2024-10-11,North,Referral,21,Beauty & Personal Care
105014,2024-12-04,East,Organic Search,21,Toys & Games
105015,2025-03-12,North,Organic Search,27,Fashion
105016,2025-06-18,West,Paid Ads,42,Home & Kitchen
105017,2025-07-06,North,Referral,29,Home & Kitchen
105018,2025-05-04,East,Paid Ads,31,Beauty & Personal Care
105019,2023-11-01,East,Direct,26,Home & Kitchen
105020,2025-03-22,West,Email,47,Beauty & Personal Care
105021,2025-01-11,North,Social Media,44,Beauty & Personal Care
105022,2025-01-09,East,Paid Ads,29,Fashion
105023,2024-11-15,East,Social Media,42,Beauty & Personal Care
105024,2024-01-21,South,Referral,32,Fashion
105025,2024-10-14,South,Organic Search,31,Fashion
105026,2023-08-01,West,Direct,34,Electronics
105027,2025-05-02,East,Social Media,42,Grocery
105028,2023-09-26,East,Direct,25,Home & Kitchen
105029,2023-01-01,Central,Direct,40,Fashion
105030,2024-07-21,East,Organic Search,62,Books
105031,2025-04-02,Central,Paid Ads,37,Home & Kitchen
105032,2024-01-12,Central,Social Media,35,Home & Kitchen
105033,2024-07-16,East,Social Media,34,Home & Kitchen
105034,2024-03-27,South,Email,40,Fashion
105035,2023-07-17,East,Organic Search,18,Toys & Games
105036,2024-11-03,North,Social Media,53,Electronics
105037,2024-12-12,West,Direct,45,Fashion
105038,2023-01-01,South,Direct,27,Books
105039,2024-01-07,Central,Organic Search,35,Home & Kitchen
105040,2023-04-11,West,Direct,28,Home & Kitchen
105041,2023-08-17,East,Organic Search,38,Beauty & Personal Care
105042,2023-04-03,North,Social Media,35,Sports & Outdoors
105043,2024-03-14,North,Organic Search,37,Electronics
105044,2023-06-15,West,Social Media,23,Electronics
105045,2025-01-09,West,Organic Search,29,Fashion
105046,2025-06-20,South,Organic Search,47,Home & Kitchen
105047,2025-03-01,North,Paid Ads,29,Grocery
105048,2024-08-31,South,Direct,18,Electronics
105049,2024-10-08,West,Social Media,33,Books
105050,2024-07-14,East,Referral,61,Fashion
105051,2025-01-21,North,Referral,44,Home & Kitchen
105052,2025-07-21,North,Paid Ads,28,Beauty & Personal Care
105053,2024-11-10,North,Organic Search,34,Fashion
105054,2025-05-18,West,Organic Search,42,Fashion
105055,2024-07-28,West,Paid Ads,18,Sports & Outdoors
105056,2024-02-24,East,Direct,25,Grocery
105057,2024-11-15,West,Organic Search,39,Fashion
105058,2025-04-11,North,Referral,52,Beauty & Personal Care
105059,2024-06-27,East,Email,30,Beauty & Personal Care
105060,2023-01-01,South,Direct,52,Beauty & Personal Care
105061,2024-01-07,Central,Paid Ads,26,Grocery
105062,2023-12-05,East,Direct,18,Beauty & Personal Care
105063,2024-12-10,Central,Social Media,43,Grocery
105064,2025-02-16,East,Social Media,40,Home & Kitchen
105065,2023-04-02,East,Email,43,Electronics
105066,2025-08-08,Central,Organic Search,42,Electronics
105067,2025-01-27,Central,Email,37,Books
105068,2023-01-01,East,Referral,32,Home & Kitchen
105069,2024-08-16,South,Email,32,Home & Kitchen
105070,2025-06-09,West,Direct,29,Sports & Outdoors
105071,2024-02-12,North,Social Media,30,Beauty & Personal Care
105072,2024-11-13,South,Organic Search,18,Sports & Outdoors
105073,2025-06-30,Central,Paid Ads,21,Electronics
105074,2024-04-29,Central,Direct,33,Toys & Games
105075,2024-06-22,East,Social Media,18,Home & Kitchen
105076,2024-07-11,South,Direct,18,Sports & Outdoors
105077,2024-01-13,Central,Paid Ads,31,Home & Kitchen
105078,2025-04-20,South,Social Media,33,Fashion
105079,2024-03-22,North,Direct,31,Beauty & Personal Care
105080,2024-05-28,North,Email,18,Electronics
105081,2023-04-15,North,Paid Ads,52,Electronics
105082,2025-01-30,Central,Organic Search,19,Fashion
105083,2023-01-01,North,Direct,26,Home & Kitchen
105084,2023-08-26,South,Email,21,Fashion
105085,2024-08-28,West,Paid Ads,49,Toys & Games
105086,2024-07-11,West,Social Media,39,Electronics
105087,2025-08-05,Central,Organic Search,29,Grocery
105088,2024-07-20,Central,Paid Ads,29,Home & Kitchen
105089,2023-10-01,East,Organic Search,36,Sports & Outdoors
105090,2024-10-11,South,Organic Search,21,Grocery
105091,2023-04-16,North,Email,39,Beauty & Personal Care
105092,2024-02-04,Central,Paid Ads,28,Home & Kitchen
105093,2023-01-01,South,Email,40,Books
105094,2025-01-16,Central,Paid Ads,40,Toys & Games
105095,2023-11-18,South,Organic Search,28,Electronics
105096,2025-05-15,West,Paid Ads,18,Beauty & Personal Care
105097,2024-09-16,West,Organic Search,32,Home & Kitchen
105098,2024-01-10,West,Referral,19,Grocery
105099,2023-10-19,West,Direct,35,Electronics
105100,2024-11-01,South,Email,32,Books
105101,2023-02-09,North,Email,28,Fashion
105102,2023-01-01,North,Direct,20,Sports & Outdoors
105103,2025-01-14,East,Email,48,Electronics
105104,2024-09-07,Central,Social Media,30,Grocery
105105,2024-10-07,West,Referral,60,Electronics
105106,2024-12-10,West,Paid Ads,35,Grocery
105107,2023-01-01,South,Organic Search,38,Home & Kitchen
105108,2023-01-01,East,Referral,35,Toys & Games
105109,2024-09-28,East,Referral,38,Electronics
105110,2023-11-20,North,Organic Search,47,Toys & Games
105111,2023-04-23,West,Direct,47,Beauty & Personal Care
105112,2024-04-24,South,Organic Search,18,Electronics
105113,2024-10-19,East,Referral,44,Toys & Games
105114,2025-01-28,East,Direct,40,Fashion
105115,2023-10-06,North,Paid Ads,35,Fashion
105116,2025-05-05,Central,Direct,53,Electronics
105117,2024-10-12,South,Email,54,Beauty & Personal Care
105118,2024-11-25,West,Referral,44,Books
105119,2025-05-12,West,Direct,29,Fashion
105120,2024-08-15,North,Referral,21,Books
105121,2024-09-14,South,Social Media,43,Grocery
105122,2025-03-09,East,Referral,49,Home & Kitchen
105123,2023-01-01,Central,Paid Ads,18,Toys & Games
105124,2023-10-02,West,Paid Ads,46,Electronics
105125,2024-07-06,East,Organic Search,32,Sports & Outdoors
105126,2023-07-17,Central,Paid Ads,18,Sports & Outdoors
105127,2023-03-07,East,Email,40,Beauty & Personal Care
105128,2023-01-01,Central,Direct,45,Electronics
105129,2025-01-17,West,Direct,31,Beauty & Personal Care
105130,2023-07-17,North,Organic Search,23,Fashion
105131,2024-09-12,South,Social Media,53,Electronics
105132,2024-05-07,North,Social Media,27,Beauty & Personal Care
105133,2025-01-07,South,Organic Search,47,Beauty & Personal Care
105134,2024-07-21,North,Social Media,18,Sports & Outdoors
105135,2023-07-09,North,Paid Ads,39,Fashion
105136,2023-01-01,North,Direct,39,Toys & Games
105137,2024-08-21,West,Organic Search,44,Beauty & Personal Care
105138,2025-03-03,East,Email,51,Books
105139,2023-01-01,East,Direct,26,Fashion
105140,2025-01-25,West,Referral,40,Sports & Outdoors
105141,2025-06-18,Central,Organic Search,19,Books
105142,2024-12-21,East,Organic Search,19,Fashion
105143,2023-04-07,East,Direct,28,Beauty & Personal Care
105144,2025-02-07,West,Organic Search,39,Home & Kitchen
105145,2025-04-14,East,Organic Search,53,Toys & Games
105146,2024-06-09,East,Direct,55,Toys & Games
105147,2023-01-01,South,Email,31,Beauty & Personal Care
105148,2024-01-27,North,Referral,38,Home & Kitchen
105149,2025-05-07,North,Organic Search,45,Home & Kitchen
105150,2023-01-01,West,Social Media,43,Fashion
105151,2024-03-17,Central,Email,33,Sports & Outdoors
105152,2023-06-07,East,Paid Ads,35,Beauty & Personal Care
105153,2025-06-01,North,Organic Search,33,Beauty & Personal Care
105154,2023-01-01,West,Organic Search,32,Electronics
105155,2024-11-06,Central,Social Media,31,Electronics
105156,2025-06-09,East,Paid Ads,33,Fashion
105157,2024-04-28,North,Direct,30,Home & Kitchen
105158,2023-06-07,North,Paid Ads,22,Home & Kitchen
105159,2023-11-22,East,Organic Search,44,Grocery
105160,2023-12-01,Central,Direct,40,Sports & Outdoors
105161,2024-01-03,North,Direct,55,Books
105162,2024-06-01,West,Referral,39,Electronics
105163,2025-06-01,West,Direct,30,Beauty & Personal Care
105164,2024-09-17,North,Organic Search,28,Toys & Games
105165,2024-10-25,South,Paid Ads,35,Home & Kitchen
105166,2023-01-01,North,Organic Search,41,Beauty & Personal Care
105167,2023-04-06,East,Paid Ads,32,Electronics
105168,2024-11-27,North,Email,18,Fashion
105169,2023-09-04,Central,Email,26,Beauty & Personal Care
105170,2024-08-06,North,Organic Search,35,Grocery
105171,2025-06-18,West,Paid Ads,43,Sports & Outdoors
105172,2025-08-05,West,Direct,18,Grocery
105173,2023-11-04,North,Social Media,37,Sports & Outdoors
105174,2025-03-27,South,Paid Ads,37,Beauty & Personal Care
105175,2025-03-28,West,Paid Ads,30,Beauty & Personal Care
105176,2025-01-20,North,Paid Ads,28,Fashion
105177,2023-10-25,East,Paid Ads,26,Sports & Outdoors
105178,2023-03-28,South,Paid Ads,36,Home & Kitchen
105179,2023-04-10,North,Social Media,47,Beauty & Personal Care
105180,2025-06-28,East,Paid Ads,48,Toys & Games
105181,2025-01-28,East,Social Media,22,Fashion
105182,2025-02-28,South,Organic Search,32,Home & Kitchen
105183,2023-10-25,Central,Organic Search,18,Electronics
105184,2025-01-25,North,Paid Ads,36,Fashion
105185,2024-08-28,East,Direct,41,Grocery
105186,2023-09-10,North,Email,52,Fashion
105187,2024-06-30,West,Organic Search,18,Grocery
105188,2024-03-19,East,Social Media,23,Beauty & Personal Care
105189,2024-09-08,West,Social Media,36,Beauty & Personal Care
105190,2023-05-31,North,Social Media,18,Toys & Games
105191,2023-04-02,East,Referral,36,Home & Kitchen
105192,2024-01-03,North,Direct,41,Fashion
105193,2023-03-31,South,Organic Search,20,Books
105194,2023-01-01,Central,Social Media,36,Beauty & Personal Care
105195,2023-09-19,West,Social Media,21,Home & Kitchen
105196,2024-07-27,North,Social Media,50,Grocery
105197,2024-03-10,South,Organic Search,37,Sports & Outdoors
105198,2023-01-27,Central,Referral,27,Home & Kitchen
105199,2024-11-09,North,Organic Search,21,Fashion
105200,2024-11-29,West,Referral,39,Electronics
105201,2024-03-17,South,Referral,49,Fashion
105202,2024-08-01,East,Paid Ads,26,Toys & Games
105203,2025-03-02,Central,Direct,30,Electronics
105204,2024-05-16,West,Email,26,Toys & Games
105205,2023-01-01,South,Social Media,52,Books
105206,2024-01-18,North,Direct,18,Home & Kitchen
105207,2025-04-04,South,Email,49,Grocery
105208,2023-11-09,East,Organic Search,30,Fashion
105209,2024-10-02,North,Social Media,34,Electronics
105210,2023-01-01,Central,Social Media,31,Fashion
105211,2023-12-16,North,Referral,37,Sports & Outdoors
105212,2024-12-23,East,Direct,26,Beauty & Personal Care
105213,2023-10-03,Central,Social Media,46,Home & Kitchen
105214,2024-04-20,South,Organic Search,47,Sports & Outdoors
105215,2023-01-01,East,Paid Ads,24,Home & Kitchen
105216,2024-11-30,North,Email,42,Home & Kitchen
105217,2023-12-17,West,Paid Ads,31,Grocery
105218,2025-06-01,Central,Organic Search,35,Beauty & Personal Care
105219,2024-05-31,West,Paid Ads,51,Books
105220,2025-04-08,North,Referral,27,Books
105221,2024-05-02,South,Organic Search,45,Fashion
105222,2024-02-09,West,Paid Ads,40,Toys & Games
105223,2024-01-03,West,Organic Search,32,Electronics
105224,2024-11-30,East,Paid Ads,39,Fashion
105225,2024-05-21,Central,Organic Search,37,Fashion
105226,2023-02-15,South,Organic Search,22,Toys & Games
105227,2023-01-01,West,Referral,28,Beauty & Personal Care
105228,2024-05-08,East,Organic Search,23,Home & Kitchen
105229,2023-01-28,West,Organic Search,31,Fashion
105230,2025-02-15,East,Social Media,49,Electronics
105231,2024-10-24,East,Organic Search,41,Electronics
105232,2024-03-29,Central,Organic Search,19,Electronics
105233,2024-07-30,Central,Paid Ads,31,Home & Kitchen
105234,2024-08-31,Central,Paid Ads,37,Fashion
105235,2023-04-05,North,Social Media,43,Toys & Games
105236,2025-03-15,East,Direct,27,Fashion
105237,2025-02-27,West,Paid Ads,21,Grocery
105238,2025-04-30,Central,Social Media,34,Grocery
105239,2024-03-17,South,Direct,41,Fashion
105240,2024-10-03,West,Social Media,37,Fashion
105241,2023-06-03,East,Email,25,Sports & Outdoors
105242,2024-04-19,South,Social Media,54,Toys & Games
105243,2024-12-06,Central,Referral,33,Beauty & Personal Care
105244,2025-01-09,East,Direct,37,Home & Kitchen
105245,2024-08-18,West,Organic Search,27,Electronics
105246,2025-04-06,South,Direct,47,Sports & Outdoors
105247,2023-03-22,North,Social Media,41,Fashion
105248,2024-10-16,East,Social Media,38,Fashion
105249,2025-05-21,West,Paid Ads,22,Fashion
105250,2023-01-01,South,Organic Search,47,Books
105251,2024-08-14,Central,Organic Search,43,Home & Kitchen
105252,2023-11-11,West,Direct,46,Sports & Outdoors
105253,2024-12-02,West,Social Media,35,Electronics
105254,2023-01-01,Central,Direct,34,Books
105255,2025-02-05,Central,Paid Ads,32,Grocery
105256,2024-10-03,West,Organic Search,60,Grocery
105257,2025-06-23,Central,Paid Ads,29,Fashion
105258,2023-01-01,West,Organic Search,21,Beauty & Personal Care
105259,2024-12-31,Central,Social Media,30,Toys & Games
105260,2024-03-08,North,Direct,29,Sports & Outdoors
105261,2024-01-10,South,Direct,48,Grocery
105262,2023-03-03,Central,Social Media,20,Toys & Games
105263,2024-04-06,East,Paid Ads,28,Electronics
105264,2024-07-26,North,Social Media,37,Fashion
105265,2023-05-06,Central,Social Media,48,Sports & Outdoors
105266,2024-01-17,West,Referral,42,Sports & Outdoors
105267,2024-09-12,Central,Social Media,52,Electronics
105268,2023-01-01,North,Organic Search,38,Grocery
105269,2023-12-14,North,Organic Search,32,Fashion
105270,2025-04-18,East,Direct,44,Toys & Games
105271,2023-01-01,North,Referral,19,Electronics
105272,2024-12-08,East,Direct,18,Beauty & Personal Care
105273,2023-03-06,South,Paid Ads,45,Toys & Games
105274,2025-05-19,South,Social Media,37,Beauty & Personal Care
105275,2023-05-09,West,Paid Ads,45,Electronics
105276,2025-04-10,North,Direct,25,Electronics
105277,2024-04-17,Central,Paid Ads,49,Beauty & Personal Care
105278,2023-12-27,North,Referral,42,Sports & Outdoors
105279,2024-09-05,East,Organic Search,34,Sports & Outdoors
105280,2024-06-19,Central,Organic Search,37,Beauty & Personal Care
105281,2025-03-09,North,Organic Search,38,Fashion
105282,2023-07-09,Central,Social Media,25,Electronics
105283,2024-03-27,South,Email,30,Books
105284,2025-02-06,West,Direct,38,Beauty & Personal Care
105285,2024-03-12,Central,Social Media,30,Fashion
105286,2024-02-29,South,Social Media,18,Toys & Games
105287,2024-06-02,South,Email,38,Beauty & Personal Care
105288,2025-08-04,Central,Organic Search,44,Sports & Outdoors
105289,2024-10-16,North,Email,46,Beauty & Personal Care
105290,2023-07-17,North,Email,40,Electronics
105291,2023-12-02,South,Social Media,44,Toys & Games
105292,2023-12-16,West,Organic Search,45,Beauty & Personal Care
105293,2024-03-30,Central,Organic Search,35,Books
105294,2023-05-15,East,Paid Ads,18,Beauty & Personal Care
105295,2024-12-10,East,Direct,47,Sports & Outdoors
105296,2025-01-25,Central,Referral,25,Toys & Games
105297,2023-01-01,North,Social Media,22,Fashion
105298,2025-01-02,Central,Social Media,22,Grocery
105299,2025-04-23,South,Email,62,Electronics
105300,2024-09-11,South,Paid Ads,39,Home & Kitchen
105301,2024-05-20,Central,Organic Search,23,Grocery
105302,2023-05-11,West,Referral,27,Beauty & Personal Care
105303,2024-10-16,East,Paid Ads,34,Electronics
105304,2024-10-18,South,Paid Ads,40,Home & Kitchen
105305,2024-06-22,East,Paid Ads,38,Sports & Outdoors
105306,2024-11-28,West,Organic Search,24,Fashion
105307,2025-05-18,North,Direct,38,Fashion
105308,2025-04-12,North,Email,28,Sports & Outdoors
105309,2023-01-01,South,Direct,46,Fashion
105310,2023-09-10,East,Direct,35,Fashion
105311,2024-07-03,Central,Paid Ads,26,Books
105312,2023-12-03,South,Paid Ads,42,Books
105313,2023-08-25,West,Referral,39,Electronics
105314,2024-12-22,Central,Organic Search,29,Beauty & Personal Care
105315,2025-03-11,East,Direct,43,Electronics
105316,2023-02-10,Central,Organic Search,41,Grocery
105317,2025-07-23,Central,Social Media,48,Sports & Outdoors
105318,2023-11-26,West,Referral,42,Sports & Outdoors
105319,2024-04-22,South,Direct,32,Sports & Outdoors
105320,2023-04-14,South,Referral,18,Fashion
105321,2023-11-09,Central,Social Media,37,Electronics
105322,2023-12-06,East,Paid Ads,38,Home & Kitchen
105323,2025-02-22,North,Social Media,35,Books
105324,2023-08-05,West,Referral,18,Toys & Games
105325,2024-01-21,South,Social Media,42,Fashion
105326,2025-01-29,Central,Email,24,Grocery
105327,2024-04-18,Central,Organic Search,42,Electronics
105328,2025-03-30,North,Paid Ads,53,Fashion
105329,2024-08-17,Central,Direct,32,Home & Kitchen
105330,2023-01-01,Central,Paid Ads,39,Fashion
105331,2025-03-04,West,Social Media,35,Grocery
105332,2025-05-19,South,Social Media,40,Home & Kitchen
105333,2025-04-11,West,Direct,36,Sports & Outdoors
105334,2024-08-22,Central,Organic Search,29,Grocery
105335,2023-10-05,Central,Paid Ads,25,Beauty & Personal Care
105336,2024-06-12,East,Direct,52,Home & Kitchen
105337,2025-05-03,West,Referral,39,Electronics
105338,2023-10-12,South,Social Media,44,Sports & Outdoors
105339,2025-07-03,South,Paid Ads,39,Toys & Games
105340,2025-04-19,West,Paid Ads,45,Fashion
105341,2024-12-08,East,Direct,25,Toys & Games
105342,2023-03-04,South,Referral,35,Toys & Games
105343,2024-05-29,West,Direct,40,Books
105344,2024-05-15,South,Direct,49,Books
105345,2025-05-01,East,Social Media,64,Grocery
105346,2024-11-15,South,Social Media,39,Toys & Games
105347,2023-06-02,Central,Referral,27,Beauty & Personal Care
105348,2024-02-17,Central,Email,21,Electronics
105349,2023-09-24,East,Referral,25,Sports & Outdoors
105350,2024-07-05,West,Organic Search,26,Fashion
105351,2023-05-27,North,Direct,18,Beauty & Personal Care
105352,2025-05-02,Central,Referral,27,Beauty & Personal Care
105353,2024-08-29,South,Direct,42,Home & Kitchen
105354,2023-12-17,Central,Paid Ads,35,Electronics
105355,2025-06-08,Central,Paid Ads,32,Beauty & Personal Care
105356,2025-08-14,North,Referral,18,Home & Kitchen
105357,2023-01-01,North,Email,46,Toys & Games
105358,2024-05-24,West,Organic Search,40,Electronics
105359,2025-06-18,Central,Paid Ads,34,Grocery
105360,2024-06-02,West,Email,18,Home & Kitchen
105361,2025-04-17,North,Direct,29,Fashion
105362,2025-02-22,West,Organic Search,39,Fashion
105363,2023-02-11,South,Organic Search,34,Electronics
105364,2024-12-02,Central,Paid Ads,37,Beauty & Personal Care
105365,2024-12-04,Central,Organic Search,42,Toys & Games
105366,2025-04-21,West,Organic Search,36,Sports & Outdoors
105367,2024-10-12,East,Social Media,42,Fashion
105368,2024-05-01,South,Referral,25,Fashion
105369,2024-12-02,Central,Paid Ads,21,Fashion
105370,2023-01-01,North,Paid Ads,40,Electronics
105371,2025-03-17,North,Direct,42,Electronics
105372,2025-03-18,North,Paid Ads,40,Sports & Outdoors
105373,2024-10-23,East,Email,36,Beauty & Personal Care
105374,2023-01-01,North,Paid Ads,31,Fashion
105375,2023-09-15,East,Email,37,Fashion
105376,2024-12-10,North,Email,39,Sports & Outdoors
105377,2024-12-10,Central,Organic Search,39,Electronics
105378,2025-03-23,East,Referral,63,Fashion
105379,2024-10-30,North,Referral,24,Fashion
105380,2024-09-06,West,Paid Ads,70,Grocery
105381,2023-10-09,South,Email,21,Grocery
105382,2024-01-18,South,Paid Ads,39,Electronics
105383,2024-11-08,West,Social Media,21,Beauty & Personal Care
105384,2023-01-01,Central,Direct,38,Grocery
105385,2025-01-10,Central,Organic Search,45,Beauty & Personal Care
105386,2025-05-22,East,Organic Search,35,Home & Kitchen
105387,2024-04-13,Central,Organic Search,45,Grocery
105388,2023-03-30,South,Direct,30,Sports & Outdoors
105389,2024-07-18,Central,Organic Search,18,Beauty & Personal Care
105390,2025-04-26,Central,Organic Search,41,Fashion
105391,2024-05-14,East,Referral,35,Fashion
105392,2024-03-29,East,Email,29,Fashion
105393,2024-02-16,East,Social Media,30,Beauty & Personal Care
105394,2024-05-07,North,Direct,39,Beauty & Personal Care
105395,2023-01-07,Central,Organic Search,26,Books
105396,2025-03-27,West,Social Media,39,Fashion
105397,2025-08-24,Central,Social Media,48,Beauty & Personal Care
105398,2025-07-03,North,Paid Ads,57,Beauty & Personal Care
105399,2025-04-28,Central,Direct,50,Grocery
105400,2023-07-13,South,Social Media,36,Fashion
105401,2024-10-12,Central,Organic Search,37,Fashion
105402,2023-01-01,Central,Organic Search,30,Toys & Games
105403,2025-04-07,Central,Organic Search,29,Electronics
105404,2023-01-01,Central,Direct,44,Home & Kitchen
105405,2025-02-20,North,Organic Search,31,Toys & Games
105406,2024-09-06,South,Direct,39,Beauty & Personal Care
105407,2025-06-17,South,Organic Search,24,Beauty & Personal Care
105408,2023-01-01,East,Direct,50,Fashion
105409,2024-07-28,Central,Email,31,Sports & Outdoors
105410,2023-01-01,West,Organic Search,46,Toys & Games
105411,2023-03-01,East,Organic Search,27,Home & Kitchen
105412,2024-09-14,Central,Email,26,Grocery
105413,2025-01-22,North,Organic Search,49,Electronics
105414,2023-06-19,West,Organic Search,28,Grocery
105415,2024-06-24,East,Email,18,Toys & Games
105416,2025-02-01,South,Direct,23,Grocery
105417,2024-05-30,West,Email,44,Electronics
105418,2025-07-14,Central,Direct,43,Books
105419,2024-02-08,Central,Social Media,26,Electronics
105420,2023-11-17,Central,Email,28,Electronics
105421,2025-04-12,Central,Paid Ads,42,Electronics
105422,2023-01-01,East,Email,49,Electronics
105423,2023-05-10,North,Referral,34,Beauty & Personal Care
105424,2024-03-17,Central,Social Media,41,Sports & Outdoors
105425,2025-03-05,East,Direct,44,Fashion
105426,2023-10-20,West,Paid Ads,58,Electronics
105427,2024-10-26,North,Social Media,22,Home & Kitchen
105428,2024-04-27,Central,Social Media,27,Home & Kitchen
105429,2023-09-02,Central,Organic Search,29,Home & Kitchen
105430,2025-05-20,Central,Paid Ads,44,Beauty & Personal Care
105431,2025-06-21,North,Direct,32,Toys & Games
105432,2024-11-21,Central,Paid Ads,38,Fashion
105433,2023-01-01,West,Referral,36,Beauty & Personal Care
105434,2023-01-01,North,Social Media,35,Grocery
105435,2024-02-18,East,Direct,36,Home & Kitchen
105436,2023-04-23,East,Email,46,Electronics
105437,2024-07-14,West,Organic Search,24,Fashion
105438,2024-05-30,North,Paid Ads,33,Books
105439,2024-09-07,East,Referral,21,Fashion
105440,2023-02-08,West,Organic Search,37,Books
105441,2023-01-01,West,Social Media,32,Electronics
105442,2024-06-07,West,Paid Ads,46,Books
105443,2024-05-31,West,Organic Search,34,Beauty & Personal Care
105444,2024-08-22,West,Direct,30,Books
105445,2023-01-01,North,Direct,32,Electronics
105446,2023-07-07,West,Referral,53,Toys & Games
105447,2025-03-09,South,Organic Search,18,Beauty & Personal Care
105448,2023-01-01,East,Direct,28,Books
105449,2025-08-05,East,Referral,35,Grocery
105450,2023-01-01,Central,Direct,27,Electronics
105451,2023-04-01,South,Organic Search,40,Electronics
105452,2024-06-06,South,Organic Search,34,Electronics
105453,2024-06-15,West,Referral,37,Electronics
105454,2024-08-07,West,Direct,36,Electronics
105455,2025-03-01,South,Organic Search,33,Toys & Games
105456,2023-01-01,South,Paid Ads,20,Fashion
105457,2024-06-25,Central,Social Media,36,Electronics
105458,2025-03-04,Central,Direct,18,Sports & Outdoors
105459,2023-01-01,North,Email,27,Home & Kitchen
105460,2024-01-01,South,Direct,40,Fashion
105461,2023-12-05,West,Referral,48,Toys & Games
105462,2023-01-01,North,Direct,60,Grocery
105463,2023-10-01,North,Social Media,30,Beauty & Personal Care
105464,2024-12-21,North,Organic Search,25,Home & Kitchen
105465,2023-10-01,East,Referral,40,Electronics
105466,2025-02-13,East,Social Media,55,Home & Kitchen
105467,2024-11-07,South,Social Media,51,Home & Kitchen
105468,2024-03-02,North,Organic Search,23,Beauty & Personal Care
105469,2023-05-02,West,Email,33,Home & Kitchen
105470,2024-12-08,Central,Email,44,Beauty & Personal Care
105471,2024-08-16,South,Paid Ads,45,Beauty & Personal Care
105472,2024-08-19,West,Direct,41,Electronics
105473,2023-01-17,West,Paid Ads,30,Fashion
105474,2024-06-15,East,Organic Search,41,Home & Kitchen
105475,2023-01-01,East,Organic Search,45,Grocery
105476,2024-11-07,North,Social Media,24,Toys & Games
105477,2024-11-27,Central,Organic Search,49,Beauty & Personal Care
105478,2023-01-01,Central,Referral,45,Beauty & Personal Care
105479,2023-11-11,West,Email,26,Beauty & Personal Care
105480,2023-01-01,Central,Social Media,45,Fashion
105481,2025-04-18,West,Direct,43,Home & Kitchen
105482,2024-06-23,West,Direct,44,Beauty & Personal Care
105483,2024-03-03,Central,Paid Ads,52,Grocery
105484,2024-03-31,North,Organic Search,34,Fashion
105485,2024-08-11,South,Organic Search,38,Fashion
105486,2024-04-08,South,Referral,18,Electronics
105487,2024-03-18,West,Paid Ads,47,Fashion
105488,2024-12-04,South,Referral,46,Beauty & Personal Care
105489,2023-02-13,South,Referral,49,Toys & Games
105490,2023-01-01,East,Social Media,24,Fashion
105491,2023-08-19,West,Organic Search,45,Electronics
105492,2024-01-15,East,Paid Ads,46,Fashion
105493,2024-07-15,North,Paid Ads,27,Beauty & Personal Care
105494,2024-03-06,West,Email,46,Toys & Games
105495,2024-01-24,East,Referral,40,Books
105496,2025-02-28,North,Referral,18,Sports & Outdoors
105497,2023-03-16,West,Referral,41,Beauty & Personal Care
105498,2024-10-21,South,Social Media,26,Toys & Games
105499,2023-01-01,East,Organic Search,18,Beauty & Personal Care
105500,2024-04-21,Central,Organic Search,39,Books
105501,2023-03-05,South,Organic Search,34,Toys & Games
105502,2023-08-27,Central,Organic Search,50,Beauty & Personal Care
105503,2025-04-16,East,Paid Ads,36,Fashion
105504,2023-01-01,Central,Email,43,Toys & Games
105505,2025-01-11,Central,Organic Search,40,Beauty & Personal Care
105506,2024-11-07,Central,Organic Search,46,Sports & Outdoors
105507,2024-10-16,South,Organic Search,25,Home & Kitchen
105508,2025-06-02,West,Organic Search,37,Toys & Games
105509,2024-04-03,South,Organic Search,33,Sports & Outdoors
105510,2023-01-25,Central,Organic Search,42,Books
105511,2023-01-01,Central,Organic Search,37,Sports & Outdoors
105512,2024-08-11,West,Direct,28,Grocery
105513,2024-06-18,Central,Paid Ads,31,Grocery
105514,2023-07-22,East,Organic Search,53,Beauty & Personal Care
105515,2024-08-03,North,Social Media,18,Books
105516,2023-01-01,Central,Organic Search,42,Toys & Games
105517,2024-07-05,East,Social Media,48,Beauty & Personal Care
105518,2025-02-08,North,Paid Ads,41,Electronics
105519,2024-03-24,North,Direct,56,Electronics
105520,2025-05-13,West,Direct,45,Sports & Outdoors
105521,2024-03-29,Central,Referral,39,Electronics
105522,2024-01-14,West,Organic Search,29,Books
105523,2025-01-10,East,Paid Ads,39,Grocery
105524,2024-01-31,South,Paid Ads,42,Beauty & Personal Care
105525,2024-09-09,East,Email,35,Fashion
105526,2025-01-19,South,Organic Search,26,Toys & Games
105527,2025-05-28,South,Referral,21,Beauty & Personal Care
105528,2025-04-29,North,Paid Ads,37,Fashion
105529,2023-01-01,East,Social Media,18,Home & Kitchen
105530,2024-09-20,South,Paid Ads,29,Sports & Outdoors
105531,2024-01-24,North,Paid Ads,18,Beauty & Personal Care
105532,2024-08-14,South,Referral,44,Beauty & Personal Care
105533,2023-01-01,West,Social Media,47,Electronics
105534,2025-01-18,East,Organic Search,35,Home & Kitchen
105535,2024-05-20,East,Organic Search,55,Books
105536,2024-11-09,East,Direct,49,Fashion
105537,2023-03-12,East,Social Media,40,Toys & Games
105538,2024-01-29,East,Social Media,33,Electronics
105539,2024-06-02,Central,Social Media,31,Fashion
105540,2025-04-12,West,Social Media,41,Electronics
105541,2023-01-01,North,Social Media,33,Fashion
105542,2024-08-05,Central,Organic Search,41,Fashion
105543,2025-02-19,North,Social Media,41,Home & Kitchen
105544,2025-05-28,North,Social Media,32,Grocery
105545,2025-05-03,East,Organic Search,47,Fashion
105546,2024-06-05,South,Referral,32,Fashion
105547,2023-03-03,West,Organic Search,35,Fashion
105548,2024-02-26,West,Organic Search,24,Electronics
105549,2025-05-22,North,Email,32,Electronics
105550,2024-06-06,East,Direct,58,Fashion
105551,2023-01-01,West,Organic Search,25,Fashion
105552,2024-09-30,West,Referral,39,Electronics
105553,2024-02-25,East,Organic Search,30,Toys & Games
105554,2024-09-18,West,Referral,18,Electronics
105555,2023-11-24,East,Paid Ads,41,Sports & Outdoors
105556,2025-01-21,South,Email,28,Fashion
105557,2025-08-26,East,Paid Ads,38,Beauty & Personal Care
105558,2025-04-03,West,Paid Ads,45,Electronics
105559,2024-11-03,North,Email,37,Electronics
105560,2024-07-10,West,Organic Search,38,Fashion
105561,2024-10-24,South,Organic Search,25,Books
105562,2024-10-29,North,Paid Ads,42,Toys & Games
105563,2023-02-25,West,Social Media,32,Home & Kitchen
105564,2025-03-09,South,Organic Search,18,Books
105565,2024-06-03,East,Social Media,44,Beauty & Personal Care
105566,2025-05-14,West,Paid Ads,47,Toys & Games
105567,2023-08-19,East,Referral,51,Beauty & Personal Care
105568,2024-03-08,West,Direct,58,Fashion
105569,2023-01-01,Central,Paid Ads,43,Books
105570,2025-03-16,West,Social Media,40,Grocery
105571,2023-01-01,North,Paid Ads,47,Grocery
105572,2025-02-21,South,Organic Search,25,Sports & Outdoors
105573,2024-10-02,East,Email,18,Electronics
105574,2025-04-25,East,Direct,29,Home & Kitchen
105575,2023-01-01,South,Email,49,Home & Kitchen
105576,2024-01-05,North,Direct,27,Toys & Games
105577,2023-12-31,North,Paid Ads,40,Electronics
105578,2025-02-05,North,Referral,41,Home & Kitchen
105579,2025-08-01,Central,Organic Search,37,Sports & Outdoors
105580,2024-10-13,South,Direct,20,Electronics
105581,2024-12-01,Central,Social Media,38,Grocery
105582,2025-06-28,South,Organic Search,30,Books
105583,2024-09-25,South,Email,53,Electronics
105584,2024-06-03,East,Social Media,47,Books
105585,2023-12-06,Central,Direct,30,Books
105586,2025-07-25,East,Email,54,Electronics
105587,2025-04-16,North,Direct,38,Toys & Games
105588,2025-01-29,South,Social Media,18,Beauty & Personal Care
105589,2023-01-28,Central,Social Media,34,Beauty & Personal Care
105590,2023-02-09,North,Email,52,Books
105591,2024-01-29,Central,Organic Search,25,Fashion
105592,2024-09-30,Central,Organic Search,34,Beauty & Personal Care
105593,2023-01-01,South,Direct,20,Fashion
105594,2024-03-21,East,Direct,21,Grocery
105595,2023-01-25,East,Direct,25,Grocery
105596,2024-01-09,West,Organic Search,21,Sports & Outdoors
105597,2025-06-16,West,Organic Search,28,Fashion
105598,2025-08-02,North,Direct,54,Home & Kitchen
105599,2024-10-28,South,Organic Search,34,Toys & Games
105600,2023-06-14,Central,Paid Ads,43,Home & Kitchen
105601,2024-12-04,South,Paid Ads,47,Fashion
105602,2023-01-01,South,Direct,22,Fashion
105603,2023-08-04,West,Social Media,25,Electronics
105604,2023-01-01,North,Paid Ads,43,Electronics
105605,2024-10-21,North,Social Media,28,Fashion
105606,2025-03-04,West,Organic Search,42,Home & Kitchen
105607,2025-03-28,North,Referral,53,Beauty & Personal Care
105608,2023-11-28,Central,Social Media,18,Beauty & Personal Care
105609,2025-06-08,South,Social Media,31,Home & Kitchen
105610,2025-06-02,North,Paid Ads,32,Grocery
105611,2024-12-18,West,Paid Ads,29,Grocery
105612,2024-04-05,North,Organic Search,28,Home & Kitchen
105613,2025-01-25,South,Direct,29,Beauty & Personal Care
105614,2023-02-08,South,Paid Ads,34,Grocery
105615,2023-01-01,East,Social Media,36,Fashion
105616,2025-08-18,East,Paid Ads,45,Fashion
105617,2024-01-01,North,Direct,34,Beauty & Personal Care
105618,2024-12-03,South,Email,47,Home & Kitchen
105619,2023-05-19,North,Organic Search,28,Beauty & Personal Care
105620,2023-12-16,North,Social Media,21,Electronics
105621,2024-04-23,West,Social Media,31,Home & Kitchen
105622,2024-08-05,East,Email,40,Toys & Games
105623,2025-06-01,North,Direct,44,Toys & Games
105624,2023-01-01,South,Referral,51,Books
105625,2025-04-18,West,Direct,38,Toys & Games
105626,2023-01-01,South,Social Media,43,Sports & Outdoors
105627,2023-09-17,East,Paid Ads,50,Fashion
105628,2024-11-21,West,Referral,26,Books
105629,2024-12-27,West,Referral,32,Toys & Games
105630,2025-06-06,West,Organic Search,65,Books
105631,2024-06-11,South,Social Media,44,Sports & Outdoors
105632,2025-06-10,East,Organic Search,40,Books
105633,2023-01-01,Central,Organic Search,44,Electronics
105634,2024-03-16,Central,Direct,20,Electronics
105635,2024-07-04,North,Organic Search,27,Sports & Outdoors
105636,2024-05-21,Central,Email,23,Fashion
105637,2024-02-28,Central,Paid Ads,39,Home & Kitchen
105638,2024-10-07,Central,Referral,30,Fashion
105639,2024-08-30,South,Direct,36,Fashion
105640,2023-01-01,East,Email,31,Fashion
105641,2023-03-09,North,Email,18,Home & Kitchen
105642,2023-10-09,North,Organic Search,44,Fashion
105643,2024-11-21,East,Paid Ads,18,Toys & Games
105644,2025-07-11,South,Referral,26,Toys & Games
105645,2023-12-05,South,Email,20,Electronics
105646,2024-05-22,South,Email,25,Fashion
105647,2024-09-06,East,Referral,37,Electronics
105648,2024-07-20,North,Organic Search,48,Beauty & Personal Care
105649,2025-04-10,Central,Paid Ads,18,Beauty & Personal Care
105650,2025-02-23,West,Direct,28,Electronics
105651,2023-03-08,West,Social Media,18,Books
105652,2025-07-28,Central,Email,28,Fashion
105653,2023-06-05,West,Social Media,35,Home & Kitchen
105654,2023-01-01,South,Direct,43,Sports & Outdoors
105655,2023-12-15,Central,Direct,18,Electronics
105656,2024-01-07,East,Organic Search,41,Grocery
105657,2025-02-25,East,Direct,24,Electronics
105658,2025-01-28,East,Paid Ads,21,Beauty & Personal Care
105659,2024-10-31,North,Paid Ads,35,Toys & Games
105660,2025-05-09,Central,Direct,41,Toys & Games
105661,2025-02-12,Central,Paid Ads,33,Sports & Outdoors
105662,2024-05-23,West,Paid Ads,22,Books
105663,2024-11-16,South,Referral,33,Beauty & Personal Care
105664,2024-04-21,Central,Direct,27,Electronics
105665,2023-03-10,North,Organic Search,41,Home & Kitchen
105666,2024-04-24,South,Referral,46,Fashion
105667,2024-01-02,North,Social Media,46,Grocery
105668,2025-06-11,South,Paid Ads,34,Electronics
105669,2023-03-21,South,Referral,47,Beauty & Personal Care
105670,2025-06-14,West,Social Media,23,Grocery
105671,2024-12-03,South,Email,54,Electronics
105672,2025-04-02,Central,Referral,23,Beauty & Personal Care
105673,2025-07-11,South,Direct,18,Beauty & Personal Care
105674,2024-05-14,East,Email,50,Electronics
105675,2023-11-23,East,Organic Search,27,Books
105676,2023-01-01,Central,Email,36,Home & Kitchen
105677,2024-03-21,West,Referral,23,Home & Kitchen
105678,2025-02-13,Central,Organic Search,60,Electronics
105679,2024-11-22,Central,Social Media,55,Home & Kitchen
105680,2025-06-30,North,Email,52,Electronics
105681,2024-10-26,North,Organic Search,35,Sports & Outdoors
105682,2024-07-09,East,Paid Ads,45,Sports & Outdoors
105683,2023-12-13,North,Social Media,34,Fashion
105684,2023-08-07,East,Paid Ads,47,Electronics
105685,2023-12-29,East,Direct,30,Toys & Games
105686,2025-03-04,South,Organic Search,52,Home & Kitchen
105687,2025-04-20,North,Email,29,Sports & Outdoors
105688,2023-09-15,Central,Email,31,Fashion
105689,2025-07-13,South,Paid Ads,29,Fashion
105690,2023-01-01,Central,Social Media,37,Fashion
105691,2025-01-26,West,Organic Search,30,Sports & Outdoors
105692,2023-01-01,West,Organic Search,40,Beauty & Personal Care
105693,2024-12-19,West,Social Media,29,Grocery
105694,2023-11-12,South,Organic Search,43,Electronics
105695,2025-04-15,South,Email,51,Beauty & Personal Care
105696,2024-06-19,Central,Social Media,35,Home & Kitchen
105697,2025-06-24,West,Organic Search,59,Fashion
105698,2024-02-28,South,Paid Ads,47,Fashion
105699,2025-04-17,West,Direct,58,Home & Kitchen
105700,2025-03-25,South,Organic Search,34,Home & Kitchen
105701,2024-11-09,Central,Referral,18,Grocery
105702,2024-09-16,East,Organic Search,27,Home & Kitchen
105703,2023-12-13,South,Direct,28,Grocery
105704,2024-01-27,West,Paid Ads,24,Beauty & Personal Care
105705,2024-05-13,West,Social Media,18,Grocery
105706,2023-06-07,South,Social Media,46,Beauty & Personal Care
105707,2024-02-09,West,Paid Ads,18,Sports & Outdoors
105708,2024-01-08,South,Referral,45,Fashion
105709,2025-03-27,South,Organic Search,59,Electronics
105710,2023-04-23,Central,Organic Search,26,Beauty & Personal Care
105711,2023-07-06,West,Organic Search,39,Fashion
105712,2024-04-25,North,Referral,30,Home & Kitchen
105713,2023-07-26,West,Direct,44,Fashion
105714,2024-07-15,South,Organic Search,21,Books
105715,2023-01-01,South,Direct,33,Sports & Outdoors
105716,2024-05-29,East,Email,47,Beauty & Personal Care
105717,2024-07-26,East,Organic Search,34,Home & Kitchen
105718,2024-02-06,Central,Organic Search,18,Beauty & Personal Care
105719,2023-01-01,East,Paid Ads,48,Grocery
105720,2024-12-12,South,Organic Search,20,Fashion
105721,2024-03-04,West,Email,35,Electronics
105722,2024-11-24,East,Social Media,41,Beauty & Personal Care
105723,2024-07-27,North,Paid Ads,36,Home & Kitchen
105724,2025-02-14,West,Referral,62,Beauty & Personal Care
105725,2024-01-20,East,Paid Ads,43,Home & Kitchen
105726,2024-06-28,East,Direct,32,Beauty & Personal Care
105727,2023-08-07,North,Referral,41,Toys & Games
105728,2023-03-06,East,Paid Ads,37,Fashion
105729,2023-01-01,West,Social Media,35,Fashion
105730,2024-11-15,West,Organic Search,37,Toys & Games
105731,2024-02-05,West,Direct,30,Toys & Games
105732,2023-01-01,Central,Paid Ads,37,Home & Kitchen
105733,2025-02-15,East,Direct,29,Home & Kitchen
105734,2024-05-22,East,Direct,18,Beauty & Personal Care
105735,2025-02-02,East,Social Media,47,Beauty & Personal Care
105736,2023-01-01,South,Referral,28,Sports & Outdoors
105737,2023-01-01,South,Social Media,36,Beauty & Personal Care
105738,2023-11-22,West,Organic Search,26,Sports & Outdoors
105739,2023-11-30,South,Direct,26,Sports & Outdoors
105740,2025-01-14,West,Paid Ads,23,Fashion
105741,2023-01-01,West,Direct,45,Books
105742,2024-09-29,Central,Referral,48,Beauty & Personal Care
105743,2024-12-25,North,Organic Search,35,Toys & Games
105744,2023-01-30,South,Paid Ads,29,Beauty & Personal Care
105745,2024-10-25,West,Organic Search,18,Sports & Outdoors
105746,2024-12-15,East,Organic Search,43,Electronics
105747,2023-07-06,West,Referral,27,Books
105748,2025-04-08,West,Organic Search,22,Electronics
105749,2023-11-16,Central,Direct,35,Books
105750,2024-05-18,South,Paid Ads,31,Fashion
105751,2023-08-21,South,Social Media,18,Books
105752,2024-01-07,East,Paid Ads,19,Home & Kitchen
105753,2023-01-01,East,Organic Search,38,Grocery
105754,2024-04-13,Central,Social Media,27,Electronics
105755,2024-10-26,North,Paid Ads,40,Fashion
105756,2024-06-26,South,Social Media,36,Home & Kitchen
105757,2024-01-12,Central,Social Media,46,Fashion
105758,2023-01-01,West,Organic Search,25,Electronics
105759,2023-10-16,West,Paid Ads,37,Home & Kitchen
105760,2025-01-25,South,Paid Ads,42,Beauty & Personal Care
105761,2023-01-01,West,Organic Search,28,Sports & Outdoors
105762,2023-04-02,South,Email,47,Fashion
105763,2025-02-06,West,Organic Search,18,Fashion
105764,2025-03-26,North,Organic Search,25,Home & Kitchen
105765,2025-04-22,South,Social Media,18,Grocery
105766,2024-07-13,West,Paid Ads,26,Home & Kitchen
105767,2024-06-29,West,Direct,33,Sports & Outdoors
105768,2024-12-30,Central,Email,44,Grocery
105769,2025-05-11,Central,Email,33,Fashion
105770,2025-03-22,North,Social Media,28,Books
105771,2023-10-06,North,Paid Ads,18,Fashion
105772,2024-09-24,South,Organic Search,21,Sports & Outdoors
105773,2025-03-04,Central,Email,38,Home & Kitchen
105774,2024-05-19,East,Paid Ads,44,Beauty & Personal Care
105775,2024-03-09,Central,Paid Ads,30,Toys & Games
105776,2024-01-24,North,Social Media,48,Fashion
105777,2024-06-01,Central,Email,24,Books
105778,2024-07-24,North,Social Media,30,Beauty & Personal Care
105779,2023-01-01,Central,Organic Search,31,Books
105780,2025-03-16,Central,Direct,51,Electronics
105781,2024-09-03,South,Organic Search,36,Electronics
105782,2025-07-02,South,Direct,18,Grocery
105783,2024-10-11,East,Paid Ads,45,Fashion
105784,2024-04-23,West,Direct,55,Books
105785,2023-07-12,North,Direct,32,Books
105786,2025-06-30,South,Paid Ads,25,Fashion
105787,2024-05-04,West,Email,44,Home & Kitchen
105788,2023-01-01,Central,Organic Search,56,Electronics
105789,2023-12-23,North,Organic Search,44,Electronics
105790,2025-04-14,Central,Paid Ads,18,Grocery
105791,2024-10-11,Central,Social Media,43,Books
105792,2023-12-08,Central,Organic Search,39,Fashion
105793,2024-12-19,South,Social Media,24,Beauty & Personal Care
105794,2024-03-22,West,Direct,49,Beauty & Personal Care
105795,2024-04-14,North,Direct,39,Electronics
105796,2024-07-18,North,Organic Search,49,Fashion
105797,2025-04-28,North,Social Media,23,Beauty & Personal Care
105798,2025-01-12,East,Organic Search,39,Fashion
105799,2023-01-01,West,Organic Search,25,Fashion
105800,2024-10-28,North,Direct,37,Home & Kitchen
105801,2024-09-26,North,Direct,51,Sports & Outdoors
105802,2024-09-28,South,Organic Search,19,Sports & Outdoors
105803,2023-07-25,North,Organic Search,19,Beauty & Personal Care
105804,2024-09-12,Central,Paid Ads,45,Sports & Outdoors
105805,2024-07-11,North,Paid Ads,34,Electronics
105806,2024-05-04,South,Organic Search,47,Electronics
105807,2023-05-25,South,Organic Search,26,Sports & Outdoors
105808,2024-07-09,South,Paid Ads,35,Fashion
105809,2024-06-03,Central,Organic Search,42,Fashion
105810,2024-12-09,South,Email,37,Electronics
105811,2024-03-13,East,Email,18,Home & Kitchen
105812,2023-11-15,East,Social Media,66,Beauty & Personal Care
105813,2023-10-14,South,Paid Ads,37,Fashion
105814,2023-01-01,East,Email,20,Fashion
105815,2025-01-26,North,Organic Search,38,Toys & Games
105816,2024-06-25,East,Direct,39,Fashion
105817,2024-09-10,North,Organic Search,45,Home & Kitchen
105818,2023-01-01,East,Direct,45,Home & Kitchen
105819,2023-09-25,South,Organic Search,32,Beauty & Personal Care
105820,2025-06-02,South,Email,18,Grocery
105821,2024-12-28,North,Organic Search,40,Grocery
105822,2024-10-14,Central,Email,18,Home & Kitchen
105823,2025-05-18,North,Social Media,48,Home & Kitchen
105824,2024-05-31,North,Organic Search,26,Beauty & Personal Care
105825,2024-11-28,North,Email,41,Grocery
105826,2023-01-01,Central,Organic Search,27,Electronics
105827,2024-03-16,South,Social Media,29,Toys & Games
105828,2024-10-24,East,Paid Ads,26,Sports & Outdoors
105829,2025-03-05,West,Email,42,Home & Kitchen
105830,2024-07-24,North,Direct,28,Beauty & Personal Care
105831,2023-01-01,North,Paid Ads,43,Toys & Games
105832,2024-09-07,North,Email,28,Fashion
105833,2024-07-21,West,Direct,32,Toys & Games
105834,2023-03-05,Central,Referral,35,Fashion
105835,2024-03-27,West,Paid Ads,36,Toys & Games
105836,2023-08-05,Central,Paid Ads,24,Electronics
105837,2024-02-17,Central,Organic Search,42,Books
105838,2024-03-11,South,Paid Ads,32,Electronics
105839,2025-06-08,North,Organic Search,40,Home & Kitchen
105840,2025-03-28,North,Email,34,Electronics
105841,2024-05-07,West,Social Media,41,Electronics
105842,2025-02-17,West,Referral,30,Sports & Outdoors
105843,2024-07-23,Central,Organic Search,26,Toys & Games
105844,2025-04-10,East,Organic Search,39,Sports & Outdoors
105845,2023-02-28,Central,Email,29,Grocery
105846,2025-01-26,Central,Social Media,51,Electronics
105847,2025-03-06,Central,Direct,35,Beauty & Personal Care
105848,2025-05-11,Central,Social Media,19,Home & Kitchen
105849,2023-10-19,North,Organic Search,28,Grocery
105850,2024-07-24,West,Referral,24,Beauty & Personal Care
105851,2023-03-23,Central,Referral,46,Grocery
105852,2024-12-07,South,Organic Search,43,Grocery
105853,2025-04-01,Central,Referral,34,Fashion
105854,2024-08-07,South,Organic Search,38,Sports & Outdoors
105855,2023-01-01,South,Organic Search,34,Grocery
105856,2025-06-10,West,Organic Search,44,Home & Kitchen
105857,2024-04-05,North,Social Media,40,Sports & Outdoors
105858,2024-02-26,East,Referral,42,Electronics
105859,2023-01-01,Central,Organic Search,32,Home & Kitchen
105860,2025-02-10,North,Email,28,Books
105861,2025-06-16,North,Email,42,Home & Kitchen
105862,2024-11-14,Central,Paid Ads,52,Grocery
105863,2023-08-13,West,Organic Search,47,Books
105864,2024-07-03,East,Paid Ads,52,Beauty & Personal Care
105865,2024-01-13,East,Organic Search,36,Grocery
105866,2025-03-22,Central,Direct,24,Sports & Outdoors
105867,2024-09-24,West,Email,25,Fashion
105868,2024-06-21,Central,Organic Search,50,Sports & Outdoors
105869,2025-05-27,North,Social Media,18,Beauty & Personal Care
105870,2024-06-23,East,Organic Search,51,Fashion
105871,2024-10-20,West,Organic Search,26,Toys & Games
105872,2023-01-01,North,Paid Ads,56,Home & Kitchen
105873,2024-07-16,East,Organic Search,34,Electronics
105874,2023-01-01,North,Organic Search,42,Toys & Games
105875,2024-01-16,Central,Paid Ads,61,Electronics
105876,2024-08-24,West,Paid Ads,31,Home & Kitchen
105877,2023-01-01,North,Paid Ads,31,Beauty & Personal Care
105878,2025-04-13,East,Social Media,27,Sports & Outdoors
105879,2024-11-19,North,Paid Ads,23,Electronics
105880,2023-07-12,Central,Social Media,31,Sports & Outdoors
105881,2025-07-27,North,Paid Ads,28,Books
105882,2024-07-27,West,Direct,21,Fashion
105883,2024-07-30,North,Organic Search,32,Sports & Outdoors
105884,2024-04-17,North,Social Media,39,Fashion
105885,2024-09-21,Central,Organic Search,25,Toys & Games
105886,2023-08-03,South,Paid Ads,33,Toys & Games
105887,2025-01-31,North,Social Media,50,Books
105888,2023-05-19,West,Email,19,Fashion
105889,2025-03-27,South,Direct,56,Home & Kitchen
105890,2024-03-18,East,Social Media,27,Sports & Outdoors
105891,2023-01-01,Central,Organic Search,37,Fashion
105892,2025-02-17,West,Email,49,Fashion
105893,2025-01-02,South,Organic Search,52,Home & Kitchen
105894,2023-04-29,South,Social Media,40,Sports & Outdoors
105895,2024-05-13,South,Email,27,Electronics
105896,2025-06-15,West,Paid Ads,26,Electronics
105897,2024-04-29,West,Social Media,28,Grocery
105898,2023-10-31,East,Organic Search,55,Toys & Games
105899,2023-04-04,South,Organic Search,30,Beauty & Personal Care
105900,2024-03-28,North,Direct,38,Sports & Outdoors
105901,2024-01-02,Central,Organic Search,23,Fashion
105902,2023-01-01,West,Paid Ads,22,Grocery
105903,2023-06-26,West,Social Media,35,Grocery
105904,2024-10-01,North,Paid Ads,31,Electronics
105905,2024-08-26,South,Organic Search,32,Sports & Outdoors
105906,2023-01-28,South,Organic Search,18,Fashion
105907,2024-04-05,East,Social Media,34,Home & Kitchen
105908,2024-05-30,West,Paid Ads,52,Fashion
105909,2024-10-10,Central,Email,25,Grocery
105910,2023-02-22,East,Paid Ads,44,Home & Kitchen
105911,2025-02-06,South,Direct,18,Grocery
105912,2024-11-19,East,Paid Ads,26,Beauty & Personal Care
105913,2023-02-24,West,Paid Ads,18,Home & Kitchen
105914,2023-03-04,South,Direct,48,Books
105915,2023-01-01,East,Email,44,Electronics
105916,2024-07-26,West,Paid Ads,23,Beauty & Personal Care
105917,2024-10-06,East,Paid Ads,38,Fashion
105918,2024-09-08,East,Email,48,Sports & Outdoors
105919,2025-06-04,West,Organic Search,49,Grocery
105920,2025-07-19,South,Paid Ads,30,Sports & Outdoors
105921,2024-03-29,North,Social Media,18,Toys & Games
105922,2024-10-26,West,Email,25,Electronics
105923,2025-01-24,East,Social Media,43,Fashion
105924,2024-06-04,South,Social Media,58,Sports & Outdoors
105925,2024-03-20,North,Direct,34,Electronics
105926,2024-08-17,Central,Organic Search,28,Beauty & Personal Care
105927,2024-08-09,West,Email,61,Books
105928,2024-10-29,South,Organic Search,39,Fashion
105929,2023-09-25,West,Referral,21,Home & Kitchen
105930,2024-12-05,East,Social Media,33,Grocery
105931,2025-03-05,South,Organic Search,45,Home & Kitchen
105932,2024-11-09,South,Social Media,34,Books
105933,2024-04-16,North,Direct,43,Toys & Games
105934,2023-08-25,Central,Paid Ads,18,Sports & Outdoors
105935,2023-01-01,Central,Organic Search,19,Sports & Outdoors
105936,2024-06-03,Central,Organic Search,26,Fashion
105937,2023-01-01,South,Referral,31,Fashion
105938,2024-12-24,Central,Referral,38,Sports & Outdoors
105939,2025-01-30,South,Paid Ads,42,Home & Kitchen
105940,2024-01-22,Central,Organic Search,62,Books
105941,2023-11-18,North,Referral,26,Fashion
105942,2024-04-28,South,Paid Ads,31,Fashion
105943,2023-01-01,East,Organic Search,27,Beauty & Personal Care
105944,2024-12-12,Central,Paid Ads,46,Electronics
105945,2023-01-01,South,Social Media,47,Beauty & Personal Care
105946,2025-01-25,East,Direct,30,Fashion
105947,2023-10-11,Central,Social Media,57,Electronics
105948,2024-06-18,East,Organic Search,27,Home & Kitchen
105949,2024-04-03,West,Email,46,Beauty & Personal Care
105950,2024-01-17,East,Paid Ads,50,Sports & Outdoors
105951,2024-06-05,North,Direct,20,Fashion
105952,2024-08-10,South,Paid Ads,41,Beauty & Personal Care
105953,2025-06-25,East,Direct,18,Beauty & Personal Care
105954,2023-06-03,North,Direct,44,Fashion
105955,2025-04-21,South,Direct,22,Electronics
105956,2024-10-23,Central,Organic Search,41,Beauty & Personal Care
105957,2024-03-05,North,Email,43,Beauty & Personal Care
105958,2025-03-27,South,Referral,47,Toys & Games
105959,2024-08-10,West,Paid Ads,44,Beauty & Personal Care
105960,2023-08-06,East,Social Media,35,Fashion
105961,2024-10-29,South,Referral,30,Sports & Outdoors
105962,2024-08-05,North,Direct,34,Electronics
105963,2025-02-23,Central,Email,22,Books
105964,2024-09-28,East,Paid Ads,32,Grocery
105965,2025-04-17,East,Referral,31,Fashion
105966,2024-04-21,North,Organic Search,26,Fashion
105967,2025-05-18,South,Paid Ads,18,Electronics
105968,2024-12-21,North,Email,20,Fashion
105969,2024-06-15,Central,Social Media,18,Fashion
105970,2024-08-30,West,Email,31,Fashion
105971,2024-02-12,East,Social Media,38,Home & Kitchen
105972,2024-08-04,West,Paid Ads,18,Toys & Games
105973,2025-06-25,North,Referral,37,Electronics
105974,2025-03-29,Central,Organic Search,33,Fashion
105975,2024-07-01,East,Direct,22,Fashion
105976,2023-03-16,East,Direct,30,Sports & Outdoors
105977,2023-07-02,Central,Direct,46,Toys & Games
105978,2023-01-01,North,Direct,24,Home & Kitchen
105979,2024-11-25,East,Social Media,35,Grocery
105980,2023-08-24,North,Social Media,38,Grocery
105981,2023-09-30,East,Email,25,Fashion
105982,2023-01-01,South,Paid Ads,46,Electronics
105983,2023-01-01,East,Email,39,Toys & Games
105984,2024-03-24,West,Organic Search,32,Sports & Outdoors
105985,2023-11-15,South,Direct,60,Sports & Outdoors
105986,2024-02-10,North,Social Media,46,Home & Kitchen
105987,2024-07-13,North,Email,18,Fashion
105988,2023-12-19,West,Social Media,30,Fashion
105989,2024-05-03,East,Social Media,62,Home & Kitchen
105990,2024-05-18,Central,Direct,24,Beauty & Personal Care
105991,2023-01-01,Central,Paid Ads,35,Electronics
105992,2024-03-17,North,Organic Search,48,Sports & Outdoors
105993,2024-06-03,West,Organic Search,42,Sports & Outdoors
105994,2024-08-22,North,Social Media,43,Toys & Games
105995,2024-09-16,North,Social Media,43,Sports & Outdoors
105996,2025-04-03,West,Social Media,35,Toys & Games
105997,2024-07-13,East,Organic Search,26,Electronics
105998,2023-02-13,Central,Organic Search,39,Toys & Games
105999,2024-12-02,North,Direct,30,Sports & Outdoors
