customer_id,total_orders,total_spend,average_order_value,first_purchase,last_purchase,total_returns,avg_discount_pct,discount_orders,distinct_categories,days_since_last_purchase,customer_span_days,purchase_frequency,return_rate,discount_usage_rate,favorite_category,avg_review_rating,n_reviews,site_visits_last_90d,avg_pages_per_visit,signup_date,region,acquisition_channel,age,primary_category,customer_tenure_days,customer_lifetime_value,will_purchase_next_60d,churned,churn_probability,predicted_churn,is_test_set,value_none,value_email_nudge,value_discount_offer,value_personal_outreach,assigned_action,assigned_cost,expected_value_saved
100906,5.0,5977.39,1195.478,2023-11-02,2024-07-21,0.0,6.0,1.0,3.0,346.0,262.0,0.5725190839694657,0.0,0.2,Grocery,3.1,3.0,8.0,5.666666666666667,2023-10-14,East,Organic Search,30,Grocery,627,3479.6608452950563,0,1,0.9191337732796576,1,0,0.0,159.9136901234764,575.6892844445151,1119.3958308643348,discount_offer,20,159.9136901234764
102696,3.0,3490.76,1163.5866666666668,2024-01-09,2024-12-21,0.0,1.6666666666666667,1.0,2.0,193.0,347.0,0.2593659942363112,0.0,0.3333333333333333,Sports & Outdoors,3.9,1.0,4.0,5.0,2023-08-12,North,Organic Search,36,Sports & Outdoors,690,1846.5614492753623,0,1,0.908333929473648,1,0,0.0,83.86472086174221,301.9129951022719,587.0530460321954,discount_offer,20,83.86472086174221
103568,6.0,9392.77,1565.4616666666668,2023-08-26,2024-12-10,1.0,0.8333333333333334,1.0,3.0,204.0,472.0,0.3813559322033898,0.1666666666666666,0.1666666666666666,Books,2.6666666666666665,3.0,4.0,3.0,2023-01-01,North,Organic Search,34,Books,913,3755.050438116101,0,1,0.9061920901390272,1,0,0.0,170.13985025469498,612.5034609169019,1190.9789517828647,discount_offer,20,170.13985025469498
105977,3.0,2425.25,808.4166666666666,2023-12-08,2024-09-24,1.0,5.0,1.0,1.0,281.0,291.0,0.3092783505154639,0.3333333333333333,0.3333333333333333,Toys & Games,2.6666666666666665,3.0,4.0,4.666666666666667,2023-07-02,Central,Direct,46,Toys & Games,731,1210.9661422708618,0,1,0.8979055459420069,1,0,0.0,54.36666075465021,195.71997871674074,380.5666252825514,discount_offer,0,0.0
103235,2.0,2182.08,1091.04,2024-07-09,2025-01-26,1.0,0.0,0.0,1.0,157.0,201.0,0.2985074626865671,0.5,0.0,Fashion,3.0,1.0,4.0,4.0,2024-07-08,North,Paid Ads,25,Fashion,359,2218.5493036211697,0,1,0.8965505224720873,1,0,0.0,99.45207686458227,358.02747671249614,696.1645380520757,discount_offer,20,99.45207686458227
104004,7.0,7284.49,1040.6414285714286,2023-02-18,2024-10-11,0.0,5.0,3.0,3.0,264.0,601.0,0.3494176372712146,0.0,0.4285714285714285,Beauty & Personal Care,2.875,4.0,3.0,6.666666666666667,2023-01-01,South,Direct,33,Beauty & Personal Care,913,2912.200273822563,0,1,0.8956421386846575,1,0,0.0,130.41446407622428,469.49207067440733,912.9012485335697,discount_offer,20,130.41446407622428
105294,9.0,8338.31,926.4788888888888,2023-07-15,2024-10-06,1.0,6.111111111111111,3.0,3.0,269.0,449.0,0.6013363028953229,0.1111111111111111,0.3333333333333333,Beauty & Personal Care,3.333333333333333,3.0,10.0,5.333333333333333,2023-05-15,East,Paid Ads,18,Beauty & Personal Care,779,3906.910333761232,0,1,0.8955373412947929,1,0,0.0,174.9392046486843,629.7811367352633,1224.5744325407898,discount_offer,20,174.9392046486843
101605,6.0,4668.35,778.0583333333334,2023-12-10,2024-06-26,1.0,3.333333333333333,2.0,3.0,371.0,199.0,0.9045226130653266,0.1666666666666666,0.3333333333333333,Beauty & Personal Care,3.3199999999999994,5.0,9.0,4.333333333333333,2023-11-27,North,Paid Ads,37,Beauty & Personal Care,583,2922.7234133790744,0,1,0.8945343407823954,1,0,0.0,130.72382309381615,470.60576313773805,915.0667616567129,discount_offer,20,130.72382309381615
102886,10.0,10896.93,1089.693,2023-02-14,2024-08-17,0.0,8.5,5.0,3.0,319.0,550.0,0.5454545454545455,0.0,0.5,Fashion,3.0,4.0,6.0,2.333333333333333,2023-02-11,North,Paid Ads,41,Fashion,872,4561.21496559633,0,1,0.8935706077216604,1,0,0.0,203.78838143785225,733.6381731762681,1426.5186700649658,discount_offer,20,203.78838143785225
100486,4.0,3173.96,793.49,2023-08-24,2024-12-24,0.0,2.5,2.0,2.0,190.0,488.0,0.2459016393442623,0.0,0.5,Sports & Outdoors,2.65,2.0,4.0,3.0,2023-05-31,South,Organic Search,23,Sports & Outdoors,763,1518.3425950196593,0,1,0.8916041845683981,1,0,0.0,67.68803056639844,243.67691003903437,473.81621396478903,discount_offer,20,67.68803056639844
104489,5.0,6083.77,1216.754,2023-11-29,2024-03-22,0.0,7.0,2.0,3.0,467.0,114.0,1.3157894736842106,0.0,0.4,Grocery,3.35,4.0,7.0,4.333333333333333,2023-08-19,Central,Email,43,Grocery,683,3251.20944363104,0,1,0.8902918791482779,1,0,0.0,144.72626825374527,521.0145657134831,1013.0838777762169,discount_offer,20,144.72626825374527
102581,3.0,3088.46,1029.486666666667,2024-03-12,2025-01-15,1.0,0.0,0.0,1.0,168.0,309.0,0.2912621359223301,0.3333333333333333,0.0,Toys & Games,3.7,1.0,5.0,3.0,2024-02-03,West,Paid Ads,30,Toys & Games,515,2188.9085436893206,0,1,0.8892807829750392,1,0,0.0,97.3277151796396,350.3797746467025,681.2940062574771,discount_offer,20,97.3277151796396
105309,7.0,4972.21,710.3157142857143,2023-01-03,2025-01-29,2.0,4.285714285714286,3.0,3.0,154.0,757.0,0.2774108322324967,0.2857142857142857,0.4285714285714285,Fashion,3.2,6.0,7.0,5.333333333333333,2023-01-01,South,Direct,46,Fashion,913,1987.7947973713035,0,1,0.8875388386734963,1,0,0.0,88.21225429900723,317.564115476426,617.4857800930505,discount_offer,20,88.21225429900723
104823,12.0,12092.09,1007.6741666666668,2023-11-08,2024-12-20,0.0,4.583333333333333,6.0,6.0,194.0,408.0,0.8823529411764706,0.0,0.5,Grocery,2.6,5.0,6.0,4.0,2023-07-13,North,Organic Search,24,Grocery,720,6130.017847222222,0,1,0.8868247067934694,1,0,0.0,271.8125640000791,978.5252304002847,1902.6879480005534,discount_offer,250,978.5252304002847
102920,3.0,4582.83,1527.61,2024-01-07,2024-06-20,0.0,6.666666666666667,1.0,3.0,377.0,165.0,0.5454545454545454,0.0,0.3333333333333333,Books,4.0,1.0,8.0,4.333333333333333,2023-02-06,East,Referral,28,Fashion,877,1907.3351767388824,0,1,0.8860505392796304,1,0,0.0,84.4997680968248,304.19916514856925,591.4983766777735,discount_offer,20,84.4997680968248
105347,4.0,2893.16,723.29,2023-06-05,2025-03-22,1.0,5.0,2.0,1.0,102.0,656.0,0.1829268292682926,0.25,0.5,Beauty & Personal Care,2.8,1.0,7.0,6.333333333333333,2023-06-02,Central,Referral,27,Beauty & Personal Care,761,1387.6522996057818,0,1,0.8855211090583239,1,0,0.0,61.43977016671228,221.18317260016417,430.0783911669859,discount_offer,20,61.43977016671228
103704,8.0,5582.2,697.775,2023-07-17,2024-11-02,0.0,6.25,4.0,3.0,242.0,474.0,0.5063291139240506,0.0,0.5,Books,2.45,2.0,5.0,6.333333333333333,2023-03-04,Central,Email,41,Books,851,2394.2455934195063,0,1,0.8850465498977047,1,0,0.0,105.95094010318584,381.423384371469,741.6565807223008,discount_offer,20,105.95094010318584
104534,4.0,3565.26,891.315,2024-02-15,2024-06-29,0.0,1.25,1.0,3.0,368.0,135.0,0.8888888888888888,0.0,0.25,Sports & Outdoors,3.6,2.0,4.0,4.333333333333333,2023-12-29,Central,Email,22,Sports & Outdoors,551,2361.742105263158,0,1,0.8841350783834949,1,0,0.0,104.40495206792214,375.8578274445196,730.8346644754548,discount_offer,20,104.40495206792214
101091,7.0,8827.31,1261.0442857142857,2023-06-14,2025-02-02,2.0,4.285714285714286,1.0,3.0,150.0,599.0,0.3505843071786311,0.2857142857142857,0.1428571428571428,Fashion,3.46,5.0,8.0,5.333333333333333,2023-03-09,West,Organic Search,34,Fashion,846,3808.472990543735,0,1,0.8840423020251241,1,0,0.0,168.34256148803962,606.0332213569425,1178.3979304162772,discount_offer,20,168.34256148803962
105330,3.0,3811.38,1270.46,2023-06-12,2023-12-15,0.0,3.333333333333333,1.0,1.0,565.0,186.0,0.4838709677419354,0.0,0.3333333333333333,Fashion,4.0,2.0,6.0,4.666666666666667,2023-01-01,Central,Paid Ads,39,Fashion,913,1523.71708652793,0,1,0.8830792833409418,1,0,0.0,67.2781496392716,242.2013387013778,470.94704747490124,discount_offer,20,67.2781496392716
105954,6.0,7760.990000000001,1293.4983333333334,2023-06-06,2025-04-10,1.0,3.333333333333333,1.0,4.0,83.0,674.0,0.2670623145400593,0.1666666666666666,0.1666666666666666,Fashion,2.525,4.0,8.0,4.666666666666667,2023-06-03,North,Direct,44,Fashion,760,3727.3175657894735,0,1,0.8827595675546063,1,0,0.0,164.51626212575016,592.2585436527005,1151.6138348802513,discount_offer,20,164.51626212575016
102254,3.0,2770.8,923.6,2024-08-24,2025-01-29,1.0,3.333333333333333,1.0,3.0,154.0,158.0,0.569620253164557,0.3333333333333333,0.3333333333333333,Home & Kitchen,3.5,1.0,8.0,3.6666666666666665,2024-02-10,Central,Social Media,26,Toys & Games,508,1990.8307086614177,0,1,0.8824972750599944,1,0,0.0,87.84513377497295,316.2424815899026,614.9159364248105,discount_offer,20,87.84513377497295
101413,7.0,6108.1,872.5857142857143,2023-03-27,2025-02-23,1.0,3.571428571428572,1.0,4.0,129.0,699.0,0.3004291845493562,0.1428571428571428,0.1428571428571428,Fashion,3.34,5.0,6.0,4.333333333333333,2023-01-01,Central,Direct,45,Fashion,913,2441.9019715224536,0,1,0.8823907120116047,1,0,0.0,107.73558096571196,387.848091476563,754.1490667599836,discount_offer,20,107.73558096571196
102111,7.0,7789.75,1112.821428571429,2024-01-18,2024-11-19,0.0,5.0,4.0,3.0,225.0,306.0,0.6862745098039216,0.0,0.5714285714285714,Books,2.0666666666666664,3.0,8.0,2.0,2023-12-24,West,Email,43,Books,556,5113.774730215828,0,1,0.8817007255417089,1,0,0.0,225.4409444944076,811.5874001798674,1578.086611460853,discount_offer,20,225.4409444944076
104237,13.0,13948.97,1072.9976923076924,2023-01-01,2024-06-26,2.0,5.384615384615385,5.0,5.0,371.0,542.0,0.7195571955719557,0.1538461538461538,0.3846153846153846,Fashion,3.4200000000000004,5.0,5.0,6.666666666666667,2023-01-01,West,Social Media,34,Fashion,913,5576.532365826944,0,1,0.8812837253063259,1,0,0.0,245.72536088236347,884.6112991765084,1720.0775261765439,discount_offer,250,884.6112991765084
104502,9.0,8743.32,971.48,2023-08-01,2025-02-07,0.0,5.555555555555555,5.0,5.0,145.0,556.0,0.4856115107913669,0.0,0.5555555555555556,Sports & Outdoors,2.925,4.0,7.0,4.0,2023-06-16,East,Organic Search,25,Fashion,747,4272.171084337349,0,1,0.8807037542302574,1,0,0.0,188.12585563449267,677.2530802841735,1316.8809894414485,discount_offer,20,188.12585563449267
105084,8.0,11988.76,1498.595,2023-08-29,2024-03-21,1.0,3.125,2.0,3.0,468.0,205.0,1.170731707317073,0.125,0.25,Fashion,2.6,3.0,6.0,6.333333333333333,2023-08-26,South,Email,21,Fashion,676,6473.22100591716,0,1,0.8806705264427908,1,0,0.0,285.0387475530799,1026.1394911910872,1995.2712328715588,discount_offer,250,1026.1394911910872
103645,3.0,3470.95,1156.9833333333331,2024-01-12,2025-04-02,0.0,8.333333333333334,1.0,2.0,91.0,446.0,0.2017937219730941,0.0,0.3333333333333333,Beauty & Personal Care,2.2,1.0,9.0,4.0,2023-01-01,North,Direct,43,Beauty & Personal Care,913,1387.6196604600218,0,1,0.8798659462473368,1,0,0.0,61.045964279103266,219.76547140477177,427.3217499537229,discount_offer,20,61.045964279103266
105000,4.0,7841.64,1960.41,2023-05-15,2024-05-18,1.0,3.75,1.0,3.0,410.0,369.0,0.3252032520325203,0.25,0.25,Electronics,3.7,2.0,2.0,5.666666666666667,2023-01-01,North,Direct,45,Electronics,913,3134.938225629792,0,1,0.8784880407071401,1,0,0.0,137.70028697857174,495.7210331228582,963.9020088500022,discount_offer,20,137.70028697857174
102404,5.0,5253.89,1050.778,2023-01-09,2023-11-03,1.0,3.0,1.0,3.0,607.0,298.0,0.5033557046979865,0.2,0.2,Fashion,2.0,2.0,9.0,7.0,2023-01-01,South,Social Media,44,Fashion,913,2100.4050930996714,0,1,0.8783316608103366,1,1,0.0,92.24261468983622,332.07341288341036,645.6983028288533,discount_offer,20,92.24261468983622
104005,18.0,21732.18,1207.3433333333332,2023-01-16,2024-11-12,4.0,4.722222222222222,9.0,3.0,232.0,666.0,0.8108108108108109,0.2222222222222222,0.5,Fashion,3.5666666666666664,6.0,8.0,4.666666666666667,2023-01-01,East,Social Media,36,Fashion,913,8688.11139101862,0,1,0.8781036093440562,1,0,0.0,381.45309854183296,1373.2311547505985,2670.17168979283,discount_offer,250,1373.2311547505985
103562,7.0,8187.1,1169.5857142857144,2024-04-12,2025-03-04,2.0,3.571428571428572,2.0,2.0,120.0,326.0,0.6441717791411042,0.2857142857142857,0.2857142857142857,Home & Kitchen,3.075,4.0,6.0,3.6666666666666665,2024-03-26,North,Paid Ads,33,Home & Kitchen,463,6454.193304535638,0,1,0.8776791721051938,1,0,0.0,283.2355518065862,1019.6479865037102,1982.648862646103,discount_offer,250,1019.6479865037102
101320,3.0,3652.65,1217.55,2024-10-07,2025-03-02,1.0,1.6666666666666667,1.0,2.0,122.0,146.0,0.6164383561643836,0.3333333333333333,0.3333333333333333,Fashion,3.0666666666666664,3.0,7.0,5.0,2024-05-14,East,Paid Ads,31,Fashion,414,3220.33152173913,0,1,0.8773594701929203,1,0,0.0,141.26941788793022,508.5699043965486,988.8859252155113,discount_offer,20,141.26941788793022
100237,5.0,6276.66,1255.332,2024-03-26,2025-03-16,2.0,0.0,0.0,3.0,108.0,355.0,0.4225352112676056,0.4,0.0,Home & Kitchen,3.1333333333333333,3.0,4.0,3.6666666666666665,2024-02-18,West,Referral,36,Home & Kitchen,500,4581.9618,0,1,0.8772863568350021,1,0,0.0,200.98462873395744,723.5446634422467,1406.8924011377019,discount_offer,20,200.98462873395744
101275,4.0,4313.96,1078.49,2024-03-08,2025-01-25,0.0,2.5,1.0,4.0,158.0,323.0,0.371517027863777,0.0,0.25,Books,3.4,1.0,10.0,4.666666666666667,2024-02-04,Central,Organic Search,23,Fashion,514,3063.415175097276,0,1,0.876928900463745,1,0,0.0,134.31986505810028,483.5515142091609,940.2390554067018,discount_offer,20,134.31986505810028
105475,7.0,4407.75,629.6785714285714,2023-03-13,2024-11-26,1.0,1.4285714285714286,1.0,2.0,218.0,624.0,0.3365384615384615,0.1428571428571428,0.1428571428571428,Grocery,3.5,3.0,6.0,3.333333333333333,2023-01-01,East,Organic Search,45,Grocery,913,1762.134446878423,0,1,0.8768463651823627,1,0,0.0,77.25605923539892,278.1218132474361,540.7924146477924,discount_offer,20,77.25605923539892
104697,5.0,5512.06,1102.4119999999998,2023-12-03,2025-03-21,1.0,5.0,2.0,2.0,103.0,474.0,0.3164556962025316,0.2,0.4,Toys & Games,3.55,2.0,6.0,4.0,2023-11-04,North,Email,36,Toys & Games,606,3319.970132013201,0,1,0.8767957698667397,1,1,0.0,145.5467883916548,523.9684382099572,1018.8275187415834,discount_offer,20,145.5467883916548
103409,8.0,10774.19,1346.77375,2023-01-03,2024-12-19,0.0,8.125,5.0,4.0,195.0,716.0,0.3351955307262569,0.0,0.625,Fashion,2.7,1.0,7.0,2.0,2023-01-01,South,Organic Search,27,Fashion,913,4307.31582694414,0,1,0.8767726801043401,1,0,0.0,188.8268420822828,679.776631496218,1321.7878945759792,discount_offer,20,188.8268420822828
101104,4.0,4937.709999999999,1234.4274999999998,2024-03-20,2024-08-02,0.0,5.0,1.0,3.0,334.0,135.0,0.8888888888888888,0.0,0.25,Toys & Games,4.2,2.0,6.0,4.666666666666667,2023-12-23,East,Direct,36,Toys & Games,557,3235.662746858168,0,1,0.8766493410109506,1,0,0.0,141.82708073834476,510.5774906580411,992.7895651684132,discount_offer,20,141.82708073834476
100765,8.0,3477.05,434.63125,2023-08-14,2024-10-29,0.0,13.75,5.0,2.0,246.0,442.0,0.5429864253393666,0.0,0.625,Beauty & Personal Care,3.38,5.0,8.0,5.666666666666667,2023-07-13,West,Organic Search,29,Beauty & Personal Care,720,1762.6711805555556,0,1,0.8765756850032647,1,0,0.0,77.25573487654997,278.12064555557987,540.7901441358498,discount_offer,20,77.25573487654997
103649,13.0,14543.32,1118.716923076923,2023-03-10,2024-12-21,1.0,8.846153846153847,7.0,4.0,193.0,652.0,0.598159509202454,0.0769230769230769,0.5384615384615384,Sports & Outdoors,3.325,4.0,8.0,4.666666666666667,2023-01-01,Central,Direct,41,Sports & Outdoors,913,5814.142168674698,0,1,0.8763784427937356,1,0,0.0,254.76944299822622,917.1699947936144,1783.3861009875834,discount_offer,250,917.1699947936144
100594,3.0,2815.88,938.6266666666668,2024-04-05,2024-12-09,0.0,6.666666666666667,1.0,2.0,205.0,248.0,0.3629032258064515,0.0,0.3333333333333333,Sports & Outdoors,3.8,2.0,6.0,4.333333333333333,2024-02-11,North,Organic Search,18,Home & Kitchen,507,2027.2114398422093,0,1,0.8750619927223748,1,0,0.0,88.69678411089592,319.3084227992253,620.8774887762714,discount_offer,20,88.69678411089592
102475,7.0,3666.04,523.72,2023-08-01,2025-03-11,1.0,9.285714285714286,4.0,2.0,113.0,588.0,0.3571428571428571,0.1428571428571428,0.5714285714285714,Grocery,3.35,4.0,8.0,5.0,2023-04-27,West,Social Media,18,Grocery,797,1678.9267252195734,0,1,0.8748174153293103,1,1,0.0,73.43771691419452,264.37578089110025,514.0640183993617,discount_offer,20,73.43771691419452
102057,5.0,5143.67,1028.734,2024-03-14,2024-12-12,0.0,2.0,1.0,2.0,202.0,273.0,0.5494505494505495,0.0,0.2,Beauty & Personal Care,4.2,4.0,7.0,3.333333333333333,2023-01-01,East,Referral,41,Beauty & Personal Care,913,2056.3412376779847,0,1,0.8745794669763244,1,0,0.0,89.92169117849237,323.71808824257243,629.4518382494465,discount_offer,20,89.92169117849237
101259,7.0,5181.389999999999,740.1985714285713,2023-08-27,2025-03-11,0.0,12.857142857142858,5.0,3.0,113.0,562.0,0.3736654804270462,0.0,0.7142857142857143,Fashion,3.2,6.0,3.0,4.666666666666667,2023-08-07,Central,Referral,35,Fashion,695,2721.1616546762584,0,1,0.8741491501026734,1,0,0.0,118.93505738636179,428.1662065909024,832.5454017045323,discount_offer,20,118.93505738636179
102152,4.0,3793.36,948.34,2023-12-29,2025-03-24,2.0,7.5,2.0,1.0,100.0,451.0,0.2660753880266075,0.5,0.5,Fashion,2.3,2.0,6.0,2.6666666666666665,2023-11-13,East,Organic Search,34,Fashion,597,2319.223450586265,0,1,0.8731860340465417,1,1,0.0,101.25567634425782,364.5204348393281,708.7897344098046,discount_offer,20,101.25567634425782
100290,5.0,7181.29,1436.258,2024-04-24,2024-10-15,1.0,4.0,1.0,1.0,260.0,174.0,0.8620689655172414,0.2,0.2,Home & Kitchen,3.7,2.0,7.0,4.0,2024-04-18,North,Email,31,Home & Kitchen,440,5957.206477272728,0,1,0.8722100865216332,1,0,0.0,259.796778848464,935.2684038544703,1818.5774519392478,discount_offer,250,935.2684038544703
103764,3.0,2208.16,736.0533333333333,2024-05-06,2024-11-08,1.0,13.333333333333334,2.0,1.0,236.0,186.0,0.4838709677419354,0.3333333333333333,0.6666666666666666,Toys & Games,2.4,1.0,4.0,3.6666666666666665,2024-03-21,Central,Organic Search,20,Toys & Games,468,1722.1760683760683,0,1,0.8717710599605542,1,0,0.0,75.06716282834525,270.24178618204286,525.4701397984167,discount_offer,20,75.06716282834525
101208,4.0,2447.13,611.7825,2023-10-12,2024-04-06,2.0,12.5,3.0,2.0,452.0,177.0,0.6779661016949152,0.5,0.75,Grocery,3.4,1.0,7.0,3.333333333333333,2023-07-23,Central,Referral,26,Grocery,710,1258.03161971831,0,1,0.8716018417711584,1,0,0.0,54.82513383764163,197.37048181550986,383.7759368634913,discount_offer,0,0.0
101419,8.0,6618.85,827.35625,2023-01-20,2024-10-11,1.0,3.75,2.0,3.0,264.0,630.0,0.3809523809523809,0.125,0.25,Toys & Games,4.0,5.0,9.0,5.0,2023-01-01,West,Referral,52,Toys & Games,913,2646.0900876232204,0,1,0.8715737884189291,1,0,0.0,115.31313810837732,415.1272971901583,807.191966758641,discount_offer,20,115.31313810837732
102008,8.0,7139.63,892.45375,2023-12-01,2025-02-14,2.0,8.125,6.0,3.0,138.0,441.0,0.54421768707483,0.25,0.75,Fashion,2.2750000000000004,4.0,5.0,5.666666666666667,2023-06-18,Central,Organic Search,40,Fashion,745,3497.939530201342,0,1,0.8713301795957382,1,0,0.0,152.3930139532684,548.6148502317662,1066.7510976728786,discount_offer,20,152.3930139532684
102781,5.0,7612.58,1522.516,2024-03-08,2025-01-16,0.0,1.0,1.0,2.0,167.0,314.0,0.4777070063694267,0.0,0.2,Home & Kitchen,2.2,2.0,4.0,5.666666666666667,2024-02-02,East,Social Media,36,Home & Kitchen,516,5384.867635658915,0,1,0.8711587873761896,1,0,0.0,234.55373798309546,844.3934567391436,1641.876165881668,discount_offer,20,234.55373798309546
101984,5.0,4238.27,847.6540000000001,2024-04-01,2025-03-01,0.0,3.0,1.0,2.0,123.0,334.0,0.4491017964071856,0.0,0.2,Fashion,3.4,3.0,6.0,6.333333333333333,2024-03-18,Central,Paid Ads,18,Fashion,471,3284.4342887473463,0,1,0.8709158643216507,1,0,0.0,143.0232963696031,514.883866930571,1001.1630745872213,discount_offer,20,143.0232963696031
102243,8.0,8171.87,1021.48375,2023-06-09,2024-05-18,2.0,10.625,5.0,2.0,410.0,344.0,0.6976744186046512,0.25,0.625,Home & Kitchen,3.62,5.0,9.0,5.0,2023-05-15,West,Social Media,34,Home & Kitchen,779,3828.924967907574,0,1,0.8708824679151206,1,0,0.0,166.72718127565858,600.2178525923708,1167.0902689296101,discount_offer,20,166.72718127565858
103698,3.0,4015.64,1338.5466666666666,2024-02-10,2025-03-03,0.0,6.666666666666667,1.0,2.0,121.0,387.0,0.2325581395348837,0.0,0.3333333333333333,Fashion,3.75,2.0,9.0,4.0,2023-08-24,Central,Social Media,41,Fashion,678,2161.81209439528,0,1,0.870798954346715,1,0,0.0,94.12518556467458,338.8506680328285,658.876298952722,discount_offer,20,94.12518556467458
103168,2.0,3532.26,1766.13,2024-09-28,2025-04-04,1.0,0.0,0.0,2.0,89.0,188.0,0.3191489361702128,0.5,0.0,Electronics,2.6,2.0,7.0,5.666666666666667,2024-02-18,East,Paid Ads,33,Books,500,2578.5498,0,1,0.8707200400232115,1,1,0.0,112.25974925289219,404.1350973104119,785.8182447702453,discount_offer,20,112.25974925289219
104210,6.0,7261.110000000001,1210.1850000000002,2024-05-23,2024-10-17,1.0,3.333333333333333,2.0,3.0,258.0,147.0,1.2244897959183672,0.1666666666666666,0.3333333333333333,Fashion,2.8,1.0,3.0,3.0,2024-01-25,Central,Organic Search,33,Fashion,524,5057.834255725191,0,1,0.8688342316427184,1,0,0.0,219.72097696746084,790.995517082859,1538.0468387722258,discount_offer,20,219.72097696746084
100073,4.0,2312.63,578.1575,2023-06-04,2025-03-15,0.0,12.5,3.0,3.0,109.0,650.0,0.1846153846153846,0.0,0.75,Grocery,2.566666666666667,3.0,5.0,5.666666666666667,2023-03-17,North,Email,18,Beauty & Personal Care,838,1007.291109785203,0,1,0.8685122904952496,1,0,0.0,43.742235447752435,157.47204761190875,306.19564813426695,discount_offer,0,0.0
105391,2.0,2053.86,1026.93,2024-05-21,2024-10-31,0.0,7.5,1.0,2.0,244.0,163.0,0.3680981595092024,0.0,0.5,Books,4.037037037037037,0.0,10.0,5.0,2024-05-14,East,Referral,35,Fashion,414,1810.7702898550724,0,1,0.8684261736812998,1,0,0.0,78.62601571173093,283.05365656223137,550.3821099821165,discount_offer,20,78.62601571173093
100529,5.0,4766.75,953.35,2024-05-31,2024-11-26,0.0,5.0,2.0,2.0,218.0,179.0,0.8379888268156425,0.0,0.4,Home & Kitchen,3.4333333333333336,3.0,5.0,3.6666666666666665,2024-05-03,West,Direct,22,Home & Kitchen,425,4093.79705882353,0,1,0.8672540382842352,1,0,0.0,177.51810155904158,639.0651656125495,1242.6267109132907,discount_offer,20,177.51810155904158
100261,13.0,18066.42,1389.7246153846152,2023-07-18,2025-03-06,2.0,6.153846153846154,5.0,4.0,118.0,597.0,0.6532663316582915,0.1538461538461538,0.3846153846153846,Fashion,3.41,10.0,4.0,6.0,2023-06-14,East,Organic Search,18,Fashion,749,8804.063150867822,0,1,0.867212597501862,1,0,0.0,381.7497236817255,1374.299005254212,2672.2480657720785,discount_offer,250,1374.299005254212
105510,11.0,12721.82,1156.5290909090909,2023-02-15,2024-11-25,1.0,5.0,5.0,5.0,219.0,649.0,0.5084745762711864,0.0909090909090909,0.4545454545454545,Books,2.966666666666667,6.0,9.0,6.333333333333333,2023-01-25,Central,Organic Search,42,Books,889,5223.244431946006,0,1,0.8664070265934964,1,0,0.0,226.27278387266878,814.5820219416076,1583.9094871086816,discount_offer,20,226.27278387266878
100372,8.0,4877.5,609.6875,2023-09-05,2024-10-29,0.0,10.0,4.0,3.0,246.0,420.0,0.5714285714285714,0.0,0.5,Grocery,4.228571428571429,7.0,8.0,3.6666666666666665,2023-08-12,East,Direct,37,Grocery,690,2580.126811594203,0,1,0.8652562616311448,1,0,0.0,111.62354397671427,401.8447583161713,781.3648078369997,discount_offer,20,111.62354397671427
103743,12.0,15819.73,1318.3108333333334,2023-01-08,2024-04-24,2.0,5.416666666666667,3.0,4.0,434.0,472.0,0.7627118644067797,0.1666666666666666,0.25,Fashion,3.41,10.0,6.0,3.0,2023-01-01,West,Organic Search,22,Fashion,913,6324.42656078861,0,1,0.8651790533780043,1,1,0.0,273.58806925108985,984.9170493039234,1915.116484757629,discount_offer,250,984.9170493039234
103207,6.0,2834.86,472.4766666666667,2023-11-09,2025-01-26,0.0,9.166666666666666,2.0,3.0,157.0,444.0,0.4054054054054054,0.0,0.3333333333333333,Toys & Games,3.533333333333333,3.0,5.0,5.666666666666667,2023-10-30,Central,Social Media,40,Toys & Games,611,1693.492471358429,0,1,0.8650083358073988,1,0,0.0,73.24425521760568,263.67931878338044,512.7097865232397,discount_offer,20,73.24425521760568
101638,4.0,2339.41,584.8525,2023-06-04,2024-12-22,0.0,8.75,2.0,2.0,192.0,567.0,0.2116402116402116,0.0,0.5,Grocery,4.166666666666667,3.0,9.0,2.333333333333333,2023-05-04,North,Organic Search,27,Books,790,1080.8666455696202,0,1,0.8646931006139433,1,0,0.0,46.73089655538936,168.23122759940165,327.1162758877254,discount_offer,0,0.0
104444,13.0,5999.889999999999,461.53,2023-01-03,2024-05-03,2.0,4.615384615384615,5.0,6.0,425.0,486.0,0.8024691358024691,0.1538461538461538,0.3846153846153846,Beauty & Personal Care,3.3000000000000003,7.0,2.0,4.666666666666667,2023-01-01,Central,Social Media,27,Beauty & Personal Care,913,2398.641675794085,0,1,0.8644194156307856,1,0,0.0,103.67162178487857,373.21783842556283,725.70135249415,discount_offer,20,103.67162178487857
102576,9.0,10284.36,1142.7066666666667,2023-02-05,2024-04-14,0.0,3.888888888888889,4.0,1.0,444.0,434.0,0.6221198156682027,0.0,0.4444444444444444,Fashion,3.625,4.0,7.0,3.6666666666666665,2023-01-01,North,Direct,49,Fashion,913,4111.491128148959,0,1,0.8643060534880865,1,0,0.0,177.6793335460854,639.6456007659074,1243.7553348225977,discount_offer,20,177.6793335460854
105792,5.0,4066.66,813.332,2024-02-20,2025-03-04,2.0,2.0,1.0,3.0,120.0,378.0,0.3968253968253968,0.4,0.2,Fashion,2.25,2.0,11.0,6.0,2023-12-08,Central,Organic Search,39,Fashion,572,2594.984090909091,0,1,0.8636543180274474,1,1,0.0,112.05846076630833,403.4104587587099,784.4092253641581,discount_offer,20,112.05846076630833
103201,7.0,6152.16,878.88,2023-01-25,2024-07-06,0.0,5.714285714285714,3.0,3.0,361.0,528.0,0.3977272727272727,0.0,0.4285714285714285,Toys & Games,3.38,5.0,5.0,3.0,2023-01-01,South,Paid Ads,53,Toys & Games,913,2459.5163198247533,0,1,0.8632944579768838,1,0,0.0,106.16434041042052,382.1916254775138,743.1503828729435,discount_offer,20,106.16434041042052
100387,5.0,4949.55,989.91,2024-05-27,2024-11-13,0.0,1.0,1.0,2.0,231.0,170.0,0.8823529411764706,0.0,0.2,Beauty & Personal Care,3.35,2.0,3.0,6.0,2024-05-26,East,Organic Search,24,Beauty & Personal Care,402,4493.994402985075,0,1,0.8632797392971518,1,0,0.0,193.97871583059077,698.3233769901267,1357.851010814135,discount_offer,20,193.97871583059077
101865,9.0,16367.24,1818.5822222222223,2024-03-08,2025-03-06,1.0,8.333333333333334,6.0,1.0,118.0,363.0,0.7438016528925621,0.1111111111111111,0.6666666666666666,Home & Kitchen,2.983333333333333,6.0,5.0,4.333333333333333,2024-01-29,Central,Organic Search,39,Home & Kitchen,520,11488.543461538462,0,1,0.8620825081493251,1,0,0.0,495.20361811528034,1782.733025215009,3466.425326806962,discount_offer,250,1782.733025215009
101169,10.0,12653.51,1265.351,2023-02-23,2024-09-03,2.0,2.5,2.0,2.0,302.0,558.0,0.5376344086021505,0.2,0.2,Fashion,3.742857142857143,7.0,8.0,5.666666666666667,2023-01-01,East,Organic Search,42,Fashion,913,5058.632146768894,0,1,0.861959641820235,1,0,0.0,218.01683766646212,784.8606155992636,1526.1178636652348,discount_offer,20,218.01683766646212
103010,7.0,4233.09,604.7271428571429,2023-10-13,2024-11-11,0.0,5.714285714285714,4.0,2.0,233.0,395.0,0.5316455696202532,0.0,0.5714285714285714,Beauty & Personal Care,3.475,4.0,6.0,7.0,2023-08-13,North,Social Media,31,Beauty & Personal Care,689,2242.493251088534,0,1,0.8616126364780834,1,1,0.0,96.60802611773504,347.7888940238461,676.2561828241451,discount_offer,20,96.60802611773504
103143,6.0,10374.72,1729.12,2023-12-10,2025-02-12,0.0,0.0,0.0,2.0,140.0,430.0,0.4186046511627906,0.0,0.0,Sports & Outdoors,2.6,3.0,7.0,4.333333333333333,2023-11-18,West,Paid Ads,18,Sports & Outdoors,592,6396.575675675676,0,1,0.8615284710485376,1,0,0.0,275.54160309055663,991.9497711260036,1928.7912216338957,discount_offer,250,991.9497711260036
100410,7.0,6548.29,935.47,2024-04-05,2025-01-02,1.0,6.428571428571429,4.0,3.0,181.0,272.0,0.7720588235294118,0.1428571428571428,0.5714285714285714,Fashion,3.425,4.0,8.0,6.666666666666667,2024-03-26,Central,Direct,28,Fashion,463,5162.258855291577,0,1,0.8610400536517798,1,0,0.0,222.24558208623174,800.0840955104342,1555.719074603622,discount_offer,20,222.24558208623174
100720,9.0,4783.0,531.4444444444445,2023-03-06,2024-10-17,0.0,11.11111111111111,7.0,2.0,258.0,591.0,0.4568527918781726,0.0,0.7777777777777778,Grocery,3.3857142857142857,7.0,8.0,4.333333333333333,2023-01-01,Central,Paid Ads,45,Grocery,913,1912.1522453450164,0,1,0.8602457505811998,1,1,0.0,82.24604217611751,296.085751834023,575.7222952328225,discount_offer,20,82.24604217611751
101273,4.0,4016.54,1004.135,2023-11-08,2025-03-05,0.0,5.0,1.0,3.0,119.0,483.0,0.248447204968944,0.0,0.25,Home & Kitchen,4.55,2.0,7.0,4.666666666666667,2023-10-16,North,Organic Search,40,Home & Kitchen,625,2345.659360000001,0,1,0.8598863305134264,1,0,0.0,100.85002098524366,363.0600755468772,705.9501468967055,discount_offer,20,100.85002098524366
101889,4.0,5292.19,1323.0475,2024-03-13,2024-07-10,0.0,5.0,2.0,2.0,357.0,119.0,1.0084033613445378,0.0,0.5,Home & Kitchen,3.266666666666667,3.0,9.0,4.666666666666667,2024-01-26,Central,Organic Search,32,Home & Kitchen,523,3693.402198852773,0,1,0.859214297689809,1,1,0.0,158.67119881866407,571.2163157471906,1110.6983917306484,discount_offer,20,158.67119881866407
101023,2.0,1351.36,675.6800000000001,2024-10-03,2025-04-02,0.0,0.0,0.0,2.0,91.0,181.0,0.3314917127071823,0.0,0.0,Books,3.1,2.0,3.0,4.333333333333333,2024-03-18,North,Direct,46,Books,471,1047.2322717622085,0,1,0.8590639058844022,1,0,0.0,44.981972287411935,161.93510023468292,314.8738060118835,discount_offer,0,0.0
105092,6.0,8273.32,1378.8866666666663,2024-04-12,2024-11-14,0.0,4.166666666666667,1.0,1.0,230.0,216.0,0.8333333333333333,0.0,0.1666666666666666,Home & Kitchen,3.4333333333333336,3.0,7.0,3.6666666666666665,2024-02-04,Central,Paid Ads,28,Home & Kitchen,514,5875.022957198444,0,1,0.8588070170612019,1,0,0.0,252.27554705188385,908.1919693867817,1765.9288293631867,discount_offer,250,908.1919693867817
101194,10.0,9529.77,952.977,2023-03-27,2025-01-16,0.0,5.0,4.0,4.0,167.0,661.0,0.453857791225416,0.0,0.4,Beauty & Personal Care,3.1,4.0,10.0,4.666666666666667,2023-02-21,South,Social Media,36,Beauty & Personal Care,862,4035.227436194896,0,1,0.8586694999039807,1,0,0.0,173.24633623181467,623.6868104345327,1212.7243536227027,discount_offer,20,173.24633623181467
103258,8.0,7792.18,974.0225,2023-10-13,2025-01-24,2.0,8.125,4.0,3.0,159.0,469.0,0.511727078891258,0.25,0.5,Sports & Outdoors,3.216666666666667,6.0,8.0,5.333333333333333,2023-09-28,East,Paid Ads,50,Sports & Outdoors,643,4423.243701399689,0,1,0.8579581801769849,1,0,0.0,189.74790582660938,683.0924609757938,1328.2353407862656,discount_offer,20,189.74790582660938
103849,5.0,3939.67,787.934,2024-01-08,2024-10-18,0.0,7.0,2.0,4.0,257.0,284.0,0.528169014084507,0.0,0.4,Fashion,3.233333333333333,3.0,8.0,4.333333333333333,2023-11-17,North,Organic Search,58,Fashion,593,2424.923355817876,0,1,0.857393300323553,1,1,0.0,103.95565195381772,374.2403470337438,727.689563676724,discount_offer,20,103.95565195381772
101139,10.0,13636.95,1363.6950000000002,2024-02-21,2025-03-08,2.0,6.5,5.0,5.0,116.0,381.0,0.7874015748031497,0.2,0.5,Home & Kitchen,3.442857142857143,7.0,5.0,5.0,2024-02-09,West,Referral,18,Home & Kitchen,509,9778.95235756385,0,1,0.8567209288402436,1,0,0.0,418.89165734282966,1508.0099664341865,2932.241601399807,discount_offer,250,1508.0099664341865
104360,5.0,2439.32,487.8639999999999,2023-12-24,2025-02-04,0.0,0.0,0.0,2.0,148.0,408.0,0.3676470588235294,0.0,0.0,Grocery,4.633333333333334,3.0,7.0,5.0,2023-05-13,East,Direct,38,Grocery,781,1140.015108834827,0,1,0.8566706865974706,1,0,0.0,48.830876300851074,175.79115468306384,341.8161341059575,discount_offer,0,0.0
103650,10.0,5894.41,589.441,2023-01-29,2024-04-13,1.0,7.5,5.0,2.0,445.0,440.0,0.6818181818181819,0.1,0.5,Beauty & Personal Care,3.86,5.0,9.0,5.666666666666667,2023-01-01,East,Social Media,40,Beauty & Personal Care,913,2356.4727820372395,0,1,0.856505518694233,1,0,0.0,100.9165971233824,363.29974964417664,706.4161798636768,discount_offer,20,100.9165971233824
103565,2.0,2128.86,1064.43,2024-07-19,2024-10-14,0.0,12.5,1.0,1.0,261.0,87.0,0.6896551724137931,0.0,0.5,Fashion,3.7,1.0,10.0,4.666666666666667,2024-02-22,West,Direct,23,Fashion,496,1566.6006048387096,0,1,0.8564669182863605,1,0,0.0,67.08707961058789,241.51348659811643,469.6095572741153,discount_offer,20,67.08707961058789
103518,5.0,4943.47,988.694,2024-02-06,2024-12-05,0.0,6.0,2.0,3.0,209.0,303.0,0.495049504950495,0.0,0.4,Books,3.4,2.0,7.0,6.666666666666667,2024-01-23,East,Social Media,46,Books,526,3430.3546577946768,0,1,0.8563719143503361,1,1,0.0,146.882969259811,528.7786893353195,1028.1807848186766,discount_offer,20,146.882969259811
104879,5.0,5653.28,1130.656,2023-09-18,2023-12-26,0.0,10.0,2.0,2.0,554.0,99.0,1.5151515151515151,0.0,0.4,Sports & Outdoors,4.7,3.0,8.0,2.6666666666666665,2023-07-10,East,Paid Ads,46,Sports & Outdoors,723,2854.007192254495,1,0,0.85622567435501,1,1,0.0,122.18371164010769,439.8613619043876,855.2859814807537,discount_offer,20,122.18371164010769
103221,11.0,8662.72,787.52,2023-01-01,2024-04-16,0.0,11.818181818181818,8.0,5.0,442.0,471.0,0.7006369426751593,0.0,0.7272727272727273,Books,3.9,7.0,8.0,4.333333333333333,2023-01-01,West,Direct,42,Books,913,3463.190361445784,0,1,0.8550982335840431,1,0,0.0,148.0683980318787,533.0462329147633,1036.4787862231508,discount_offer,20,148.0683980318787
100758,13.0,18985.69,1460.4376923076925,2023-03-26,2025-01-31,1.0,7.3076923076923075,5.0,5.0,152.0,677.0,0.5760709010339734,0.0769230769230769,0.3846153846153846,Beauty & Personal Care,3.15,6.0,6.0,6.333333333333333,2023-03-10,West,Paid Ads,42,Beauty & Personal Care,845,8200.919349112426,0,1,0.8548766787773567,1,0,0.0,350.53873480450966,1261.9394452962347,2453.771143631567,discount_offer,250,1261.9394452962347
102343,5.0,4958.98,991.796,2024-06-06,2025-02-03,0.0,2.0,1.0,2.0,149.0,242.0,0.6198347107438017,0.0,0.2,Toys & Games,2.3,2.0,10.0,3.6666666666666665,2024-01-18,West,Email,46,Toys & Games,531,3408.715065913371,0,1,0.8548750643946977,1,0,0.0,145.70127557379348,524.5245920656565,1019.9089290165542,discount_offer,20,145.70127557379348
104330,11.0,10832.19,984.7445454545456,2023-02-07,2024-12-21,1.0,5.454545454545454,4.0,6.0,193.0,683.0,0.4831625183016105,0.0909090909090909,0.3636363636363636,Books,3.7,4.0,10.0,5.333333333333333,2023-01-14,East,Paid Ads,23,Books,900,4393.054833333334,0,1,0.8546385642108014,1,0,0.0,187.7237037629661,675.8053335466778,1314.0659263407624,discount_offer,20,187.7237037629661
103152,7.0,8025.59,1146.5128571428572,2023-05-12,2024-10-17,1.0,5.714285714285714,3.0,4.0,258.0,524.0,0.400763358778626,0.1428571428571428,0.4285714285714285,Toys & Games,3.9333333333333336,3.0,5.0,5.0,2023-04-13,Central,Direct,43,Toys & Games,811,3612.0102959309497,0,1,0.8543293509709012,1,0,0.0,154.29232059114506,555.4523541281222,1080.0462441380155,discount_offer,20,154.29232059114506
102457,8.0,5943.14,742.8925,2024-04-02,2025-01-31,1.0,8.75,5.0,4.0,152.0,304.0,0.7894736842105263,0.125,0.625,Books,3.533333333333333,3.0,8.0,4.333333333333333,2024-03-24,Central,Email,21,Books,465,4665.045376344086,0,1,0.8534611508002078,1,0,0.0,199.07174977149063,716.6582991773662,1393.5022484004342,discount_offer,20,199.07174977149063
104316,16.0,28171.76,1760.735,2023-02-07,2024-12-16,0.0,5.3125,6.0,6.0,198.0,678.0,0.7079646017699115,0.0,0.375,Home & Kitchen,3.242857142857143,7.0,6.0,6.0,2023-01-01,North,Organic Search,18,Home & Kitchen,913,11262.532749178534,0,1,0.8532212776037928,1,0,0.0,480.4716290654333,1729.6978646355599,3363.3014034580333,discount_offer,250,1729.6978646355599
102076,6.0,4067.74,677.9566666666666,2024-02-03,2024-08-20,0.0,4.166666666666667,2.0,4.0,316.0,199.0,0.9045226130653266,0.0,0.3333333333333333,Fashion,3.7,1.0,8.0,5.666666666666667,2024-02-03,West,Paid Ads,33,Fashion,515,2882.961359223301,0,1,0.8531811382471672,1,0,0.0,122.98441269923681,442.7438857172525,860.8908888946577,discount_offer,20,122.98441269923681
100108,4.0,3173.9,793.475,2024-02-13,2024-12-03,1.0,8.75,2.0,3.0,211.0,294.0,0.4081632653061224,0.25,0.5,Beauty & Personal Care,4.8,1.0,7.0,5.0,2023-11-30,North,Organic Search,40,Beauty & Personal Care,580,1997.368103448276,0,1,0.8529115020637719,1,0,0.0,85.17891146431683,306.6440812715406,596.2523802502177,discount_offer,20,85.17891146431683
104074,2.0,3395.4300000000003,1697.715,2024-03-17,2025-02-06,0.0,7.5,1.0,1.0,146.0,326.0,0.1840490797546012,0.0,0.5,Beauty & Personal Care,3.5,1.0,8.0,3.0,2024-02-10,West,Direct,39,Beauty & Personal Care,508,2439.629822834646,0,1,0.8528530781640237,1,0,0.0,104.03229019926397,374.5162447173503,728.2260313948477,discount_offer,20,104.03229019926397
103339,9.0,18355.08,2039.4533333333336,2023-11-07,2024-11-30,1.0,3.333333333333333,2.0,5.0,214.0,389.0,0.6940874035989717,0.1111111111111111,0.2222222222222222,Home & Kitchen,3.633333333333333,3.0,11.0,7.0,2023-08-01,East,Organic Search,43,Home & Kitchen,701,9557.209985734666,0,1,0.8513242961481753,1,0,0.0,406.81425321229386,1464.5313115642575,2847.699772486056,discount_offer,250,1464.5313115642575
100576,8.0,5449.95,681.24375,2023-05-21,2024-01-02,1.0,3.125,2.0,3.0,547.0,226.0,1.0619469026548674,0.125,0.25,Books,3.5,4.0,12.0,5.666666666666667,2023-05-11,West,Direct,38,Books,783,2540.5258620689656,0,1,0.8512819836944086,1,0,0.0,108.13519477445082,389.28670118802296,756.9463634211558,discount_offer,20,108.13519477445082
103387,4.0,1719.92,429.98,2023-11-08,2024-08-13,0.0,5.0,2.0,1.0,323.0,279.0,0.4301075268817204,0.0,0.5,Beauty & Personal Care,3.95,2.0,6.0,5.666666666666667,2023-10-02,South,Paid Ads,48,Beauty & Personal Care,639,982.4269170579032,0,1,0.851212115493697,1,0,0.0,41.81268471934043,150.52566498962554,292.68879303538296,discount_offer,0,0.0
103286,4.0,1691.84,422.96,2023-12-22,2024-10-14,0.0,7.5,2.0,1.0,261.0,297.0,0.404040404040404,0.0,0.5,Books,3.95,2.0,11.0,4.666666666666667,2023-06-21,South,Paid Ads,36,Books,742,832.2393530997304,0,1,0.8509550553269364,1,0,0.0,35.40991423811174,127.47569125720226,247.86939966678213,discount_offer,0,0.0
101069,3.0,1794.94,598.3133333333334,2024-05-28,2024-12-18,0.0,8.333333333333334,2.0,1.0,196.0,204.0,0.4411764705882353,0.0,0.6666666666666666,Books,3.95,2.0,4.0,4.666666666666667,2024-02-24,Central,Paid Ads,28,Books,494,1326.2208502024291,0,1,0.8505841171439947,1,1,0.0,56.40311955036957,203.0512303813304,394.8218368525869,discount_offer,20,56.40311955036957
103492,5.0,1939.14,387.828,2023-01-20,2023-10-05,0.0,10.0,3.0,4.0,636.0,258.0,0.5813953488372093,0.0,0.6,Toys & Games,4.037037037037037,0.0,10.0,4.0,2023-01-01,East,Organic Search,36,Toys & Games,913,775.2312157721796,0,1,0.8498429258494454,1,0,0.0,32.94123823108259,118.58845763189733,230.58866761757812,discount_offer,0,0.0
104376,3.0,1764.24,588.08,2023-05-05,2023-09-18,0.0,10.0,3.0,3.0,653.0,136.0,0.6617647058823529,0.0,1.0,Fashion,4.1,2.0,6.0,4.333333333333333,2023-01-01,Central,Direct,36,Fashion,913,705.3095290251916,0,1,0.8497781929411425,1,0,0.0,29.967832851959784,107.88419826705521,209.77482996371847,discount_offer,0,0.0
101909,2.0,1568.33,784.165,2024-02-28,2024-11-19,0.0,12.5,1.0,2.0,225.0,265.0,0.2264150943396226,0.0,0.5,Books,4.3,1.0,8.0,2.0,2023-06-29,West,Organic Search,31,Sports & Outdoors,734,779.891621253406,0,1,0.8492672825260557,1,1,0.0,33.116821892336,119.22055881240959,231.81775324635197,discount_offer,0,0.0
100067,2.0,2421.17,1210.585,2024-03-09,2024-03-17,0.0,7.5,1.0,2.0,472.0,8.0,7.5,0.0,0.5,Beauty & Personal Care,4.2,1.0,8.0,5.333333333333333,2024-03-02,South,Social Media,52,Beauty & Personal Care,487,1814.6345995893223,0,1,0.8480693166633935,1,0,0.0,76.94679624337336,277.00846647614406,538.6275737036135,discount_offer,20,76.94679624337336
102871,8.0,7686.25,960.78125,2023-01-02,2024-11-20,1.0,5.0,3.0,3.0,224.0,688.0,0.3488372093023256,0.125,0.375,Beauty & Personal Care,4.1571428571428575,7.0,6.0,4.666666666666667,2023-01-01,South,Organic Search,48,Beauty & Personal Care,913,3072.816265060241,0,1,0.8476050735907057,1,0,0.0,130.22673282385517,468.81623816587853,911.587129766986,discount_offer,20,130.22673282385517
104767,9.0,7675.71,852.8566666666667,2023-10-19,2025-01-11,0.0,5.0,2.0,5.0,172.0,450.0,0.6,0.0,0.2222222222222222,Books,3.1333333333333333,6.0,10.0,5.333333333333333,2023-10-08,West,Email,25,Books,633,4425.962322274881,0,1,0.847560763678749,1,0,0.0,187.56360029403342,675.2289610585202,1312.9452020582335,discount_offer,20,187.56360029403342
103801,11.0,17238.42,1567.1290909090908,2023-08-29,2024-10-07,0.0,9.545454545454543,9.0,1.0,268.0,405.0,0.8148148148148148,0.0,0.8181818181818182,Home & Kitchen,3.7142857142857135,7.0,6.0,7.0,2023-07-03,East,Organic Search,28,Home & Kitchen,730,8619.21,0,1,0.8462284374794546,1,0,0.0,364.6910305303645,1312.887709909312,2552.837213712551,discount_offer,250,1312.887709909312
101842,2.0,2480.31,1240.155,2024-07-07,2024-07-19,0.0,7.5,1.0,2.0,348.0,12.0,5.0,0.0,0.5,Fashion,4.3,2.0,11.0,5.0,2024-05-28,North,Direct,38,Fashion,400,2263.282875,0,1,0.8461028595479282,1,0,0.0,95.74850562516781,344.6946202506041,670.2395393761745,discount_offer,20,95.74850562516781
102778,10.0,3889.02,388.902,2023-03-09,2025-03-12,1.0,6.5,5.0,3.0,112.0,734.0,0.4087193460490463,0.1,0.5,Grocery,3.5666666666666664,6.0,7.0,2.0,2023-02-12,South,Organic Search,19,Grocery,871,1629.7270952927668,0,1,0.8457009972911298,1,0,0.0,68.91309149007346,248.0871293642644,482.3916404305141,discount_offer,20,68.91309149007346
105081,9.0,18849.94,2094.4377777777777,2023-10-11,2024-09-28,2.0,4.444444444444445,3.0,5.0,277.0,353.0,0.7648725212464589,0.2222222222222222,0.3333333333333333,Electronics,3.25,6.0,7.0,6.0,2023-04-15,North,Paid Ads,52,Electronics,809,8504.608281829418,0,1,0.845053126514343,1,0,0.0,359.3422909169862,1293.6322473011503,2515.3960364189033,discount_offer,250,1293.6322473011503
104477,7.0,4668.77,666.9671428571429,2023-01-16,2023-12-03,0.0,10.0,4.0,4.0,577.0,321.0,0.6542056074766356,0.0,0.5714285714285714,Books,4.4,1.0,7.0,5.0,2023-01-01,West,Email,34,Books,913,1866.485268346112,0,1,0.8447360919739222,1,1,0.0,78.83437356547961,283.80374483572655,551.8406149583573,discount_offer,20,78.83437356547961
102667,9.0,6048.84,672.0933333333334,2023-07-01,2024-08-15,0.0,1.6666666666666667,2.0,2.0,321.0,411.0,0.6569343065693432,0.0,0.2222222222222222,Grocery,3.875,4.0,7.0,6.0,2023-06-29,North,Email,35,Grocery,734,3007.9381471389647,0,1,0.8443439693171888,1,0,0.0,126.98672173079521,457.15219823086267,888.9070521155662,discount_offer,20,126.98672173079521
102598,14.0,10376.68,741.1914285714286,2023-02-08,2024-11-14,1.0,7.142857142857143,8.0,4.0,230.0,645.0,0.6511627906976745,0.0714285714285714,0.5714285714285714,Grocery,3.985714285714285,7.0,6.0,4.333333333333333,2023-01-03,East,Organic Search,33,Grocery,911,4157.506256860593,0,1,0.8442302930541824,1,0,0.0,175.49463628020075,631.7806906087227,1228.4624539614051,discount_offer,20,175.49463628020075
101616,4.0,6483.9400000000005,1620.985,2023-01-05,2023-10-15,1.0,8.75,3.0,3.0,626.0,283.0,0.4240282685512367,0.25,0.75,Fashion,4.3,2.0,8.0,5.333333333333333,2023-01-01,North,Organic Search,18,Fashion,913,2592.155640744797,0,1,0.844124161900487,1,0,0.0,109.40506038796609,393.85821739667784,765.8354227157624,discount_offer,20,109.40506038796609
105537,11.0,7883.29,716.6627272727272,2023-04-12,2024-12-26,0.0,8.636363636363637,5.0,4.0,188.0,624.0,0.5288461538461539,0.0,0.4545454545454545,Toys & Games,3.771428571428572,7.0,5.0,2.333333333333333,2023-03-12,East,Social Media,40,Toys & Games,843,3413.286892052194,0,1,0.8434565600682085,1,0,0.0,143.9479610248125,518.212659689325,1007.6357271736874,discount_offer,20,143.9479610248125
102710,2.0,4136.15,2068.075,2024-03-19,2024-03-24,0.0,0.0,0.0,1.0,465.0,5.0,12.0,0.0,0.0,Fashion,4.6,1.0,6.0,2.333333333333333,2024-02-27,South,Social Media,34,Fashion,491,3074.734725050916,0,1,0.8430357137616501,1,0,0.0,129.6055591780515,466.5800130409854,907.2389142463604,discount_offer,20,129.6055591780515
101357,5.0,2466.76,493.352,2023-02-01,2023-12-17,0.0,0.0,0.0,2.0,563.0,319.0,0.4702194357366771,0.0,0.0,Grocery,3.65,4.0,4.0,4.333333333333333,2023-01-01,West,Organic Search,33,Grocery,913,986.1636363636364,0,1,0.8429772213414521,1,1,0.0,41.56567409849002,149.63642675456407,290.9597186894302,discount_offer,0,0.0
104449,3.0,3561.46,1187.1533333333334,2023-09-15,2023-11-11,0.0,5.0,1.0,3.0,599.0,57.0,1.5789473684210529,0.0,0.3333333333333333,Books,3.5,1.0,11.0,4.0,2023-07-01,South,Organic Search,18,Electronics,732,1775.8646174863386,0,1,0.8427460238592769,1,0,0.0,74.83014226494939,269.3885121538177,523.8109958546456,discount_offer,20,74.83014226494939
101301,11.0,11486.58,1044.2345454545457,2023-01-15,2025-05-03,0.0,4.545454545454546,4.0,5.0,60.0,839.0,0.3933253873659118,0.0,0.3636363636363636,Fashion,3.4,6.0,4.0,5.666666666666667,2023-01-01,East,Social Media,46,Fashion,913,4592.115772179627,0,1,0.8427184665140834,1,0,0.0,193.4930380793176,696.5749370855432,1354.451266555223,discount_offer,20,193.4930380793176
100591,6.0,6469.8,1078.3,2023-07-19,2025-02-11,1.0,6.666666666666667,3.0,3.0,141.0,573.0,0.3141361256544502,0.1666666666666666,0.5,Sports & Outdoors,3.9,2.0,3.0,4.666666666666667,2023-07-05,North,Organic Search,45,Sports & Outdoors,728,3243.787087912088,0,1,0.8425824638170449,1,0,0.0,136.6579058315442,491.9684609935591,956.6053408208095,discount_offer,20,136.6579058315442
102599,2.0,2282.91,1141.455,2024-01-02,2024-03-19,0.0,2.5,1.0,1.0,470.0,77.0,0.7792207792207791,0.0,0.5,Beauty & Personal Care,4.2,1.0,8.0,3.0,2023-11-02,Central,Referral,47,Beauty & Personal Care,608,1370.496957236842,0,1,0.841990228867757,1,1,0.0,57.697252334320666,207.7101084035544,403.8807663402446,discount_offer,20,57.697252334320666
104531,11.0,13972.3,1270.209090909091,2024-03-25,2024-12-21,3.0,14.090909090909092,8.0,3.0,193.0,271.0,1.2177121771217712,0.2727272727272727,0.7272727272727273,Fashion,3.4,3.0,7.0,3.0,2024-01-22,Central,Paid Ads,42,Fashion,527,9677.209677419354,0,1,0.8419808883391657,1,0,0.0,407.401280041896,1466.6446081508254,2851.8089602932714,discount_offer,250,1466.6446081508254
102240,6.0,7155.8,1192.6333333333334,2024-03-10,2025-04-14,1.0,2.5,1.0,2.0,79.0,400.0,0.4499999999999999,0.1666666666666666,0.1666666666666666,Home & Kitchen,3.16,5.0,8.0,6.0,2023-10-31,South,Direct,37,Home & Kitchen,610,4281.749180327869,0,1,0.8414263852738961,1,1,0.0,180.13883677263735,648.4998123814943,1260.9718574084611,discount_offer,20,180.13883677263735
103141,8.0,14709.78,1838.7225,2023-05-02,2024-09-28,2.0,10.0,5.0,4.0,277.0,515.0,0.4660194174757281,0.25,0.625,Home & Kitchen,3.0,2.0,5.0,4.333333333333333,2023-04-26,South,Direct,38,Home & Kitchen,798,6728.157518796993,0,1,0.8409435792877301,1,1,0.0,282.9000432934398,1018.4401558563834,1980.3003030540785,discount_offer,250,1018.4401558563834
102348,17.0,14771.93,868.9370588235295,2023-07-17,2024-11-05,2.0,8.235294117647058,10.0,4.0,239.0,477.0,1.069182389937107,0.1176470588235294,0.5882352941176471,Beauty & Personal Care,3.408333333333333,12.0,5.0,4.0,2023-06-28,East,Paid Ads,39,Beauty & Personal Care,735,7335.720340136055,0,1,0.8409430142804654,1,0,0.0,308.4461387376267,1110.4060994554563,2159.122971163387,discount_offer,250,1110.4060994554563
100376,2.0,1843.0,921.5,2024-12-19,2025-01-05,0.0,12.5,1.0,2.0,178.0,17.0,3.5294117647058822,0.0,0.5,Grocery,1.0,1.0,9.0,5.666666666666667,2024-05-21,East,Referral,27,Grocery,407,1652.8132678132677,0,1,0.8407334550407451,1,0,0.0,69.47877045929165,250.1235736534499,486.3513932150415,discount_offer,20,69.47877045929165
104083,10.0,4376.05,437.605,2023-09-25,2024-12-13,0.0,7.0,5.0,2.0,201.0,445.0,0.6741573033707865,0.0,0.5,Books,3.983333333333333,6.0,6.0,4.0,2023-07-14,North,Organic Search,29,Books,719,2221.499652294854,0,1,0.8403515841470752,1,1,0.0,93.34203759940787,336.0313353578683,653.394263195855,discount_offer,20,93.34203759940787
101415,5.0,5233.8,1046.76,2023-05-15,2024-06-13,1.0,12.0,5.0,2.0,384.0,395.0,0.379746835443038,0.2,1.0,Fashion,2.95,2.0,10.0,6.666666666666667,2023-01-01,South,Direct,19,Fashion,913,2092.373493975904,0,1,0.8401489569743394,1,1,0.0,87.8952704282305,316.42297354162974,615.2668929976135,discount_offer,20,87.8952704282305
101769,8.0,5119.19,639.89875,2023-09-21,2025-01-25,0.0,1.25,1.0,3.0,158.0,492.0,0.4878048780487805,0.0,0.125,Toys & Games,3.583333333333333,6.0,4.0,2.6666666666666665,2023-09-10,South,Paid Ads,41,Toys & Games,661,2826.784190620272,0,1,0.8400515349245719,1,0,0.0,118.73221991155366,427.4359916815931,831.1255393808756,discount_offer,20,118.73221991155366
105375,6.0,9383.29,1563.881666666667,2023-09-29,2024-07-02,0.0,0.0,0.0,4.0,365.0,277.0,0.6498194945848376,0.0,0.0,Fashion,3.333333333333333,3.0,12.0,5.333333333333333,2023-09-15,East,Email,37,Fashion,656,5220.885442073171,0,1,0.8400458365980026,1,0,0.0,219.28915394843452,789.4409542143641,1535.0240776390413,discount_offer,20,219.28915394843452
102859,8.0,22190.07,2773.75875,2024-01-15,2024-12-04,1.0,8.75,6.0,4.0,210.0,324.0,0.7407407407407407,0.125,0.75,Electronics,2.85,2.0,8.0,5.333333333333333,2024-01-06,East,Referral,44,Electronics,543,14915.977071823205,0,1,0.8398110617853984,1,0,0.0,626.3301271127252,2254.788457605811,4384.310889789076,discount_offer,250,2254.788457605811
100737,7.0,8309.619999999999,1187.0885714285712,2023-06-14,2024-06-09,0.0,7.857142857142857,4.0,3.0,388.0,361.0,0.5817174515235457,0.0,0.5714285714285714,Sports & Outdoors,4.0,6.0,10.0,3.0,2023-01-01,North,Direct,56,Sports & Outdoors,913,3322.0277108433734,0,1,0.8397354462063485,1,0,0.0,139.48122110374575,502.1323959734846,976.3685477262202,discount_offer,20,139.48122110374575
103204,6.0,10016.56,1669.426666666667,2024-03-26,2024-12-03,1.0,5.0,2.0,4.0,211.0,252.0,0.7142857142857143,0.1666666666666666,0.3333333333333333,Beauty & Personal Care,3.7,4.0,7.0,2.333333333333333,2024-02-20,Central,Referral,30,Beauty & Personal Care,498,7341.454618473896,0,1,0.8392565986122092,1,0,0.0,308.0682115983148,1109.0455617539333,2156.4774811882035,discount_offer,250,1109.0455617539333
100446,5.0,9730.59,1946.118,2023-01-12,2024-10-06,1.0,6.0,2.0,3.0,269.0,633.0,0.2369668246445497,0.2,0.4,Fashion,4.037037037037037,0.0,9.0,5.0,2023-01-01,Central,Direct,44,Fashion,913,3890.10443592552,0,1,0.8389208901077807,1,0,0.0,163.17449379994318,587.4281776797953,1142.221456599602,discount_offer,20,163.17449379994318
102643,6.0,7275.22,1212.5366666666666,2024-05-19,2025-03-20,0.0,2.5,1.0,3.0,104.0,305.0,0.5901639344262295,0.0,0.1666666666666666,Fashion,3.333333333333333,3.0,8.0,7.0,2024-05-08,East,Organic Search,20,Fashion,420,6322.512619047619,0,1,0.8388341428306606,1,0,0.0,265.17697266674224,954.6371016002721,1856.2388086671956,discount_offer,250,954.6371016002721
100043,5.0,6595.74,1319.148,2024-03-21,2025-03-12,0.0,15.0,3.0,2.0,112.0,356.0,0.4213483146067415,0.0,0.6,Beauty & Personal Care,3.1,3.0,10.0,4.666666666666667,2023-12-25,West,Paid Ads,48,Beauty & Personal Care,555,4337.738918918919,0,1,0.838685992791961,1,0,0.0,181.90004358429206,654.8401569034513,1273.3003050900443,discount_offer,20,181.90004358429206
105642,9.0,8186.93,909.6588888888888,2024-02-25,2025-03-21,0.0,13.333333333333334,7.0,2.0,103.0,390.0,0.6923076923076923,0.0,0.7777777777777778,Fashion,3.3166666666666664,6.0,7.0,4.666666666666667,2023-10-09,North,Organic Search,44,Fashion,632,4728.211155063291,0,1,0.8383915146511501,1,0,0.0,198.20460559419882,713.5365801391158,1387.4322391593917,discount_offer,20,198.20460559419882
100769,7.0,11431.97,1633.1385714285714,2024-05-15,2025-04-16,2.0,0.7142857142857143,1.0,2.0,77.0,336.0,0.625,0.2857142857142857,0.1428571428571428,Fashion,3.266666666666667,3.0,8.0,4.666666666666667,2024-01-29,North,Direct,49,Fashion,520,8024.363557692308,0,1,0.838303864828262,1,0,0.0,336.3427491600262,1210.8338969760944,2354.399244120183,discount_offer,250,1210.8338969760944
101756,4.0,2500.24,625.06,2024-07-15,2025-04-16,1.0,12.5,2.0,2.0,77.0,275.0,0.4363636363636364,0.25,0.5,Fashion,2.3,1.0,11.0,5.666666666666667,2024-04-23,Central,Email,25,Fashion,435,2097.902528735632,0,1,0.8375372569189679,1,0,0.0,87.85357646003038,316.27287525610933,614.9750352202126,discount_offer,20,87.85357646003038
103172,13.0,7829.42,602.2630769230769,2023-03-31,2024-09-26,0.0,6.153846153846154,5.0,4.0,279.0,545.0,0.7155963302752293,0.0,0.3846153846153846,Books,4.114285714285715,7.0,10.0,5.333333333333333,2023-01-01,East,Organic Search,35,Books,913,3130.052902519168,0,1,0.8375134685407781,1,0,0.0,131.07307315524793,471.8630633588926,917.5115120867355,discount_offer,20,131.07307315524793
101396,6.0,3787.72,631.2866666666666,2023-10-19,2024-08-27,0.0,5.0,2.0,2.0,309.0,313.0,0.5750798722044729,0.0,0.3333333333333333,Beauty & Personal Care,3.65,2.0,7.0,4.0,2023-08-11,East,Referral,35,Beauty & Personal Care,691,2000.7493487698985,1,0,0.8363321970888786,1,0,0.0,83.66455493404362,301.192397762557,585.6518845383052,discount_offer,20,83.66455493404362
102421,3.0,2421.77,807.2566666666667,2023-11-27,2025-04-13,0.0,5.0,1.0,1.0,80.0,503.0,0.1789264413518886,0.0,0.3333333333333333,Beauty & Personal Care,3.95,2.0,11.0,4.333333333333333,2023-10-04,North,Organic Search,39,Beauty & Personal Care,637,1387.6704081632654,0,1,0.8356468491603188,1,0,0.0,57.98012021273232,208.72843276583635,405.8608414891262,discount_offer,20,57.98012021273232
100405,6.0,8011.03,1335.1716666666666,2024-02-27,2025-02-09,0.0,10.0,4.0,3.0,143.0,348.0,0.5172413793103449,0.0,0.6666666666666666,Fashion,2.4,3.0,5.0,4.666666666666667,2024-02-19,South,Paid Ads,28,Fashion,499,5859.771442885772,0,1,0.8355473054622672,1,1,0.0,244.8058119863974,881.3009231510306,1713.6406839047818,discount_offer,250,881.3009231510306
104416,10.0,6811.34,681.134,2023-01-05,2025-06-05,1.0,7.0,4.0,2.0,27.0,882.0,0.3401360544217687,0.1,0.4,Grocery,3.38,5.0,9.0,5.0,2023-01-01,North,Social Media,44,Grocery,913,2723.043921139102,0,1,0.8342827598792621,1,0,0.0,113.5894298900189,408.921947604068,795.1260092301322,discount_offer,20,113.5894298900189
100302,2.0,2410.95,1205.475,2024-04-28,2024-07-01,0.0,2.5,1.0,1.0,366.0,64.0,0.9375,0.0,0.5,Fashion,4.7,1.0,8.0,3.6666666666666665,2024-03-30,South,Email,43,Fashion,459,1917.204248366013,0,1,0.8336860690773165,1,1,0.0,79.91732367192962,287.7023652189466,559.4212657035073,discount_offer,20,79.91732367192962
102286,5.0,5099.82,1019.964,2024-03-09,2024-06-14,0.0,6.0,2.0,2.0,383.0,97.0,1.5463917525773196,0.0,0.4,Fashion,4.0,4.0,10.0,3.6666666666666665,2024-02-11,Central,Direct,40,Fashion,507,3671.468047337278,0,1,0.8336193340152621,1,0,0.0,153.03033742398085,550.909214726331,1071.2123619678657,discount_offer,20,153.03033742398085
104380,8.0,7373.83,921.72875,2024-01-06,2025-03-18,0.0,8.125,4.0,5.0,106.0,437.0,0.5491990846681922,0.0,0.5,Beauty & Personal Care,3.55,4.0,5.0,4.666666666666667,2023-12-03,East,Direct,40,Books,577,4664.554506065858,0,1,0.8331750659933206,1,0,0.0,194.31952542104312,699.5502915157551,1360.2366779473016,discount_offer,20,194.31952542104312
100349,8.0,6070.92,758.865,2024-04-24,2024-12-24,1.0,10.0,6.0,3.0,190.0,244.0,0.9836065573770492,0.125,0.75,Toys & Games,2.5,5.0,11.0,5.0,2024-03-02,East,Social Media,19,Toys & Games,487,4550.0735112936345,0,1,0.8330872884334933,1,0,0.0,189.5304201848339,682.3095126654019,1326.712941293837,discount_offer,20,189.5304201848339
105535,4.0,2361.97,590.4925,2024-05-28,2025-03-15,0.0,0.0,0.0,2.0,109.0,291.0,0.4123711340206186,0.0,0.0,Books,3.9,3.0,6.0,4.666666666666667,2024-05-20,East,Organic Search,55,Books,408,2113.036887254902,0,1,0.8328475840769642,1,0,0.0,87.9918833307877,316.7707799908357,615.9431833155138,discount_offer,20,87.9918833307877
105336,2.0,2356.6,1178.3,2024-10-12,2024-10-22,0.0,0.0,0.0,1.0,253.0,10.0,6.0,0.0,0.0,Home & Kitchen,3.45,2.0,10.0,4.333333333333333,2024-06-12,East,Direct,52,Home & Kitchen,385,2234.1792207792205,0,1,0.8318941360039882,1,0,0.0,92.93002962740968,334.5481066586748,650.5102073918675,discount_offer,20,92.93002962740968
104541,4.0,4066.42,1016.605,2024-08-28,2025-04-09,2.0,1.25,1.0,3.0,84.0,224.0,0.5357142857142857,0.5,0.25,Fashion,2.9,2.0,7.0,6.0,2024-07-28,East,Organic Search,35,Fashion,339,4378.298820058997,0,1,0.8316968028671539,1,0,0.0,182.07085653200502,655.4550835152179,1274.4959957240349,discount_offer,20,182.07085653200502
105195,4.0,8054.4,2013.6,2024-04-15,2024-07-14,0.0,7.5,4.0,3.0,353.0,90.0,1.3333333333333333,0.0,1.0,Home & Kitchen,3.266666666666667,3.0,9.0,4.666666666666667,2023-09-19,West,Social Media,21,Home & Kitchen,652,4508.981595092025,0,1,0.8316295322185785,1,0,0.0,187.49011273542803,674.9644058475408,1312.4307891479962,discount_offer,20,187.49011273542803
103665,2.0,2134.47,1067.235,2024-06-02,2024-08-29,0.0,2.5,1.0,2.0,307.0,88.0,0.6818181818181819,0.0,0.5,Beauty & Personal Care,4.3,1.0,10.0,4.666666666666667,2024-05-28,Central,Referral,46,Beauty & Personal Care,400,1947.703875,0,1,0.8312359500410506,1,0,0.0,80.95007404671303,291.4202665681669,566.6505183269911,discount_offer,20,80.95007404671303
105667,10.0,8005.139999999999,800.5139999999999,2024-01-24,2024-11-11,1.0,5.0,3.0,4.0,233.0,292.0,1.0273972602739727,0.1,0.3,Grocery,3.266666666666667,6.0,8.0,6.0,2024-01-02,North,Social Media,46,Grocery,547,5341.638208409506,0,1,0.8311272667882831,1,0,0.0,221.9790582163627,799.1246095789056,1553.8534075145385,discount_offer,20,221.9790582163627
101239,10.0,8921.01,892.101,2023-01-25,2024-01-20,0.0,4.5,3.0,5.0,529.0,360.0,0.8333333333333334,0.0,0.3,Beauty & Personal Care,3.6875,8.0,4.0,6.666666666666667,2023-01-01,West,Paid Ads,32,Beauty & Personal Care,913,3566.44978094195,0,1,0.8310948900999746,1,0,0.0,148.20290943695144,533.5304739730251,1037.4203660586597,discount_offer,20,148.20290943695144
103011,13.0,21773.16,1674.8584615384616,2023-06-30,2025-02-16,1.0,7.3076923076923075,8.0,4.0,136.0,597.0,0.6532663316582915,0.0769230769230769,0.6153846153846154,Home & Kitchen,3.4799999999999995,5.0,9.0,5.666666666666667,2023-06-24,East,Organic Search,50,Home & Kitchen,739,10753.99648173207,0,1,0.8308386182713247,1,0,0.0,446.74177888884805,1608.2704039998528,3127.1924522219356,discount_offer,250,1608.2704039998528
102340,7.0,9204.87,1314.9814285714288,2023-10-11,2025-04-05,2.0,10.0,5.0,2.0,88.0,542.0,0.3874538745387454,0.2857142857142857,0.7142857142857143,Home & Kitchen,3.733333333333333,3.0,6.0,5.0,2023-08-05,East,Email,37,Home & Kitchen,697,4820.340817790531,0,1,0.8307565726372002,1,0,0.0,200.226490836543,720.8153670115548,1401.585435855801,discount_offer,20,200.226490836543
105913,11.0,16055.28,1459.5709090909093,2023-04-01,2025-05-06,2.0,10.0,8.0,4.0,57.0,766.0,0.4308093994778068,0.1818181818181818,0.7272727272727273,Home & Kitchen,3.45,4.0,6.0,5.666666666666667,2023-02-24,West,Paid Ads,18,Home & Kitchen,859,6822.092200232829,0,1,0.8307290507339563,1,0,0.0,283.3655088759473,1020.1158319534102,1983.5585621316309,discount_offer,250,1020.1158319534102
103076,10.0,15821.39,1582.139,2023-02-01,2024-11-17,1.0,6.0,3.0,2.0,227.0,655.0,0.4580152671755725,0.1,0.3,Home & Kitchen,2.84,5.0,9.0,4.666666666666667,2023-01-01,South,Social Media,66,Home & Kitchen,913,6325.090197152245,0,1,0.8306537202403931,1,0,0.0,262.6979851560277,945.7127465616998,1838.8858960921937,discount_offer,250,945.7127465616998
105227,6.0,3419.58,569.93,2023-12-12,2025-02-17,3.0,16.666666666666668,6.0,3.0,135.0,433.0,0.4157043879907621,0.5,1.0,Beauty & Personal Care,1.9666666666666668,3.0,7.0,4.0,2023-01-01,West,Referral,28,Beauty & Personal Care,913,1367.0829134720702,0,1,0.830577460585182,1,1,0.0,56.77341273405121,204.38428584258435,397.41388913835846,discount_offer,20,56.77341273405121
103508,4.0,1898.68,474.67,2023-11-18,2025-01-16,0.0,13.75,3.0,1.0,167.0,425.0,0.2823529411764706,0.0,0.75,Grocery,3.6,2.0,11.0,1.3333333333333333,2023-09-06,South,Organic Search,26,Grocery,665,1042.1326315789472,0,1,0.8303328058215845,1,0,0.0,43.265845600858945,155.7570441630922,302.8609192060126,discount_offer,0,0.0
103790,13.0,7058.67,542.9746153846154,2023-01-21,2025-01-21,1.0,9.615384615384617,6.0,2.0,162.0,731.0,0.533515731874145,0.0769230769230769,0.4615384615384615,Beauty & Personal Care,4.05,4.0,8.0,5.333333333333333,2023-01-01,Central,Direct,25,Beauty & Personal Care,913,2821.9217415115004,0,1,0.830260985050089,1,0,0.0,117.14657624208007,421.72767447148817,820.0260336945603,discount_offer,20,117.14657624208007
101496,10.0,6388.29,638.829,2023-03-23,2025-05-06,0.0,9.0,4.0,4.0,57.0,775.0,0.3870967741935484,0.0,0.4,Toys & Games,3.414285714285714,7.0,8.0,3.6666666666666665,2023-03-22,East,Social Media,47,Toys & Games,833,2799.1906962785115,0,1,0.8302277556793648,1,0,0.0,116.19829047449336,418.3138457081761,813.3880333214533,discount_offer,20,116.19829047449336
105831,14.0,14000.97,1000.0692857142856,2023-03-13,2024-12-18,1.0,6.785714285714286,8.0,5.0,196.0,646.0,0.6501547987616099,0.0714285714285714,0.5714285714285714,Toys & Games,3.425,8.0,2.0,3.0,2023-01-01,North,Paid Ads,43,Toys & Games,913,5597.3209748083245,0,1,0.829879756415925,1,0,0.0,232.25516835778404,836.1186060880225,1625.7861785044881,discount_offer,20,232.25516835778404
103049,7.0,5197.5,742.5,2023-06-23,2025-06-24,2.0,15.714285714285714,5.0,4.0,8.0,732.0,0.2868852459016394,0.2857142857142857,0.7142857142857143,Fashion,3.1,4.0,6.0,4.0,2023-01-01,North,Paid Ads,27,Fashion,913,2077.861445783132,0,1,0.829803712778138,1,0,0.0,86.21085711746963,310.35908562289063,603.4759998222873,discount_offer,20,86.21085711746963
100148,17.0,10401.34,611.8435294117647,2023-01-13,2025-03-19,0.0,5.882352941176471,10.0,4.0,105.0,796.0,0.6407035175879396,0.0,0.5882352941176471,Grocery,3.0545454545454547,11.0,7.0,3.0,2023-01-01,North,Email,37,Grocery,913,4158.257502738225,0,1,0.8297306483495005,1,0,0.0,172.51168468755813,621.0420648752092,1207.5817928129068,discount_offer,20,172.51168468755813
100358,1.0,1327.86,1327.86,2024-11-27,2024-11-27,0.0,0.0,0.0,1.0,217.0,1.0,30.0,0.0,0.0,Beauty & Personal Care,4.037037037037037,0.0,6.0,4.333333333333333,2024-09-02,South,Paid Ads,41,Beauty & Personal Care,303,1599.567326732673,0,1,0.8296482048831005,1,0,0.0,66.35390806067112,238.874069018416,464.47735642469775,discount_offer,20,66.35390806067112
104777,5.0,3096.91,619.382,2024-10-21,2025-04-09,1.0,16.0,3.0,1.0,84.0,170.0,0.8823529411764706,0.2,0.6,Beauty & Personal Care,3.1333333333333333,3.0,9.0,5.0,2024-04-10,Central,Referral,33,Beauty & Personal Care,448,2523.1521205357144,0,1,0.8290323224916888,1,0,0.0,104.58873312437765,376.5194392477595,732.1211318706435,discount_offer,20,104.58873312437765
105135,13.0,13981.72,1075.516923076923,2023-08-02,2025-01-16,0.0,1.5384615384615383,1.0,4.0,167.0,533.0,0.7317073170731707,0.0,0.0769230769230769,Fashion,3.6571428571428575,7.0,9.0,5.333333333333333,2023-07-09,North,Paid Ads,39,Fashion,724,7048.795303867403,0,1,0.8278960617132821,1,0,0.0,291.78349359474504,1050.4205769410821,2042.4844551632152,discount_offer,250,1050.4205769410821
100061,9.0,8033.799999999999,892.6444444444444,2023-07-21,2024-04-08,0.0,5.555555555555555,5.0,3.0,450.0,262.0,1.0305343511450382,0.0,0.5555555555555556,Fashion,3.75,2.0,9.0,4.666666666666667,2023-07-15,East,Paid Ads,43,Fashion,718,4084.034818941504,1,0,0.8276028014255352,1,1,0.0,168.99793286377087,608.3925583095751,1182.985530046396,discount_offer,20,168.99793286377087
105139,16.0,19306.69,1206.668125,2023-01-08,2024-09-20,4.0,6.5625,7.0,4.0,285.0,621.0,0.7729468599033816,0.25,0.4375,Fashion,4.5,8.0,4.0,5.0,2023-01-01,East,Direct,26,Fashion,913,7718.446714129245,0,1,0.827583528038868,1,0,0.0,319.3829681329545,1149.778685278636,2235.680776930681,discount_offer,250,1149.778685278636
101728,13.0,15728.17,1209.8592307692309,2023-09-03,2025-01-31,1.0,2.3076923076923075,4.0,3.0,152.0,516.0,0.7558139534883721,0.0769230769230769,0.3076923076923077,Fashion,3.6333333333333337,9.0,8.0,3.6666666666666665,2023-06-25,Central,Paid Ads,39,Fashion,738,7778.837466124662,0,1,0.8273213352575981,1,1,0.0,321.7799099613043,1158.4076758606955,2252.4593697291302,discount_offer,250,1158.4076758606955
100225,4.0,3346.7,836.675,2023-05-03,2025-05-08,0.0,10.0,2.0,1.0,55.0,736.0,0.1630434782608695,0.0,0.5,Fashion,2.85,2.0,5.0,4.333333333333333,2023-03-16,South,Referral,18,Fashion,839,1455.9541120381407,0,1,0.8272929666735196,1,1,0.0,60.22502983442717,216.81010740393782,421.5752088409902,discount_offer,20,60.22502983442717
103841,15.0,14582.36,972.1573333333332,2023-01-22,2025-01-21,1.0,3.333333333333333,4.0,6.0,162.0,730.0,0.6164383561643836,0.0666666666666666,0.2666666666666666,Beauty & Personal Care,3.536363636363636,11.0,6.0,5.333333333333333,2023-01-01,North,Referral,42,Beauty & Personal Care,913,5829.7496166484125,0,1,0.8269684079020664,1,0,0.0,241.05093794737098,867.7833766105354,1687.3565656315968,discount_offer,20,241.05093794737098
101009,11.0,10541.51,958.319090909091,2023-11-09,2024-11-20,3.0,7.727272727272727,6.0,4.0,224.0,377.0,0.8753315649867374,0.2727272727272727,0.5454545454545454,Fashion,3.742857142857143,7.0,5.0,6.333333333333333,2023-09-01,Central,Paid Ads,18,Fashion,670,5742.762910447762,0,1,0.8269524916320746,1,0,0.0,237.4496048823521,854.8185775764674,1662.1472341764643,discount_offer,20,237.4496048823521
104976,8.0,6643.01,830.37625,2024-07-01,2024-12-21,1.0,7.5,5.0,2.0,193.0,173.0,1.3872832369942196,0.125,0.625,Grocery,3.225,4.0,8.0,3.333333333333333,2024-06-27,North,Organic Search,44,Grocery,370,6553.239594594595,0,1,0.8269147503844779,1,0,0.0,270.94852417869333,975.4146870432959,1896.6396692508533,discount_offer,250,975.4146870432959
101854,5.0,3842.97,768.5939999999999,2023-02-08,2023-09-16,0.0,5.0,3.0,2.0,655.0,220.0,0.6818181818181819,0.0,0.6,Grocery,3.9,4.0,3.0,6.333333333333333,2023-01-01,South,Email,24,Grocery,913,1536.3461664841184,0,1,0.8265948624261168,1,1,0.0,63.496792406191595,228.5884526622897,444.4775468433411,discount_offer,20,63.496792406191595
105083,13.0,19198.73,1476.8253846153846,2023-01-14,2024-12-16,2.0,3.076923076923077,2.0,2.0,198.0,702.0,0.5555555555555556,0.1538461538461538,0.1538461538461538,Home & Kitchen,3.1,6.0,12.0,6.0,2023-01-01,North,Direct,26,Home & Kitchen,913,7675.286363636364,0,1,0.826332673392151,1,0,0.0,317.1169949956979,1141.6211819845123,2219.8189649698847,discount_offer,250,1141.6211819845123
102988,7.0,4053.31,579.0442857142858,2024-04-17,2024-11-23,0.0,7.857142857142857,3.0,2.0,221.0,220.0,0.9545454545454546,0.0,0.4285714285714285,Beauty & Personal Care,3.466666666666667,3.0,3.0,5.333333333333333,2024-04-13,East,Organic Search,25,Beauty & Personal Care,445,3324.625056179776,0,1,0.8262044223794398,1,0,0.0,137.34099620846123,494.4275863504604,961.3869734592284,discount_offer,20,137.34099620846123
102909,3.0,2103.53,701.1766666666666,2023-06-05,2023-11-23,2.0,11.666666666666666,3.0,3.0,587.0,171.0,0.5263157894736842,0.6666666666666666,1.0,Grocery,1.2,1.0,4.0,3.333333333333333,2023-05-30,West,Paid Ads,34,Toys & Games,764,1004.9587041884816,0,1,0.8260037566438142,1,1,0.0,41.50498324657928,149.41793968768536,290.5348827260549,discount_offer,0,0.0
104798,5.0,5895.82,1179.164,2024-05-14,2025-05-17,1.0,2.0,1.0,3.0,46.0,368.0,0.4076086956521739,0.2,0.2,Home & Kitchen,2.65,2.0,8.0,5.0,2024-05-09,North,Email,41,Home & Kitchen,419,5135.976849642005,0,1,0.8257748941241865,1,1,0.0,212.05803696187,763.4089330627318,1484.4062587330895,discount_offer,20,212.05803696187
102377,10.0,6892.96,689.296,2023-10-25,2024-09-27,0.0,5.5,4.0,4.0,278.0,338.0,0.8875739644970414,0.0,0.4,Grocery,3.5,9.0,7.0,6.0,2023-10-10,Central,Direct,38,Grocery,631,3987.211410459588,0,1,0.8257562278733104,1,0,0.0,164.62323270172655,592.6436377262155,1152.3626289120857,discount_offer,20,164.62323270172655
104169,13.0,18920.53,1455.4253846153845,2023-01-31,2024-07-18,1.0,3.076923076923077,2.0,5.0,349.0,534.0,0.7303370786516854,0.0769230769230769,0.1538461538461538,Home & Kitchen,3.7,6.0,10.0,6.333333333333333,2023-01-01,West,Organic Search,24,Home & Kitchen,913,7564.067305585979,0,1,0.8255133817881151,1,1,0.0,312.21193907535985,1123.9629806712956,2185.4835735275187,discount_offer,250,1123.9629806712956
103197,13.0,23195.25,1784.25,2023-01-17,2024-08-14,3.0,11.538461538461538,10.0,4.0,322.0,575.0,0.6782608695652174,0.2307692307692307,0.7692307692307693,Fashion,4.0,10.0,5.0,5.333333333333333,2023-01-01,West,Email,33,Fashion,913,9273.018893756846,0,1,0.8247467704266039,1,0,0.0,382.3946192365419,1376.6206292515508,2676.7623346557934,discount_offer,250,1376.6206292515508
103089,3.0,6912.96,2304.32,2023-02-16,2023-12-28,0.0,5.0,2.0,2.0,552.0,315.0,0.2857142857142857,0.0,0.6666666666666666,Electronics,4.1,1.0,6.0,3.6666666666666665,2023-01-01,West,Social Media,39,Electronics,913,2763.669660460022,0,1,0.8243520995915962,1,1,0.0,113.91184435889065,410.0826396920063,797.3829105122345,discount_offer,20,113.91184435889065
101749,6.0,14160.65,2360.108333333333,2024-02-20,2025-02-18,0.0,2.5,2.0,3.0,134.0,364.0,0.4945054945054945,0.0,0.3333333333333333,Fashion,2.6,4.0,9.0,6.0,2024-02-03,East,Direct,42,Fashion,515,10036.188834951456,0,1,0.8242795158521328,1,0,0.0,413.6312436937183,1489.0724772973858,2895.4187058560283,discount_offer,250,1489.0724772973858
101448,5.0,15728.89,3145.778,2024-04-13,2024-12-10,1.0,4.0,2.0,2.0,204.0,241.0,0.6224066390041494,0.2,0.4,Electronics,3.6666666666666665,3.0,8.0,5.0,2024-04-05,East,Direct,28,Electronics,453,12673.388189845473,0,1,0.8241806681837356,1,0,0.0,522.2580773229353,1880.129078362567,3655.8065412605465,discount_offer,250,1880.129078362567
102939,5.0,4452.83,890.566,2023-11-15,2024-04-18,1.0,10.0,5.0,4.0,440.0,155.0,0.9677419354838708,0.2,1.0,Sports & Outdoors,3.65,2.0,7.0,6.0,2023-11-14,South,Organic Search,38,Sports & Outdoors,596,2726.984815436241,0,1,0.8239484082654149,1,0,0.0,112.34473990213237,404.4410636476765,786.4131793149264,discount_offer,20,112.34473990213237
100743,3.0,1974.49,658.1633333333333,2024-07-11,2024-09-10,0.0,1.6666666666666667,1.0,1.0,295.0,61.0,1.475409836065574,0.0,0.3333333333333333,Beauty & Personal Care,2.8,1.0,10.0,4.333333333333333,2024-07-02,East,Referral,31,Beauty & Personal Care,365,1974.49,0,1,0.8238673501265683,1,0,0.0,81.3358922075704,292.8092119472534,569.3512454529927,discount_offer,20,81.3358922075704
101136,7.0,14430.95,2061.5642857142857,2023-03-19,2025-06-23,2.0,5.714285714285714,3.0,3.0,9.0,827.0,0.2539298669891173,0.2857142857142857,0.4285714285714285,Beauty & Personal Care,2.7,3.0,8.0,5.666666666666667,2023-01-01,East,Referral,40,Beauty & Personal Care,913,5769.21878422782,0,1,0.823821014913282,1,0,0.0,237.64018370396667,855.50466133428,1663.4812859277665,discount_offer,20,237.64018370396667
100201,4.0,2214.53,553.6325,2024-09-06,2025-01-30,0.0,0.0,0.0,1.0,153.0,146.0,0.8219178082191781,0.0,0.0,Grocery,4.050000000000001,2.0,8.0,6.666666666666667,2024-04-16,East,Organic Search,53,Grocery,442,1828.7408371040729,0,1,0.8238148125582532,1,0,0.0,75.32718949682575,271.17788218857265,527.2903264777801,discount_offer,20,75.32718949682575
103121,1.0,897.81,897.81,2024-06-21,2024-06-21,0.0,25.0,1.0,1.0,376.0,1.0,30.0,0.0,1.0,Fashion,4.037037037037037,0.0,8.0,4.0,2024-06-07,East,Referral,40,Fashion,390,840.2580769230768,0,1,0.8234888293652096,1,0,0.0,34.59715700650234,124.54976522340841,242.18009904551636,discount_offer,0,0.0
103626,8.0,4112.04,514.005,2023-02-27,2025-02-04,0.0,6.25,5.0,3.0,148.0,708.0,0.3389830508474576,0.0,0.625,Books,4.15,4.0,5.0,7.0,2023-01-01,South,Organic Search,18,Books,913,1643.9152245345017,0,1,0.8228467193337569,1,0,0.0,67.63451246855155,243.48424488678558,473.4415872798608,discount_offer,20,67.63451246855155
104739,15.0,24101.1,1606.74,2023-07-13,2025-01-28,0.0,3.333333333333333,6.0,5.0,155.0,565.0,0.7964601769911505,0.0,0.4,Home & Kitchen,3.357142857142857,7.0,10.0,6.666666666666667,2023-04-29,East,Email,40,Home & Kitchen,795,11065.284905660375,0,1,0.8228206727259074,1,0,0.0,455.23725849896493,1638.8541305962738,3186.660809492754,discount_offer,250,1638.8541305962738
103749,2.0,2084.19,1042.095,2024-06-25,2025-06-11,1.0,0.0,0.0,2.0,21.0,351.0,0.1709401709401709,0.5,0.0,Electronics,1.0,1.0,7.0,3.333333333333333,2024-02-27,South,Referral,36,Electronics,491,1549.3469450101834,0,1,0.8227909306770897,1,0,0.0,63.73943074133173,229.4619506687942,446.17601518932213,discount_offer,20,63.73943074133173
102816,2.0,1583.46,791.73,2024-08-25,2024-11-06,0.0,7.5,1.0,1.0,238.0,73.0,0.8219178082191781,0.0,0.5,Beauty & Personal Care,4.3,1.0,0.0,4.0,2024-01-30,South,Direct,53,Beauty & Personal Care,519,1113.6086705202313,0,1,0.8225527782052495,1,0,0.0,45.80009528849353,164.88034303857668,320.6006670194547,discount_offer,0,0.0
100377,8.0,5302.610000000001,662.8262500000001,2023-10-03,2025-06-19,2.0,5.625,3.0,5.0,13.0,625.0,0.384,0.25,0.375,Fashion,2.95,4.0,6.0,6.0,2023-01-01,West,Email,27,Fashion,913,2119.882420591457,0,1,0.822494762109057,1,1,0.0,87.17960936117713,313.84659370023763,610.2572655282398,discount_offer,20,87.17960936117713
101097,2.0,2160.16,1080.08,2024-11-29,2024-12-30,0.0,5.0,1.0,2.0,184.0,31.0,1.935483870967741,0.0,0.5,Sports & Outdoors,3.5,2.0,11.0,4.333333333333333,2024-06-20,Central,Organic Search,23,Sports & Outdoors,377,2091.401591511936,0,1,0.8223578701667421,1,0,0.0,85.99402792295454,309.57850052263626,601.9581954606817,discount_offer,20,85.99402792295454
101483,16.0,17654.31,1103.394375,2023-03-25,2025-02-27,2.0,6.875,8.0,5.0,125.0,705.0,0.6808510638297872,0.125,0.5,Fashion,3.0285714285714285,7.0,10.0,3.0,2023-01-01,West,Paid Ads,35,Fashion,913,7057.856681270538,0,1,0.821778227492374,1,1,0.0,289.9996476714856,1043.9987316173479,2029.9975337003987,discount_offer,250,1043.9987316173479
105622,1.0,1980.02,1980.02,2024-11-13,2024-11-13,0.0,10.0,1.0,1.0,231.0,1.0,30.0,0.0,1.0,Toys & Games,5.0,1.0,5.0,4.0,2024-08-05,East,Email,40,Toys & Games,331,2183.405740181269,0,1,0.8209225626305394,1,0,0.0,89.62035177459185,322.6332663885306,627.342462422143,discount_offer,20,89.62035177459185
104454,5.0,11330.59,2266.118,2024-09-01,2025-02-17,1.0,1.0,1.0,3.0,135.0,169.0,0.8875739644970414,0.2,0.2,Fashion,3.2,3.0,7.0,4.333333333333333,2024-07-21,East,Direct,64,Fashion,346,11952.790028901736,0,1,0.8203283863492401,1,0,0.0,490.26064783901245,1764.9383322204446,3431.8245348730866,discount_offer,250,1764.9383322204446
102937,7.0,20992.71,2998.958571428572,2023-11-28,2025-02-20,1.0,8.571428571428571,5.0,5.0,132.0,450.0,0.4666666666666667,0.1428571428571428,0.7142857142857143,Electronics,3.4000000000000004,4.0,11.0,5.333333333333333,2023-07-18,West,Direct,27,Electronics,715,10716.55825174825,0,1,0.8202259930670317,1,0,0.0,439.4999817150451,1582.1999341741625,3076.4998720053154,discount_offer,250,1582.1999341741625
105522,8.0,2885.26,360.6575,2024-04-12,2024-12-07,0.0,4.375,3.0,2.0,207.0,239.0,1.00418410041841,0.0,0.375,Books,3.633333333333333,3.0,6.0,4.0,2024-01-14,West,Organic Search,29,Books,535,1968.4484112149528,1,0,0.8199534838734983,1,1,0.0,80.70180663004767,290.5265038681716,564.9126464103335,discount_offer,20,80.70180663004767
104789,11.0,19556.7,1777.8818181818178,2024-04-17,2024-12-28,1.0,8.636363636363637,8.0,2.0,186.0,255.0,1.2941176470588236,0.0909090909090909,0.7272727272727273,Toys & Games,3.3714285714285714,7.0,10.0,4.666666666666667,2023-12-15,South,Referral,27,Toys & Games,565,12633.974336283183,0,1,0.8198618952359789,1,0,0.0,517.9057071853924,1864.4605458674127,3625.339950297747,discount_offer,250,1864.4605458674127
104503,9.0,8718.33,968.7033333333334,2024-02-11,2025-03-11,0.0,6.666666666666667,4.0,2.0,113.0,394.0,0.6852791878172589,0.0,0.4444444444444444,Fashion,2.8000000000000003,3.0,10.0,7.0,2024-01-16,West,Organic Search,28,Fashion,533,5970.338555347092,0,1,0.8198442724032557,1,0,0.0,244.73739344548207,881.0546164037355,1713.1617541183743,discount_offer,250,881.0546164037355
101797,7.0,10266.95,1466.707142857143,2023-05-08,2024-09-26,1.0,0.0,0.0,3.0,279.0,507.0,0.4142011834319527,0.1428571428571428,0.0,Fashion,4.733333333333333,3.0,4.0,5.0,2023-03-24,North,Direct,27,Fashion,831,4509.550842358604,0,1,0.8194719741206304,1,0,0.0,184.7725265592479,665.1810956132923,1293.4076859147349,discount_offer,20,184.7725265592479
100797,7.0,9370.58,1338.6542857142856,2023-01-28,2024-06-25,3.0,4.285714285714286,1.0,3.0,372.0,514.0,0.4085603112840467,0.4285714285714285,0.1428571428571428,Fashion,3.775,4.0,5.0,6.333333333333333,2023-01-01,West,Paid Ads,42,Fashion,913,3746.179299014239,1,0,0.8192870690468445,1,1,0.0,153.45981290066692,552.4553264424007,1074.2186903046684,discount_offer,20,153.45981290066692
100956,19.0,23354.53,1229.185789473684,2023-10-11,2025-01-26,3.0,3.947368421052632,3.0,5.0,157.0,473.0,1.20507399577167,0.1578947368421052,0.1578947368421052,Fashion,3.6714285714285713,7.0,5.0,7.0,2023-09-03,West,Direct,44,Fashion,668,12761.083008982036,0,1,0.8191412767423913,1,0,0.0,522.6564914296591,1881.5633691467726,3658.5954400076134,discount_offer,250,1881.5633691467726
100048,9.0,11107.67,1234.1855555555555,2024-02-07,2025-04-17,2.0,3.333333333333333,3.0,2.0,76.0,435.0,0.6206896551724138,0.2222222222222222,0.3333333333333333,Fashion,3.5285714285714285,7.0,10.0,5.333333333333333,2024-01-28,North,Direct,37,Fashion,521,7781.764971209213,0,1,0.8184632207586487,1,0,0.0,318.4544210761363,1146.4359158740906,2229.180947532954,discount_offer,250,1146.4359158740906
104243,5.0,4573.52,914.704,2024-02-26,2025-01-30,0.0,9.0,3.0,2.0,153.0,339.0,0.4424778761061946,0.0,0.6,Beauty & Personal Care,4.233333333333333,3.0,6.0,7.0,2024-02-26,North,Paid Ads,27,Beauty & Personal Care,492,3392.9569105691053,0,1,0.8182016935009657,1,0,0.0,138.80615451017235,499.70215623662034,971.6430815712063,discount_offer,20,138.80615451017235
101492,6.0,13016.3,2169.383333333333,2023-09-20,2024-11-08,0.0,0.0,0.0,3.0,236.0,415.0,0.4337349397590361,0.0,0.0,Electronics,3.7,3.0,2.0,4.333333333333333,2023-08-30,North,Paid Ads,18,Beauty & Personal Care,672,7069.865327380951,0,1,0.8181746421398965,1,0,0.0,289.21922671035867,1041.189216157291,2024.53458697251,discount_offer,250,1041.189216157291
101725,9.0,6921.4800000000005,769.0533333333334,2023-07-22,2025-04-02,1.0,8.88888888888889,6.0,1.0,91.0,620.0,0.4354838709677419,0.1111111111111111,0.6666666666666666,Beauty & Personal Care,4.12,5.0,3.0,3.6666666666666665,2023-02-05,East,Paid Ads,40,Beauty & Personal Care,878,2877.380637813212,0,1,0.8179998957047894,1,0,0.0,117.6848530817094,423.66547109415376,823.7939715719657,discount_offer,20,117.6848530817094
105401,2.0,1857.74,928.87,2024-11-08,2025-01-04,1.0,10.0,1.0,1.0,179.0,57.0,1.0526315789473684,0.5,0.5,Fashion,1.6,1.0,4.0,5.666666666666667,2024-10-12,Central,Organic Search,37,Fashion,263,2578.2323193916354,0,1,0.8179227780923648,1,0,0.0,105.43974706221638,379.58308942397895,738.0782294355147,discount_offer,20,105.43974706221638
101481,9.0,8006.51,889.6122222222223,2023-01-16,2025-03-23,1.0,3.333333333333333,3.0,4.0,101.0,797.0,0.3387703889585947,0.1111111111111111,0.3333333333333333,Beauty & Personal Care,3.9166666666666665,6.0,6.0,4.0,2023-01-01,North,Paid Ads,36,Beauty & Personal Care,913,3200.8501095290253,0,1,0.8175904591208571,1,0,0.0,130.84922553134408,471.0572119128386,915.9445787194086,discount_offer,20,130.84922553134408
101060,3.0,1546.03,515.3433333333334,2024-04-28,2024-07-02,0.0,3.333333333333333,1.0,2.0,365.0,65.0,1.3846153846153848,0.0,0.3333333333333333,Grocery,4.6,1.0,10.0,2.333333333333333,2024-02-29,East,Referral,36,Grocery,489,1153.989672801636,0,1,0.8175344680716917,1,0,0.0,47.171316665705554,169.81673999654,330.1992166599389,discount_offer,0,0.0
102335,18.0,18249.16,1013.8422222222222,2023-04-11,2025-02-27,4.0,5.555555555555555,6.0,6.0,125.0,688.0,0.7848837209302325,0.2222222222222222,0.3333333333333333,Fashion,3.636363636363636,11.0,6.0,2.333333333333333,2023-02-22,South,Direct,20,Fashion,861,7736.287340301974,0,1,0.8175224228215464,1,0,0.0,316.2294185043664,1138.425906615719,2213.6059295305645,discount_offer,250,1138.425906615719
103267,10.0,15935.66,1593.566,2024-01-16,2025-02-24,1.0,10.5,7.0,3.0,128.0,405.0,0.7407407407407407,0.1,0.7,Sports & Outdoors,3.72,5.0,4.0,5.333333333333333,2024-01-02,West,Paid Ads,29,Sports & Outdoors,547,10633.484277879345,0,1,0.8171025189664999,1,0,0.0,434.4323394422943,1563.9564219922593,3041.0263760960597,discount_offer,250,1563.9564219922593
102559,5.0,3840.81,768.162,2024-09-17,2024-12-22,0.0,8.0,3.0,3.0,192.0,96.0,1.5625,0.0,0.6,Sports & Outdoors,2.9333333333333336,3.0,8.0,3.333333333333333,2024-08-21,North,Social Media,48,Sports & Outdoors,315,4450.462380952381,0,1,0.8168615260298641,1,0,0.0,181.7705746021632,654.3740685677875,1272.3940222151423,discount_offer,20,181.7705746021632
105504,15.0,13895.98,926.3986666666666,2023-01-10,2025-01-22,1.0,5.666666666666667,6.0,3.0,161.0,743.0,0.6056527590847914,0.0666666666666666,0.4,Toys & Games,3.4285714285714284,7.0,10.0,4.333333333333333,2023-01-01,Central,Email,43,Toys & Games,913,5555.347973713034,0,1,0.8163949213580941,1,1,0.0,226.76789360581498,816.3644169809339,1587.3752552407047,discount_offer,20,226.76789360581498
104049,3.0,1710.04,570.0133333333333,2024-08-27,2025-01-04,0.0,1.6666666666666667,1.0,2.0,179.0,130.0,0.6923076923076924,0.0,0.3333333333333333,Grocery,2.6,2.0,13.0,5.333333333333333,2024-08-20,East,Email,39,Grocery,316,1975.2044303797468,0,1,0.8161808681821343,1,0,0.0,80.60620334122699,290.1823320284172,564.2434233885889,discount_offer,20,80.60620334122699
101416,3.0,2339.13,779.71,2024-05-24,2025-01-19,1.0,3.333333333333333,1.0,2.0,164.0,240.0,0.375,0.3333333333333333,0.3333333333333333,Books,5.0,1.0,7.0,4.0,2024-05-11,North,Organic Search,41,Books,417,2047.4399280575544,0,1,0.81611498798404,1,0,0.0,83.54732061423675,300.77035421125225,584.8312442996571,discount_offer,20,83.54732061423675
102194,5.0,4848.02,969.604,2024-04-21,2025-03-10,1.0,7.0,2.0,2.0,114.0,323.0,0.4643962848297213,0.2,0.4,Home & Kitchen,1.2,1.0,13.0,5.0,2024-02-10,South,Organic Search,30,Home & Kitchen,508,3483.321456692913,0,1,0.8160139776922124,1,0,0.0,142.1219498728308,511.6390195421908,994.8536491098154,discount_offer,20,142.1219498728308
105576,3.0,2575.3,858.4333333333334,2024-02-16,2024-03-11,0.0,1.6666666666666667,1.0,3.0,478.0,24.0,3.75,0.0,0.3333333333333333,Books,5.0,1.0,2.0,5.0,2024-01-05,North,Direct,27,Toys & Games,544,1727.9126838235295,0,1,0.8159847785968758,1,1,0.0,70.49752243722382,253.79108077400568,493.4826570605666,discount_offer,20,70.49752243722382
100062,13.0,20493.47,1576.420769230769,2023-02-08,2024-12-17,1.0,4.615384615384615,7.0,5.0,197.0,678.0,0.5752212389380531,0.0769230769230769,0.5384615384615384,Grocery,3.35,6.0,11.0,9.0,2023-01-01,West,Organic Search,46,Grocery,913,8192.89874041621,0,1,0.8159678959196479,1,0,0.0,334.2571173350075,1203.325622406027,2339.799821345052,discount_offer,250,1203.325622406027
101848,17.0,13674.66,804.3917647058823,2023-01-15,2024-09-28,0.0,3.235294117647059,5.0,6.0,277.0,622.0,0.8199356913183279,0.0,0.2941176470588235,Books,3.3083333333333336,12.0,6.0,4.333333333333333,2023-01-01,North,Direct,46,Books,913,5466.868455640744,0,1,0.8158573679633375,1,0,0.0,223.00924546104267,802.8332836597536,1561.0647182272985,discount_offer,20,223.00924546104267
101557,14.0,15988.93,1142.0664285714286,2023-03-31,2025-04-29,4.0,5.714285714285714,7.0,5.0,64.0,760.0,0.5526315789473685,0.2857142857142857,0.5,Fashion,3.025,12.0,5.0,6.666666666666667,2023-01-01,Central,Email,29,Fashion,913,6392.069496166484,0,1,0.8158407023420071,1,0,0.0,260.74552335856924,938.683884090849,1825.218663509984,discount_offer,250,938.683884090849
102268,5.0,4429.71,885.942,2024-04-01,2025-02-25,0.0,8.0,4.0,2.0,127.0,330.0,0.4545454545454545,0.0,0.8,Beauty & Personal Care,4.25,2.0,3.0,4.666666666666667,2024-02-29,North,Referral,21,Beauty & Personal Care,489,3306.4297546012267,0,1,0.8155586038105214,1,0,0.0,134.82936171300707,485.3857021668254,943.8055319910494,discount_offer,20,134.82936171300707
100324,9.0,8180.66,908.9622222222222,2023-01-16,2025-03-20,0.0,7.222222222222222,5.0,1.0,104.0,794.0,0.3400503778337532,0.0,0.5555555555555556,Fashion,3.72,5.0,4.0,3.333333333333333,2023-01-01,South,Paid Ads,43,Fashion,913,3270.4719605695504,0,1,0.8152826774456442,1,1,0.0,133.31795682620242,479.9446445743287,933.225697783417,discount_offer,20,133.31795682620242
102851,8.0,3305.86,413.2325,2024-05-18,2025-01-25,1.0,0.625,1.0,2.0,158.0,252.0,0.9523809523809524,0.125,0.125,Books,2.94,5.0,9.0,5.0,2024-05-02,West,Organic Search,51,Books,426,2832.4856807511733,0,1,0.8151208822938716,1,0,0.0,115.4409113589327,415.58728089215765,808.0863795125289,discount_offer,20,115.4409113589327
103236,5.0,1852.13,370.426,2024-01-13,2024-08-17,0.0,18.0,5.0,1.0,319.0,217.0,0.6912442396313364,0.0,1.0,Books,3.3,4.0,5.0,3.6666666666666665,2024-01-06,Central,Organic Search,44,Books,543,1244.9860957642727,0,1,0.8146760097804835,1,0,0.0,50.71301523647103,182.56685485129572,354.9911066552972,discount_offer,0,0.0
103757,8.0,7297.269999999999,912.15875,2023-10-05,2024-10-24,0.0,2.5,1.0,4.0,251.0,385.0,0.6233766233766234,0.0,0.125,Books,3.25,4.0,13.0,2.6666666666666665,2023-10-02,East,Organic Search,40,Books,639,4168.23716744914,0,1,0.8144285362481889,1,0,0.0,169.73656475104502,611.0516331037619,1188.1559532573146,discount_offer,20,169.73656475104502
100133,9.0,10662.21,1184.6899999999998,2024-01-11,2024-11-05,0.0,7.222222222222222,4.0,4.0,239.0,299.0,0.903010033444816,0.0,0.4444444444444444,Sports & Outdoors,4.65,4.0,8.0,3.333333333333333,2023-12-29,North,Referral,29,Sports & Outdoors,551,7062.988475499092,0,1,0.8142136887656508,1,0,0.0,287.53909501726986,1035.1407420621713,2012.7736651208882,discount_offer,250,1035.1407420621713
101450,9.0,3962.87,440.31888888888886,2023-10-13,2025-02-28,0.0,6.111111111111111,3.0,3.0,124.0,504.0,0.5357142857142857,0.0,0.3333333333333333,Books,4.0,7.0,11.0,4.666666666666667,2023-06-13,Central,Organic Search,42,Books,750,1928.596733333333,0,1,0.8141736613729855,1,0,0.0,78.51063318449896,282.6382794641963,549.5744322914927,discount_offer,20,78.51063318449896
104020,8.0,18075.08,2259.385,2024-05-23,2025-03-02,1.0,3.125,3.0,3.0,122.0,283.0,0.8480565371024735,0.125,0.375,Electronics,3.1333333333333333,3.0,10.0,6.0,2024-05-21,North,Direct,44,Electronics,407,16209.83832923833,0,1,0.8139747441178183,1,0,0.0,659.7199503116487,2374.991821121935,4618.039652181541,discount_offer,250,2374.991821121935
100987,7.0,4302.9,614.6999999999999,2023-12-10,2025-04-27,1.0,12.142857142857142,4.0,3.0,66.0,504.0,0.4166666666666666,0.1428571428571428,0.5714285714285714,Books,2.85,4.0,7.0,5.0,2023-11-27,West,Social Media,19,Books,583,2693.92538593482,0,1,0.8137953348912029,1,1,0.0,109.61519558093701,394.6147040913732,767.3063690665589,discount_offer,20,109.61519558093701
100259,8.0,32211.63,4026.45375,2023-08-13,2025-03-18,1.0,5.625,3.0,2.0,106.0,583.0,0.411663807890223,0.125,0.375,Electronics,3.15,2.0,8.0,5.333333333333333,2023-08-06,North,Direct,32,Electronics,696,16892.593318965515,0,1,0.81375093147158,1,0,0.0,687.3181774139389,2474.3454386901794,4811.227241897572,discount_offer,250,2474.3454386901794
100750,5.0,3257.48,651.496,2024-03-01,2024-11-29,2.0,3.0,1.0,4.0,215.0,273.0,0.5494505494505495,0.4,0.2,Beauty & Personal Care,2.3,2.0,12.0,3.6666666666666665,2023-12-17,South,Referral,47,Beauty & Personal Care,563,2111.8653641207816,0,1,0.8135829950687503,1,0,0.0,85.90888740616712,309.2719946622016,601.3622118431698,discount_offer,20,85.90888740616712
101595,10.0,18209.24,1820.924,2023-01-10,2023-11-12,3.0,9.0,5.0,4.0,598.0,306.0,0.9803921568627452,0.3,0.5,Fashion,3.733333333333333,6.0,5.0,7.666666666666667,2023-01-01,Central,Direct,37,Fashion,913,7279.707119386639,0,1,0.8133269904697329,1,0,0.0,296.0391141455912,1065.740810924128,2072.273799019138,discount_offer,250,1065.740810924128
105107,7.0,9363.82,1337.688571428571,2023-02-02,2024-11-21,0.0,0.0,0.0,1.0,223.0,658.0,0.3191489361702128,0.0,0.0,Home & Kitchen,3.8,5.0,4.0,4.333333333333333,2023-01-01,South,Organic Search,38,Home & Kitchen,913,3743.476779846659,0,1,0.8132529220329294,1,1,0.0,152.21967148863584,547.9908173590891,1065.5377004204508,discount_offer,20,152.21967148863584
104223,9.0,8996.23,999.5811111111112,2023-09-04,2024-10-01,0.0,2.7777777777777777,3.0,3.0,274.0,393.0,0.6870229007633588,0.0,0.3333333333333333,Home & Kitchen,3.9333333333333336,6.0,8.0,2.333333333333333,2023-04-30,South,Organic Search,19,Home & Kitchen,794,4135.54653652393,0,1,0.8128841695589903,1,0,0.0,168.0860156007407,605.1096561626664,1176.6021092051844,discount_offer,20,168.0860156007407
100488,10.0,16577.11,1657.711,2024-05-29,2025-02-25,3.0,3.0,3.0,4.0,127.0,272.0,1.1029411764705883,0.3,0.3,Fashion,3.325,4.0,8.0,6.666666666666667,2024-04-06,Central,Paid Ads,39,Fashion,452,13386.383075221238,0,1,0.8128536875338327,1,0,0.0,544.0585422717036,1958.6107521781325,3808.409795901924,discount_offer,250,1958.6107521781325
102153,5.0,10797.37,2159.474,2024-05-17,2024-08-29,1.0,6.0,2.0,3.0,307.0,104.0,1.4423076923076923,0.2,0.4,Beauty & Personal Care,3.5,4.0,6.0,4.0,2024-05-02,West,Email,40,Beauty & Personal Care,426,9251.267723004694,0,1,0.8128415016453485,1,0,0.0,375.990717404514,1353.5665826562504,2631.9350218315976,discount_offer,250,1353.5665826562504
101707,6.0,2859.91,476.6516666666666,2024-06-13,2024-11-28,0.0,5.0,2.0,3.0,216.0,168.0,1.0714285714285714,0.0,0.3333333333333333,Grocery,3.25,2.0,7.0,4.666666666666667,2024-06-02,West,Direct,37,Grocery,395,2642.7016455696203,0,1,0.8127628300539481,1,1,0.0,107.39448342206951,386.6201403194503,751.7613839544865,discount_offer,20,107.39448342206951
104914,4.0,6375.06,1593.765,2024-07-30,2025-04-30,0.0,0.0,0.0,1.0,63.0,274.0,0.437956204379562,0.0,0.0,Sports & Outdoors,3.466666666666667,3.0,8.0,5.0,2024-03-27,North,Referral,27,Sports & Outdoors,462,5036.573376623377,0,1,0.812647561018597,1,0,0.0,204.64795352020937,736.7326326727537,1432.5356746414654,discount_offer,20,204.64795352020937
104840,3.0,3450.72,1150.24,2024-03-02,2025-06-15,0.0,6.666666666666667,1.0,3.0,17.0,470.0,0.1914893617021276,0.0,0.3333333333333333,Beauty & Personal Care,3.35,2.0,8.0,5.0,2024-01-09,South,Organic Search,44,Home & Kitchen,540,2332.431111111111,0,1,0.8125892242271078,1,0,0.0,94.76541935704743,341.15550968537076,663.357935499332,discount_offer,20,94.76541935704743
104963,21.0,33397.49,1590.3566666666666,2023-02-20,2024-10-23,0.0,10.952380952380953,14.0,5.0,252.0,611.0,1.0310965630114566,0.0,0.6666666666666666,Home & Kitchen,3.6818181818181817,11.0,6.0,4.666666666666667,2023-02-12,East,Organic Search,36,Home & Kitchen,871,13995.503846153844,0,1,0.8125422145649084,1,0,0.0,568.596884455277,2046.9487840389966,3980.1781911869375,discount_offer,250,2046.9487840389966
104892,10.0,15128.09,1512.809,2024-02-12,2025-04-15,2.0,7.5,5.0,4.0,78.0,428.0,0.7009345794392523,0.2,0.5,Fashion,3.7,6.0,8.0,2.6666666666666665,2024-01-04,North,Paid Ads,31,Fashion,545,10131.656605504588,0,1,0.8121070919655393,1,1,0.0,411.39950913448894,1481.03823288416,2879.7965639414224,discount_offer,250,1481.03823288416
105034,6.0,6505.04,1084.1733333333334,2024-07-04,2025-03-09,2.0,10.0,4.0,1.0,115.0,248.0,0.7258064516129031,0.3333333333333333,0.6666666666666666,Fashion,3.45,4.0,4.0,7.333333333333333,2024-03-27,South,Email,40,Fashion,462,5139.263203463203,0,1,0.8120243898220497,1,0,0.0,208.660353346356,751.1772720468816,1460.622473424492,discount_offer,20,208.660353346356
101054,13.0,7834.08,602.6215384615384,2023-03-07,2024-08-28,1.0,3.8461538461538463,3.0,3.0,308.0,540.0,0.7222222222222222,0.0769230769230769,0.2307692307692307,Grocery,3.8,7.0,11.0,2.333333333333333,2023-01-01,West,Email,48,Grocery,913,3131.915881708653,0,1,0.8118343007933959,1,0,0.0,127.12983699853382,457.66741319472175,889.9088589897368,discount_offer,20,127.12983699853382
101327,2.0,1656.33,828.165,2024-05-04,2024-06-29,0.0,2.5,1.0,2.0,368.0,56.0,1.0714285714285714,0.0,0.5,Fashion,3.2,1.0,11.0,5.666666666666667,2024-01-05,Central,Paid Ads,57,Grocery,544,1111.324356617647,0,1,0.8117645746344475,1,0,0.0,45.10668718153127,162.38407385351255,315.7468102707188,discount_offer,0,0.0
102218,11.0,13116.13,1192.3754545454544,2023-12-25,2024-11-23,2.0,8.636363636363637,6.0,4.0,221.0,334.0,0.9880239520958084,0.1818181818181818,0.5454545454545454,Fashion,3.3285714285714287,7.0,12.0,6.0,2023-11-30,Central,Social Media,49,Fashion,580,8254.116293103447,0,1,0.8116924984102712,1,0,0.0,334.99021380590324,1205.9647697012513,2344.931496641322,discount_offer,250,1205.9647697012513
100215,20.0,19978.63,998.9315,2023-08-18,2024-09-28,3.0,1.25,4.0,3.0,277.0,407.0,1.4742014742014742,0.15,0.2,Toys & Games,3.583333333333333,12.0,9.0,4.666666666666667,2023-07-31,Central,Organic Search,46,Toys & Games,702,10387.749216524217,0,1,0.8116697393250388,1,0,0.0,421.57108493750434,1517.6559057750155,2950.99759456253,discount_offer,250,1517.6559057750155
101739,2.0,1808.96,904.48,2024-11-01,2024-11-24,0.0,0.0,0.0,2.0,220.0,23.0,2.608695652173913,0.0,0.0,Sports & Outdoors,2.8,2.0,5.0,4.0,2024-08-21,West,Paid Ads,49,Sports & Outdoors,315,2096.096507936508,0,1,0.8105168919976511,1,1,0.0,84.94608134699142,305.805892849169,594.6225694289398,discount_offer,20,84.94608134699142
100645,10.0,5436.6900000000005,543.6690000000001,2023-07-26,2025-03-29,0.0,5.5,4.0,3.0,95.0,612.0,0.4901960784313726,0.0,0.4,Books,3.175,4.0,13.0,4.333333333333333,2023-07-20,East,Organic Search,27,Books,713,2783.158274894811,0,1,0.810409594359197,1,0,0.0,112.77490842974733,405.9896703470903,789.4243590082311,discount_offer,20,112.77490842974733
101513,4.0,5580.7,1395.175,2024-08-24,2025-03-30,0.0,2.5,1.0,3.0,94.0,218.0,0.5504587155963303,0.0,0.25,Fashion,3.5666666666666664,3.0,6.0,5.666666666666667,2024-07-19,North,Direct,18,Fashion,348,5853.32040229885,0,1,0.8104037206296961,1,0,0.0,237.1776316030349,853.8394737709257,1660.2434212212443,discount_offer,20,237.1776316030349
100545,13.0,6394.36,491.8738461538461,2023-11-25,2025-04-23,1.0,8.846153846153847,7.0,4.0,70.0,515.0,0.7572815533980582,0.0769230769230769,0.5384615384615384,Books,3.45,4.0,8.0,2.6666666666666665,2023-10-10,West,Email,37,Books,631,3698.797781299525,0,1,0.8102590385434633,1,0,0.0,149.84921670212242,539.4571801276406,1048.9445169148569,discount_offer,20,149.84921670212242
101785,19.0,21574.3,1135.4894736842105,2023-01-03,2025-05-23,4.0,7.368421052631579,9.0,5.0,40.0,871.0,0.6544202066590126,0.2105263157894736,0.4736842105263157,Home & Kitchen,3.372727272727273,11.0,5.0,3.6666666666666665,2023-01-01,North,Social Media,30,Home & Kitchen,913,8624.993975903615,0,1,0.8101879588967251,1,0,0.0,349.393313241695,1257.8159276701022,2445.7531926918646,discount_offer,250,1257.8159276701022
101252,16.0,15388.73,961.795625,2023-02-16,2024-12-23,0.0,3.75,4.0,5.0,191.0,676.0,0.7100591715976331,0.0,0.25,Sports & Outdoors,3.51,10.0,8.0,4.666666666666667,2023-01-30,Central,Direct,48,Sports & Outdoors,884,6353.943947963801,0,1,0.8101439548716788,1,0,0.0,257.3804639518181,926.5696702265451,1801.6632476627267,discount_offer,250,926.5696702265451
104139,8.0,16692.13,2086.51625,2023-09-26,2025-02-05,0.0,0.625,1.0,1.0,147.0,498.0,0.4819277108433734,0.0,0.125,Home & Kitchen,3.56,5.0,8.0,4.0,2023-06-30,North,Organic Search,34,Home & Kitchen,733,8311.906480218282,0,1,0.8100772342692499,1,0,0.0,336.6643106499941,1211.9915183399787,2356.6501745499586,discount_offer,250,1211.9915183399787
103341,9.0,10549.02,1172.1133333333337,2024-04-21,2025-03-01,3.0,12.77777777777778,6.0,4.0,123.0,314.0,0.8598726114649682,0.3333333333333333,0.6666666666666666,Fashion,3.725,4.0,6.0,3.6666666666666665,2024-04-20,West,Paid Ads,34,Fashion,438,8790.85,0,1,0.809633229653219,1,0,0.0,355.86821384485006,1281.1255698414602,2491.07749691395,discount_offer,250,1281.1255698414602
104179,12.0,6230.06,519.1716666666666,2023-07-05,2025-05-04,0.0,3.75,4.0,3.0,59.0,669.0,0.5381165919282511,0.0,0.3333333333333333,Books,2.66,5.0,10.0,3.333333333333333,2023-04-17,West,Email,30,Books,807,2817.8090458488227,0,1,0.8094990324189786,1,0,0.0,114.05068480780338,410.5824653080921,798.3547936546234,discount_offer,20,114.05068480780338
101454,15.0,23088.65,1539.243333333333,2023-05-07,2025-04-10,1.0,10.333333333333334,9.0,5.0,83.0,704.0,0.6392045454545455,0.0666666666666666,0.6,Home & Kitchen,3.3166666666666664,6.0,9.0,5.333333333333333,2023-03-22,North,Direct,22,Home & Kitchen,833,10116.875450180072,0,1,0.8090668071821185,1,0,0.0,409.2614059568175,1473.3410614445427,2864.829841697722,discount_offer,250,1473.3410614445427
102062,12.0,27177.77,2264.8141666666666,2023-03-07,2025-01-19,0.0,8.75,10.0,4.0,164.0,684.0,0.5263157894736842,0.0,0.8333333333333334,Electronics,3.2375,8.0,7.0,6.0,2023-01-01,Central,Social Media,28,Electronics,913,10865.154490690033,0,1,0.8090426401008034,1,0,0.0,439.51866371254823,1582.2671893651734,3076.630645987837,discount_offer,250,1582.2671893651734
100418,12.0,10960.24,913.3533333333334,2023-02-09,2024-09-14,1.0,10.0,9.0,3.0,291.0,583.0,0.6174957118353345,0.0833333333333333,0.75,Sports & Outdoors,3.871428571428571,7.0,11.0,5.0,2023-01-01,North,Email,33,Sports & Outdoors,913,4381.695071193866,0,1,0.8086826295160797,1,0,0.0,177.17003459553513,637.8121245439263,1240.1902421687455,discount_offer,20,177.17003459553513
104912,5.0,3619.0,723.8,2024-07-14,2024-10-17,0.0,0.0,0.0,2.0,258.0,95.0,1.5789473684210529,0.0,0.0,Toys & Games,4.05,2.0,2.0,5.0,2024-07-08,East,Paid Ads,34,Toys & Games,359,3679.484679665738,0,1,0.808588206426196,1,0,0.0,148.7593958851793,535.5338251866453,1041.3157711962547,discount_offer,20,148.7593958851793
103125,6.0,4514.39,752.3983333333334,2024-01-24,2025-02-21,1.0,2.5,2.0,3.0,131.0,394.0,0.4568527918781726,0.1666666666666666,0.3333333333333333,Grocery,3.966666666666667,3.0,5.0,3.6666666666666665,2023-12-01,Central,Paid Ads,45,Grocery,579,2845.8589810017274,0,1,0.8081117648668124,1,1,0.0,114.9886061849687,413.9589822658873,804.920243294781,discount_offer,20,114.9886061849687
102936,6.0,7140.099999999999,1190.0166666666669,2023-09-30,2025-01-27,1.0,5.0,3.0,3.0,156.0,485.0,0.3711340206185566,0.1666666666666666,0.5,Fashion,3.716666666666667,6.0,9.0,4.666666666666667,2023-06-14,West,Paid Ads,32,Fashion,749,3479.487983978638,1,0,0.8080502580537271,1,0,0.0,140.58005816743906,506.08820940278065,984.0604071720734,discount_offer,20,140.58005816743906
104791,14.0,8715.01,622.5007142857143,2023-05-19,2025-02-21,2.0,12.142857142857142,11.0,4.0,131.0,644.0,0.6521739130434783,0.1428571428571428,0.7857142857142857,Grocery,3.185714285714286,7.0,10.0,5.0,2023-05-15,South,Organic Search,25,Grocery,779,4083.412901155328,0,1,0.808017509729266,1,1,0.0,164.9734561793943,593.9044422458194,1154.81419325576,discount_offer,20,164.9734561793943
104425,3.0,5238.48,1746.16,2023-11-20,2024-03-31,0.0,0.0,0.0,2.0,458.0,132.0,0.6818181818181818,0.0,0.0,Toys & Games,4.15,2.0,8.0,2.333333333333333,2023-11-18,Central,Paid Ads,35,Electronics,592,3229.806081081081,1,0,0.807803455031626,1,1,0.0,130.45242556897267,469.6287320483016,913.1669789828087,discount_offer,20,130.45242556897267
103452,3.0,804.76,268.25333333333333,2024-10-06,2025-01-14,0.0,3.333333333333333,2.0,1.0,169.0,100.0,0.8999999999999999,0.0,0.6666666666666666,Books,2.8000000000000003,3.0,8.0,5.333333333333333,2024-05-15,West,Social Media,32,Books,413,711.2285714285714,0,1,0.8070112895616193,1,1,0.0,28.698474330081986,103.31450758829513,200.88932031057385,discount_offer,0,0.0
105902,5.0,3774.13,754.8259999999999,2023-01-18,2024-08-20,0.0,5.0,1.0,3.0,316.0,580.0,0.2586206896551724,0.0,0.2,Grocery,4.2,2.0,10.0,3.0,2023-01-01,West,Paid Ads,22,Grocery,913,1508.8252464403065,1,0,0.8069547664601611,1,0,0.0,60.87768621852163,219.15967038667785,426.1438035296513,discount_offer,20,60.87768621852163
100345,13.0,12929.12,994.5476923076924,2023-01-11,2025-04-03,0.0,5.769230769230769,5.0,4.0,90.0,813.0,0.4797047970479705,0.0,0.3846153846153846,Toys & Games,3.3000000000000003,7.0,4.0,5.333333333333333,2023-01-01,North,Paid Ads,29,Toys & Games,913,5168.815772179628,0,1,0.806712877225384,1,0,0.0,208.4875121711486,750.555043816135,1459.4125851980405,discount_offer,20,208.4875121711486
104535,9.0,9948.63,1105.4033333333332,2024-02-05,2025-04-13,0.0,1.1111111111111112,2.0,2.0,80.0,433.0,0.6235565819861432,0.0,0.2222222222222222,Beauty & Personal Care,3.5,4.0,7.0,3.6666666666666665,2024-01-24,Central,Email,19,Beauty & Personal Care,525,6916.666571428571,0,1,0.8065945441196589,1,0,0.0,278.94727600045564,1004.2101936016402,1952.6309320031892,discount_offer,250,1004.2101936016402
103348,9.0,8065.28,896.1422222222222,2023-04-25,2024-08-30,0.0,5.0,4.0,4.0,306.0,493.0,0.5476673427991886,0.0,0.4444444444444444,Grocery,3.983333333333333,6.0,5.0,5.333333333333333,2023-02-21,South,Paid Ads,18,Grocery,862,3415.112761020882,1,0,0.8065642267366927,1,1,0.0,137.725389165571,495.81140099605545,964.0777241589967,discount_offer,20,137.725389165571
101099,6.0,7044.75,1174.125,2024-08-13,2024-12-13,1.0,5.833333333333333,4.0,3.0,201.0,122.0,1.475409836065574,0.1666666666666666,0.6666666666666666,Home & Kitchen,3.4,5.0,10.0,5.666666666666667,2024-05-23,West,Email,52,Home & Kitchen,405,6348.972222222223,0,1,0.8060028651830318,1,0,0.0,255.86449010392963,921.1121643741466,1791.0514307275068,discount_offer,250,921.1121643741466
102820,3.0,6237.97,2079.3233333333333,2024-09-30,2025-01-10,1.0,1.6666666666666667,1.0,2.0,173.0,102.0,0.8823529411764706,0.3333333333333333,0.3333333333333333,Sports & Outdoors,1.5,1.0,6.0,3.0,2024-06-22,North,Paid Ads,25,Sports & Outdoors,375,6071.624133333334,1,0,0.8059217851799301,1,1,0.0,244.66270802387731,880.7857488859582,1712.638956167141,discount_offer,250,880.7857488859582
102800,4.0,4055.96,1013.99,2024-09-24,2025-02-25,1.0,1.25,1.0,2.0,127.0,154.0,0.7792207792207791,0.25,0.25,Fashion,3.1,3.0,13.0,5.666666666666667,2024-06-13,South,Referral,28,Fashion,384,3855.274479166667,0,1,0.8054318908463297,1,0,0.0,155.25805067434038,558.9289824276253,1086.8063547203826,discount_offer,20,155.25805067434038
105729,14.0,16727.15,1194.7964285714286,2023-01-14,2024-07-20,4.0,7.857142857142857,6.0,4.0,347.0,553.0,0.7594936708860759,0.2857142857142857,0.4285714285714285,Fashion,4.0600000000000005,10.0,11.0,4.666666666666667,2023-01-01,West,Social Media,35,Fashion,913,6687.195783132532,0,1,0.8052597418549378,1,0,0.0,269.24647750293656,969.2873190105714,1884.7253425205556,discount_offer,250,969.2873190105714
104886,1.0,523.02,523.02,2023-09-03,2023-09-03,0.0,0.0,0.0,1.0,668.0,1.0,30.0,0.0,0.0,Fashion,4.3,1.0,3.0,4.666666666666667,2023-08-27,South,Referral,49,Books,675,282.81822222222223,0,1,0.8052008196163389,1,1,0.0,11.386273216788462,40.99058358043846,79.70391251751921,discount_offer,0,0.0
103989,9.0,5133.35,570.3722222222223,2023-08-01,2025-02-16,1.0,2.2222222222222223,2.0,4.0,136.0,565.0,0.4778761061946903,0.1111111111111111,0.2222222222222222,Beauty & Personal Care,3.02,5.0,5.0,6.0,2023-06-05,West,Email,46,Beauty & Personal Care,758,2471.863786279684,1,0,0.8051379912937255,1,0,0.0,99.5095721818464,358.234459854647,696.5670052729246,discount_offer,20,99.5095721818464
105590,14.0,7384.88,527.4914285714286,2023-02-27,2024-01-22,0.0,7.857142857142857,8.0,4.0,527.0,329.0,1.2765957446808511,0.0,0.5714285714285714,Books,4.15,8.0,4.0,3.333333333333333,2023-02-09,North,Email,52,Books,874,3084.074599542334,0,1,0.804990337437888,1,0,0.0,124.13251262846015,446.8770454624564,868.9275883992208,discount_offer,20,124.13251262846015
102620,6.0,18339.87,3056.645,2024-03-02,2025-04-03,1.0,0.8333333333333334,1.0,2.0,90.0,397.0,0.4534005037783375,0.1666666666666666,0.1666666666666666,Electronics,2.9,3.0,8.0,4.333333333333333,2023-12-07,East,Direct,41,Electronics,573,11682.465183246071,0,1,0.8048895430647868,1,1,0.0,470.1547031606605,1692.556931378378,3291.0829221246236,discount_offer,250,1692.556931378378
101241,14.0,20337.02,1452.6442857142858,2023-06-16,2024-08-11,2.0,5.357142857142857,6.0,4.0,325.0,422.0,0.9952606635071092,0.1428571428571428,0.4285714285714285,Home & Kitchen,4.188888888888889,9.0,7.0,6.333333333333333,2023-06-10,East,Email,44,Home & Kitchen,753,9857.918061088978,0,1,0.8045796711929902,1,0,0.0,396.57402361192055,1427.6664850029138,2776.018165283443,discount_offer,250,1427.6664850029138
101600,5.0,3589.21,717.842,2024-08-13,2025-03-18,1.0,6.0,2.0,1.0,106.0,217.0,0.6912442396313364,0.2,0.4,Grocery,1.3,1.0,7.0,6.0,2024-07-15,East,Paid Ads,27,Grocery,352,3721.766051136364,1,0,0.8044887425927931,1,1,0.0,149.70594453516193,538.9414003265829,1047.9416117461333,discount_offer,20,149.70594453516193
103973,10.0,10200.18,1020.018,2023-01-28,2025-06-09,0.0,7.5,7.0,5.0,23.0,863.0,0.3476245654692931,0.0,0.7,Sports & Outdoors,3.22,5.0,6.0,5.666666666666667,2023-01-01,South,Referral,26,Sports & Outdoors,913,4077.837568455641,0,1,0.8042333010625267,1,0,0.0,163.97663844379338,590.315898397656,1147.8364691065533,discount_offer,20,163.97663844379338
104559,4.0,6092.41,1523.1025,2024-07-21,2025-04-22,0.0,0.0,0.0,2.0,71.0,275.0,0.4363636363636364,0.0,0.0,Fashion,3.55,2.0,5.0,5.0,2024-04-02,West,Organic Search,53,Fashion,456,4876.600109649123,0,1,0.8038096539661912,1,0,0.0,195.99291233342757,705.5744844003392,1371.9503863339928,discount_offer,20,195.99291233342757
104023,11.0,17026.28,1547.8436363636365,2023-01-17,2024-08-14,0.0,3.636363636363636,4.0,5.0,322.0,575.0,0.5739130434782609,0.0,0.3636363636363636,Beauty & Personal Care,3.971428571428571,7.0,6.0,5.0,2023-01-01,Central,Organic Search,38,Beauty & Personal Care,913,6806.782256297918,0,1,0.8035400647260593,1,0,0.0,273.4761127400911,984.5140058643278,1914.3327891806375,discount_offer,250,984.5140058643278
102435,10.0,6629.66,662.966,2023-12-12,2024-10-12,1.0,6.5,4.0,5.0,263.0,305.0,0.9836065573770492,0.1,0.4,Books,3.82,5.0,7.0,4.666666666666667,2023-11-21,East,Paid Ads,34,Books,589,4108.363157894737,0,1,0.8034893557929554,1,0,0.0,165.05130335501772,594.1846920780638,1155.359123485124,discount_offer,20,165.05130335501772
102658,16.0,21784.07,1361.504375,2023-08-22,2025-04-23,3.0,6.875,11.0,6.0,70.0,610.0,0.7868852459016394,0.1875,0.6875,Fashion,2.47,10.0,9.0,7.0,2023-08-03,Central,Social Media,47,Fashion,699,11375.086623748211,0,1,0.8034728527107042,1,0,0.0,456.9786649707175,1645.1231938945828,3198.8506547950215,discount_offer,250,1645.1231938945828
102782,16.0,16497.7,1031.10625,2023-01-25,2024-05-23,2.0,5.3125,6.0,4.0,405.0,484.0,0.9917355371900828,0.125,0.375,Fashion,4.155555555555555,9.0,1.0,3.0,2023-01-01,West,Paid Ads,31,Fashion,913,6595.466046002191,0,1,0.8031691425460032,1,0,0.0,264.86374044294297,953.5094655945945,1854.0461831006003,discount_offer,250,953.5094655945945
103131,10.0,15809.34,1580.934,2024-04-14,2025-04-15,1.0,10.0,5.0,4.0,78.0,366.0,0.819672131147541,0.1,0.5,Home & Kitchen,3.7,3.0,7.0,3.333333333333333,2024-03-15,East,Social Media,18,Home & Kitchen,474,12173.858860759494,0,1,0.802866568160216,1,0,0.0,488.69921424024056,1759.3171712648657,3420.8944996816836,discount_offer,250,1759.3171712648657
100561,6.0,12493.03,2082.1716666666666,2024-07-01,2025-01-09,3.0,2.5,1.0,3.0,174.0,192.0,0.9375,0.5,0.1666666666666666,Electronics,2.3,2.0,10.0,5.0,2024-06-23,West,Organic Search,28,Electronics,374,12192.395588235291,0,1,0.8020310565939927,1,0,0.0,488.93399580221427,1760.1623848879713,3422.5379706154995,discount_offer,250,1760.1623848879713
104604,5.0,2848.3900000000003,569.6780000000001,2024-07-07,2025-01-07,0.0,14.0,4.0,2.0,176.0,184.0,0.8152173913043478,0.0,0.8,Beauty & Personal Care,2.95,2.0,10.0,5.333333333333333,2024-07-07,Central,Organic Search,53,Beauty & Personal Care,360,2887.9509722222224,0,1,0.8010536665862553,1,0,0.0,115.67018576099761,416.41266873959137,809.6913003269831,discount_offer,20,115.67018576099761
102514,2.0,1436.25,718.125,2024-05-20,2024-08-02,0.0,0.0,0.0,1.0,334.0,74.0,0.8108108108108107,0.0,0.0,Fashion,3.4,2.0,7.0,5.0,2024-01-20,Central,Direct,48,Fashion,529,990.985349716446,1,0,0.8009999850858663,1,0,0.0,39.68896251715926,142.88026506177334,277.8227376201148,discount_offer,0,0.0
100866,9.0,9477.24,1053.0266666666666,2023-01-11,2024-12-10,1.0,5.0,3.0,3.0,204.0,699.0,0.3862660944206008,0.1111111111111111,0.3333333333333333,Fashion,4.26,5.0,11.0,6.333333333333333,2023-01-01,South,Email,18,Fashion,913,3788.8199342825847,0,1,0.8008342788726314,1,0,0.0,151.7108439924722,546.1590383728999,1061.9759079473054,discount_offer,20,151.7108439924722
105370,9.0,25486.9,2831.8777777777777,2023-03-07,2023-10-28,1.0,4.444444444444445,4.0,3.0,613.0,235.0,1.148936170212766,0.1111111111111111,0.4444444444444444,Electronics,2.8600000000000003,5.0,10.0,5.666666666666667,2023-01-01,North,Paid Ads,40,Electronics,913,10189.176889375683,0,1,0.8005531177970479,1,0,0.0,407.84886632876646,1468.2559187835593,2854.9420643013655,discount_offer,250,1468.2559187835593
101124,9.0,10312.63,1145.847777777778,2023-11-27,2025-01-16,2.0,7.222222222222222,6.0,3.0,167.0,416.0,0.6490384615384616,0.2222222222222222,0.6666666666666666,Home & Kitchen,4.05,6.0,9.0,3.0,2023-10-20,East,Email,44,Home & Kitchen,621,6061.368679549115,0,1,0.8003862916290108,1,0,0.0,242.57181998102752,873.2585519316989,1698.0027398671923,discount_offer,20,242.57181998102752
102652,4.0,2741.19,685.2975,2024-09-11,2025-02-09,0.0,6.25,2.0,2.0,143.0,151.0,0.794701986754967,0.0,0.5,Beauty & Personal Care,3.533333333333333,3.0,5.0,3.0,2024-06-17,South,Organic Search,33,Beauty & Personal Care,380,2632.9851315789474,0,1,0.7997222494934882,1,0,0.0,105.2828396154612,379.01822261566025,736.9798773082284,discount_offer,20,105.2828396154612
101304,4.0,3890.54,972.635,2024-09-26,2024-10-12,0.0,5.0,2.0,2.0,263.0,16.0,7.5,0.0,0.5,Toys & Games,4.5,1.0,9.0,2.333333333333333,2024-06-22,West,Direct,36,Toys & Games,375,3786.792266666667,0,1,0.7994634110817338,1,0,0.0,151.3700931283632,544.9323352621075,1059.5906518985423,discount_offer,20,151.3700931283632
101418,9.0,5695.76,632.8622222222223,2023-10-24,2024-12-14,1.0,3.888888888888889,3.0,5.0,200.0,417.0,0.6474820143884892,0.1111111111111111,0.3333333333333333,Beauty & Personal Care,3.6,5.0,13.0,6.666666666666667,2023-10-19,North,Direct,30,Beauty & Personal Care,622,3342.367202572348,0,1,0.7993109013536208,1,0,0.0,133.5795270671442,480.886297441719,935.0566894700091,discount_offer,20,133.5795270671442
101543,11.0,6034.37,548.579090909091,2023-09-09,2025-03-30,0.0,10.0,5.0,4.0,94.0,568.0,0.5809859154929577,0.0,0.4545454545454545,Books,3.7,5.0,11.0,6.333333333333333,2023-08-11,East,Organic Search,40,Books,691,3187.4747467438497,0,1,0.7991259449581041,1,0,0.0,127.35968845108862,458.49487842391903,891.5178191576202,discount_offer,20,127.35968845108862
104544,4.0,1868.19,467.0475,2024-07-13,2024-10-30,0.0,12.5,3.0,2.0,245.0,109.0,1.1009174311926606,0.0,0.75,Beauty & Personal Care,4.066666666666666,3.0,8.0,5.666666666666667,2024-02-09,West,Paid Ads,21,Beauty & Personal Care,509,1339.6647347740668,0,1,0.7989005585251807,1,0,0.0,53.5129452423745,192.6466028725482,374.5906166966215,discount_offer,0,0.0
102037,8.0,17244.2,2155.525,2023-01-15,2024-07-17,0.0,8.75,6.0,3.0,350.0,549.0,0.4371584699453552,0.0,0.75,Electronics,2.9333333333333336,3.0,3.0,6.0,2023-01-01,Central,Social Media,32,Electronics,913,6893.902519167579,1,0,0.7988752784959411,1,0,0.0,275.36841474619354,991.3262930862966,1927.5789032233542,discount_offer,250,991.3262930862966
105004,5.0,3474.74,694.948,2024-06-20,2025-06-11,1.0,0.0,0.0,3.0,21.0,356.0,0.4213483146067415,0.2,0.0,Fashion,3.4,3.0,5.0,8.0,2024-05-08,West,Paid Ads,45,Fashion,420,3019.714523809524,0,1,0.7986432899962927,1,0,0.0,120.58373710724135,434.10145358606877,844.0861597506893,discount_offer,20,120.58373710724135
103039,2.0,524.79,262.395,2024-12-07,2025-01-27,1.0,5.0,1.0,1.0,156.0,51.0,1.1764705882352942,0.5,0.5,Beauty & Personal Care,3.2,1.0,7.0,2.6666666666666665,2024-10-02,North,Paid Ads,18,Beauty & Personal Care,273,701.6423076923077,0,1,0.7986341070993654,1,0,0.0,28.01777389534922,100.86398602325718,196.1244172674445,discount_offer,0,0.0
104492,4.0,5426.59,1356.6475,2023-12-03,2024-09-18,2.0,0.0,0.0,1.0,287.0,290.0,0.4137931034482759,0.5,0.0,Fashion,4.037037037037037,0.0,11.0,6.666666666666667,2023-11-20,North,Referral,61,Fashion,590,3357.127711864407,0,1,0.7985348380703451,1,0,0.0,134.03917168875563,482.5410180795202,938.2742018212892,discount_offer,20,134.03917168875563
101829,7.0,5022.2,717.4571428571428,2024-04-08,2024-11-19,0.0,5.0,4.0,3.0,225.0,225.0,0.9333333333333332,0.0,0.5714285714285714,Toys & Games,3.45,2.0,12.0,4.666666666666667,2024-01-16,West,Paid Ads,38,Toys & Games,533,3439.217636022514,1,0,0.7980305321534352,1,1,0.0,137.23003401332633,494.02812244797474,960.6102380932841,discount_offer,20,137.23003401332633
100135,7.0,7632.01,1090.287142857143,2024-09-05,2025-02-07,1.0,7.857142857142857,4.0,3.0,145.0,155.0,1.3548387096774193,0.1428571428571428,0.5714285714285714,Fashion,3.65,4.0,7.0,3.0,2024-06-06,South,Direct,50,Fashion,391,7124.510613810741,0,1,0.7976277205144849,1,0,0.0,284.1353580337558,1022.8872889215207,1988.94750623629,discount_offer,250,1022.8872889215207
100291,14.0,8624.22,616.0157142857142,2023-06-22,2025-03-04,2.0,2.142857142857143,2.0,3.0,120.0,621.0,0.6763285024154589,0.1428571428571428,0.1428571428571428,Grocery,3.5,6.0,6.0,3.6666666666666665,2023-01-01,South,Social Media,43,Grocery,913,3447.798795180722,0,1,0.7974937742872118,1,1,0.0,137.47990370757879,494.9276533472836,962.3593259530514,discount_offer,20,137.47990370757879
104975,2.0,1631.29,815.645,2024-09-16,2024-12-28,0.0,12.5,1.0,1.0,186.0,103.0,0.5825242718446603,0.0,0.5,Beauty & Personal Care,4.1,1.0,7.0,6.333333333333333,2024-09-09,North,Paid Ads,25,Beauty & Personal Care,296,2011.556925675676,0,1,0.7973046781640342,1,0,0.0,80.19118736172395,288.6882745022062,561.3383115320676,discount_offer,20,80.19118736172395
102143,7.0,4108.71,586.9585714285714,2024-03-25,2025-03-17,1.0,2.142857142857143,1.0,2.0,107.0,357.0,0.5882352941176471,0.1428571428571428,0.1428571428571428,Beauty & Personal Care,4.433333333333334,3.0,9.0,4.333333333333333,2023-10-28,North,Paid Ads,37,Beauty & Personal Care,613,2446.4586460032624,0,1,0.7972059657469964,1,0,0.0,97.51657137735602,351.0596569584816,682.615999641492,discount_offer,20,97.51657137735602
102967,2.0,3734.95,1867.475,2024-10-13,2025-02-08,1.0,12.5,1.0,1.0,144.0,118.0,0.5084745762711864,0.5,0.5,Fashion,3.6,1.0,9.0,4.666666666666667,2024-08-29,North,Paid Ads,39,Fashion,307,4440.575732899023,0,1,0.7971963465944483,1,0,0.0,177.0005375521533,637.2019351877518,1239.003762865073,discount_offer,20,177.0005375521533
100089,15.0,14963.4,997.56,2023-01-19,2025-02-17,3.0,8.333333333333334,14.0,4.0,135.0,760.0,0.5921052631578948,0.2,0.9333333333333332,Sports & Outdoors,3.616666666666666,6.0,9.0,6.333333333333333,2023-01-01,West,Social Media,20,Sports & Outdoors,913,5982.082146768893,0,1,0.7969234202813225,1,0,0.0,238.36306824034511,858.1070456652424,1668.5414776824157,discount_offer,20,238.36306824034511
104465,12.0,22668.99,1889.0825,2024-05-24,2025-02-03,2.0,4.583333333333333,4.0,4.0,149.0,255.0,1.411764705882353,0.1666666666666666,0.3333333333333333,Beauty & Personal Care,3.71,10.0,8.0,5.0,2024-02-10,East,Organic Search,18,Beauty & Personal Care,508,16287.758562992123,0,1,0.7969227554299562,1,0,0.0,649.0042716898774,2336.415378083558,4543.029901829141,discount_offer,250,2336.415378083558
100395,15.0,11973.61,798.2406666666667,2023-05-02,2024-10-11,2.0,4.333333333333333,4.0,4.0,264.0,528.0,0.8522727272727272,0.1333333333333333,0.2666666666666666,Fashion,4.083333333333333,6.0,11.0,5.0,2023-01-01,Central,Social Media,33,Fashion,913,4786.82108433735,0,1,0.7966232825039653,1,0,0.0,190.66465624820054,686.3927624935218,1334.6525937374035,discount_offer,20,190.66465624820054
105120,3.0,1465.48,488.4933333333333,2024-10-23,2024-11-19,0.0,5.0,1.0,2.0,225.0,27.0,3.333333333333333,0.0,0.3333333333333333,Books,2.6,1.0,6.0,4.333333333333333,2024-08-15,North,Referral,21,Books,321,1666.3557632398756,0,1,0.7965739615839889,1,1,0.0,66.36878058661496,238.9276101118138,464.5814641063046,discount_offer,20,66.36878058661496
102537,21.0,22264.74,1060.2257142857145,2023-03-14,2024-11-06,3.0,3.095238095238096,4.0,4.0,238.0,603.0,1.044776119402985,0.1428571428571428,0.1904761904761904,Fashion,3.433333333333333,12.0,11.0,7.0,2023-03-12,West,Organic Search,47,Fashion,843,9640.130604982209,0,1,0.7963158777142547,1,0,0.0,383.82945319932287,1381.7860315175624,2686.8061723952596,discount_offer,250,1381.7860315175624
105324,11.0,10113.87,919.4427272727272,2023-10-12,2024-12-20,2.0,10.909090909090908,7.0,2.0,194.0,435.0,0.7586206896551724,0.1818181818181818,0.6363636363636364,Toys & Games,4.42,5.0,8.0,5.0,2023-08-05,West,Referral,18,Toys & Games,697,5296.359469153515,0,1,0.7962815814378207,1,0,0.0,210.8696746980369,759.1308289129328,1476.0877228862582,discount_offer,20,210.8696746980369
101287,12.0,7476.57,623.0475,2023-04-26,2024-09-18,1.0,11.25,8.0,3.0,287.0,511.0,0.7045009784735812,0.0833333333333333,0.6666666666666666,Beauty & Personal Care,3.9375,8.0,10.0,4.666666666666667,2023-04-01,South,Referral,29,Beauty & Personal Care,823,3315.8542527339005,0,1,0.7954172860414562,1,0,0.0,131.874389530931,474.7478023113516,923.120726716517,discount_offer,20,131.874389530931
105501,14.0,11176.73,798.3378571428572,2023-04-06,2025-05-21,3.0,3.928571428571429,4.0,2.0,42.0,776.0,0.5412371134020618,0.2142857142857142,0.2857142857142857,Toys & Games,3.14,5.0,7.0,5.666666666666667,2023-03-05,South,Organic Search,34,Toys & Games,850,4799.419352941176,0,1,0.795254722671271,1,0,0.0,190.8380453253183,687.0169631711458,1335.8663172772278,discount_offer,20,190.8380453253183
102698,8.0,4729.0,591.125,2023-02-15,2025-04-28,0.0,3.125,3.0,2.0,65.0,803.0,0.298879202988792,0.0,0.375,Beauty & Personal Care,3.625,4.0,8.0,7.0,2023-01-01,South,Organic Search,51,Beauty & Personal Care,913,1890.5640744797367,0,1,0.7948074367531711,1,0,0.0,75.13171930274355,270.4741894898768,525.9220351192047,discount_offer,20,75.13171930274355
105483,4.0,1639.95,409.9875,2024-05-30,2025-05-01,0.0,0.0,0.0,1.0,62.0,336.0,0.3571428571428571,0.0,0.0,Grocery,4.333333333333333,3.0,8.0,3.6666666666666665,2024-03-03,Central,Paid Ads,52,Grocery,486,1231.6496913580247,0,1,0.7942485859293359,1,0,0.0,48.911801286070705,176.08248462985455,342.3826090024949,discount_offer,0,0.0
105292,4.0,2646.4500000000003,661.6125000000001,2024-04-19,2024-12-28,0.0,3.75,2.0,2.0,186.0,253.0,0.4743083003952569,0.0,0.5,Beauty & Personal Care,3.75,4.0,7.0,3.333333333333333,2023-12-16,West,Organic Search,45,Beauty & Personal Care,564,1712.684840425532,1,0,0.7941792527876718,1,0,0.0,68.00893834149609,244.83217802938594,476.0625683904726,discount_offer,20,68.00893834149609
100792,7.0,6301.71,900.2442857142858,2024-01-30,2024-10-29,0.0,8.571428571428571,3.0,2.0,246.0,273.0,0.7692307692307693,0.0,0.4285714285714285,Toys & Games,4.0,5.0,7.0,2.6666666666666665,2024-01-06,East,Organic Search,57,Toys & Games,543,4235.956077348066,0,1,0.7940050622442856,1,1,0.0,168.16852844294058,605.406702394586,1177.1796991005838,discount_offer,20,168.16852844294058
105059,6.0,5089.219999999999,848.2033333333333,2024-07-03,2025-03-04,1.0,10.0,5.0,3.0,120.0,244.0,0.7377049180327869,0.1666666666666666,0.8333333333333334,Beauty & Personal Care,3.1333333333333333,3.0,10.0,5.666666666666667,2024-06-27,East,Email,30,Beauty & Personal Care,370,5020.446756756756,0,1,0.7934537880363586,1,0,0.0,199.17462483917495,717.0286494210299,1394.2223738742246,discount_offer,20,199.17462483917495
103032,2.0,2222.8900000000003,1111.4450000000002,2024-01-09,2024-10-20,0.0,10.0,2.0,2.0,255.0,285.0,0.2105263157894736,0.0,1.0,Books,3.6,2.0,4.0,4.333333333333333,2023-08-12,West,Email,23,Home & Kitchen,690,1175.8765942028988,1,0,0.7933063927498333,1,0,0.0,46.641520963303066,167.90947546789099,326.4906467431214,discount_offer,0,0.0
104374,12.0,19068.99,1589.0824999999998,2023-07-26,2024-11-26,0.0,2.5,2.0,5.0,218.0,489.0,0.7361963190184049,0.0,0.1666666666666666,Home & Kitchen,3.95,6.0,6.0,3.0,2023-07-24,North,Organic Search,33,Home & Kitchen,709,9816.898942172073,0,1,0.79306913639423,1,0,0.0,389.2739783068918,1401.3863219048103,2724.9178481482422,discount_offer,250,1401.3863219048103
105404,6.0,5819.150000000001,969.8583333333336,2023-01-08,2025-02-07,0.0,5.833333333333333,3.0,4.0,145.0,761.0,0.2365308804204993,0.0,0.5,Home & Kitchen,3.1333333333333333,3.0,10.0,3.333333333333333,2023-01-01,Central,Direct,44,Home & Kitchen,913,2326.385268346112,1,0,0.7929502977329793,1,0,0.0,92.23539455883333,332.0474204117999,645.6477619118332,discount_offer,20,92.23539455883333
102511,19.0,18438.29,970.4363157894736,2023-05-03,2025-05-07,2.0,11.842105263157896,13.0,4.0,56.0,735.0,0.7755102040816326,0.1052631578947368,0.6842105263157895,Fashion,3.4200000000000004,10.0,4.0,5.0,2023-01-01,West,Referral,22,Fashion,913,7371.276944140197,0,1,0.7929419865591565,1,0,0.0,292.2497491782118,1052.0990970415626,2045.7482442474825,discount_offer,250,1052.0990970415626
101954,8.0,3547.81,443.47625,2024-07-13,2025-04-12,0.0,2.5,3.0,4.0,81.0,273.0,0.8791208791208791,0.0,0.375,Grocery,3.3,5.0,10.0,5.666666666666667,2024-04-15,North,Organic Search,52,Grocery,443,2923.139164785553,0,1,0.7926127245566676,1,0,0.0,115.84586488294897,417.04511357861617,810.9210541806425,discount_offer,20,115.84586488294897
102230,7.0,9531.72,1361.6742857142858,2024-10-27,2025-03-12,1.0,6.428571428571429,3.0,5.0,112.0,136.0,1.5441176470588236,0.1428571428571428,0.4285714285714285,Fashion,2.94,5.0,7.0,7.666666666666667,2024-10-01,West,Organic Search,36,Fashion,274,12697.364233576644,0,1,0.7925786280015228,1,0,0.0,503.1829761741892,1811.458714227081,3522.2808332193235,discount_offer,250,1811.458714227081
102844,5.0,10496.45,2099.29,2023-07-06,2023-11-13,0.0,4.0,1.0,2.0,597.0,130.0,1.153846153846154,0.0,0.2,Grocery,4.55,2.0,4.0,6.0,2023-04-15,South,Paid Ads,28,Grocery,809,4735.7283683559945,0,1,0.7923839743980675,1,0,0.0,187.62576330937995,675.4527479137677,1313.3803431656593,discount_offer,20,187.62576330937995
102222,13.0,17299.53,1330.7330769230769,2023-06-28,2025-01-08,0.0,5.0,5.0,5.0,175.0,560.0,0.6964285714285714,0.0,0.3846153846153846,Beauty & Personal Care,4.116666666666666,6.0,5.0,5.0,2023-06-19,East,Paid Ads,28,Beauty & Personal Care,744,8487.00060483871,0,1,0.7923233679163111,1,0,0.0,336.2224451366788,1210.4008024920436,2353.557115956751,discount_offer,250,1210.4008024920436
101851,5.0,2861.94,572.388,2023-12-18,2025-07-01,0.0,5.0,1.0,2.0,1.0,561.0,0.267379679144385,0.0,0.2,Fashion,3.475,4.0,6.0,5.0,2023-09-18,Central,Direct,30,Fashion,653,1599.7061255742726,0,1,0.7917682311294527,1,0,0.0,63.3298244686446,227.98736808712056,443.3087712805122,discount_offer,20,63.3298244686446
102769,10.0,9685.09,968.509,2024-03-31,2025-03-29,3.0,5.5,4.0,2.0,95.0,363.0,0.8264462809917356,0.3,0.4,Fashion,3.5666666666666664,6.0,10.0,5.333333333333333,2024-03-28,East,Paid Ads,39,Fashion,461,7668.238286334056,0,1,0.791303570997258,1,0,0.0,303.3952169617017,1092.222781062126,2123.766518731911,discount_offer,250,1092.222781062126
101401,16.0,8691.41,543.213125,2023-01-19,2025-01-23,0.0,6.25,6.0,4.0,160.0,735.0,0.6530612244897959,0.0,0.375,Books,4.12,10.0,7.0,6.0,2023-01-01,East,Paid Ads,56,Books,913,3474.6600766703173,0,1,0.7912283227996753,1,0,0.0,137.4624732381423,494.8649036573123,962.2373126669961,discount_offer,20,137.4624732381423
105196,2.0,1643.78,821.89,2024-08-04,2024-08-28,0.0,0.0,0.0,2.0,308.0,24.0,2.5,0.0,0.0,Fashion,3.7,1.0,7.0,3.333333333333333,2024-07-27,North,Social Media,50,Grocery,340,1764.6461764705882,0,1,0.7911962523520032,1,0,0.0,69.80907207754106,251.3126594791478,488.66350454278734,discount_offer,20,69.80907207754106
105110,9.0,11898.12,1322.013333333333,2023-12-20,2024-12-12,2.0,5.555555555555555,4.0,3.0,202.0,358.0,0.7541899441340782,0.2222222222222222,0.4444444444444444,Toys & Games,4.466666666666667,6.0,7.0,6.0,2023-11-20,North,Organic Search,47,Toys & Games,590,7360.701355932204,0,1,0.7909569504181695,1,0,0.0,291.0998948713511,1047.9596215368638,2037.6992640994572,discount_offer,250,1047.9596215368638
105757,5.0,4665.07,933.014,2024-03-22,2025-03-04,0.0,3.0,2.0,3.0,120.0,347.0,0.4322766570605187,0.0,0.4,Fashion,3.55,4.0,12.0,2.6666666666666665,2024-01-12,Central,Social Media,46,Fashion,537,3170.857635009311,1,0,0.7899448698303385,1,1,0.0,125.24013608689825,450.8644899128337,876.6809526082877,discount_offer,20,125.24013608689825
100632,1.0,450.8,450.8,2025-01-09,2025-01-09,0.0,0.0,0.0,1.0,174.0,1.0,30.0,0.0,0.0,Books,4.2,1.0,6.0,3.0,2024-11-05,South,Paid Ads,67,Books,239,688.4602510460251,0,1,0.7899371383395626,1,0,0.0,27.192016028591695,97.8912577029301,190.34411220014186,discount_offer,0,0.0
101271,12.0,10612.24,884.3533333333334,2024-03-09,2025-01-18,1.0,10.0,6.0,5.0,165.0,315.0,1.1428571428571428,0.0833333333333333,0.5,Grocery,3.685714285714286,7.0,7.0,6.0,2024-01-11,South,Organic Search,40,Grocery,538,7199.753903345725,0,1,0.7898480121939677,1,0,0.0,284.33556544216907,1023.6080355918085,1990.3489580951834,discount_offer,250,1023.6080355918085
105215,19.0,24633.88,1296.52,2023-01-19,2025-03-28,2.0,3.1578947368421053,6.0,6.0,96.0,799.0,0.7133917396745932,0.1052631578947368,0.3157894736842105,Home & Kitchen,3.62,10.0,9.0,2.6666666666666665,2023-01-01,East,Paid Ads,24,Home & Kitchen,913,9848.155750273823,0,1,0.7897033318966704,1,0,0.0,388.8560704514297,1399.8818536251467,2721.992493160007,discount_offer,250,1399.8818536251467
100857,16.0,12206.43,762.901875,2023-01-07,2024-09-25,2.0,8.4375,11.0,5.0,280.0,627.0,0.7655502392344498,0.125,0.6875,Books,3.47,10.0,13.0,6.0,2023-01-01,South,Referral,26,Books,913,4879.898083242059,0,1,0.789595140522528,1,0,0.0,192.65719063865646,693.5658862991631,1348.600334470595,discount_offer,20,192.65719063865646
103099,9.0,7020.7,780.0777777777778,2023-02-02,2025-04-13,0.0,5.555555555555555,3.0,6.0,80.0,801.0,0.3370786516853932,0.0,0.3333333333333333,Grocery,3.75,2.0,7.0,4.0,2023-01-01,East,Referral,25,Grocery,913,2806.742059145673,0,1,0.7890992615071984,1,1,0.0,110.7399043056522,398.6636555003479,775.1793301395653,discount_offer,20,110.7399043056522
103468,16.0,16124.79,1007.799375,2023-01-31,2025-06-18,3.0,5.0,5.0,4.0,14.0,869.0,0.5523590333716917,0.1875,0.3125,Fashion,3.2333333333333334,9.0,8.0,5.666666666666667,2023-01-01,South,Social Media,25,Fashion,913,6446.383734939759,0,1,0.7888075841195946,1,0,0.0,254.24781901328402,915.2921484478223,1779.734733092988,discount_offer,250,915.2921484478223
101631,15.0,8127.17,541.8113333333333,2023-03-21,2025-04-02,0.0,6.0,8.0,5.0,91.0,743.0,0.6056527590847914,0.0,0.5333333333333333,Grocery,3.711111111111111,9.0,9.0,3.6666666666666665,2023-03-13,Central,Social Media,30,Grocery,842,3523.060629453682,0,1,0.7886753980189709,1,0,0.0,138.92756220896743,500.13922395228275,972.492935462772,discount_offer,20,138.92756220896743
101991,7.0,7067.6,1009.657142857143,2023-02-17,2024-02-15,1.0,5.0,3.0,3.0,503.0,363.0,0.578512396694215,0.1428571428571428,0.4285714285714285,Fashion,3.65,4.0,14.0,4.333333333333333,2023-01-01,West,Organic Search,40,Fashion,913,2825.491785323111,0,1,0.7884735449885986,1,0,0.0,111.39127621549389,401.008594375778,779.7389335084571,discount_offer,20,111.39127621549389
102101,16.0,11318.27,707.391875,2023-01-12,2024-07-07,1.0,1.875,2.0,5.0,360.0,542.0,0.8856088560885609,0.0625,0.125,Beauty & Personal Care,3.775,12.0,7.0,5.0,2023-01-01,West,Referral,18,Beauty & Personal Care,913,4524.828641840088,0,1,0.787687024600827,1,0,0.0,178.20744048598098,641.5467857495315,1247.4520834018667,discount_offer,20,178.20744048598098
104796,15.0,8779.87,585.3246666666668,2023-07-27,2025-05-25,1.0,8.0,10.0,3.0,38.0,668.0,0.6736526946107785,0.0666666666666666,0.6666666666666666,Grocery,3.155555555555556,9.0,9.0,6.333333333333333,2023-07-08,East,Email,40,Grocery,725,4420.210413793104,0,1,0.787686229785714,1,0,0.0,174.08694378501204,626.7129976260434,1218.6086064950841,discount_offer,20,174.08694378501204
103557,7.0,6172.56,881.7942857142856,2023-12-05,2025-01-26,0.0,3.571428571428572,1.0,4.0,157.0,418.0,0.5023923444976076,0.0,0.1428571428571428,Toys & Games,3.8333333333333335,3.0,8.0,3.6666666666666665,2023-11-18,East,Email,32,Toys & Games,592,3805.716891891892,0,1,0.7875590689304537,1,1,0.0,149.86134259956393,539.5008333584301,1049.0293981969473,discount_offer,20,149.86134259956393
101858,1.0,1353.83,1353.83,2024-10-27,2024-10-27,0.0,0.0,0.0,1.0,248.0,1.0,30.0,0.0,0.0,Fashion,4.037037037037037,0.0,6.0,2.6666666666666665,2024-10-14,North,Social Media,23,Fashion,261,1893.2871647509576,0,1,0.7872836266994028,1,0,0.0,74.52769927242818,268.2997173807414,521.6938949069972,discount_offer,20,74.52769927242818
102972,10.0,8571.09,857.109,2023-06-26,2025-04-05,2.0,6.0,4.0,3.0,88.0,649.0,0.4622496147919877,0.2,0.4,Fashion,4.183333333333334,6.0,6.0,3.333333333333333,2023-01-01,North,Paid Ads,44,Fashion,913,3426.55843373494,0,1,0.7871104005349774,1,0,0.0,134.8539890616807,485.4743606220504,943.9779234317647,discount_offer,20,134.8539890616807
105264,8.0,10058.07,1257.25875,2024-11-22,2025-05-29,1.0,3.125,3.0,3.0,34.0,188.0,1.2765957446808511,0.125,0.375,Fashion,2.7,4.0,7.0,5.0,2024-07-26,North,Social Media,37,Fashion,341,10765.96935483871,0,1,0.7866681957195897,1,0,0.0,423.4622843771682,1524.4642237578053,2964.2359906401766,discount_offer,250,1524.4642237578053
103200,8.0,7055.08,881.885,2023-07-21,2025-02-02,0.0,0.625,1.0,4.0,150.0,562.0,0.4270462633451957,0.0,0.125,Sports & Outdoors,3.62,5.0,10.0,8.0,2023-05-10,South,Organic Search,65,Sports & Outdoors,784,3284.5716836734696,0,1,0.7865760411947167,1,1,0.0,129.17826959820715,465.04177055354575,904.2478871874499,discount_offer,20,129.17826959820715
105235,13.0,9147.99,703.6915384615385,2023-07-10,2025-06-04,0.0,7.3076923076923075,8.0,4.0,28.0,695.0,0.5611510791366906,0.0,0.6153846153846154,Toys & Games,3.375,8.0,8.0,4.666666666666667,2023-04-05,North,Social Media,43,Toys & Games,819,4076.94304029304,0,1,0.7862284638841167,1,0,0.0,160.27043319563188,576.9735595042747,1121.893032369423,discount_offer,20,160.27043319563188
103187,5.0,4475.54,895.108,2024-01-13,2024-03-18,0.0,1.0,1.0,1.0,471.0,65.0,2.307692307692308,0.0,0.2,Grocery,4.2,3.0,10.0,3.333333333333333,2023-09-08,Central,Email,18,Grocery,663,2463.909653092006,0,1,0.7861911662211968,1,1,0.0,96.85520018140343,348.6787206530524,677.9864012698239,discount_offer,20,96.85520018140343
102767,13.0,19945.73,1534.2869230769231,2023-12-06,2024-12-29,1.0,7.3076923076923075,8.0,6.0,185.0,389.0,1.0025706940874035,0.0769230769230769,0.6153846153846154,Grocery,4.4,7.0,5.0,5.666666666666667,2023-11-20,East,Social Media,30,Grocery,590,12339.30754237288,0,1,0.7861316997598636,1,0,0.0,485.016040607265,1746.0577461861535,3395.1122842508544,discount_offer,250,1746.0577461861535
101896,6.0,3800.92,633.4866666666667,2024-07-31,2025-02-13,0.0,9.166666666666666,3.0,3.0,139.0,197.0,0.9137055837563453,0.0,0.5,Books,3.275,4.0,11.0,5.666666666666667,2024-07-15,West,Organic Search,29,Books,352,3941.2948863636366,0,1,0.7860070331157694,1,1,0.0,154.8942750132518,557.6193900477064,1084.2599250927624,discount_offer,20,154.8942750132518
105491,8.0,24436.2,3054.525,2023-10-15,2025-06-13,0.0,4.375,3.0,2.0,19.0,607.0,0.3953871499176276,0.0,0.375,Electronics,2.8,4.0,8.0,4.333333333333333,2023-08-19,West,Organic Search,45,Electronics,683,13058.87701317716,0,1,0.7858987305840975,1,0,0.0,513.1477433754891,1847.3318761517605,3592.034203628423,discount_offer,250,1847.3318761517605
103367,3.0,3678.52,1226.1733333333332,2024-11-27,2025-04-05,0.0,0.0,0.0,3.0,88.0,129.0,0.6976744186046512,0.0,0.0,Beauty & Personal Care,3.6,2.0,6.0,4.666666666666667,2024-10-10,East,Organic Search,51,Fashion,265,5066.64075471698,0,1,0.7856301028414311,1,0,0.0,199.02527485944438,716.4909894939997,1393.1769240161104,discount_offer,20,199.02527485944438
101926,11.0,37096.28,3372.389090909091,2023-01-31,2025-04-26,2.0,3.636363636363636,4.0,3.0,67.0,816.0,0.4044117647058823,0.1818181818181818,0.3636363636363636,Electronics,3.333333333333333,3.0,4.0,4.666666666666667,2023-01-01,North,Organic Search,35,Electronics,913,14830.385761226724,0,1,0.7853555263637564,1,0,0.0,582.3562707842887,2096.482574823439,4076.49389549002,discount_offer,250,2096.482574823439
104924,20.0,21480.04,1074.002,2023-01-31,2025-01-29,3.0,5.25,8.0,6.0,154.0,729.0,0.823045267489712,0.15,0.4,Fashion,3.8615384615384616,13.0,8.0,4.666666666666667,2023-01-01,South,Social Media,36,Fashion,913,8587.310624315443,0,1,0.7853202981879054,1,0,0.0,337.1894670059786,1213.8820812215229,2360.32626904185,discount_offer,250,1213.8820812215229
105827,1.0,561.92,561.92,2024-08-15,2024-08-15,0.0,0.0,0.0,1.0,321.0,1.0,30.0,0.0,0.0,Toys & Games,4.037037037037037,0.0,9.0,3.333333333333333,2024-03-16,South,Social Media,29,Toys & Games,473,433.6169133192389,1,0,0.7849852845291457,1,1,0.0,17.019144803927635,61.26892129413948,119.13401362749343,discount_offer,0,0.0
103225,3.0,1907.0,635.6666666666666,2024-08-25,2025-01-03,0.0,0.0,0.0,3.0,180.0,131.0,0.6870229007633588,0.0,0.0,Beauty & Personal Care,4.1,1.0,9.0,4.666666666666667,2024-07-10,Central,Organic Search,26,Grocery,357,1949.7338935574228,0,1,0.7848139239254266,1,1,0.0,76.50891538066006,275.43209537037615,535.5624076646203,discount_offer,20,76.50891538066006
105888,15.0,17410.75,1160.7166666666667,2023-05-24,2025-01-17,3.0,5.333333333333333,6.0,5.0,166.0,604.0,0.7450331125827815,0.2,0.4,Fashion,3.84,10.0,10.0,5.0,2023-05-19,West,Email,19,Fashion,775,8199.901612903226,0,1,0.7834302958110073,1,0,0.0,321.20256731089654,1156.3292423192274,2248.417971176276,discount_offer,250,1156.3292423192274
100775,7.0,2949.95,421.4214285714285,2024-06-03,2025-04-14,0.0,7.142857142857143,2.0,2.0,79.0,315.0,0.6666666666666666,0.0,0.2857142857142857,Grocery,2.525,4.0,6.0,4.0,2024-05-06,Central,Paid Ads,51,Grocery,422,2551.497037914692,0,1,0.7833634694647449,1,1,0.0,99.93747859749365,359.77492295097716,699.5623501824555,discount_offer,20,99.93747859749365
102255,4.0,3096.75,774.1875,2024-04-30,2024-12-02,2.0,2.5,1.0,1.0,212.0,216.0,0.5555555555555556,0.5,0.25,Fashion,3.8,2.0,4.0,6.0,2024-03-07,South,Organic Search,18,Fashion,482,2345.049273858921,0,1,0.7831637773502911,1,1,0.0,91.8278823693955,330.58037652982375,642.7951765857683,discount_offer,20,91.8278823693955
101297,6.0,4679.98,779.9966666666666,2023-01-20,2025-04-22,0.0,7.5,2.0,3.0,71.0,823.0,0.2187120291616039,0.0,0.3333333333333333,Beauty & Personal Care,3.925,4.0,3.0,4.0,2023-01-01,East,Organic Search,46,Beauty & Personal Care,913,1870.9668127053667,0,1,0.7831151333650016,1,1,0.0,73.25912125266277,263.7328365095859,512.8138487686392,discount_offer,20,73.25912125266277
104431,10.0,11201.94,1120.194,2024-01-12,2025-07-01,2.0,3.5,3.0,5.0,1.0,536.0,0.5597014925373134,0.2,0.3,Sports & Outdoors,3.45,6.0,5.0,6.333333333333333,2023-11-30,South,Referral,33,Sports & Outdoors,580,7049.496724137931,0,1,0.7826866622461663,1,0,0.0,275.8773530765401,993.1584710755441,1931.14147153578,discount_offer,250,993.1584710755441
103458,2.0,7569.55,3784.775,2025-01-03,2025-06-09,1.0,2.5,1.0,1.0,23.0,157.0,0.3821656050955413,0.5,0.5,Electronics,1.7999999999999998,2.0,6.0,4.666666666666667,2024-05-08,West,Direct,44,Electronics,420,6578.299404761905,0,1,0.7820419925214861,1,0,0.0,257.2253186951453,926.0111473025231,1800.577230866017,discount_offer,250,926.0111473025231
103498,4.0,6610.26,1652.565,2024-07-15,2025-04-11,0.0,6.25,2.0,3.0,82.0,270.0,0.4444444444444444,0.0,0.5,Sports & Outdoors,3.3000000000000003,3.0,4.0,3.6666666666666665,2024-04-16,South,Social Media,48,Sports & Outdoors,442,5458.6988687782805,0,1,0.7819858740488358,1,0,0.0,213.43127030354876,768.3525730927755,1494.0188921248412,discount_offer,20,213.43127030354876
100439,3.0,8509.01,2836.3366666666666,2024-03-17,2024-08-10,0.0,6.666666666666667,2.0,1.0,326.0,146.0,0.6164383561643836,0.0,0.6666666666666666,Electronics,4.037037037037037,0.0,6.0,5.0,2023-09-07,East,Organic Search,26,Electronics,664,4677.392545180724,0,1,0.7817759459963175,1,0,0.0,182.83364909023916,658.201136724861,1279.835543631674,discount_offer,20,182.83364909023916
103249,7.0,4615.06,659.2942857142856,2024-04-15,2025-01-17,0.0,5.714285714285714,2.0,2.0,166.0,277.0,0.7581227436823106,0.0,0.2857142857142857,Books,4.0200000000000005,5.0,10.0,3.0,2024-04-11,South,Email,29,Books,447,3768.449440715883,0,1,0.7817669511108792,1,0,0.0,147.30246148419772,530.2888613431116,1031.1172303893838,discount_offer,20,147.30246148419772
104434,9.0,11064.49,1229.3877777777775,2024-03-04,2025-06-17,1.0,8.88888888888889,6.0,3.0,15.0,470.0,0.574468085106383,0.1111111111111111,0.6666666666666666,Home & Kitchen,3.128571428571429,7.0,7.0,4.333333333333333,2024-03-03,North,Referral,28,Home & Kitchen,486,8309.75072016461,0,1,0.7817006216655769,1,0,0.0,324.7868651919326,1169.232714690957,2273.508056343527,discount_offer,250,1169.232714690957
105262,9.0,9809.4,1089.9333333333334,2023-04-05,2025-06-05,1.0,3.333333333333333,3.0,5.0,27.0,792.0,0.3409090909090909,0.1111111111111111,0.3333333333333333,Toys & Games,3.283333333333333,6.0,9.0,4.0,2023-03-03,Central,Social Media,20,Toys & Games,852,4202.383802816901,0,1,0.7816394790086726,1,0,0.0,164.23745431141435,591.2548355210916,1149.6621801799004,discount_offer,20,164.23745431141435
101132,15.0,8967.37,597.8246666666668,2023-06-01,2024-11-15,1.0,8.0,6.0,6.0,229.0,533.0,0.8442776735459663,0.0666666666666666,0.4,Books,4.07,10.0,4.0,2.6666666666666665,2023-05-07,North,Paid Ads,40,Books,787,4158.945425667091,1,0,0.7816178611290847,1,1,0.0,162.5353014081251,585.1270850692504,1137.7471098568758,discount_offer,20,162.5353014081251
102862,7.0,6376.51,910.93,2023-11-15,2024-05-11,1.0,6.428571428571429,4.0,2.0,417.0,178.0,1.1797752808988764,0.1428571428571428,0.5714285714285714,Toys & Games,4.133333333333333,3.0,8.0,3.333333333333333,2023-11-10,South,Organic Search,23,Toys & Games,600,3879.0435833333336,0,1,0.7812312451309738,1,1,0.0,151.52150242624074,545.4774087344665,1060.6505169836848,discount_offer,20,151.52150242624074
103593,3.0,1736.08,578.6933333333333,2024-05-21,2024-08-18,0.0,0.0,0.0,2.0,318.0,89.0,1.0112359550561798,0.0,0.0,Grocery,4.2,1.0,11.0,5.333333333333333,2024-05-12,North,Direct,57,Grocery,416,1523.243269230769,0,1,0.7812312080263015,1,1,0.0,59.500258966954334,214.2009322810356,416.5018127686803,discount_offer,20,59.500258966954334
104522,16.0,18470.2,1154.3875,2023-01-18,2024-07-12,1.0,8.4375,9.0,5.0,355.0,541.0,0.88724584103512,0.0625,0.5625,Home & Kitchen,3.94,10.0,11.0,5.666666666666667,2023-01-01,East,Referral,37,Home & Kitchen,913,7384.03395399781,0,1,0.7811226113762254,1,0,0.0,288.39179423187426,1038.2104592347473,2018.7425596231194,discount_offer,250,1038.2104592347473
100031,15.0,18582.19,1238.8126666666665,2023-09-27,2024-12-28,1.0,3.333333333333333,3.0,5.0,186.0,458.0,0.982532751091703,0.0666666666666666,0.2,Beauty & Personal Care,3.9,6.0,8.0,6.0,2023-09-13,North,Social Media,41,Beauty & Personal Care,658,10307.749772036474,0,1,0.7810679830413353,1,0,0.0,402.5526662069656,1449.1895983450763,2817.868663448759,discount_offer,250,1449.1895983450763
105885,2.0,1297.19,648.595,2024-11-04,2025-01-27,0.0,12.5,1.0,2.0,156.0,84.0,0.7142857142857143,0.0,0.5,Grocery,3.6,1.0,11.0,2.6666666666666665,2024-09-21,Central,Organic Search,25,Toys & Games,284,1667.163204225352,0,1,0.7809348043447666,1,0,0.0,65.09728853512598,234.35023872645348,455.6810197458817,discount_offer,20,65.09728853512598
100751,5.0,4680.49,936.098,2024-07-17,2024-12-19,0.0,3.0,1.0,3.0,195.0,155.0,0.9677419354838708,0.0,0.2,Beauty & Personal Care,3.9,4.0,8.0,3.6666666666666665,2024-07-08,South,Direct,41,Beauty & Personal Care,359,4758.715459610027,0,1,0.7809330444759742,1,0,0.0,185.8119075834072,668.9228673002658,1300.68335308385,discount_offer,20,185.8119075834072
105591,7.0,12339.82,1762.8314285714284,2024-05-13,2024-12-17,2.0,6.428571428571429,2.0,5.0,197.0,218.0,0.963302752293578,0.2857142857142857,0.2857142857142857,Fashion,3.95,6.0,7.0,5.0,2024-01-29,Central,Organic Search,25,Fashion,520,8661.604423076924,0,1,0.7806178951098621,1,0,0.0,338.070170650829,1217.0526143429845,2366.491194555803,discount_offer,250,1217.0526143429845
104056,18.0,22657.76,1258.7644444444445,2023-01-13,2025-01-16,0.0,11.666666666666666,13.0,6.0,167.0,734.0,0.7356948228882835,0.0,0.7222222222222222,Home & Kitchen,3.853846153846154,13.0,6.0,6.0,2023-01-01,South,Social Media,30,Home & Kitchen,913,9058.140635268344,0,1,0.7806146417963902,1,0,0.0,353.54586036706627,1272.7650973214384,2474.8210225694634,discount_offer,250,1272.7650973214384
105708,13.0,16221.63,1247.8176923076924,2024-04-15,2025-03-23,4.0,6.153846153846154,7.0,4.0,101.0,342.0,1.1403508771929824,0.3076923076923077,0.5384615384615384,Fashion,3.1166666666666667,6.0,6.0,4.666666666666667,2024-01-08,South,Referral,45,Fashion,541,10944.352957486137,0,1,0.7805828910386484,1,1,0.0,427.1487336050956,1537.735440978344,2990.0411352356687,discount_offer,250,1537.735440978344
101620,3.0,1138.88,379.6266666666667,2024-02-13,2024-11-10,0.0,13.333333333333334,2.0,2.0,234.0,271.0,0.3321033210332103,0.0,0.6666666666666666,Books,4.0,2.0,14.0,6.666666666666667,2024-01-30,East,Referral,19,Books,519,800.9464354527939,0,1,0.7803360351116955,1,0,0.0,31.250368288903942,112.50132584005418,218.75257802232753,discount_offer,0,0.0
100788,4.0,22700.38,5675.094999999999,2023-05-24,2024-07-30,0.0,6.25,2.0,1.0,337.0,433.0,0.277136258660508,0.0,0.5,Electronics,2.7,1.0,3.0,3.333333333333333,2023-05-21,North,Organic Search,40,Electronics,773,10718.808150064682,1,0,0.7801949078320659,1,1,0.0,418.1379768354656,1505.2967166076762,2926.9658378482586,discount_offer,250,1505.2967166076762
100697,24.0,30126.76,1255.2816666666663,2023-01-11,2025-03-12,3.0,8.125,15.0,5.0,112.0,791.0,0.9102402022756004,0.125,0.625,Fashion,3.815384615384616,13.0,9.0,3.6666666666666665,2023-01-01,Central,Paid Ads,36,Fashion,913,12044.104490690032,0,1,0.7796084806934003,1,0,0.0,469.48430016497076,1690.1434805938945,3286.390101154795,discount_offer,250,1690.1434805938945
103599,20.0,9070.96,453.548,2023-04-14,2024-12-07,1.0,7.75,11.0,3.0,207.0,603.0,0.9950248756218903,0.05,0.55,Books,3.89375,16.0,8.0,4.0,2023-03-19,West,Paid Ads,28,Books,836,3960.4071770334926,0,1,0.7794659807063183,1,0,0.0,154.35013321213768,555.6604795636955,1080.4509324849637,discount_offer,20,154.35013321213768
105978,18.0,22031.68,1223.9822222222222,2023-02-14,2024-07-10,1.0,7.5,10.0,5.0,357.0,512.0,1.0546875,0.0555555555555555,0.5555555555555556,Home & Kitchen,4.21,10.0,6.0,6.333333333333333,2023-01-01,North,Direct,24,Home & Kitchen,913,8807.84578313253,0,1,0.7794118699718094,1,0,0.0,343.2469776127321,1235.6891194058355,2402.7288432891246,discount_offer,250,1235.6891194058355
101940,2.0,1243.6999999999998,621.8499999999999,2024-11-12,2024-12-13,0.0,15.0,2.0,2.0,201.0,31.0,1.935483870967741,0.0,1.0,Grocery,4.037037037037037,0.0,4.0,6.666666666666667,2024-09-09,East,Paid Ads,48,Fashion,296,1533.616554054054,0,1,0.779301918457591,1,0,0.0,59.75751613763221,215.12705809547592,418.3026129634254,discount_offer,20,59.75751613763221
101251,24.0,26752.16,1114.6733333333334,2023-03-08,2024-11-07,2.0,6.25,12.0,4.0,237.0,610.0,1.180327868852459,0.0833333333333333,0.5,Fashion,4.038461538461538,13.0,6.0,2.6666666666666665,2023-03-08,West,Organic Search,30,Fashion,847,11528.380637544276,0,1,0.7792359584382537,1,0,0.0,449.166436766891,1616.9991723608075,3144.1650573682364,discount_offer,250,1616.9991723608075
100232,2.0,3902.37,1951.185,2024-03-19,2025-03-19,0.0,7.5,1.0,2.0,105.0,365.0,0.1643835616438356,0.0,0.5,Fashion,4.449999999999999,2.0,9.0,1.6666666666666667,2024-03-02,West,Email,21,Home & Kitchen,487,2924.7742299794663,0,1,0.779018417217197,1,0,0.0,113.92264956781251,410.12153844412495,797.4585469746874,discount_offer,20,113.92264956781251
100981,4.0,21963.22,5490.805,2024-05-14,2024-09-27,1.0,16.25,4.0,1.0,278.0,136.0,0.8823529411764706,0.25,1.0,Electronics,2.2,1.0,11.0,4.666666666666667,2023-12-22,West,Social Media,39,Electronics,558,14366.622401433691,0,1,0.7787072014754355,1,0,0.0,559.3696162437366,2013.7306184774516,3915.5873137061553,discount_offer,250,2013.7306184774516
105302,14.0,9680.94,691.4957142857144,2023-08-11,2025-04-11,1.0,5.357142857142857,6.0,5.0,82.0,609.0,0.689655172413793,0.0714285714285714,0.4285714285714285,Beauty & Personal Care,2.95,6.0,11.0,4.333333333333333,2023-05-11,West,Referral,27,Beauty & Personal Care,783,4512.82643678161,0,1,0.7786366293052187,1,0,0.0,175.6925982687557,632.4933537675205,1229.8481878812895,discount_offer,20,175.6925982687557
100962,4.0,2449.13,612.2825,2025-02-26,2025-05-15,0.0,1.25,1.0,2.0,48.0,78.0,1.5384615384615383,0.0,0.25,Fashion,3.1,2.0,7.0,5.666666666666667,2024-05-23,West,Paid Ads,51,Fashion,405,2207.2406172839505,0,1,0.7785025697664181,1,0,0.0,85.91712463241853,309.30164867670663,601.4198724269296,discount_offer,20,85.91712463241853
104551,11.0,25901.7,2354.7000000000003,2023-02-08,2025-04-17,2.0,5.454545454545454,4.0,4.0,76.0,799.0,0.4130162703379224,0.1818181818181818,0.3636363636363636,Home & Kitchen,3.72,5.0,7.0,4.333333333333333,2023-01-01,Central,Direct,18,Home & Kitchen,913,10355.006024096385,0,1,0.7784902634726265,1,0,0.0,403.0635683979715,1451.0288462326973,2821.4449787858002,discount_offer,250,1451.0288462326973
101408,5.0,5681.41,1136.282,2023-06-11,2025-04-30,1.0,8.0,2.0,3.0,63.0,689.0,0.2177068214804064,0.2,0.4,Toys & Games,4.050000000000001,2.0,7.0,4.0,2023-02-28,Central,Direct,45,Toys & Games,855,2425.397251461988,0,1,0.7783025872046844,1,0,0.0,94.3846477905998,339.7847320461592,660.6925345341984,discount_offer,20,94.3846477905998
101146,13.0,32484.95,2498.842307692308,2023-05-18,2024-09-10,0.0,8.846153846153847,7.0,4.0,295.0,481.0,0.8108108108108107,0.0,0.5384615384615384,Electronics,3.642857142857143,7.0,4.0,3.333333333333333,2023-01-01,East,Referral,33,Electronics,913,12986.8639101862,0,1,0.7777637156826843,1,0,0.0,505.0355764925888,1818.1280753733192,3535.2490354481206,discount_offer,250,1818.1280753733192
100239,4.0,3172.2,793.05,2024-01-02,2025-06-02,1.0,1.25,1.0,1.0,30.0,517.0,0.2321083172147001,0.25,0.25,Fashion,3.9,2.0,8.0,3.0,2023-10-25,West,Organic Search,36,Fashion,616,1879.6314935064927,0,1,0.7774553719844584,1,0,0.0,73.06648009888967,263.0393283560028,511.4653606922276,discount_offer,20,73.06648009888967
102611,15.0,17923.82,1194.9213333333332,2023-07-28,2024-06-27,2.0,5.666666666666667,6.0,5.0,370.0,335.0,1.3432835820895523,0.1333333333333333,0.4,Fashion,3.7461538461538457,13.0,11.0,5.333333333333333,2023-07-21,Central,Paid Ads,33,Fashion,712,9188.475140449438,0,1,0.7771570275491827,1,0,0.0,357.04440139306223,1285.359845015024,2499.3108097514355,discount_offer,250,1285.359845015024
101386,2.0,1990.61,995.305,2024-09-25,2024-10-10,0.0,5.0,1.0,2.0,265.0,15.0,4.0,0.0,0.5,Home & Kitchen,4.3,2.0,11.0,4.666666666666667,2024-09-13,North,Social Media,54,Home & Kitchen,292,2488.2625,0,1,0.777008820714142,1,0,0.0,96.67009553761113,348.0123439354001,676.6906687632779,discount_offer,20,96.67009553761113
100469,6.0,6335.12,1055.8533333333332,2024-03-08,2024-10-09,0.0,5.0,2.0,4.0,266.0,215.0,0.8372093023255813,0.0,0.3333333333333333,Sports & Outdoors,3.3,2.0,11.0,3.0,2024-03-04,Central,Paid Ads,37,Sports & Outdoors,485,4767.667628865979,1,0,0.7768484845078284,1,0,0.0,185.18776860607838,666.6759669818821,1296.3143802425484,discount_offer,20,185.18776860607838
101575,5.0,4918.51,983.702,2024-05-03,2025-03-01,1.0,4.0,1.0,2.0,123.0,302.0,0.4966887417218543,0.2,0.2,Toys & Games,4.037037037037037,0.0,6.0,3.6666666666666665,2024-04-23,East,Paid Ads,29,Toys & Games,435,4127.025632183909,0,1,0.7768133554364518,1,0,0.0,160.29643146545132,577.0671532756247,1122.075020258159,discount_offer,20,160.29643146545132
101123,7.0,3951.25,564.4642857142857,2024-03-08,2024-12-09,1.0,10.0,4.0,2.0,205.0,276.0,0.7608695652173914,0.1428571428571428,0.5714285714285714,Books,4.18,5.0,8.0,4.333333333333333,2024-01-21,South,Email,26,Books,528,2731.451231060606,1,0,0.7766002047757066,1,0,0.0,106.06227926882613,381.824205367774,742.4359548817828,discount_offer,20,106.06227926882613
103246,9.0,5797.05,644.1166666666667,2024-02-04,2024-10-16,0.0,4.444444444444445,5.0,4.0,259.0,255.0,1.0588235294117647,0.0,0.5555555555555556,Grocery,3.94,5.0,5.0,6.666666666666667,2024-01-22,Central,Referral,18,Grocery,527,4015.034629981024,0,1,0.7764016001444031,1,0,0.0,155.86396556762293,561.1102760434425,1091.0477589733603,discount_offer,20,155.86396556762293
105357,14.0,10386.8,741.9142857142857,2023-01-04,2025-01-26,1.0,7.5,10.0,6.0,157.0,753.0,0.5577689243027888,0.0714285714285714,0.7142857142857143,Toys & Games,4.4,6.0,9.0,5.333333333333333,2023-01-01,North,Email,46,Toys & Games,913,4152.444687842278,0,1,0.7763292751486953,1,0,0.0,161.18321873038232,580.2595874293762,1128.282531112676,discount_offer,20,161.18321873038232
104034,13.0,10704.0,823.3846153846154,2023-12-04,2024-09-11,2.0,0.7692307692307693,2.0,3.0,294.0,282.0,1.3829787234042552,0.1538461538461538,0.1538461538461538,Beauty & Personal Care,3.5,8.0,11.0,3.0,2023-06-01,South,Organic Search,42,Beauty & Personal Care,762,5127.244094488189,0,1,0.7763047225506158,1,0,0.0,199.01519021104687,716.4546847597685,1393.1063314773278,discount_offer,20,199.01519021104687
105474,9.0,12599.42,1399.9355555555555,2024-07-22,2025-03-09,1.0,2.2222222222222223,1.0,4.0,115.0,230.0,1.1739130434782608,0.1111111111111111,0.1111111111111111,Home & Kitchen,3.7,6.0,9.0,7.666666666666667,2024-06-15,East,Organic Search,41,Home & Kitchen,382,12038.71282722513,0,1,0.7759938796225719,1,0,0.0,467.09837362302255,1681.5541450428811,3269.688615361157,discount_offer,250,1681.5541450428811
104138,4.0,3822.23,955.5575,2024-05-15,2025-06-19,0.0,12.5,2.0,2.0,13.0,400.0,0.3,0.0,0.5,Grocery,2.6,1.0,6.0,4.0,2024-03-31,West,Social Media,18,Grocery,458,3046.100327510917,0,1,0.7756747220551229,1,0,0.0,118.13915124470248,425.3009444809289,826.9740587129172,discount_offer,20,118.13915124470248
104072,4.0,2280.8,570.2,2024-06-06,2025-05-08,0.0,7.5,1.0,2.0,55.0,336.0,0.3571428571428571,0.0,0.25,Home & Kitchen,3.7,2.0,11.0,4.333333333333333,2024-04-28,East,Direct,32,Home & Kitchen,430,1936.027906976744,0,1,0.7756483182471559,1,0,0.0,75.08383950630363,270.30182222269303,525.5868765441254,discount_offer,20,75.08383950630363
105395,16.0,18917.48,1182.3425,2023-01-19,2025-04-05,2.0,7.8125,8.0,6.0,88.0,807.0,0.5947955390334573,0.125,0.5,Books,3.6875,8.0,8.0,4.0,2023-01-07,Central,Organic Search,26,Books,907,7612.877839029768,0,1,0.7751975526964479,1,0,0.0,295.07421348964493,1062.2671685627217,2065.5194944275145,discount_offer,250,1062.2671685627217
102712,12.0,9969.12,830.7599999999999,2023-09-26,2025-01-14,3.0,7.916666666666667,8.0,3.0,169.0,476.0,0.7563025210084033,0.25,0.6666666666666666,Fashion,3.425,8.0,9.0,5.666666666666667,2023-09-05,East,Organic Search,29,Fashion,666,5463.556756756757,1,0,0.7751974782893472,1,0,0.0,211.76677101642812,762.3603756591411,1482.3673971149965,discount_offer,20,211.76677101642812
105758,11.0,22869.21,2079.0190909090907,2023-09-24,2025-02-18,0.0,2.727272727272727,2.0,5.0,134.0,513.0,0.6432748538011696,0.0,0.1818181818181818,Electronics,3.68,5.0,9.0,3.0,2023-01-01,West,Organic Search,25,Electronics,913,9142.674315443592,0,1,0.7749383916810735,1,0,0.0,354.25046648368584,1275.3016793412687,2479.7532653858007,discount_offer,250,1275.3016793412687
102227,9.0,5420.07,602.23,2024-05-05,2025-06-02,0.0,5.0,2.0,2.0,30.0,393.0,0.6870229007633588,0.0,0.2222222222222222,Beauty & Personal Care,3.3,5.0,7.0,3.333333333333333,2024-04-04,West,Organic Search,45,Beauty & Personal Care,454,4357.54526431718,0,1,0.7748637464324917,1,0,0.0,168.82519243789864,607.770692776435,1181.7763470652903,discount_offer,20,168.82519243789864
104066,1.0,764.17,764.17,2025-05-23,2025-05-23,0.0,0.0,0.0,1.0,40.0,1.0,30.0,0.0,0.0,Sports & Outdoors,3.2,1.0,6.0,5.0,2024-08-04,West,Direct,33,Fashion,332,840.126656626506,0,1,0.7747238478717535,1,0,0.0,32.54330780606591,117.15590810183727,227.80315464246135,discount_offer,0,0.0
104392,3.0,4235.52,1411.84,2024-11-25,2025-03-18,0.0,3.333333333333333,1.0,3.0,106.0,113.0,0.7964601769911505,0.0,0.3333333333333333,Electronics,2.3,1.0,8.0,4.333333333333333,2024-10-27,West,Email,28,Electronics,248,6233.729032258066,0,1,0.774553148031171,1,1,0.0,241.41772229543952,869.1038002635822,1689.9240560680764,discount_offer,20,241.41772229543952
104854,6.0,6778.620000000001,1129.7700000000002,2023-12-15,2024-12-04,0.0,4.166666666666667,1.0,5.0,210.0,355.0,0.5070422535211268,0.0,0.1666666666666666,Sports & Outdoors,4.166666666666667,3.0,10.0,4.0,2023-10-24,East,Referral,46,Grocery,617,4010.04262560778,1,0,0.7745293373570361,1,1,0.0,155.29478287927316,559.0612183653833,1087.063480154912,discount_offer,20,155.29478287927316
102650,8.0,9974.87,1246.85875,2023-10-14,2025-06-20,0.0,5.0,4.0,2.0,12.0,615.0,0.3902439024390244,0.0,0.5,Sports & Outdoors,3.1,3.0,9.0,5.333333333333333,2023-09-21,North,Paid Ads,46,Sports & Outdoors,650,5601.273153846154,0,1,0.7744976695929005,1,1,0.0,216.90865022035612,780.871140793282,1518.3605515424924,discount_offer,20,216.90865022035612
101743,9.0,15436.13,1715.1255555555554,2024-03-12,2025-05-23,1.0,0.0,0.0,1.0,40.0,437.0,0.6178489702517163,0.1111111111111111,0.0,Sports & Outdoors,3.583333333333333,6.0,8.0,6.0,2024-02-14,North,Paid Ads,37,Sports & Outdoors,504,11178.943353174604,0,1,0.7744549997700831,1,0,0.0,432.87942860063055,1558.3659429622699,3030.156000204413,discount_offer,250,1558.3659429622699
104948,4.0,5355.43,1338.8575,2024-10-20,2025-03-20,1.0,12.5,3.0,2.0,104.0,151.0,0.794701986754967,0.25,0.75,Fashion,3.133333333333333,3.0,5.0,3.333333333333333,2024-10-07,West,Social Media,53,Fashion,268,7293.775932835821,0,1,0.7744023278223433,1,0,0.0,282.41585305013217,1016.6970709804757,1976.9109713509251,discount_offer,250,1016.6970709804757
102556,1.0,1142.53,1142.53,2025-03-11,2025-03-11,1.0,0.0,0.0,1.0,113.0,1.0,30.0,1.0,0.0,Fashion,1.0,1.0,11.0,3.333333333333333,2024-11-28,East,Direct,31,Fashion,216,1930.6641203703705,0,1,0.7742092703435561,1,0,0.0,74.7369029955214,269.0528507838771,523.1583209686498,discount_offer,20,74.7369029955214
100467,5.0,4521.58,904.316,2024-07-15,2025-05-27,0.0,0.0,0.0,2.0,36.0,316.0,0.4746835443037975,0.0,0.0,Beauty & Personal Care,3.0666666666666664,3.0,3.0,3.6666666666666665,2024-06-22,West,Paid Ads,30,Beauty & Personal Care,375,4401.004533333334,0,1,0.7742073278686311,1,0,0.0,170.36449798448663,613.3121927441517,1192.5514858914062,discount_offer,20,170.36449798448663
105676,13.0,17778.17,1367.5515384615385,2023-06-03,2024-12-24,0.0,7.3076923076923075,7.0,2.0,190.0,570.0,0.6842105263157895,0.0,0.5384615384615384,Home & Kitchen,3.9375,8.0,10.0,3.333333333333333,2023-01-01,Central,Email,36,Home & Kitchen,913,7107.373548740416,0,1,0.7741547913611916,1,0,0.0,275.1103643375594,990.3973116152139,1925.7725503629158,discount_offer,250,990.3973116152139
105915,8.0,27169.75,3396.21875,2023-02-07,2025-05-29,0.0,5.0,3.0,3.0,34.0,842.0,0.2850356294536817,0.0,0.375,Electronics,3.0,5.0,8.0,2.6666666666666665,2023-01-01,East,Email,44,Electronics,913,10861.948247535596,0,1,0.7739615418024032,1,0,0.0,420.3365106320281,1513.211438275301,2942.355574424196,discount_offer,250,1513.211438275301
102225,9.0,15538.27,1726.4744444444443,2024-02-05,2025-04-09,1.0,5.555555555555555,4.0,4.0,84.0,429.0,0.6293706293706294,0.1111111111111111,0.4444444444444444,Home & Kitchen,2.74,5.0,12.0,6.666666666666667,2024-02-01,South,Paid Ads,31,Home & Kitchen,517,10969.958510638298,0,1,0.7739313034450623,1,0,0.0,424.49971444382766,1528.1989719977796,2971.4980011067937,discount_offer,250,1528.1989719977796
105563,18.0,22857.58,1269.8655555555554,2023-03-03,2024-08-30,0.0,5.833333333333333,8.0,4.0,306.0,546.0,0.989010989010989,0.0,0.4444444444444444,Home & Kitchen,4.1454545454545455,11.0,10.0,6.333333333333333,2023-02-25,West,Social Media,32,Home & Kitchen,858,9723.795687645686,0,1,0.7739003229041235,1,0,0.0,376.26243112613605,1354.5447520540895,2633.8370178829514,discount_offer,250,1354.5447520540895
102464,11.0,9974.85,906.8045454545456,2023-02-21,2024-10-28,2.0,7.727272727272727,5.0,6.0,247.0,615.0,0.5365853658536586,0.1818181818181818,0.4545454545454545,Fashion,3.54,5.0,9.0,3.0,2023-02-09,South,Organic Search,42,Fashion,874,4165.698226544622,1,0,0.773699669188502,1,0,0.0,161.1499669908352,580.1398811670066,1128.0497689358463,discount_offer,20,161.1499669908352
105575,20.0,25117.57,1255.8785,2023-01-13,2024-09-18,0.0,5.5,7.0,6.0,287.0,614.0,0.977198697068404,0.0,0.35,Home & Kitchen,4.01,10.0,4.0,4.0,2023-01-01,South,Email,49,Home & Kitchen,913,10041.525794085432,0,1,0.7736055756470606,1,0,0.0,388.40901711541335,1398.272461615488,2718.863119807894,discount_offer,250,1398.272461615488
104479,9.0,12821.54,1424.6155555555556,2023-02-07,2024-11-05,2.0,7.222222222222222,6.0,3.0,239.0,637.0,0.423861852433281,0.2222222222222222,0.6666666666666666,Sports & Outdoors,3.866666666666666,6.0,12.0,6.0,2023-01-01,North,Direct,30,Sports & Outdoors,913,5125.807338444688,0,1,0.7734818168345045,1,0,0.0,198.23593864419166,713.6493791190899,1387.6515705093416,discount_offer,20,198.23593864419166
101615,5.0,11103.48,2220.696,2024-03-01,2025-05-09,0.0,6.0,2.0,3.0,54.0,434.0,0.3456221198156682,0.0,0.4,Books,2.85,2.0,8.0,5.666666666666667,2024-02-20,South,Direct,36,Books,498,8138.092771084337,0,1,0.7730053775801615,1,1,0.0,314.53947376472155,1132.3421055529975,2201.776316353051,discount_offer,250,1132.3421055529975
105865,10.0,8956.49,895.649,2024-03-08,2025-02-05,0.0,4.5,4.0,3.0,147.0,334.0,0.8982035928143713,0.0,0.4,Grocery,4.15,4.0,7.0,5.333333333333333,2024-01-13,East,Organic Search,36,Grocery,536,6099.102332089552,0,1,0.7725911351651127,1,0,0.0,235.60561971186266,848.1802309627055,1649.2393379830385,discount_offer,20,235.60561971186266
100663,15.0,21776.83,1451.7886666666666,2023-09-07,2025-02-20,1.0,3.6666666666666665,3.0,6.0,132.0,532.0,0.8458646616541353,0.0666666666666666,0.2,Beauty & Personal Care,4.133333333333334,9.0,10.0,4.666666666666667,2023-05-09,North,Organic Search,40,Beauty & Personal Care,785,10125.532420382166,0,1,0.772581555176411,1,0,0.0,391.1399792164012,1408.103925179044,2737.979854514808,discount_offer,250,1408.103925179044
104000,19.0,23492.33,1236.4384210526316,2023-04-24,2025-02-25,2.0,5.526315789473684,9.0,6.0,127.0,673.0,0.8469539375928677,0.1052631578947368,0.4736842105263157,Fashion,3.8,10.0,9.0,6.333333333333333,2023-04-20,East,Organic Search,50,Fashion,804,10665.050310945277,0,1,0.7722106810228649,1,0,0.0,411.7832881879085,1482.4198374764705,2882.483017315359,discount_offer,250,1482.4198374764705
102586,7.0,4585.79,655.1128571428571,2023-11-21,2025-03-24,1.0,7.857142857142857,4.0,2.0,100.0,489.0,0.4294478527607361,0.1428571428571428,0.5714285714285714,Beauty & Personal Care,4.225,4.0,8.0,7.666666666666667,2023-11-16,East,Organic Search,18,Beauty & Personal Care,594,2817.8675925925927,0,1,0.77200338495717,1,0,0.0,108.77016599212966,391.57259757166673,761.3911619449076,discount_offer,20,108.77016599212966
100789,1.0,2274.42,2274.42,2025-01-02,2025-01-02,0.0,0.0,0.0,1.0,181.0,1.0,30.0,0.0,0.0,Home & Kitchen,3.8,1.0,7.0,4.333333333333333,2024-11-07,North,Organic Search,51,Home & Kitchen,237,3502.798734177215,0,1,0.7718134658034929,1,0,0.0,135.17536155187022,486.6313015867327,946.2275308630914,discount_offer,20,135.17536155187022
104959,6.0,9405.73,1567.621666666667,2024-05-15,2025-03-08,2.0,5.0,2.0,4.0,116.0,297.0,0.6060606060606061,0.3333333333333333,0.3333333333333333,Beauty & Personal Care,2.5,3.0,9.0,7.333333333333333,2024-01-17,East,Direct,46,Beauty & Personal Care,532,6453.179417293232,1,0,0.7715283983417593,1,0,0.0,248.94055900181277,896.186012406526,1742.5839130126892,discount_offer,250,896.186012406526
104722,9.0,16238.63,1804.292222222222,2023-06-24,2024-10-16,0.0,7.222222222222222,6.0,4.0,259.0,480.0,0.5625,0.0,0.6666666666666666,Home & Kitchen,4.325,4.0,9.0,6.0,2023-02-23,Central,Organic Search,34,Home & Kitchen,860,6891.976686046512,0,1,0.7712760783218685,1,0,0.0,265.78083751498514,956.8110150539463,1860.4658626048954,discount_offer,250,956.8110150539463
103783,12.0,15681.98,1306.8316666666667,2023-09-10,2024-09-28,0.0,3.75,3.0,5.0,277.0,384.0,0.9375,0.0,0.25,Sports & Outdoors,4.633333333333333,6.0,7.0,5.666666666666667,2023-08-27,North,Referral,53,Sports & Outdoors,675,8479.88548148148,0,1,0.7708790377768762,1,0,0.0,326.84829802112733,1176.6538728760581,2287.9380861478908,discount_offer,250,1176.6538728760581
103243,2.0,897.3100000000001,448.655,2024-04-22,2024-09-16,0.0,12.5,2.0,1.0,289.0,147.0,0.4081632653061224,0.0,1.0,Beauty & Personal Care,4.3,1.0,5.0,5.0,2024-01-22,Central,Direct,43,Beauty & Personal Care,527,621.4765654648957,1,0,0.7708729601232177,1,0,0.0,23.953973983356743,86.23430634008427,167.67781788349717,discount_offer,0,0.0
105596,5.0,5348.63,1069.726,2024-07-05,2025-06-10,1.0,5.0,1.0,3.0,22.0,340.0,0.4411764705882353,0.2,0.2,Sports & Outdoors,3.6,1.0,9.0,4.333333333333333,2024-01-09,West,Organic Search,21,Sports & Outdoors,540,3615.277685185185,0,1,0.7703139679731826,1,0,0.0,139.24494494999513,501.2818018199824,974.7146146499658,discount_offer,20,139.24494494999513
101606,12.0,7664.38,638.6983333333334,2023-09-03,2024-05-01,0.0,2.083333333333333,2.0,3.0,427.0,241.0,1.4937759336099583,0.0,0.1666666666666666,Beauty & Personal Care,4.2,6.0,5.0,5.0,2023-08-30,North,Direct,25,Beauty & Personal Care,672,4162.944494047619,0,1,0.7700703612716113,1,1,0.0,160.28800852424578,577.0368306872847,1122.01605966972,discount_offer,20,160.28800852424578
104314,7.0,8044.32,1149.188571428571,2024-08-10,2025-03-10,1.0,10.0,4.0,2.0,114.0,212.0,0.9905660377358492,0.1428571428571428,0.5714285714285714,Fashion,3.6,4.0,11.0,4.666666666666667,2024-05-02,Central,Paid Ads,45,Fashion,426,6892.433802816901,0,1,0.769552231989051,1,1,0.0,265.20439083972644,954.7358070230152,1856.4307358780852,discount_offer,250,954.7358070230152
103473,12.0,12186.12,1015.51,2023-01-21,2024-11-16,1.0,7.083333333333333,7.0,6.0,228.0,665.0,0.5413533834586466,0.0833333333333333,0.5833333333333334,Home & Kitchen,3.422222222222222,9.0,5.0,5.333333333333333,2023-01-01,West,Direct,52,Home & Kitchen,913,4871.778532311063,1,0,0.7693555082688558,1,0,0.0,187.4064824449739,674.6633368019061,1311.8453771148172,discount_offer,20,187.4064824449739
105168,2.0,411.41,205.705,2025-01-15,2025-06-30,1.0,0.0,0.0,1.0,2.0,166.0,0.3614457831325301,0.5,0.0,Fashion,2.9,1.0,6.0,5.666666666666667,2024-11-27,North,Email,18,Fashion,217,692.0029953917051,0,1,0.7692961472006173,1,0,0.0,26.617761910306267,95.82394287710255,186.32433337214385,discount_offer,0,0.0
103588,5.0,5756.599999999999,1151.32,2024-08-11,2025-04-17,1.0,6.0,1.0,3.0,76.0,249.0,0.6024096385542168,0.2,0.2,Grocery,3.725,4.0,9.0,4.333333333333333,2024-06-11,East,Email,34,Toys & Games,386,5443.417098445596,0,1,0.7689201941498399,1,0,0.0,209.2776666087673,753.3995997915622,1464.9436662613712,discount_offer,20,209.2776666087673
102068,7.0,7572.99,1081.8557142857142,2024-03-02,2025-03-15,0.0,5.714285714285714,5.0,2.0,109.0,378.0,0.5555555555555556,0.0,0.7142857142857143,Fashion,4.25,4.0,4.0,3.0,2023-12-15,North,Direct,35,Fashion,565,4892.285575221238,0,1,0.7688599884268625,1,0,0.0,188.0741315372754,677.0668735341914,1316.5189207609274,discount_offer,20,188.0741315372754
105593,11.0,14999.32,1363.5745454545454,2023-01-14,2025-02-10,0.0,1.3636363636363635,2.0,6.0,142.0,758.0,0.4353562005277045,0.0,0.1818181818181818,Fashion,3.7,4.0,11.0,4.0,2023-01-01,South,Direct,20,Fashion,913,5996.442278203724,0,1,0.7687661832183699,1,1,0.0,230.49310215519716,829.7751677587097,1613.4517150863799,discount_offer,20,230.49310215519716
100458,13.0,16951.01,1303.923846153846,2024-02-06,2025-02-27,3.0,11.153846153846152,9.0,4.0,125.0,387.0,1.007751937984496,0.2307692307692307,0.6923076923076923,Home & Kitchen,3.888888888888889,9.0,7.0,3.6666666666666665,2023-11-23,East,Email,39,Home & Kitchen,587,10540.236201022146,0,1,0.7687068496887878,1,0,0.0,405.1175882531725,1458.4233177114209,2835.8231177722073,discount_offer,250,1458.4233177114209
102985,9.0,8577.33,953.0366666666666,2024-05-02,2025-02-10,1.0,8.88888888888889,8.0,2.0,142.0,284.0,0.9507042253521126,0.1111111111111111,0.8888888888888888,Sports & Outdoors,3.725,4.0,9.0,5.333333333333333,2024-03-29,South,Organic Search,36,Sports & Outdoors,460,6805.924891304348,0,1,0.7685898551222934,1,0,0.0,261.54824130904103,941.5736687125476,1830.8376891632865,discount_offer,250,941.5736687125476
100601,5.0,2923.79,584.758,2024-12-01,2025-04-05,0.0,0.0,0.0,3.0,88.0,125.0,1.2,0.0,0.0,Books,3.266666666666667,3.0,9.0,5.333333333333333,2024-11-15,West,Paid Ads,35,Books,229,4660.189301310043,0,1,0.7685855936002004,1,0,0.0,179.08771802183418,644.7157848786029,1253.614026152839,discount_offer,20,179.08771802183418
101380,5.0,2992.3900000000003,598.4780000000001,2024-06-12,2025-05-27,0.0,13.0,4.0,1.0,36.0,349.0,0.4297994269340974,0.0,0.8,Beauty & Personal Care,3.575,4.0,8.0,3.0,2024-05-23,North,Direct,38,Beauty & Personal Care,405,2696.8453086419754,0,1,0.7684895480456457,1,0,0.0,103.62487161936458,373.0495378297125,725.374101335552,discount_offer,20,103.62487161936458
100161,8.0,8706.52,1088.315,2023-06-30,2024-12-22,0.0,1.875,1.0,3.0,192.0,541.0,0.44362292051756,0.0,0.125,Grocery,4.16,5.0,6.0,4.0,2023-04-27,North,Organic Search,51,Grocery,797,3987.3021329987455,1,0,0.7684049684760795,1,0,0.0,153.1931384905753,551.4952985660709,1072.3519694340268,discount_offer,20,153.1931384905753
101372,11.0,8557.1,777.9181818181819,2023-09-08,2024-09-01,0.0,7.272727272727272,5.0,6.0,304.0,359.0,0.9192200557103064,0.0,0.4545454545454545,Beauty & Personal Care,3.8,6.0,5.0,7.333333333333333,2023-08-16,Central,Email,28,Beauty & Personal Care,686,4552.975947521866,0,1,0.7677812807811009,1,1,0.0,174.78448521769423,629.2241467836992,1223.4913965238595,discount_offer,20,174.78448521769423
100638,4.0,7469.139999999999,1867.285,2024-07-03,2025-01-25,0.0,16.25,4.0,3.0,158.0,206.0,0.5825242718446603,0.0,1.0,Books,2.5666666666666664,3.0,6.0,3.333333333333333,2024-06-16,East,Social Media,31,Books,381,7155.47532808399,0,1,0.7677372923187964,1,1,0.0,274.6762626818577,988.8345456546875,1922.7338387730038,discount_offer,250,988.8345456546875
101914,4.0,3557.78,889.4449999999999,2024-10-25,2025-03-30,1.0,6.25,1.0,1.0,94.0,156.0,0.7692307692307692,0.25,0.25,Beauty & Personal Care,3.233333333333333,3.0,10.0,6.333333333333333,2024-10-25,East,Paid Ads,34,Beauty & Personal Care,250,5194.3588,0,1,0.7676118554029937,1,1,0.0,199.3625698048434,717.7052512974361,1395.5379886339035,discount_offer,20,199.3625698048434
101705,7.0,3858.48,551.2114285714285,2024-10-14,2025-04-01,1.0,2.857142857142857,2.0,2.0,92.0,169.0,1.242603550295858,0.1428571428571428,0.2857142857142857,Books,3.583333333333333,6.0,9.0,8.0,2024-09-21,Central,Email,39,Books,284,4958.961971830986,0,1,0.767446439967555,1,0,0.0,190.28688556080888,685.0327880189119,1332.0081989256619,discount_offer,20,190.28688556080888
105493,3.0,1013.05,337.68333333333334,2024-10-28,2025-04-16,1.0,1.6666666666666667,1.0,1.0,77.0,170.0,0.5294117647058824,0.3333333333333333,0.3333333333333333,Beauty & Personal Care,4.037037037037037,0.0,7.0,3.0,2024-07-15,North,Paid Ads,27,Beauty & Personal Care,352,1050.463778409091,0,1,0.7671943404914181,1,0,0.0,40.29549328433429,145.06377582360344,282.06845299033995,discount_offer,0,0.0
104897,23.0,63414.27,2757.142173913044,2023-01-06,2024-10-30,3.0,9.565217391304348,15.0,5.0,245.0,663.0,1.0407239819004523,0.1304347826086956,0.6521739130434783,Electronics,3.74375,16.0,2.0,3.6666666666666665,2023-01-01,West,Organic Search,23,Electronics,913,25351.81659364732,0,1,0.7669823267958213,1,0,0.0,972.2197639748268,3499.991150309376,6805.538347823786,discount_offer,900,6805.538347823786
103829,10.0,15745.87,1574.587,2023-02-26,2024-06-13,0.0,7.5,5.0,4.0,384.0,473.0,0.6342494714587738,0.0,0.5,Sports & Outdoors,3.72,5.0,12.0,5.666666666666667,2023-01-13,Central,Direct,21,Sports & Outdoors,901,6378.737569367369,0,1,0.766896902716878,1,1,0.0,244.59170425958118,880.530135334492,1712.1419298170679,discount_offer,20,244.59170425958118
101597,6.0,6004.78,1000.7966666666666,2024-06-14,2024-09-09,1.0,3.333333333333333,2.0,2.0,296.0,87.0,2.0689655172413794,0.1666666666666666,0.3333333333333333,Fashion,4.775,4.0,8.0,4.0,2024-05-26,Central,Referral,52,Fashion,402,5452.101243781094,0,1,0.7668351386671709,1,0,0.0,209.04314066511654,752.5553063944195,1463.3019846558157,discount_offer,20,209.04314066511654
103122,8.0,4577.34,572.1675,2024-02-23,2024-09-10,0.0,13.125,6.0,4.0,295.0,200.0,1.2,0.0,0.75,Toys & Games,4.025,4.0,6.0,8.333333333333334,2024-01-16,East,Organic Search,23,Toys & Games,533,3134.5761726078804,1,0,0.7667870932447767,1,1,0.0,120.17762759741672,432.6394593507001,841.2433931819168,discount_offer,20,120.17762759741672
100181,1.0,909.05,909.05,2025-01-25,2025-01-25,0.0,10.0,1.0,1.0,158.0,1.0,30.0,0.0,1.0,Fashion,4.037037037037037,0.0,4.0,3.6666666666666665,2024-08-11,West,Social Media,37,Fashion,325,1020.9330769230768,0,1,0.7661298358350108,1,0,0.0,39.10836453108047,140.79011231188966,273.7585517175632,discount_offer,0,0.0
104141,16.0,9936.86,621.05375,2023-02-21,2025-01-17,0.0,9.375,10.0,5.0,166.0,696.0,0.6896551724137931,0.0,0.625,Grocery,4.125,8.0,4.0,2.333333333333333,2023-01-01,North,Organic Search,40,Grocery,913,3972.567250821468,0,1,0.7660326624364336,1,1,0.0,152.15581339272765,547.7609282138195,1065.0906937490934,discount_offer,20,152.15581339272765
105704,5.0,3452.51,690.5020000000001,2024-03-24,2025-04-14,1.0,7.0,3.0,1.0,79.0,386.0,0.38860103626943,0.2,0.6,Beauty & Personal Care,3.85,2.0,13.0,4.333333333333333,2024-01-27,West,Paid Ads,24,Beauty & Personal Care,522,2414.111398467433,0,1,0.7659875786275214,1,0,0.0,92.45896723245843,332.85228203685034,647.2127706272089,discount_offer,20,92.45896723245843
100494,7.0,14820.98,2117.282857142857,2024-05-26,2025-01-03,2.0,0.0,0.0,3.0,180.0,222.0,0.945945945945946,0.2857142857142857,0.0,Fashion,4.15,2.0,5.0,5.0,2024-02-07,North,Organic Search,42,Fashion,511,10586.414285714283,0,1,0.7658350791032504,1,0,0.0,405.37237109598897,1459.34053594556,2837.6065976719224,discount_offer,250,1459.34053594556
101441,5.0,4368.33,873.6659999999999,2024-08-15,2025-02-17,0.0,7.0,2.0,4.0,135.0,186.0,0.8064516129032258,0.0,0.4,Beauty & Personal Care,3.8,2.0,7.0,3.333333333333333,2024-06-17,West,Paid Ads,31,Beauty & Personal Care,380,4195.895921052632,0,1,0.7655877862714877,1,0,0.0,160.61633348121248,578.2188005323649,1124.3143343684874,discount_offer,20,160.61633348121248
101053,5.0,5885.31,1177.062,2024-10-16,2025-01-19,0.0,5.0,2.0,2.0,164.0,95.0,1.5789473684210529,0.0,0.4,Home & Kitchen,4.233333333333333,3.0,4.0,4.0,2024-07-04,Central,Organic Search,27,Home & Kitchen,363,5917.735950413224,0,1,0.765416312056826,1,0,0.0,226.47658134456933,815.3156928404494,1585.336069411985,discount_offer,20,226.47658134456933
100329,14.0,18137.14,1295.51,2023-01-07,2024-01-14,2.0,3.2142857142857144,4.0,6.0,535.0,372.0,1.129032258064516,0.1428571428571428,0.2857142857142857,Fashion,3.8125,8.0,9.0,7.666666666666667,2023-01-01,East,Direct,42,Fashion,913,7250.882913472069,0,1,0.7653630305883931,1,1,0.0,277.477886054829,998.9203897973842,1942.3452023838026,discount_offer,250,998.9203897973842
104390,17.0,21555.57,1267.974705882353,2023-02-24,2025-05-30,4.0,5.588235294117647,6.0,3.0,33.0,826.0,0.6174334140435835,0.2352941176470588,0.3529411764705882,Fashion,3.6,9.0,11.0,5.333333333333333,2023-01-01,North,Paid Ads,27,Fashion,913,8617.506078860897,0,1,0.7653055262398665,1,0,0.0,329.7512512278944,1187.1045044204195,2308.25875859526,discount_offer,250,1187.1045044204195
103056,5.0,3200.17,640.034,2024-03-03,2025-03-16,0.0,7.0,2.0,2.0,108.0,378.0,0.3968253968253968,0.0,0.4,Beauty & Personal Care,4.75,2.0,13.0,4.666666666666667,2023-09-01,North,Organic Search,40,Beauty & Personal Care,670,1743.376194029851,0,1,0.7649682762907625,1,1,0.0,66.68137410366825,240.0529467732057,466.76961872567773,discount_offer,20,66.68137410366825
102945,17.0,20328.26,1195.7800000000002,2023-09-11,2025-03-15,1.0,6.764705882352941,6.0,4.0,109.0,551.0,0.925589836660617,0.0588235294117647,0.3529411764705882,Grocery,3.585714285714286,7.0,10.0,5.0,2023-09-10,North,Organic Search,31,Grocery,661,11225.136006051438,1,0,0.7649648109802003,1,1,0.0,429.341702154809,1545.630127757312,3005.3919150836623,discount_offer,250,1545.630127757312
104252,18.0,15941.17,885.6205555555556,2023-03-19,2025-03-19,3.0,6.111111111111111,6.0,6.0,105.0,731.0,0.7387140902872776,0.1666666666666666,0.3333333333333333,Books,3.73,10.0,2.0,5.333333333333333,2023-01-01,West,Organic Search,35,Books,913,6372.97595837897,0,1,0.764568217548719,1,0,0.0,243.6287434489324,877.0634764161566,1705.401204142527,discount_offer,20,243.6287434489324
103397,3.0,1052.48,350.82666666666665,2024-05-29,2024-08-22,0.0,5.0,1.0,1.0,314.0,85.0,1.0588235294117647,0.0,0.3333333333333333,Books,4.199999999999999,2.0,8.0,5.333333333333333,2024-03-18,North,Organic Search,26,Books,471,815.616135881104,1,0,0.7644990301450437,1,0,0.0,31.176887242587615,112.2367940733154,218.23821069811325,discount_offer,0,0.0
102382,5.0,11679.37,2335.8740000000003,2024-03-21,2025-06-26,1.0,7.0,2.0,2.0,6.0,462.0,0.3246753246753247,0.2,0.4,Electronics,3.2,3.0,7.0,5.0,2024-03-02,North,Social Media,31,Electronics,487,8753.531930184805,0,1,0.7644914945858933,1,1,0.0,334.60003541061604,1204.5601274782177,2342.200247874312,discount_offer,250,1204.5601274782177
104406,6.0,2463.72,410.62,2024-07-04,2024-12-08,0.0,3.333333333333333,2.0,2.0,206.0,157.0,1.1464968152866242,0.0,0.3333333333333333,Books,2.933333333333333,3.0,8.0,5.333333333333333,2024-07-02,East,Direct,28,Books,365,2463.72,1,0,0.7639721912364863,1,0,0.0,94.1106783496578,338.79844205876805,658.7747484476045,discount_offer,20,94.1106783496578
101289,4.0,5962.78,1490.695,2024-05-06,2025-02-15,0.0,12.5,3.0,2.0,137.0,285.0,0.4210526315789473,0.0,0.75,Fashion,4.35,4.0,7.0,3.6666666666666665,2024-04-13,West,Referral,37,Fashion,445,4890.819550561798,0,1,0.7638585149803316,1,0,0.0,186.7947079464454,672.4609486072035,1307.5629556251176,discount_offer,20,186.7947079464454
100983,1.0,345.79,345.79,2024-09-27,2024-09-27,0.0,15.0,1.0,1.0,278.0,1.0,30.0,0.0,1.0,Books,4.037037037037037,0.0,6.0,4.666666666666667,2024-09-11,North,Social Media,47,Home & Kitchen,294,429.29710884353744,0,1,0.76361320933078,1,1,0.0,16.390847152021944,59.00704974727899,114.73593006415358,discount_offer,0,0.0
105742,4.0,3369.63,842.4075,2024-12-25,2025-04-22,1.0,2.5,1.0,1.0,71.0,118.0,1.0169491525423728,0.25,0.25,Beauty & Personal Care,3.65,2.0,5.0,6.0,2024-09-29,Central,Referral,48,Beauty & Personal Care,276,4456.213586956522,0,1,0.7635099673670598,1,0,0.0,170.1181745178911,612.4254282644081,1190.8272216252378,discount_offer,20,170.1181745178911
103213,5.0,5103.98,1020.796,2024-10-29,2025-04-08,0.0,13.0,4.0,2.0,85.0,161.0,0.9316770186335404,0.0,0.8,Fashion,3.5250000000000004,4.0,8.0,6.333333333333333,2024-10-01,East,Email,37,Fashion,274,6799.097445255475,0,1,0.7634803257710219,1,0,0.0,259.54885662262865,934.3758838414631,1816.8419963584001,discount_offer,250,934.3758838414631
100011,4.0,4045.49,1011.3725,2024-12-25,2025-03-04,1.0,13.75,3.0,3.0,120.0,69.0,1.7391304347826089,0.25,0.75,Fashion,3.1,1.0,10.0,5.0,2024-10-31,North,Paid Ads,37,Fashion,244,6051.655122950819,0,1,0.7632709520695573,1,1,0.0,230.9526283645643,831.4294621124313,1616.6683985519496,discount_offer,20,230.9526283645643
102141,5.0,3048.2200000000003,609.644,2024-10-03,2025-05-07,0.0,3.0,1.0,1.0,56.0,216.0,0.6944444444444444,0.0,0.2,Grocery,3.4333333333333336,3.0,9.0,4.666666666666667,2024-06-09,East,Organic Search,57,Grocery,388,2867.5265463917526,0,1,0.7631904182363369,1,0,0.0,109.42343921222603,393.9243811640137,765.9640744855822,discount_offer,20,109.42343921222603
102148,16.0,13891.48,868.2175,2023-04-21,2024-07-04,0.0,5.625,7.0,6.0,363.0,440.0,1.090909090909091,0.0,0.4375,Grocery,4.25,8.0,7.0,5.0,2023-03-28,Central,Referral,41,Grocery,827,6131.064328899637,0,1,0.7631830012586704,1,0,0.0,233.95620377198006,842.2423335791283,1637.6934264038605,discount_offer,20,233.95620377198006
101062,15.0,8046.44,536.4293333333333,2023-01-19,2024-10-28,0.0,4.333333333333333,4.0,3.0,247.0,648.0,0.6944444444444444,0.0,0.2666666666666666,Grocery,4.1000000000000005,6.0,13.0,3.333333333333333,2023-01-01,Central,Organic Search,42,Grocery,913,3216.8133625410733,0,1,0.7631436612485958,1,0,0.0,122.74453635215008,441.8803308677402,859.2117544650503,discount_offer,20,122.74453635215008
100722,17.0,18544.74,1090.8670588235295,2023-01-23,2025-01-18,1.0,7.647058823529412,8.0,5.0,165.0,726.0,0.7024793388429752,0.0588235294117647,0.4705882352941176,Grocery,4.0600000000000005,10.0,7.0,5.333333333333333,2023-01-01,South,Organic Search,24,Grocery,913,7413.833625410734,0,1,0.7630957427432424,1,0,0.0,282.87324384788155,1018.3436778523734,1980.1127069351705,discount_offer,250,1018.3436778523734
102592,2.0,1955.24,977.62,2024-10-27,2025-03-27,0.0,10.0,1.0,1.0,97.0,151.0,0.3973509933774835,0.0,0.5,Beauty & Personal Care,3.1,1.0,14.0,5.0,2024-09-06,North,Direct,32,Beauty & Personal Care,299,2386.83143812709,0,1,0.7630343090008066,1,0,0.0,91.0617138546353,327.822169876687,637.431996982447,discount_offer,20,91.0617138546353
102528,10.0,12197.28,1219.728,2023-07-28,2025-06-12,0.0,5.5,4.0,3.0,20.0,685.0,0.437956204379562,0.0,0.4,Fashion,3.4142857142857146,7.0,3.0,5.333333333333333,2023-07-09,West,Paid Ads,39,Fashion,724,6149.181215469614,0,1,0.7628289084764254,1,1,0.0,234.53865973102123,844.3391750316763,1641.7706181171484,discount_offer,20,234.53865973102123
104529,6.0,3542.54,590.4233333333333,2023-06-16,2025-06-17,0.0,1.6666666666666667,1.0,3.0,15.0,732.0,0.2459016393442623,0.0,0.1666666666666666,Beauty & Personal Care,3.9333333333333336,3.0,8.0,4.666666666666667,2023-05-26,East,Paid Ads,40,Beauty & Personal Care,768,1683.6290364583333,0,1,0.762722449273682,1,0,0.0,64.20708311778947,231.14549922404208,449.44958182452626,discount_offer,20,64.20708311778947
104336,14.0,11800.75,842.9107142857143,2023-07-24,2025-07-01,0.0,2.142857142857143,2.0,4.0,1.0,708.0,0.5932203389830508,0.0,0.1428571428571428,Beauty & Personal Care,3.063636363636364,11.0,7.0,5.666666666666667,2023-05-14,East,Social Media,32,Beauty & Personal Care,780,5522.145833333333,0,1,0.7623733582105834,1,0,0.0,210.4968431743457,757.7886354276445,1473.4779022204195,discount_offer,20,210.4968431743457
100502,7.0,3646.85,520.9785714285714,2024-07-26,2025-02-24,1.0,5.0,2.0,2.0,128.0,213.0,0.9859154929577464,0.1428571428571428,0.2857142857142857,Beauty & Personal Care,3.7000000000000006,3.0,13.0,5.333333333333333,2024-07-14,North,Direct,34,Beauty & Personal Care,353,3770.82223796034,0,1,0.7622566250822771,1,0,0.0,143.7167116446424,517.3801619207126,1006.0169815124967,discount_offer,20,143.7167116446424
102334,9.0,19411.2,2156.8,2024-08-27,2025-03-11,4.0,10.555555555555555,5.0,4.0,113.0,196.0,1.3775510204081634,0.4444444444444444,0.5555555555555556,Electronics,3.05,4.0,11.0,5.0,2024-08-25,Central,Organic Search,28,Electronics,311,22781.63344051447,0,1,0.7621991421707561,1,0,0.0,868.2070732804372,3125.5454638095734,6077.449512963059,discount_offer,900,6077.449512963059
103797,2.0,743.05,371.525,2024-12-06,2025-03-14,0.0,0.0,0.0,2.0,110.0,98.0,0.6122448979591837,0.0,0.0,Toys & Games,4.037037037037037,0.0,5.0,3.333333333333333,2024-11-14,Central,Direct,24,Beauty & Personal Care,230,1179.1880434782609,0,1,0.7619803979741389,1,0,0.0,44.92590873279557,161.73327143806407,314.48136112956894,discount_offer,0,0.0
103080,11.0,12474.22,1134.02,2023-07-17,2025-03-01,1.0,5.0,5.0,4.0,123.0,593.0,0.5564924114671164,0.0909090909090909,0.4545454545454545,Home & Kitchen,4.183333333333334,6.0,8.0,5.0,2023-04-16,East,Direct,18,Home & Kitchen,808,5635.012747524752,0,1,0.7615643326844164,1,0,0.0,214.57123613684337,772.456450092636,1501.9986529579035,discount_offer,20,214.57123613684337
102873,7.0,10036.64,1433.8057142857142,2024-11-20,2025-05-26,1.0,5.714285714285714,2.0,3.0,37.0,187.0,1.1229946524064172,0.1428571428571428,0.2857142857142857,Fashion,3.3,5.0,9.0,6.333333333333333,2024-10-09,West,Organic Search,39,Fashion,266,13772.081203007518,0,1,0.7609008242985279,1,0,0.0,523.9593969837341,1886.2538291414428,3667.7157788861387,discount_offer,250,1886.2538291414428
102688,12.0,14556.72,1213.0600000000002,2024-02-06,2025-04-11,0.0,3.333333333333333,3.0,4.0,82.0,430.0,0.8372093023255813,0.0,0.25,Sports & Outdoors,3.675,8.0,8.0,4.0,2024-01-12,South,Organic Search,37,Sports & Outdoors,537,9894.232402234638,0,1,0.760620020510124,1,0,0.0,376.2875626359822,1354.635225489536,2634.0129384518755,discount_offer,250,1354.635225489536
100451,13.0,12551.04,965.4646153846154,2024-01-09,2024-11-11,3.0,11.153846153846152,9.0,3.0,233.0,307.0,1.2703583061889252,0.2307692307692307,0.6923076923076923,Fashion,3.5,8.0,9.0,6.666666666666667,2023-12-26,West,Organic Search,46,Fashion,554,8269.187003610108,0,1,0.7603585901835637,1,1,0.0,314.37736860146146,1131.7585269652611,2200.64158021023,discount_offer,250,1131.7585269652611
105500,9.0,8524.39,947.1544444444444,2024-04-22,2025-04-07,0.0,3.333333333333333,2.0,3.0,86.0,350.0,0.7714285714285715,0.0,0.2222222222222222,Books,3.725,4.0,9.0,6.333333333333333,2024-04-21,Central,Organic Search,39,Books,437,7119.913844393592,0,1,0.760185225134412,1,0,0.0,270.622665436898,974.2415955728327,1894.3586580582858,discount_offer,250,974.2415955728327
100546,3.0,1417.11,472.37000000000006,2024-12-15,2025-05-12,0.0,6.666666666666667,1.0,1.0,51.0,148.0,0.6081081081081081,0.0,0.3333333333333333,Books,1.9,1.0,4.0,2.333333333333333,2024-12-12,West,Direct,33,Books,202,2560.6195544554457,0,1,0.760131777043252,1,0,0.0,97.3204146129959,350.35349260678527,681.2429022909713,discount_offer,20,97.3204146129959
101051,5.0,2714.37,542.874,2024-02-14,2025-04-29,0.0,7.0,3.0,4.0,64.0,440.0,0.3409090909090909,0.0,0.6,Toys & Games,3.65,4.0,12.0,3.0,2023-11-23,South,Email,46,Toys & Games,587,1687.810988074957,0,1,0.7598693385569352,1,0,0.0,64.12579095588225,230.85284744117607,448.8805366911757,discount_offer,20,64.12579095588225
105778,4.0,3349.07,837.2674999999999,2024-09-03,2025-02-08,0.0,10.0,2.0,3.0,144.0,158.0,0.759493670886076,0.0,0.5,Beauty & Personal Care,3.85,2.0,7.0,3.333333333333333,2024-07-24,North,Social Media,30,Beauty & Personal Care,343,3563.87915451895,1,0,0.7594097374234855,1,1,0.0,135.32222664711347,487.1600159296085,947.2555865297942,discount_offer,20,135.32222664711347
102624,10.0,16383.15,1638.315,2023-10-19,2025-05-19,1.0,2.0,1.0,2.0,44.0,578.0,0.5190311418685122,0.1,0.1,Sports & Outdoors,3.057142857142857,7.0,11.0,5.333333333333333,2023-08-30,North,Social Media,34,Sports & Outdoors,672,8898.5859375,0,1,0.7591182608428197,1,0,0.0,337.7539540417687,1215.914234550367,2364.27767829238,discount_offer,250,1215.914234550367
101538,25.0,28311.95,1132.478,2023-03-24,2025-01-20,0.0,4.4,9.0,6.0,163.0,668.0,1.122754491017964,0.0,0.36,Beauty & Personal Care,3.652941176470588,17.0,9.0,5.666666666666667,2023-03-24,Central,Email,32,Beauty & Personal Care,831,12435.453369434415,0,1,0.7586768645914319,1,0,0.0,471.72453860477304,1698.2083389771826,3302.0717702334105,discount_offer,250,1698.2083389771826
103357,5.0,3140.05,628.01,2024-07-27,2025-05-20,0.0,2.0,1.0,3.0,43.0,297.0,0.5050505050505051,0.0,0.2,Books,3.1666666666666665,3.0,7.0,6.0,2023-12-06,West,Social Media,29,Books,574,1996.7216898954705,0,1,0.7586656060824499,1,1,0.0,75.74220355212604,272.6719327876537,530.1954248648823,discount_offer,20,75.74220355212604
101781,14.0,18350.54,1310.7528571428572,2023-02-07,2025-04-21,0.0,9.642857142857142,9.0,3.0,72.0,804.0,0.5223880597014925,0.0,0.6428571428571429,Fashion,3.625,8.0,7.0,4.666666666666667,2023-01-01,South,Social Media,32,Fashion,913,7336.196166484118,0,1,0.7585791069503973,1,0,0.0,278.2542568192226,1001.7153245492011,1947.7797977345576,discount_offer,250,1001.7153245492011
104505,18.0,22544.32,1252.4622222222222,2023-07-27,2025-02-23,1.0,3.333333333333333,4.0,6.0,129.0,577.0,0.9358752166377816,0.0555555555555555,0.2222222222222222,Beauty & Personal Care,4.36,10.0,8.0,5.333333333333333,2023-06-10,Central,Direct,40,Beauty & Personal Care,753,10927.85763612218,0,1,0.7583718334374907,1,0,0.0,414.36897155249306,1491.728297588975,2900.582800867451,discount_offer,250,1491.728297588975
100168,5.0,5976.53,1195.306,2024-02-04,2024-11-15,0.0,2.0,1.0,2.0,229.0,285.0,0.5263157894736842,0.0,0.2,Sports & Outdoors,4.48,5.0,12.0,3.6666666666666665,2023-10-17,South,Referral,33,Sports & Outdoors,624,3495.886939102564,0,1,0.7581658164395766,1,0,0.0,132.5230987682574,477.0831555657266,927.6616913778017,discount_offer,20,132.5230987682574
104680,16.0,11896.58,743.53625,2023-10-10,2024-10-07,1.0,5.625,8.0,6.0,268.0,363.0,1.322314049586777,0.0625,0.5,Sports & Outdoors,3.7,3.0,13.0,3.6666666666666665,2023-08-26,West,Paid Ads,47,Sports & Outdoors,676,6423.44926035503,0,1,0.757837374014157,1,0,0.0,243.39649597903173,876.2273855245141,1703.775471853222,discount_offer,20,243.39649597903173
103324,7.0,7837.460000000001,1119.637142857143,2023-12-19,2025-05-20,0.0,5.0,3.0,4.0,43.0,518.0,0.4054054054054054,0.0,0.4285714285714285,Grocery,3.7,3.0,7.0,7.0,2023-11-26,South,Referral,33,Grocery,584,4898.4125,0,1,0.7576894332062785,1,0,0.0,185.5737695367775,668.0655703323989,1299.0163867574424,discount_offer,20,185.5737695367775
100698,8.0,12382.03,1547.75375,2024-08-31,2025-05-25,0.0,5.0,5.0,2.0,38.0,267.0,0.898876404494382,0.0,0.625,Fashion,3.366666666666667,3.0,9.0,4.666666666666667,2024-08-22,North,Direct,48,Fashion,314,14393.124044585988,0,1,0.7573616325912105,1,0,0.0,545.0399962247725,1962.143986409181,3815.279973573407,discount_offer,250,1962.143986409181
100220,2.0,1239.62,619.81,2024-12-08,2024-12-19,0.0,0.0,0.0,2.0,195.0,11.0,5.454545454545455,0.0,0.0,Grocery,4.65,2.0,9.0,3.333333333333333,2024-11-27,South,Organic Search,23,Electronics,217,2085.075115207373,0,1,0.7570562476290356,1,0,0.0,78.92595713717864,284.1334456938431,552.4816999602505,discount_offer,20,78.92595713717864
103015,15.0,37172.44,2478.162666666666,2023-11-04,2025-05-11,3.0,5.0,7.0,6.0,52.0,554.0,0.812274368231047,0.2,0.4666666666666667,Electronics,3.442857142857143,7.0,8.0,6.0,2023-10-24,North,Direct,23,Electronics,617,21990.17925445705,0,1,0.7562710742754026,1,0,0.0,831.5268244138452,2993.496567889843,5820.687770896917,discount_offer,900,5820.687770896917
100088,3.0,1035.59,345.19666666666666,2024-09-30,2024-10-23,0.0,6.666666666666667,1.0,1.0,252.0,23.0,3.913043478260869,0.0,0.3333333333333333,Books,3.8,1.0,13.0,5.333333333333333,2024-08-02,North,Paid Ads,31,Books,334,1131.7076347305388,0,1,0.755843859670237,1,0,0.0,42.76971333265027,153.97096799754092,299.3879933285518,discount_offer,0,0.0
105738,15.0,20853.54,1390.236,2023-12-16,2025-05-16,1.0,1.6666666666666667,3.0,6.0,47.0,517.0,0.8704061895551257,0.0666666666666666,0.2,Sports & Outdoors,2.936363636363636,11.0,7.0,6.666666666666667,2023-11-22,West,Organic Search,26,Sports & Outdoors,588,12944.79948979592,1,0,0.7553814454415446,1,1,0.0,488.91306747765066,1760.087042919542,3422.3914723435532,discount_offer,250,1760.087042919542
103277,12.0,11393.33,949.4441666666668,2024-05-12,2025-02-21,1.0,5.416666666666667,6.0,4.0,131.0,285.0,1.263157894736842,0.0833333333333333,0.5,Fashion,3.6714285714285713,7.0,5.0,5.666666666666667,2024-04-28,South,Direct,51,Fashion,430,9671.082441860464,0,1,0.7550870766931689,1,0,0.0,365.12546847415257,1314.4516865069493,2555.8782793190676,discount_offer,250,1314.4516865069493
100443,3.0,1975.91,658.6366666666667,2024-05-02,2024-10-02,0.0,1.6666666666666667,1.0,1.0,273.0,153.0,0.5882352941176471,0.0,0.3333333333333333,Beauty & Personal Care,3.6,2.0,8.0,5.0,2024-04-05,South,Referral,54,Beauty & Personal Care,453,1592.0687637969097,1,0,0.7550556825883035,1,0,0.0,60.10502835880961,216.3781020917146,420.7351985116672,discount_offer,20,60.10502835880961
105254,28.0,13003.55,464.4125,2023-01-09,2025-04-13,1.0,4.464285714285714,8.0,3.0,80.0,825.0,1.018181818181818,0.0357142857142857,0.2857142857142857,Books,3.7058823529411766,17.0,9.0,4.0,2023-01-01,Central,Direct,34,Books,913,5198.571467688937,0,1,0.7547820812870053,1,0,0.0,196.18942960507493,706.2819465782695,1373.3260072355242,discount_offer,20,196.18942960507493
104131,14.0,19775.35,1412.525,2023-06-25,2024-10-19,1.0,3.2142857142857144,4.0,2.0,256.0,482.0,0.8713692946058091,0.0714285714285714,0.2857142857142857,Sports & Outdoors,4.19,10.0,10.0,3.333333333333333,2023-05-30,East,Organic Search,53,Sports & Outdoors,764,9447.64757853403,0,1,0.7546609411407553,1,0,0.0,356.48853065913346,1283.3587103728805,2495.419714613934,discount_offer,250,1283.3587103728805
101962,2.0,967.46,483.73,2025-02-13,2025-03-17,1.0,5.0,1.0,2.0,107.0,32.0,1.875,0.5,0.5,Grocery,1.7000000000000002,2.0,11.0,7.0,2024-12-20,North,Direct,24,Grocery,194,1820.2211340206184,0,1,0.7543944451726239,1,0,0.0,68.65823562454844,247.16964824837433,480.607649371839,discount_offer,20,68.65823562454844
103447,4.0,1830.98,457.745,2024-09-20,2025-04-21,0.0,13.75,2.0,2.0,72.0,213.0,0.5633802816901409,0.0,0.5,Books,3.45,2.0,13.0,7.333333333333333,2024-08-27,East,Paid Ads,44,Books,309,2162.8080906148866,0,1,0.7538301973469848,1,0,0.0,81.51950248859377,293.4702089589375,570.6365174201563,discount_offer,20,81.51950248859377
103574,7.0,7717.45,1102.492857142857,2024-07-07,2025-02-03,0.0,4.285714285714286,4.0,3.0,149.0,211.0,0.9952606635071092,0.0,0.5714285714285714,Fashion,3.9,6.0,8.0,5.666666666666667,2024-02-21,East,Social Media,40,Fashion,497,5667.744969818913,0,1,0.7537945174970758,1,1,0.0,213.61575424105632,769.0167152678027,1495.310279687394,discount_offer,20,213.61575424105632
105845,23.0,14751.69,641.3778260869566,2023-03-02,2025-05-19,0.0,6.521739130434782,11.0,4.0,44.0,809.0,0.8529048207663783,0.0,0.4782608695652174,Grocery,3.408333333333333,12.0,8.0,3.6666666666666665,2023-02-28,Central,Email,29,Grocery,855,6297.505087719299,0,1,0.7535165881742693,1,0,0.0,237.26372738541744,854.1494185875026,1660.8460916979218,discount_offer,20,237.26372738541744
102587,10.0,8676.880000000001,867.6880000000001,2023-06-16,2025-02-14,0.0,5.0,4.0,5.0,138.0,609.0,0.4926108374384236,0.0,0.4,Sports & Outdoors,3.5,7.0,11.0,4.666666666666667,2023-05-24,West,Referral,33,Sports & Outdoors,770,4113.066493506494,1,0,0.7533206670412171,1,0,0.0,154.92289972365964,557.7224390051746,1084.460298065617,discount_offer,20,154.92289972365964
102676,1.0,2696.01,2696.01,2024-12-30,2024-12-30,0.0,0.0,0.0,1.0,184.0,1.0,30.0,0.0,0.0,Fashion,3.2,1.0,7.0,5.0,2024-12-19,North,Direct,23,Fashion,195,5046.377692307693,0,1,0.7525734596831836,1,0,0.0,189.88849593840203,683.5985853782473,1329.219471568814,discount_offer,20,189.88849593840203
105419,9.0,31177.28,3464.1422222222222,2024-04-22,2025-05-24,2.0,1.1111111111111112,2.0,3.0,39.0,397.0,0.6801007556675064,0.2222222222222222,0.2222222222222222,Electronics,2.875,4.0,6.0,5.333333333333333,2024-02-08,Central,Social Media,26,Electronics,510,22313.15137254902,0,1,0.7525608473950673,1,0,0.0,839.6002052489949,3022.5607388963817,5877.201436742965,discount_offer,900,5877.201436742965
101134,24.0,20237.01,843.2087499999999,2023-02-13,2025-05-06,2.0,6.875,11.0,5.0,57.0,813.0,0.8856088560885609,0.0833333333333333,0.4583333333333333,Beauty & Personal Care,3.6181818181818186,11.0,9.0,8.0,2023-01-01,West,Organic Search,31,Beauty & Personal Care,913,8090.370920043811,0,1,0.7517640272144966,1,0,0.0,304.1024912255594,1094.768968412014,2128.7174385789153,discount_offer,250,1094.768968412014
104473,5.0,4760.32,952.064,2024-11-24,2025-06-22,2.0,2.0,1.0,3.0,10.0,210.0,0.7142857142857143,0.4,0.2,Books,2.975,4.0,7.0,10.0,2024-05-20,Central,Referral,56,Home & Kitchen,408,4258.619607843137,0,1,0.7516374777736218,1,0,0.0,160.04690504182528,576.168858150571,1120.3283352927767,discount_offer,20,160.04690504182528
101282,7.0,11605.96,1657.9942857142855,2023-12-26,2024-12-15,0.0,2.142857142857143,2.0,4.0,199.0,355.0,0.5915492957746479,0.0,0.2857142857142857,Sports & Outdoors,4.1,4.0,8.0,7.0,2023-10-23,East,Paid Ads,40,Sports & Outdoors,618,6854.65275080906,0,1,0.7506008956486183,1,1,0.0,257.2554247058773,926.1195289411583,1800.787972941141,discount_offer,250,926.1195289411583
101878,5.0,4668.96,933.792,2024-10-11,2025-01-25,0.0,10.0,4.0,4.0,158.0,106.0,1.4150943396226416,0.0,0.8,Grocery,3.2,3.0,12.0,5.0,2024-10-04,West,Organic Search,37,Grocery,271,6288.451660516605,1,0,0.7496563909143991,1,1,0.0,235.70889881312692,848.5520357272569,1649.9622916918884,discount_offer,20,235.70889881312692
103159,10.0,8527.12,852.7120000000001,2023-11-06,2025-02-18,0.0,2.0,3.0,4.0,134.0,470.0,0.6382978723404256,0.0,0.3,Toys & Games,3.98,5.0,9.0,5.333333333333333,2023-10-24,Central,Referral,36,Toys & Games,617,5044.406482982173,0,1,0.749552866852525,1,0,0.0,189.05246704443752,680.588881359975,1323.3672693110627,discount_offer,20,189.05246704443752
103151,8.0,5464.73,683.09125,2024-08-14,2025-05-23,0.0,2.5,2.0,3.0,40.0,282.0,0.851063829787234,0.0,0.25,Grocery,3.0666666666666664,3.0,9.0,5.0,2024-08-03,East,Paid Ads,18,Grocery,333,5989.869219219218,0,1,0.749523681284306,1,0,0.0,224.47744138003702,808.1187889681333,1571.342089660259,discount_offer,20,224.47744138003702
103567,9.0,8183.99,909.3322222222222,2024-05-05,2024-11-04,0.0,7.777777777777778,5.0,3.0,240.0,183.0,1.475409836065574,0.0,0.5555555555555556,Sports & Outdoors,4.0,2.0,9.0,5.666666666666667,2024-04-27,East,Organic Search,35,Sports & Outdoors,431,6930.7571925754055,0,1,0.7494784974235169,1,0,0.0,259.7226743349324,935.0016276057565,1818.0587203445266,discount_offer,250,935.0016276057565
102740,14.0,22361.51,1597.250714285714,2023-10-05,2025-04-06,4.0,9.642857142857142,9.0,3.0,87.0,549.0,0.7650273224043715,0.2857142857142857,0.6428571428571429,Fashion,4.014285714285714,7.0,10.0,4.666666666666667,2023-09-07,West,Social Media,58,Fashion,664,12292.095105421688,0,1,0.749219845900592,1,0,0.0,460.47408003397294,1657.7066881223022,3223.3185602378103,discount_offer,250,1657.7066881223022
105032,9.0,11488.09,1276.4544444444446,2024-01-26,2024-09-24,0.0,3.333333333333333,2.0,3.0,281.0,242.0,1.115702479338843,0.0,0.2222222222222222,Home & Kitchen,4.7,5.0,8.0,6.0,2024-01-12,Central,Social Media,35,Home & Kitchen,537,7808.478305400372,0,1,0.749170942572012,1,0,0.0,292.4942526054952,1052.9793093797828,2047.4597682384663,discount_offer,250,1052.9793093797828
105731,11.0,9985.19,907.7445454545456,2024-03-10,2025-05-20,1.0,8.181818181818182,6.0,4.0,43.0,436.0,0.7568807339449541,0.0909090909090909,0.5454545454545454,Toys & Games,3.4,5.0,11.0,6.666666666666667,2024-02-05,West,Direct,30,Toys & Games,513,7104.4724171539965,0,1,0.7490248065332474,1,0,0.0,266.07130388897826,957.8566940003217,1862.4991272228476,discount_offer,250,957.8566940003217
103323,3.0,1862.1,620.6999999999999,2024-09-27,2025-04-20,2.0,10.0,2.0,2.0,73.0,205.0,0.4390243902439024,0.6666666666666666,0.6666666666666666,Beauty & Personal Care,3.533333333333333,3.0,10.0,3.6666666666666665,2024-08-08,South,Direct,34,Beauty & Personal Care,328,2072.153963414634,0,1,0.74897356009269,1,1,0.0,77.5994265519418,279.3579355869905,543.1959858635926,discount_offer,20,77.5994265519418
102479,7.0,4680.59,668.6557142857143,2024-01-18,2025-04-07,1.0,6.428571428571429,4.0,4.0,86.0,445.0,0.4719101123595505,0.1428571428571428,0.5714285714285714,Toys & Games,2.35,4.0,3.0,3.333333333333333,2023-11-09,South,Organic Search,45,Toys & Games,601,2842.621214642263,1,0,0.7487466672280216,1,0,0.0,106.42015803275328,383.1125689179117,744.9411062292727,discount_offer,20,106.42015803275328
100711,16.0,9296.37,581.023125,2023-01-01,2024-07-16,4.0,11.5625,14.0,3.0,351.0,562.0,0.8540925266903914,0.25,0.875,Beauty & Personal Care,3.7,11.0,6.0,6.666666666666667,2023-01-01,West,Paid Ads,27,Beauty & Personal Care,913,3716.5115553121577,1,0,0.7486985699204635,1,0,0.0,139.12734432775449,500.85843957991614,973.8914102942814,discount_offer,20,139.12734432775449
100037,6.0,11950.16,1991.6933333333327,2024-11-02,2025-03-10,1.0,4.166666666666667,2.0,3.0,114.0,128.0,1.40625,0.1666666666666666,0.3333333333333333,Electronics,3.1,4.0,10.0,7.333333333333333,2024-10-30,North,Organic Search,44,Electronics,245,17803.299591836734,0,1,0.7478541107877723,1,0,0.0,665.7135392670685,2396.5687413614464,4659.994774869479,discount_offer,250,2396.5687413614464
104180,12.0,11429.81,952.4841666666666,2023-09-25,2025-06-13,0.0,6.666666666666667,5.0,5.0,19.0,627.0,0.5741626794258373,0.0,0.4166666666666667,Toys & Games,3.02,5.0,6.0,6.0,2023-08-06,West,Paid Ads,32,Toys & Games,696,5994.081393678161,1,0,0.7477950949751988,1,1,0.0,224.1172332537316,806.8220397134337,1568.8206327761213,discount_offer,20,224.1172332537316
100054,8.0,10759.43,1344.92875,2024-04-16,2025-06-25,0.0,3.75,2.0,3.0,7.0,435.0,0.5517241379310345,0.0,0.25,Books,3.414285714285714,7.0,7.0,6.666666666666667,2024-01-13,South,Referral,30,Books,536,7326.850652985075,0,1,0.7476786455951782,1,0,0.0,273.9064886351014,986.0633590863649,1917.3454204457096,discount_offer,250,986.0633590863649
101019,4.0,1573.69,393.4225,2024-09-02,2025-06-24,0.0,5.0,2.0,2.0,8.0,295.0,0.4067796610169491,0.0,0.5,Grocery,2.95,2.0,7.0,5.0,2024-06-06,South,Organic Search,24,Grocery,391,1469.0456521739131,0,1,0.7475959420780081,1,0,0.0,54.91262841462792,197.6854622926605,384.3883989023954,discount_offer,0,0.0
104885,6.0,13706.24,2284.373333333333,2024-01-25,2025-06-01,1.0,10.833333333333334,3.0,4.0,31.0,493.0,0.3651115618661257,0.1666666666666666,0.5,Electronics,3.35,4.0,11.0,5.0,2023-11-30,West,Organic Search,18,Electronics,580,8625.478620689655,0,1,0.747482812047734,1,0,0.0,322.3698507325357,1160.5314626371285,2256.5889551277496,discount_offer,250,1160.5314626371285
103415,4.0,14560.81,3640.2025,2024-07-12,2025-02-02,1.0,10.0,3.0,2.0,150.0,205.0,0.5853658536585367,0.25,0.75,Electronics,3.6,2.0,4.0,8.333333333333334,2024-06-28,East,Organic Search,26,Electronics,369,14402.96924119241,0,1,0.7473211211907466,1,1,0.0,538.1821560901874,1937.4557619246746,3767.2750926313115,discount_offer,250,1937.4557619246746
100952,9.0,12718.18,1413.131111111111,2023-04-18,2024-08-20,0.0,5.0,3.0,3.0,316.0,490.0,0.5510204081632654,0.0,0.3333333333333333,Sports & Outdoors,4.575,4.0,11.0,5.0,2023-04-07,South,Direct,18,Sports & Outdoors,817,5681.928641370869,0,1,0.7470563369659173,1,0,0.0,212.23603988621264,764.0497435903654,1485.6522792034884,discount_offer,20,212.23603988621264
102269,8.0,5847.5,730.9375,2023-12-24,2024-11-07,0.0,0.0,0.0,1.0,237.0,319.0,0.7523510971786834,0.0,0.0,Grocery,3.625,4.0,12.0,2.6666666666666665,2023-12-16,West,Paid Ads,21,Grocery,564,3784.2863475177305,1,0,0.746308255034994,1,0,0.0,141.21220702843544,508.3639453023674,988.4854491990478,discount_offer,20,141.21220702843544
100060,3.0,9174.97,3058.3233333333333,2024-10-05,2025-06-07,0.0,1.6666666666666667,1.0,1.0,25.0,245.0,0.3673469387755102,0.0,0.3333333333333333,Electronics,3.1,2.0,8.0,2.0,2024-04-07,South,Email,27,Electronics,451,7425.419179600887,0,1,0.7462869509255932,1,0,0.0,277.07467194443825,997.4688189999777,1939.522703611068,discount_offer,250,997.4688189999777
101044,14.0,50697.15,3621.225,2023-02-07,2025-04-05,5.0,10.357142857142858,9.0,3.0,88.0,788.0,0.5329949238578681,0.3571428571428571,0.6428571428571429,Electronics,3.477777777777778,9.0,9.0,5.0,2023-01-01,West,Organic Search,26,Electronics,913,20267.75438116101,0,1,0.7462373706998021,1,0,0.0,756.2277869693493,2722.4200330896574,5293.594508785444,discount_offer,250,2722.4200330896574
100426,2.0,2664.6,1332.3,2024-06-14,2024-12-06,0.0,5.0,1.0,2.0,208.0,175.0,0.3428571428571428,0.0,0.5,Beauty & Personal Care,4.35,2.0,15.0,3.6666666666666665,2024-05-10,North,Organic Search,29,Beauty & Personal Care,418,2326.744019138756,0,1,0.7461283412386447,1,0,0.0,86.80248277434687,312.4889379876487,607.617379420428,discount_offer,20,86.80248277434687
100975,2.0,650.56,325.28,2024-09-07,2024-09-10,0.0,22.5,2.0,1.0,295.0,3.0,20.0,0.0,1.0,Grocery,4.8,2.0,10.0,6.0,2024-07-23,North,Direct,38,Grocery,344,690.2744186046511,1,0,0.746009790067255,1,1,0.0,25.74757370560262,92.69126534016941,180.2330159392183,discount_offer,0,0.0
104031,4.0,3951.24,987.81,2024-11-23,2025-02-14,0.0,6.25,2.0,3.0,138.0,83.0,1.4457831325301205,0.0,0.5,Fashion,4.5,2.0,6.0,4.333333333333333,2024-11-10,Central,Paid Ads,45,Fashion,234,6163.258974358974,0,1,0.7459831599694088,1,0,0.0,229.88437027010625,827.5837329723824,1609.1905918907437,discount_offer,20,229.88437027010625
105732,12.0,22283.75,1856.9791666666667,2023-01-17,2025-05-01,1.0,2.9166666666666665,4.0,2.0,62.0,835.0,0.4311377245508982,0.0833333333333333,0.3333333333333333,Home & Kitchen,2.957142857142857,7.0,12.0,5.0,2023-01-01,Central,Paid Ads,37,Home & Kitchen,913,8908.61856516977,0,1,0.7457354163093792,1,0,0.0,332.17361872191714,1195.825027398902,2325.2153310534204,discount_offer,250,1195.825027398902
101649,8.0,9493.19,1186.6487499999998,2024-05-01,2025-06-07,0.0,4.375,2.0,3.0,25.0,402.0,0.5970149253731343,0.0,0.25,Toys & Games,3.44,5.0,3.0,5.666666666666667,2024-03-14,Central,Email,48,Toys & Games,475,7294.767052631578,0,1,0.7457146462319119,1,0,0.0,271.9907315998682,979.1666337595254,1903.935121199077,discount_offer,250,979.1666337595254
103793,5.0,3209.05,641.8100000000001,2024-08-18,2025-02-08,1.0,8.0,2.0,3.0,144.0,174.0,0.8620689655172414,0.2,0.4,Toys & Games,3.575,4.0,7.0,6.0,2024-06-23,North,Paid Ads,55,Toys & Games,374,3131.826871657754,1,0,0.7455757832376152,1,0,0.0,116.75071364004201,420.30256910415125,817.254995480294,discount_offer,20,116.75071364004201
105969,2.0,1626.1,813.05,2024-07-24,2024-08-05,0.0,0.0,0.0,2.0,331.0,12.0,5.0,0.0,0.0,Fashion,3.6,1.0,4.0,4.0,2024-06-15,Central,Social Media,18,Fashion,382,1553.7342931937171,1,0,0.7452387248356626,1,0,0.0,57.89514816965627,208.42253341076253,405.26603718759384,discount_offer,20,57.89514816965627
100695,10.0,31393.73,3139.373,2023-03-04,2025-01-15,0.0,7.0,4.0,2.0,168.0,683.0,0.4392386530014641,0.0,0.4,Electronics,3.483333333333333,6.0,11.0,6.0,2023-01-01,South,Direct,45,Electronics,913,12550.61495071194,0,1,0.7451407707136984,1,0,0.0,467.5987448652181,1683.3554815147852,3273.1912140565264,discount_offer,250,1683.3554815147852
105179,2.0,1901.24,950.62,2023-08-30,2023-12-01,0.0,10.0,1.0,2.0,579.0,93.0,0.6451612903225806,0.0,0.5,Beauty & Personal Care,4.449999999999999,2.0,12.0,3.6666666666666665,2023-04-10,North,Social Media,47,Beauty & Personal Care,814,852.5216216216215,1,0,0.7450467277676589,1,0,0.0,31.75842222701837,114.33032001726613,222.30895558912857,discount_offer,0,0.0
105541,5.0,8202.11,1640.422,2023-04-24,2025-06-27,0.0,6.0,2.0,3.0,5.0,795.0,0.1886792452830188,0.0,0.4,Fashion,4.037037037037037,0.0,8.0,4.333333333333333,2023-01-01,North,Social Media,33,Fashion,913,3279.0472617743703,0,1,0.7446947367685978,1,0,0.0,122.09446187294282,439.54006274259405,854.6612331105996,discount_offer,20,122.09446187294282
101786,16.0,12705.56,794.0975,2023-02-14,2025-06-11,1.0,9.6875,10.0,5.0,21.0,848.0,0.5660377358490566,0.0625,0.625,Beauty & Personal Care,3.1666666666666665,12.0,5.0,7.333333333333333,2023-01-01,South,Organic Search,38,Beauty & Personal Care,913,5079.440744797371,0,1,0.7445352458388521,1,0,0.0,189.09113318257963,680.7280794572866,1323.6379322780574,discount_offer,20,189.09113318257963
105728,18.0,15858.79,881.0438888888889,2023-03-17,2025-05-26,1.0,8.055555555555555,9.0,5.0,37.0,801.0,0.6741573033707865,0.0555555555555555,0.5,Fashion,3.4,11.0,11.0,4.333333333333333,2023-03-06,East,Paid Ads,37,Fashion,849,6817.972143698469,0,1,0.7445112953135201,1,0,0.0,253.80286360582224,913.69030898096,1776.6200452407556,discount_offer,250,913.69030898096
101278,23.0,38169.06,1659.5243478260868,2023-06-16,2025-01-29,2.0,4.782608695652174,7.0,5.0,154.0,593.0,1.163575042158516,0.0869565217391304,0.3043478260869565,Home & Kitchen,3.815384615384616,13.0,9.0,3.333333333333333,2023-05-08,Central,Paid Ads,25,Home & Kitchen,786,17724.817938931297,0,1,0.7444638466765493,1,0,0.0,659.774307222915,2375.1875060024936,4618.420150560405,discount_offer,250,2375.1875060024936
100891,13.0,7742.94,595.6107692307693,2023-05-21,2024-10-30,4.0,3.8461538461538463,5.0,3.0,245.0,528.0,0.7386363636363635,0.3076923076923077,0.3846153846153846,Grocery,4.4,4.0,8.0,4.0,2023-04-13,North,Paid Ads,37,Grocery,811,3484.8003699136866,1,0,0.7440522782170457,1,0,0.0,129.64368271829412,466.71725778585875,907.5057790280586,discount_offer,20,129.64368271829412
100367,12.0,13642.2,1136.85,2024-03-29,2025-06-01,2.0,5.0,7.0,6.0,31.0,429.0,0.8391608391608392,0.1666666666666666,0.5833333333333334,Fashion,3.642857142857143,7.0,6.0,5.666666666666667,2024-03-14,South,Direct,41,Fashion,475,10482.953684210524,0,1,0.7439747039710423,1,0,0.0,389.9526181976336,1403.829425511481,2729.668327383435,discount_offer,250,1403.829425511481
102585,8.0,5564.889999999999,695.6112499999999,2024-03-20,2025-05-13,0.0,3.75,3.0,3.0,50.0,419.0,0.5727923627684964,0.0,0.375,Books,3.64,5.0,10.0,6.0,2023-12-12,East,Organic Search,30,Books,568,3576.029665492957,0,1,0.7435985326673928,1,0,0.0,132.95652060178153,478.6434741664135,930.6956442124706,discount_offer,20,132.95652060178153
103174,9.0,10611.09,1179.01,2024-07-16,2025-06-01,1.0,4.444444444444445,3.0,4.0,31.0,320.0,0.84375,0.1111111111111111,0.3333333333333333,Fashion,3.3200000000000003,5.0,7.0,3.0,2024-05-11,North,Direct,33,Fashion,417,9287.8845323741,1,0,0.7431985681099941,1,0,0.0,345.1371242615697,1242.4936473416508,2415.9598698309874,discount_offer,250,1242.4936473416508
102526,14.0,25012.79,1786.6278571428572,2023-01-02,2025-02-23,0.0,6.428571428571429,9.0,6.0,129.0,783.0,0.5363984674329502,0.0,0.6428571428571429,Fashion,4.033333333333334,6.0,7.0,4.333333333333333,2023-01-01,South,Organic Search,35,Fashion,913,9999.636746987951,0,1,0.7431140208206173,1,0,0.0,371.54351348999074,1337.5566485639665,2600.8045944299347,discount_offer,250,1337.5566485639665
102429,16.0,11998.62,749.91375,2023-12-11,2025-06-10,1.0,7.1875,9.0,6.0,22.0,547.0,0.8775137111517367,0.0625,0.5625,Grocery,3.0,10.0,7.0,5.0,2023-12-07,North,Paid Ads,42,Grocery,573,7643.1,1,0,0.7430131533428309,1,1,0.0,283.94619161572956,1022.2062898166265,1987.6233413101065,discount_offer,250,1022.2062898166265
104800,5.0,5546.56,1109.312,2024-06-09,2025-01-18,0.0,5.0,2.0,2.0,165.0,223.0,0.6726457399103138,0.0,0.4,Fashion,4.037037037037037,0.0,4.0,5.333333333333333,2024-03-19,Central,Email,30,Fashion,470,4307.434893617022,1,0,0.7429848720814579,1,0,0.0,160.01794817166257,576.0646134179852,1120.1256372016378,discount_offer,20,160.01794817166257
100713,16.0,9855.88,615.9925000000001,2023-06-11,2024-09-07,2.0,6.875,8.0,3.0,298.0,454.0,1.0572687224669604,0.125,0.5,Beauty & Personal Care,4.5,6.0,7.0,6.333333333333333,2023-06-02,East,Organic Search,24,Beauty & Personal Care,761,4727.196057818661,0,1,0.7428633226837782,1,1,0.0,175.5830285244414,632.098902687989,1229.08119967109,discount_offer,20,175.5830285244414
102682,13.0,8034.78,618.06,2023-05-26,2025-04-06,0.0,6.153846153846154,4.0,4.0,87.0,681.0,0.5726872246696035,0.0,0.3076923076923077,Books,3.455555555555556,9.0,5.0,9.0,2023-01-31,East,Social Media,31,Books,883,3321.285050962628,1,0,0.7427790451053622,1,0,0.0,123.34904693383673,444.05656896181233,863.4433285368573,discount_offer,20,123.34904693383673
105479,8.0,9908.19,1238.52375,2024-04-11,2025-03-04,0.0,6.875,5.0,5.0,120.0,327.0,0.7339449541284403,0.0,0.625,Beauty & Personal Care,3.8,4.0,10.0,4.666666666666667,2023-11-11,West,Email,26,Beauty & Personal Care,599,6037.544824707847,0,1,0.7427670864137746,1,0,0.0,224.22447892704054,807.208124137346,1569.5713524892838,discount_offer,20,224.22447892704054
104888,3.0,4322.99,1440.996666666667,2024-08-06,2025-02-25,0.0,8.333333333333334,2.0,3.0,127.0,203.0,0.4433497536945813,0.0,0.6666666666666666,Electronics,4.037037037037037,0.0,11.0,4.333333333333333,2024-06-30,North,Organic Search,49,Fashion,367,4299.431471389646,0,1,0.7427622831247054,1,0,0.0,159.67277679137922,574.8219964489653,1117.7094375396546,discount_offer,20,159.67277679137922
101899,5.0,3309.2200000000003,661.844,2024-04-25,2025-05-09,0.0,4.0,2.0,2.0,54.0,379.0,0.395778364116095,0.0,0.4,Beauty & Personal Care,3.1,4.0,12.0,2.6666666666666665,2024-04-01,Central,Social Media,45,Beauty & Personal Care,457,2643.0312910284465,0,1,0.7422686605906589,1,1,0.0,98.09196481454426,353.1310733323593,686.6437537018097,discount_offer,20,98.09196481454426
104953,2.0,983.54,491.77,2024-10-26,2025-01-07,0.0,20.0,2.0,1.0,176.0,73.0,0.8219178082191781,0.0,1.0,Beauty & Personal Care,2.8,2.0,8.0,6.333333333333333,2024-07-01,South,Organic Search,49,Beauty & Personal Care,366,980.8527322404371,0,1,0.7422661031925449,1,0,0.0,36.4026867682935,131.0496723658566,254.81880737805446,discount_offer,0,0.0
101375,3.0,17977.45,5992.483333333334,2023-04-09,2023-10-12,0.0,3.333333333333333,1.0,1.0,629.0,186.0,0.4838709677419354,0.0,0.3333333333333333,Electronics,3.2,2.0,7.0,4.333333333333333,2023-01-01,Central,Referral,40,Electronics,913,7187.0418948521365,1,0,0.7422562970553271,1,0,0.0,266.73135518272244,960.2328786578008,1867.1194862790567,discount_offer,250,960.2328786578008
102291,8.0,28773.18,3596.6475,2024-01-14,2025-04-05,3.0,8.125,4.0,1.0,88.0,447.0,0.5369127516778524,0.375,0.5,Electronics,3.2166666666666663,6.0,9.0,4.666666666666667,2023-11-22,East,Paid Ads,53,Electronics,588,17860.90255102041,0,1,0.7421084162706935,1,1,0.0,662.7363052651473,2385.85069895453,4639.15413685603,discount_offer,250,2385.85069895453
101428,6.0,17946.88,2991.146666666667,2023-07-23,2024-09-07,1.0,1.6666666666666667,1.0,3.0,298.0,412.0,0.4368932038834952,0.1666666666666666,0.1666666666666666,Electronics,3.65,2.0,13.0,4.333333333333333,2023-06-16,Central,Social Media,38,Electronics,747,8769.225167336012,0,1,0.741947110351289,1,0,0.0,325.31506364623766,1171.1342291264555,2277.2054455236635,discount_offer,250,1171.1342291264555
105665,18.0,23956.3,1330.9055555555556,2023-03-16,2025-01-28,1.0,10.27777777777778,9.0,5.0,155.0,684.0,0.7894736842105263,0.0555555555555555,0.5,Home & Kitchen,3.97,10.0,9.0,5.333333333333333,2023-03-10,North,Organic Search,41,Home & Kitchen,845,10347.987573964496,1,0,0.7411537471016871,1,0,0.0,383.47248827027414,1380.5009577729868,2684.307417891919,discount_offer,250,1380.5009577729868
101903,15.0,11464.2,764.2800000000001,2023-12-07,2025-04-18,0.0,7.666666666666667,9.0,5.0,75.0,498.0,0.9036144578313252,0.0,0.6,Beauty & Personal Care,3.3375,8.0,12.0,6.0,2023-11-13,North,Social Media,50,Beauty & Personal Care,597,7009.100502512563,0,1,0.7410577145099186,1,0,0.0,259.70739995811414,934.9466398492108,1817.9517997067987,discount_offer,250,934.9466398492108
100818,9.0,10445.5,1160.611111111111,2024-08-04,2025-05-12,1.0,7.222222222222222,4.0,4.0,51.0,281.0,0.9608540925266904,0.1111111111111111,0.4444444444444444,Fashion,3.014285714285714,7.0,9.0,4.666666666666667,2024-08-02,North,Referral,30,Fashion,334,11414.99251497006,0,1,0.7406470650173859,1,1,0.0,422.72403517040016,1521.8065266134406,2959.0682461928004,discount_offer,250,1521.8065266134406
101346,7.0,3881.44,554.4914285714286,2024-05-25,2025-03-26,0.0,1.4285714285714286,2.0,1.0,98.0,305.0,0.6885245901639344,0.0,0.2857142857142857,Beauty & Personal Care,3.775,4.0,8.0,7.0,2024-04-29,East,Referral,24,Beauty & Personal Care,429,3302.390675990676,0,1,0.7406067428451644,1,1,0.0,122.28864010738477,440.2391043865851,856.0204807516932,discount_offer,20,122.28864010738477
103315,26.0,36960.76,1421.5676923076924,2023-01-01,2025-01-26,5.0,7.115384615384615,15.0,5.0,157.0,756.0,1.031746031746032,0.1923076923076923,0.5769230769230769,Sports & Outdoors,3.8,12.0,9.0,3.6666666666666665,2023-01-01,West,Organic Search,34,Sports & Outdoors,913,14776.207447973711,0,1,0.7403264047306396,1,1,0.0,546.9608267756239,1969.0589763922458,3828.7257874293664,discount_offer,250,1969.0589763922458
101326,7.0,31733.120000000003,4533.302857142858,2024-03-31,2024-09-21,1.0,2.857142857142857,2.0,2.0,284.0,174.0,1.206896551724138,0.1428571428571428,0.2857142857142857,Electronics,3.1,5.0,5.0,9.0,2023-12-13,North,Social Media,30,Electronics,567,20427.84620811288,0,1,0.7401941249652922,1,1,0.0,756.0285874469838,2721.702914809141,5292.200112128886,discount_offer,250,2721.702914809141
104327,5.0,5802.36,1160.472,2024-10-23,2025-03-11,0.0,4.0,1.0,4.0,113.0,139.0,1.079136690647482,0.0,0.2,Home & Kitchen,3.7,4.0,11.0,3.6666666666666665,2024-09-01,South,Paid Ads,27,Home & Kitchen,304,6966.649342105263,0,1,0.7399570455777433,1,0,0.0,257.75106323801697,927.903827656861,1804.2574426661188,discount_offer,250,927.903827656861
103428,7.0,3140.91,448.70142857142855,2024-07-09,2025-04-01,0.0,2.142857142857143,1.0,1.0,92.0,266.0,0.7894736842105263,0.0,0.1428571428571428,Grocery,4.033333333333333,3.0,10.0,3.333333333333333,2024-04-28,North,Organic Search,50,Grocery,430,2666.121279069768,0,1,0.7398211478818253,1,1,0.0,98.62264525367782,355.0415229132401,690.3585167757446,discount_offer,20,98.62264525367782
100087,12.0,11892.02,991.0016666666668,2023-02-05,2025-03-29,3.0,2.083333333333333,3.0,5.0,95.0,783.0,0.4597701149425287,0.25,0.25,Fashion,3.1625,8.0,5.0,4.666666666666667,2023-01-01,West,Direct,58,Fashion,913,4754.20295728368,1,0,0.7397112539297194,1,0,0.0,175.83687154843457,633.0127375743643,1230.8581008390418,discount_offer,20,175.83687154843457
105044,6.0,23808.86,3968.143333333333,2023-06-20,2025-04-13,0.0,5.0,3.0,2.0,80.0,663.0,0.2714932126696832,0.0,0.5,Electronics,3.5666666666666664,3.0,9.0,5.333333333333333,2023-06-15,West,Social Media,23,Electronics,748,11617.95975935829,0,1,0.739554061992,1,1,0.0,429.6054666046511,1546.579679776744,3007.2382662325576,discount_offer,250,1546.579679776744
103066,20.0,23556.79,1177.8395,2023-01-24,2025-02-18,2.0,6.5,8.0,8.0,134.0,756.0,0.7936507936507937,0.1,0.4,Home & Kitchen,4.188888888888889,9.0,10.0,7.0,2023-01-01,East,Paid Ads,41,Home & Kitchen,913,9417.55569550931,0,1,0.7394720612051026,1,0,0.0,348.20096608360615,1253.523477900982,2437.4067625852426,discount_offer,250,1253.523477900982
105285,8.0,12820.67,1602.58375,2024-05-13,2025-03-10,1.0,4.375,2.0,2.0,114.0,301.0,0.7973421926910299,0.125,0.25,Fashion,3.75,4.0,10.0,4.666666666666667,2024-03-12,Central,Social Media,30,Fashion,477,9810.365932914046,0,1,0.7394540904515604,1,1,0.0,362.71576089599654,1305.7767392255873,2539.0103262719754,discount_offer,250,1305.7767392255873
103347,5.0,3805.32,761.0640000000001,2024-03-17,2025-03-29,1.0,6.0,3.0,3.0,95.0,377.0,0.3978779840848806,0.2,0.6,Books,3.9,2.0,13.0,3.0,2024-01-03,South,Organic Search,33,Books,546,2543.849450549451,0,1,0.739278542928771,1,1,0.0,94.03066576161766,338.5103967418235,658.2146603313234,discount_offer,20,94.03066576161766
102989,7.0,8547.45,1221.064285714286,2024-07-03,2025-02-25,0.0,9.285714285714286,4.0,5.0,127.0,237.0,0.8860759493670886,0.0,0.5714285714285714,Fashion,4.65,2.0,10.0,4.0,2024-04-05,East,Referral,33,Fashion,453,6887.018211920531,0,1,0.7387008270018031,1,0,0.0,254.37230243610875,915.7402887699915,1780.6061170527612,discount_offer,250,915.7402887699915
103605,8.0,5503.01,687.87625,2024-01-21,2025-04-24,0.0,11.875,7.0,4.0,69.0,459.0,0.5228758169934641,0.0,0.875,Sports & Outdoors,3.7,5.0,4.0,4.333333333333333,2023-12-31,Central,Email,38,Sports & Outdoors,549,3658.649635701275,0,1,0.7386766801024008,1,0,0.0,135.12795832788382,486.4606499803817,945.8957082951866,discount_offer,20,135.12795832788382
104080,7.0,18591.03,2655.8614285714284,2023-11-22,2025-04-05,1.0,1.4285714285714286,2.0,3.0,88.0,500.0,0.42,0.1428571428571428,0.2857142857142857,Electronics,3.4,1.0,12.0,5.333333333333333,2023-11-07,West,Social Media,44,Electronics,603,11253.276865671642,0,1,0.7384489528430668,1,1,0.0,415.49852587541665,1495.7946931514996,2908.4896811279164,discount_offer,250,1495.7946931514996
104844,22.0,28915.22,1314.328181818182,2023-01-05,2024-11-30,0.0,4.545454545454546,9.0,8.0,214.0,695.0,0.9496402877697842,0.0,0.4090909090909091,Home & Kitchen,4.269230769230769,13.0,11.0,4.666666666666667,2023-01-01,Central,Organic Search,32,Home & Kitchen,913,11559.753888280396,0,1,0.738442664489378,1,0,0.0,426.8107731051612,1536.5187831785802,2987.675411736128,discount_offer,250,1536.5187831785802
104653,8.0,7371.14,921.3925,2024-09-06,2025-06-18,1.0,5.625,3.0,4.0,14.0,285.0,0.8421052631578947,0.125,0.375,Books,3.0,5.0,10.0,5.0,2024-08-24,West,Paid Ads,49,Books,312,8623.288782051282,0,1,0.7380070729562529,1,0,0.0,318.20240566490793,1145.5286603936684,2227.416839654355,discount_offer,250,1145.5286603936684
102757,2.0,3259.88,1629.94,2024-07-16,2025-04-04,0.0,2.5,1.0,1.0,89.0,262.0,0.2290076335877862,0.0,0.5,Home & Kitchen,4.45,2.0,5.0,3.0,2024-07-09,Central,Organic Search,29,Home & Kitchen,358,3323.6206703910616,0,1,0.737757712416097,1,1,0.0,122.60133913632824,441.3648208907816,858.2093739542975,discount_offer,20,122.60133913632824
102744,1.0,356.7,356.7,2025-03-15,2025-03-15,0.0,0.0,0.0,1.0,109.0,1.0,30.0,0.0,0.0,Grocery,4.037037037037037,0.0,8.0,5.0,2024-11-22,North,Referral,18,Fashion,222,586.4662162162161,0,1,0.7377483576474089,1,0,0.0,21.633224391460185,77.87960780925665,151.43257074022125,discount_offer,0,0.0
101379,13.0,12882.07,990.9284615384616,2023-05-04,2025-05-04,1.0,6.538461538461538,5.0,3.0,59.0,731.0,0.533515731874145,0.0769230769230769,0.3846153846153846,Fashion,3.6333333333333337,9.0,5.0,4.666666666666667,2023-03-17,West,Referral,18,Fashion,838,5610.9254773269695,1,0,0.7377312955155507,1,1,0.0,206.96776607148175,745.0839578573343,1448.774362500372,discount_offer,20,206.96776607148175
104638,6.0,3470.08,578.3466666666667,2024-05-29,2025-04-12,1.0,8.333333333333334,2.0,3.0,81.0,318.0,0.5660377358490566,0.1666666666666666,0.3333333333333333,Grocery,2.925,4.0,10.0,4.333333333333333,2024-04-28,Central,Email,67,Grocery,430,2945.533023255814,1,0,0.7377245356875186,1,0,0.0,108.64959909668242,391.13855674805666,760.5471936767768,discount_offer,20,108.64959909668242
103723,1.0,268.83,268.83,2024-12-27,2024-12-27,0.0,0.0,0.0,1.0,187.0,1.0,30.0,0.0,0.0,Sports & Outdoors,4.2,1.0,9.0,5.0,2024-10-21,West,Social Media,39,Sports & Outdoors,254,386.3108267716535,1,0,0.737543056083986,1,1,0.0,14.246043388774833,51.2857561995894,99.72230372142381,discount_offer,0,0.0
103675,5.0,2893.59,578.7180000000001,2024-09-28,2025-01-31,0.0,8.0,4.0,1.0,152.0,125.0,1.2,0.0,0.8,Toys & Games,3.8,3.0,11.0,7.666666666666667,2024-08-15,Central,Referral,30,Toys & Games,321,3290.219158878505,0,1,0.7371289001883551,1,0,0.0,121.26578149813835,436.55681339329806,848.8604704869684,discount_offer,20,121.26578149813835
105502,13.0,9500.36,730.7969230769231,2023-10-02,2024-12-27,3.0,9.615384615384617,7.0,4.0,187.0,452.0,0.8628318584070797,0.2307692307692307,0.5384615384615384,Beauty & Personal Care,3.47,10.0,4.0,5.666666666666667,2023-08-27,Central,Organic Search,50,Beauty & Personal Care,675,5137.231703703704,1,0,0.7367581319166585,1,0,0.0,189.2448616621887,681.2815019838793,1324.7140316353207,discount_offer,20,189.2448616621887
101090,8.0,7354.46,919.3075,2024-05-27,2025-02-04,0.0,10.0,5.0,5.0,148.0,253.0,0.9486166007905138,0.0,0.625,Beauty & Personal Care,4.325,4.0,10.0,3.6666666666666665,2024-05-24,East,Organic Search,40,Beauty & Personal Care,404,6644.499752475248,0,1,0.7366872153444333,1,0,0.0,244.74590100038833,881.0852436013979,1713.2213070027183,discount_offer,250,881.0852436013979
104385,7.0,9670.51,1381.5014285714285,2024-08-18,2025-06-25,0.0,3.571428571428572,2.0,4.0,7.0,311.0,0.67524115755627,0.0,0.2857142857142857,Grocery,3.3666666666666667,3.0,8.0,2.0,2024-07-27,North,Organic Search,43,Grocery,340,10381.576911764703,0,1,0.7366361049399781,1,0,0.0,382.37221897085794,1376.5399882950883,2676.605532796005,discount_offer,250,1376.5399882950883
100143,11.0,13720.92,1247.3563636363635,2023-06-29,2025-05-06,1.0,2.272727272727273,1.0,5.0,57.0,677.0,0.4874446085672083,0.0909090909090909,0.0909090909090909,Fashion,3.84,5.0,5.0,5.0,2023-05-29,Central,Social Media,33,Fashion,765,6546.58274509804,0,1,0.736571704404255,1,0,0.0,241.10138052901752,867.9649699044629,1687.709663703122,discount_offer,20,241.10138052901752
104570,15.0,10938.39,729.226,2023-01-05,2025-06-18,0.0,6.333333333333333,7.0,5.0,14.0,895.0,0.5027932960893855,0.0,0.4666666666666667,Grocery,3.4818181818181824,11.0,8.0,6.666666666666667,2023-01-01,East,Social Media,29,Grocery,913,4372.959857612267,0,1,0.7365229494619459,1,0,0.0,161.0392646103639,579.7413525973101,1127.2748522725472,discount_offer,20,161.0392646103639
105160,8.0,13664.8,1708.1,2023-12-14,2025-06-30,2.0,2.5,2.0,2.0,2.0,564.0,0.425531914893617,0.25,0.25,Sports & Outdoors,3.485714285714286,7.0,7.0,4.0,2023-12-01,Central,Direct,40,Sports & Outdoors,579,8614.252158894646,1,0,0.7357538626330984,1,1,0.0,316.8984649801121,1140.8344739284037,2218.2892548607847,discount_offer,250,1140.8344739284037
101651,4.0,3445.22,861.305,2024-11-29,2025-06-20,0.0,3.75,1.0,3.0,12.0,203.0,0.5911330049261084,0.0,0.25,Grocery,3.0,3.0,10.0,4.666666666666667,2024-09-14,North,Referral,51,Grocery,291,4321.324054982817,0,1,0.7355259443761544,1,0,0.0,158.92229782483147,572.1202721693932,1112.45608477382,discount_offer,20,158.92229782483147
103340,10.0,8251.49,825.149,2023-04-30,2025-05-03,1.0,12.0,7.0,4.0,60.0,734.0,0.4087193460490463,0.1,0.7,Fashion,3.928571428571429,7.0,8.0,6.0,2023-01-06,Central,Referral,18,Fashion,908,3316.953579295154,0,1,0.7353664712951982,1,0,0.0,121.95882245281275,439.0517608301259,853.7117571696891,discount_offer,20,121.95882245281275
105427,2.0,2446.64,1223.32,2024-10-27,2025-01-27,0.0,17.5,2.0,2.0,156.0,92.0,0.6521739130434783,0.0,1.0,Fashion,2.8,1.0,13.0,4.666666666666667,2024-10-26,North,Social Media,22,Home & Kitchen,249,3586.4401606425704,0,1,0.7352336897076134,1,0,0.0,131.84358161124013,474.63689380046446,922.9050712786808,discount_offer,20,131.84358161124013
103289,4.0,17576.74,4394.185,2024-08-21,2024-12-30,1.0,3.75,1.0,1.0,184.0,131.0,0.9160305343511452,0.25,0.25,Electronics,2.75,2.0,5.0,6.0,2024-08-10,West,Paid Ads,46,Electronics,326,19679.478834355832,0,1,0.7349730491780714,1,1,0.0,723.1943282560911,2603.4995817219283,5062.360297792638,discount_offer,250,2603.4995817219283
103572,6.0,3571.63,595.2716666666666,2024-10-29,2025-07-01,1.0,6.666666666666667,2.0,1.0,1.0,245.0,0.7346938775510204,0.1666666666666666,0.3333333333333333,Beauty & Personal Care,3.3666666666666667,3.0,7.0,6.0,2024-07-29,North,Paid Ads,43,Beauty & Personal Care,338,3856.937721893492,1,0,0.73486279460229,1,1,0.0,141.71600164588207,510.17760592517544,992.0120115211744,discount_offer,20,141.71600164588207
100338,2.0,1080.9299999999998,540.4649999999999,2025-01-03,2025-05-09,0.0,5.0,1.0,1.0,54.0,126.0,0.4761904761904761,0.0,0.5,Beauty & Personal Care,2.8,1.0,6.0,6.666666666666667,2024-11-24,North,Email,39,Beauty & Personal Care,220,1793.3611363636362,0,1,0.7347715091790523,1,0,0.0,65.88553343344846,237.18792036041444,461.19873403413925,discount_offer,20,65.88553343344846
103607,3.0,960.49,320.16333333333336,2024-12-06,2025-02-24,0.0,10.0,3.0,1.0,128.0,80.0,1.125,0.0,1.0,Books,4.037037037037037,0.0,9.0,5.0,2024-11-19,East,Social Media,42,Books,225,1558.128222222222,0,1,0.7346921692646492,1,0,0.0,57.237230178845785,206.0540286438448,400.6606112519204,discount_offer,20,57.237230178845785
105035,15.0,11276.09,751.7393333333333,2023-09-03,2025-02-24,0.0,6.666666666666667,8.0,6.0,128.0,540.0,0.8333333333333334,0.0,0.5333333333333333,Toys & Games,4.1375,8.0,5.0,2.6666666666666665,2023-07-17,East,Organic Search,18,Toys & Games,716,5748.286103351956,0,1,0.7345745290340783,1,0,0.0,211.127227856145,760.058020282122,1477.8905949930147,discount_offer,20,211.127227856145
103149,7.0,4090.33,584.3328571428572,2024-06-11,2025-06-28,0.0,10.714285714285714,4.0,5.0,4.0,382.0,0.549738219895288,0.0,0.5714285714285714,Fashion,3.4000000000000004,2.0,8.0,6.333333333333333,2024-05-20,East,Email,24,Fashion,408,3659.241299019608,0,1,0.7342791518808602,1,0,0.0,134.34522987857676,483.64282756287633,940.4166091500372,discount_offer,20,134.34522987857676
102201,5.0,15199.39,3039.878,2024-07-10,2025-04-08,0.0,4.0,2.0,2.0,85.0,272.0,0.5514705882352942,0.0,0.4,Electronics,3.0,2.0,7.0,5.666666666666667,2023-12-04,West,Organic Search,22,Electronics,576,9631.557899305555,1,0,0.7342698441418561,1,0,0.0,353.60812587831765,1272.9892531619437,2475.2568811482233,discount_offer,250,1272.9892531619437
101811,10.0,12030.3,1203.03,2024-04-04,2024-12-07,0.0,10.0,6.0,5.0,207.0,247.0,1.2145748987854252,0.0,0.6,Toys & Games,3.8,4.0,8.0,4.666666666666667,2024-03-24,South,Referral,29,Toys & Games,465,9443.13870967742,0,1,0.7342373109996645,1,1,0.0,346.67523867951957,1248.0308592462702,2426.7266707566364,discount_offer,250,1248.0308592462702
102595,13.0,21127.82,1625.216923076923,2023-09-22,2025-01-15,0.0,3.076923076923077,3.0,3.0,168.0,481.0,0.8108108108108107,0.0,0.2307692307692307,Home & Kitchen,3.8857142857142857,7.0,8.0,4.666666666666667,2023-08-30,South,Organic Search,39,Home & Kitchen,672,11475.676041666668,0,1,0.734178829513796,1,1,0.0,421.2599202075173,1516.535712747062,2948.819441452621,discount_offer,250,1516.535712747062
104500,24.0,10351.06,431.2941666666666,2023-01-05,2025-03-11,1.0,6.666666666666667,10.0,4.0,113.0,796.0,0.9045226130653266,0.0416666666666666,0.4166666666666667,Books,3.3181818181818183,11.0,7.0,4.666666666666667,2023-01-01,South,Email,57,Books,913,4138.156516976998,0,1,0.7341752341685084,1,1,0.0,151.90660149387634,546.8637653779548,1063.3462104571342,discount_offer,20,151.90660149387634
104168,14.0,12812.91,915.2078571428572,2023-01-03,2025-03-21,1.0,5.714285714285714,5.0,4.0,103.0,808.0,0.5198019801980198,0.0714285714285714,0.3571428571428571,Toys & Games,3.5285714285714285,7.0,7.0,4.0,2023-01-01,Central,Email,31,Toys & Games,913,5122.357228915663,1,0,0.7340554192485514,1,0,0.0,188.00470416062674,676.8169349782563,1316.0329291243872,discount_offer,20,188.00470416062674
105886,21.0,20213.56,962.5504761904764,2023-08-08,2025-04-13,6.0,1.1904761904761905,3.0,7.0,80.0,614.0,1.026058631921824,0.2857142857142857,0.1428571428571428,Toys & Games,2.8000000000000003,11.0,8.0,4.0,2023-08-03,South,Paid Ads,33,Toys & Games,699,10555.006294706724,0,1,0.7340091111865938,1,1,0.0,387.3735394473293,1394.5447420103853,2711.6147761313046,discount_offer,250,1394.5447420103853
103582,6.0,11800.48,1966.746666666667,2024-12-27,2025-05-11,0.0,7.5,3.0,3.0,52.0,135.0,1.3333333333333333,0.0,0.5,Home & Kitchen,3.6,4.0,7.0,4.666666666666667,2024-08-23,West,Direct,27,Home & Kitchen,313,13760.943130990414,0,1,0.7339517458991152,1,0,0.0,504.9934118104425,1817.976282517593,3534.9538826730977,discount_offer,250,1817.976282517593
105178,17.0,24750.51,1455.9123529411766,2023-05-04,2025-04-17,2.0,5.294117647058823,7.0,6.0,76.0,714.0,0.7142857142857143,0.1176470588235294,0.4117647058823529,Home & Kitchen,4.066666666666666,9.0,9.0,3.333333333333333,2023-03-28,South,Paid Ads,36,Home & Kitchen,827,10923.743833131804,0,1,0.7339343218183043,1,0,0.0,400.86552609432374,1443.1158939395652,2806.058682660266,discount_offer,250,1443.1158939395652
101751,16.0,8169.7,510.60625,2023-01-12,2025-04-25,2.0,7.5,7.0,3.0,68.0,834.0,0.5755395683453237,0.125,0.4375,Books,4.21,10.0,4.0,4.333333333333333,2023-01-01,West,Paid Ads,43,Books,913,3266.090361445783,0,1,0.7338768972185774,1,0,0.0,119.84541302466667,431.44348688879995,838.9178911726665,discount_offer,20,119.84541302466667
103470,8.0,8674.13,1084.26625,2024-06-22,2025-06-23,1.0,5.0,2.0,4.0,9.0,366.0,0.6557377049180328,0.125,0.25,Books,3.3000000000000003,6.0,10.0,5.0,2024-04-11,South,Paid Ads,31,Books,447,7082.902572706934,1,0,0.7335786651316445,1,1,0.0,259.79331072719214,935.2559186178918,1818.5531750903451,discount_offer,250,935.2559186178918
103629,6.0,3640.48,606.7466666666667,2024-02-08,2025-04-19,1.0,3.333333333333333,1.0,1.0,74.0,436.0,0.4128440366972477,0.1666666666666666,0.1666666666666666,Grocery,4.566666666666666,3.0,2.0,4.333333333333333,2024-02-01,South,Organic Search,18,Grocery,517,2570.1647969052224,0,1,0.733036579225631,1,1,0.0,94.20124053847715,339.12446593851774,659.40868376934,discount_offer,20,94.20124053847715
101148,6.0,17057.67,2842.945,2023-02-08,2025-06-29,0.0,8.333333333333334,3.0,4.0,3.0,872.0,0.2064220183486238,0.0,0.5,Electronics,2.55,2.0,12.0,5.0,2023-02-04,South,Email,55,Electronics,879,7083.105290102389,0,1,0.732886448820286,1,0,0.0,259.5555941341661,934.4001388829977,1816.8891589391621,discount_offer,250,934.4001388829977
102315,12.0,5019.54,418.295,2023-05-15,2025-03-27,0.0,8.333333333333334,6.0,4.0,97.0,682.0,0.5278592375366569,0.0,0.5,Books,3.76,5.0,12.0,3.333333333333333,2023-04-26,South,Paid Ads,43,Books,798,2295.904887218045,1,0,0.7328788911211511,1,1,0.0,84.13101139319963,302.8716410155186,588.9170797523974,discount_offer,20,84.13101139319963
103676,12.0,6591.79,549.3158333333333,2024-05-02,2025-03-19,1.0,9.166666666666666,8.0,3.0,105.0,321.0,1.121495327102804,0.0833333333333333,0.6666666666666666,Books,3.642857142857143,7.0,13.0,5.666666666666667,2024-04-13,South,Email,29,Books,445,5406.749101123595,0,1,0.73287313243526,1,0,0.0,198.12305750159877,713.2430070057555,1386.8614025111915,discount_offer,20,198.12305750159877
103821,11.0,11063.97,1005.8154545454544,2024-01-15,2025-01-10,0.0,6.818181818181818,6.0,4.0,173.0,361.0,0.9141274238227148,0.0,0.5454545454545454,Fashion,3.942857142857143,7.0,11.0,6.333333333333333,2023-12-03,Central,Email,41,Fashion,577,6998.871837088388,0,1,0.7327733808526193,1,0,0.0,256.429348910872,923.1456560791394,1795.0054423761044,discount_offer,250,923.1456560791394
104896,4.0,5204.48,1301.12,2024-07-19,2024-11-21,0.0,11.25,2.0,2.0,223.0,125.0,0.96,0.0,0.5,Home & Kitchen,4.95,4.0,10.0,3.0,2024-05-15,South,Organic Search,23,Home & Kitchen,413,4599.600968523002,0,1,0.7327104097882409,1,1,0.0,168.50877552544392,606.6315918915981,1179.5614286781074,discount_offer,20,168.50877552544392
104786,11.0,19739.72,1794.5200000000002,2024-01-11,2025-05-14,0.0,5.909090909090909,4.0,4.0,49.0,489.0,0.6748466257668712,0.0,0.3636363636363636,Toys & Games,3.6125,8.0,7.0,8.0,2023-12-05,West,Email,41,Toys & Games,575,12530.43095652174,0,1,0.7326532219072659,1,0,0.0,459.02303060910987,1652.4829101927953,3213.1612142637687,discount_offer,250,1652.4829101927953
101795,1.0,522.35,522.35,2025-02-18,2025-02-18,0.0,0.0,0.0,1.0,134.0,1.0,30.0,0.0,0.0,Books,2.1,1.0,12.0,5.0,2024-09-15,West,Social Media,31,Books,290,657.4405172413793,0,1,0.7325849191959758,1,0,0.0,24.081550409971822,86.69358147589855,168.57085286980274,discount_offer,0,0.0
102238,17.0,14910.36,877.08,2023-02-07,2024-03-01,1.0,2.9411764705882355,4.0,4.0,488.0,388.0,1.3144329896907216,0.0588235294117647,0.2352941176470588,Grocery,3.6,8.0,9.0,6.666666666666667,2023-01-01,North,Paid Ads,44,Grocery,913,5960.877765607886,1,0,0.7324872779699227,1,0,0.0,218.3133564420778,785.92808319148,1528.1934950945445,discount_offer,20,218.3133564420778
104231,9.0,10320.6,1146.7333333333331,2024-10-10,2025-05-26,1.0,1.1111111111111112,2.0,1.0,37.0,228.0,1.1842105263157896,0.1111111111111111,0.2222222222222222,Fashion,3.4200000000000004,5.0,11.0,6.0,2024-10-01,North,Paid Ads,34,Fashion,274,13748.244525547449,0,1,0.7324537944513856,1,0,0.0,503.49769348913594,1812.5916965608892,3524.483854423951,discount_offer,250,1812.5916965608892
104964,1.0,1245.26,1245.26,2025-01-12,2025-01-12,0.0,5.0,1.0,1.0,171.0,1.0,30.0,0.0,1.0,Fashion,3.9,1.0,14.0,5.0,2024-04-23,North,Direct,32,Fashion,435,1044.8733333333334,0,1,0.7322195012750791,1,0,0.0,38.25383155144815,137.7137935852133,267.776820860137,discount_offer,0,0.0
100223,9.0,6933.82,770.4244444444444,2024-02-12,2024-11-24,1.0,4.444444444444445,4.0,4.0,220.0,286.0,0.944055944055944,0.1111111111111111,0.4444444444444444,Grocery,3.171428571428572,7.0,6.0,7.666666666666667,2024-02-12,South,Organic Search,51,Grocery,506,5001.668577075098,1,0,0.7318859581125566,1,0,0.0,183.0325499347038,658.9171797649336,1281.2278495429266,discount_offer,20,183.0325499347038
105841,6.0,15136.62,2522.77,2024-07-06,2025-05-26,0.0,4.166666666666667,2.0,2.0,37.0,324.0,0.5555555555555555,0.0,0.3333333333333333,Electronics,3.7,5.0,4.0,5.0,2024-05-07,West,Social Media,41,Electronics,421,13123.19786223278,0,1,0.7318787536656463,1,0,0.0,480.22948477593,1728.826145193348,3361.60639343151,discount_offer,250,1728.826145193348
102413,11.0,5394.77,490.4336363636364,2023-10-13,2025-03-22,1.0,4.090909090909091,5.0,1.0,102.0,526.0,0.6273764258555132,0.0909090909090909,0.4545454545454545,Books,4.0,5.0,10.0,6.333333333333333,2023-06-11,South,Direct,31,Books,752,2618.472140957447,0,1,0.7318476011105087,1,1,0.0,95.81612774672028,344.938059888193,670.7128942270419,discount_offer,20,95.81612774672028
102489,9.0,5156.389999999999,572.9322222222222,2024-09-15,2025-06-03,0.0,8.333333333333334,7.0,3.0,29.0,261.0,1.0344827586206895,0.0,0.7777777777777778,Beauty & Personal Care,3.283333333333333,6.0,8.0,5.0,2024-09-13,North,Direct,34,Beauty & Personal Care,292,6445.487499999998,0,1,0.7316950742342344,1,0,0.0,235.80657273941645,848.9036618618992,1650.6460091759147,discount_offer,20,235.80657273941645
103044,6.0,5734.64,955.7733333333334,2024-10-02,2025-04-28,1.0,15.833333333333334,5.0,3.0,65.0,208.0,0.8653846153846153,0.1666666666666666,0.8333333333333334,Sports & Outdoors,3.3,4.0,11.0,4.333333333333333,2024-09-18,North,Paid Ads,23,Sports & Outdoors,287,7293.1832752613245,0,1,0.7315435325185494,1,0,0.0,266.76405282449366,960.3505901681772,1867.3483697714555,discount_offer,250,960.3505901681772
103400,1.0,668.1,668.1,2025-01-01,2025-01-01,0.0,0.0,0.0,1.0,182.0,1.0,30.0,0.0,0.0,Fashion,3.6,1.0,11.0,6.333333333333333,2024-09-07,South,Paid Ads,34,Sports & Outdoors,298,818.3104026845638,0,1,0.7309932500215668,1,0,0.0,29.90896903924232,107.67228854127232,209.3627832746962,discount_offer,0,0.0
105707,16.0,26108.16,1631.76,2024-02-28,2025-04-10,5.0,1.5625,2.0,5.0,83.0,407.0,1.1793611793611791,0.3125,0.125,Sports & Outdoors,3.2875,8.0,11.0,3.6666666666666665,2024-02-09,West,Paid Ads,18,Sports & Outdoors,509,18721.96149312377,0,1,0.7307339298405797,1,0,0.0,684.038624809717,2462.539049314981,4788.270373668019,discount_offer,250,2462.539049314981
101356,3.0,2934.47,978.1566666666666,2024-10-24,2025-05-21,1.0,11.666666666666666,2.0,1.0,42.0,209.0,0.4306220095693779,0.3333333333333333,0.6666666666666666,Beauty & Personal Care,3.6,2.0,10.0,5.0,2024-09-06,Central,Social Media,35,Beauty & Personal Care,299,3582.2125418060195,0,1,0.730710109360023,1,0,0.0,130.87794590869615,471.16060527130605,916.1456213608727,discount_offer,20,130.87794590869615
101288,17.0,14667.7,862.8058823529412,2023-03-06,2025-05-01,1.0,9.117647058823527,11.0,5.0,62.0,787.0,0.6480304955527318,0.0588235294117647,0.6470588235294118,Grocery,3.7083333333333335,12.0,8.0,5.333333333333333,2023-01-01,North,Paid Ads,39,Grocery,913,5863.866922234392,0,1,0.7306643017701024,1,1,0.0,214.22591152035957,771.2132814732945,1499.5813806425172,discount_offer,20,214.22591152035957
101094,10.0,14484.35,1448.435,2023-10-06,2024-11-28,0.0,12.0,7.0,5.0,216.0,419.0,0.7159904534606205,0.0,0.7,Toys & Games,4.166666666666667,6.0,11.0,5.333333333333333,2023-08-06,West,Referral,39,Toys & Games,696,7595.959410919541,0,1,0.7306383818970241,1,1,0.0,277.4949746474863,998.9819087309507,1942.4648225324042,discount_offer,250,998.9819087309507
100248,13.0,17758.86,1366.0661538461538,2023-04-01,2024-04-29,2.0,7.3076923076923075,6.0,1.0,429.0,394.0,0.9898477157360408,0.1538461538461538,0.4615384615384615,Fashion,4.05,8.0,6.0,4.666666666666667,2023-03-06,Central,Paid Ads,42,Fashion,849,7634.845583038869,1,0,0.7305330436305897,1,0,0.0,278.8753490713475,1003.9512566568508,1952.127443499432,discount_offer,250,1003.9512566568508
100414,4.0,4006.26,1001.565,2025-01-18,2025-02-15,0.0,6.25,2.0,4.0,137.0,28.0,4.285714285714286,0.0,0.5,Books,3.65,2.0,13.0,6.666666666666667,2024-11-13,West,Organic Search,26,Books,231,6330.237662337663,0,1,0.7301562997903212,1,0,0.0,231.10314541629003,831.9713234986441,1617.72201791403,discount_offer,20,231.10314541629003
101463,1.0,1150.86,1150.86,2024-12-05,2024-12-05,1.0,20.0,1.0,1.0,209.0,1.0,30.0,1.0,1.0,Fashion,4.037037037037037,0.0,9.0,4.0,2024-10-03,Central,Paid Ads,31,Fashion,272,1544.3525735294115,0,1,0.7300335690476877,1,1,0.0,56.371461056082886,202.9372598018984,394.6002273925802,discount_offer,20,56.371461056082886
105787,5.0,7977.55,1595.51,2024-06-11,2024-12-03,1.0,15.0,4.0,1.0,211.0,175.0,0.8571428571428572,0.2,0.8,Home & Kitchen,4.566666666666666,3.0,9.0,5.0,2024-05-04,West,Email,44,Home & Kitchen,424,6867.466391509433,0,1,0.7299956875584845,1,0,0.0,250.6610425127357,902.3797530458484,1754.6272975891497,discount_offer,250,902.3797530458484
104222,1.0,293.74,293.74,2024-11-25,2024-11-25,0.0,0.0,0.0,1.0,219.0,1.0,30.0,0.0,0.0,Books,5.0,1.0,5.0,6.0,2024-10-27,West,Paid Ads,18,Books,248,432.3189516129033,0,1,0.7299500961693013,1,0,0.0,15.778563015282513,56.802826855017045,110.44994110697759,discount_offer,0,0.0
105029,22.0,28152.07,1279.6395454545454,2023-01-09,2025-03-23,2.0,1.5909090909090908,3.0,5.0,101.0,804.0,0.8208955223880596,0.0909090909090909,0.1363636363636363,Fashion,3.9866666666666655,15.0,10.0,3.6666666666666665,2023-01-01,Central,Direct,40,Fashion,913,11254.661062431544,0,1,0.7297931407498696,1,0,0.0,410.678722241359,1478.4434000688923,2874.751055689513,discount_offer,250,1478.4434000688923
105037,2.0,1094.4,547.2,2025-03-06,2025-06-01,0.0,0.0,0.0,1.0,31.0,87.0,0.6896551724137931,0.0,0.0,Fashion,2.45,2.0,11.0,5.0,2024-12-12,West,Direct,45,Fashion,202,1977.5049504950496,0,1,0.7295239437999161,1,0,0.0,72.13186051845032,259.6746978664212,504.9230236291523,discount_offer,20,72.13186051845032
101010,23.0,26019.48,1131.2817391304347,2023-06-11,2024-09-10,2.0,8.478260869565217,12.0,3.0,295.0,457.0,1.5098468271334793,0.0869565217391304,0.5217391304347826,Sports & Outdoors,3.62,10.0,9.0,8.0,2023-04-23,Central,Social Media,43,Sports & Outdoors,801,11856.5670411985,0,1,0.7294468741846368,1,1,0.0,432.4367883381417,1556.77243801731,3027.0575183669916,discount_offer,250,1556.77243801731
103163,5.0,9477.35,1895.47,2024-04-07,2025-05-04,1.0,0.0,0.0,4.0,59.0,392.0,0.3826530612244898,0.2,0.0,Sports & Outdoors,3.85,2.0,9.0,5.666666666666667,2024-02-03,West,Paid Ads,52,Sports & Outdoors,515,6716.956796116506,0,1,0.7294138981007906,1,0,0.0,244.97208200149691,881.8994952053888,1714.8045740104783,discount_offer,250,881.8994952053888
102266,9.0,12210.08,1356.6755555555555,2023-10-28,2025-04-13,0.0,10.0,4.0,5.0,80.0,533.0,0.5065666041275798,0.0,0.4444444444444444,Sports & Outdoors,3.966666666666667,3.0,5.0,5.666666666666667,2023-08-06,Central,Referral,31,Sports & Outdoors,696,6403.274712643678,0,1,0.7292420687351014,1,0,0.0,233.4768649063719,840.5167136629387,1634.338054344603,discount_offer,20,233.4768649063719
105154,15.0,46338.46,3089.230666666667,2023-06-02,2025-06-28,3.0,7.666666666666667,8.0,5.0,4.0,757.0,0.5944517833553501,0.2,0.5333333333333333,Electronics,3.4285714285714284,7.0,7.0,4.0,2023-01-01,West,Organic Search,32,Electronics,913,18525.233187294634,0,1,0.72912424330743,1,0,0.0,675.3598314889946,2431.29539336038,4727.518820422961,discount_offer,250,2431.29539336038
105313,13.0,39688.33,3052.9484615384617,2023-09-09,2024-08-30,2.0,7.3076923076923075,5.0,5.0,306.0,356.0,1.095505617977528,0.1538461538461538,0.3846153846153846,Electronics,4.516666666666667,6.0,8.0,4.666666666666667,2023-08-25,West,Referral,39,Electronics,677,21397.696381093057,0,1,0.7291175324640448,1,0,0.0,780.0717792898695,2808.25840544353,5460.502455029086,discount_offer,900,5460.502455029086
104225,4.0,9110.06,2277.5150000000003,2024-07-23,2025-02-21,0.0,0.0,0.0,3.0,131.0,213.0,0.5633802816901409,0.0,0.0,Books,3.1,2.0,12.0,4.0,2024-06-12,Central,Organic Search,22,Books,385,8636.810129870131,0,1,0.7290623607021341,1,0,0.0,314.8386591109612,1133.4191727994603,2203.870613776728,discount_offer,250,1133.4191727994603
100802,17.0,18063.65,1062.5676470588237,2023-12-09,2025-04-27,1.0,3.235294117647059,4.0,5.0,66.0,505.0,1.00990099009901,0.0588235294117647,0.2352941176470588,Grocery,3.71,10.0,7.0,5.333333333333333,2023-12-03,East,Direct,53,Grocery,577,11426.74566724437,0,1,0.7290269272876584,1,0,0.0,416.52026413443633,1499.4729508839705,2915.641848941054,discount_offer,250,1499.4729508839705
102122,9.0,13520.08,1502.2311111111112,2024-03-01,2025-04-04,1.0,5.555555555555555,5.0,3.0,89.0,399.0,0.6766917293233082,0.1111111111111111,0.5555555555555556,Fashion,3.75,4.0,8.0,4.666666666666667,2024-01-30,Central,Social Media,54,Fashion,519,9508.341425818882,0,1,0.7289027726025603,1,1,0.0,346.53282140655824,1247.5181570636096,2425.729749845908,discount_offer,250,1247.5181570636096
103863,4.0,4289.97,1072.4925,2024-12-14,2025-05-20,0.0,5.0,1.0,4.0,43.0,157.0,0.7643312101910827,0.0,0.25,Fashion,3.1333333333333333,3.0,10.0,4.333333333333333,2024-11-28,South,Organic Search,46,Grocery,216,7249.254861111111,0,1,0.7281956977615215,1,0,0.0,263.9438100918954,950.1977163308231,1847.6066706432673,discount_offer,250,950.1977163308231
105486,5.0,11130.92,2226.184,2024-04-28,2024-08-16,2.0,7.0,2.0,3.0,320.0,110.0,1.3636363636363638,0.4,0.4,Electronics,1.7,2.0,10.0,5.333333333333333,2024-04-08,South,Referral,18,Electronics,450,9028.412888888888,1,0,0.7279328169955828,1,0,0.0,328.60390136040576,1182.9740448974608,2300.2273095228406,discount_offer,250,1182.9740448974608
100009,1.0,586.8,586.8,2024-09-24,2024-09-24,0.0,0.0,0.0,1.0,281.0,1.0,30.0,0.0,0.0,Fashion,3.5,1.0,7.0,3.6666666666666665,2024-08-22,East,Email,18,Fashion,314,682.108280254777,1,0,0.7274174027234362,1,0,0.0,24.808871679953985,89.31193804783433,173.66210175967788,discount_offer,0,0.0
100875,4.0,15820.22,3955.055,2024-07-05,2025-06-18,0.0,6.25,1.0,2.0,14.0,348.0,0.3448275862068966,0.0,0.25,Electronics,2.65,4.0,10.0,3.333333333333333,2024-05-31,North,Organic Search,54,Electronics,397,14545.038539042822,0,1,0.727347676450394,1,0,0.0,528.9649992627116,1904.2739973457612,3702.7549948389797,discount_offer,250,1904.2739973457612
100635,14.0,14592.32,1042.3085714285714,2023-11-11,2025-01-04,1.0,4.642857142857143,7.0,5.0,179.0,420.0,1.0,0.0714285714285714,0.5,Fashion,4.0625,8.0,8.0,4.333333333333333,2023-11-06,South,Organic Search,24,Fashion,604,8818.206622516556,1,0,0.7270742280568834,1,1,0.0,320.57453864561614,1154.0683391242178,2244.0217705193127,discount_offer,250,1154.0683391242178
102362,7.0,12701.0,1814.428571428572,2024-09-09,2025-02-23,0.0,11.428571428571429,5.0,4.0,129.0,167.0,1.25748502994012,0.0,0.7142857142857143,Home & Kitchen,3.4,4.0,8.0,5.333333333333333,2024-08-23,South,Paid Ads,31,Home & Kitchen,313,14811.070287539937,1,0,0.726980439391125,1,1,0.0,538.367919274431,1938.1245093879513,3768.5754349210165,discount_offer,250,1938.1245093879513
104377,6.0,5369.87,894.9783333333334,2024-11-10,2025-04-30,0.0,5.0,2.0,2.0,63.0,171.0,1.0526315789473684,0.0,0.3333333333333333,Fashion,3.533333333333333,3.0,9.0,5.666666666666667,2024-09-15,East,Referral,31,Fashion,290,6758.629482758621,0,1,0.7269514343766305,1,1,0.0,245.65976984557818,884.3751714440814,1719.618388919047,discount_offer,250,884.3751714440814
103681,11.0,9044.75,822.25,2023-07-05,2025-05-11,1.0,1.818181818181818,2.0,4.0,52.0,676.0,0.4881656804733727,0.0909090909090909,0.1818181818181818,Fashion,3.86,5.0,8.0,4.333333333333333,2023-06-09,South,Social Media,31,Fashion,754,4378.426724137931,0,1,0.7268102291990849,1,0,0.0,159.1142665451044,572.8113595623759,1113.799865815731,discount_offer,20,159.1142665451044
104322,9.0,6804.7,756.0777777777778,2023-03-29,2025-06-03,1.0,1.1111111111111112,1.0,4.0,29.0,797.0,0.3387703889585947,0.1111111111111111,0.1111111111111111,Fashion,4.1,7.0,6.0,4.666666666666667,2023-01-20,West,Paid Ads,40,Fashion,894,2778.205257270693,0,1,0.7267088877153971,1,1,0.0,100.9473226178127,363.41036142412565,706.6312583246889,discount_offer,20,100.9473226178127
101231,10.0,6195.76,619.576,2024-05-05,2025-03-15,0.0,4.0,5.0,3.0,109.0,314.0,0.9554140127388536,0.0,0.5,Grocery,3.62,5.0,7.0,5.333333333333333,2024-04-03,Central,Email,32,Grocery,455,4970.225054945056,1,0,0.7265845968359922,1,0,0.0,180.56444838657006,650.0320141916523,1263.9511387059904,discount_offer,20,180.56444838657006
101142,10.0,6108.33,610.833,2023-08-13,2025-04-04,0.0,1.5,2.0,3.0,89.0,600.0,0.5,0.0,0.2,Toys & Games,3.9500000000000006,6.0,13.0,4.666666666666667,2023-07-19,Central,Organic Search,40,Toys & Games,714,3122.605672268908,0,1,0.726556202299454,1,0,0.0,113.43742592612158,408.37473333403756,794.0619814828509,discount_offer,20,113.43742592612158
102889,16.0,29996.6,1874.7875,2023-01-23,2025-04-16,1.0,4.375,6.0,4.0,77.0,814.0,0.5896805896805897,0.0625,0.375,Home & Kitchen,3.88,10.0,5.0,5.333333333333333,2023-01-01,West,Referral,38,Home & Kitchen,913,11992.06900328587,0,1,0.7258157942223125,1,0,0.0,435.20165439943537,1566.7259558379676,3046.411580796048,discount_offer,250,1566.7259558379676
100186,20.0,51149.87,2557.4935,2023-07-17,2024-07-27,2.0,7.25,11.0,5.0,340.0,376.0,1.5957446808510638,0.1,0.55,Electronics,3.4250000000000003,12.0,8.0,3.6666666666666665,2023-07-10,East,Social Media,52,Electronics,723,25822.54847856155,0,1,0.7256707675152814,1,0,0.0,936.9334286819162,3372.9603432548975,6558.534000773412,discount_offer,900,6558.534000773412
103782,10.0,13014.33,1301.433,2024-06-28,2025-03-17,1.0,7.5,5.0,3.0,107.0,262.0,1.1450381679389314,0.1,0.5,Fashion,3.575,4.0,12.0,3.0,2024-06-27,South,Referral,37,Fashion,370,12838.460675675677,0,1,0.7253440640713171,1,1,0.0,465.61506214571915,1676.214223724589,3259.305435020034,discount_offer,250,1676.214223724589
103445,2.0,2594.9700000000003,1297.485,2025-01-19,2025-03-06,0.0,15.0,2.0,1.0,118.0,46.0,1.3043478260869563,0.0,1.0,Grocery,4.35,2.0,12.0,4.0,2024-10-05,East,Organic Search,39,Grocery,270,3508.0150000000003,0,1,0.7252745597493658,1,0,0.0,127.21370173595858,457.96932624945094,890.4959121517101,discount_offer,20,127.21370173595858
100018,17.0,24518.07,1442.239411764706,2023-09-11,2025-05-17,2.0,6.176470588235294,6.0,5.0,46.0,614.0,0.8306188925081434,0.1176470588235294,0.3529411764705882,Sports & Outdoors,3.4,11.0,10.0,5.666666666666667,2023-08-29,South,Paid Ads,32,Sports & Outdoors,673,13297.318796433878,0,1,0.7247224832971859,1,1,0.0,481.8432949672953,1734.6358618822633,3372.903064771068,discount_offer,250,1734.6358618822633
102646,15.0,15484.76,1032.3173333333334,2024-03-22,2025-06-20,1.0,1.0,1.0,3.0,12.0,455.0,0.989010989010989,0.0666666666666666,0.0666666666666666,Books,3.1142857142857143,7.0,2.0,4.333333333333333,2023-12-20,North,Paid Ads,19,Books,560,10092.745357142858,0,1,0.7246356888540572,1,0,0.0,365.67817421509005,1316.4414271743244,2559.7472195056307,discount_offer,250,1316.4414271743244
105499,13.0,10805.32,831.1784615384615,2023-01-14,2024-11-18,1.0,8.076923076923077,7.0,3.0,226.0,674.0,0.5786350148367952,0.0769230769230769,0.5384615384615384,Beauty & Personal Care,4.15,2.0,14.0,7.0,2023-01-01,East,Organic Search,18,Beauty & Personal Care,913,4319.761007667032,1,0,0.7245536685521716,1,1,0.0,156.49493426868867,563.3817633672792,1095.4645398808207,discount_offer,20,156.49493426868867
104220,4.0,5057.1900000000005,1264.2975,2024-05-21,2025-06-18,0.0,5.0,2.0,2.0,14.0,393.0,0.3053435114503817,0.0,0.5,Grocery,3.45,4.0,8.0,4.0,2024-03-17,West,Social Media,34,Grocery,472,3910.750741525425,1,0,0.7245445397903972,1,0,0.0,141.67565481267468,510.0323573256289,991.7295836887226,discount_offer,20,141.67565481267468
101221,2.0,3861.87,1930.935,2024-11-26,2025-01-18,0.0,7.5,1.0,2.0,165.0,53.0,1.1320754716981132,0.0,0.5,Home & Kitchen,4.037037037037037,0.0,5.0,4.333333333333333,2024-11-08,South,Paid Ads,38,Sports & Outdoors,236,5972.807415254237,0,1,0.724521981538378,1,1,0.0,216.37151319235588,778.937447492481,1514.6005923464909,discount_offer,20,216.37151319235588
105279,2.0,788.95,394.475,2024-12-05,2025-04-19,0.0,0.0,0.0,2.0,74.0,135.0,0.4444444444444444,0.0,0.0,Grocery,5.0,1.0,11.0,3.6666666666666665,2024-09-05,East,Organic Search,34,Sports & Outdoors,300,959.8891666666668,0,1,0.7243320889003704,1,0,0.0,34.76392626022513,125.15013453681044,243.34748382157588,discount_offer,0,0.0
100242,6.0,7142.5,1190.4166666666667,2024-05-06,2025-06-28,0.0,0.8333333333333334,1.0,3.0,4.0,418.0,0.4306220095693779,0.0,0.1666666666666666,Fashion,3.55,2.0,10.0,5.0,2024-04-06,West,Referral,40,Fashion,452,5767.726769911505,0,1,0.7240019424932375,1,0,0.0,208.79226925930877,751.6521693335117,1461.5458848151613,discount_offer,20,208.79226925930877
101875,2.0,3253.05,1626.525,2025-02-09,2025-05-20,0.0,0.0,0.0,2.0,43.0,100.0,0.6,0.0,0.0,Books,4.15,2.0,8.0,3.6666666666666665,2024-07-18,North,Email,36,Fashion,349,3402.1869627507167,1,0,0.7238157894362344,1,1,0.0,123.12783211265373,443.26019560555335,861.8948247885761,discount_offer,20,123.12783211265373
105681,1.0,950.16,950.16,2025-05-15,2025-05-15,0.0,30.0,1.0,1.0,48.0,1.0,30.0,0.0,1.0,Sports & Outdoors,2.3,1.0,7.0,4.0,2024-10-26,North,Organic Search,35,Sports & Outdoors,249,1392.8048192771084,0,1,0.7234473961163769,1,0,0.0,50.38105099021825,181.3717835647857,352.6673569315277,discount_offer,0,0.0
103828,21.0,26285.21,1251.6766666666667,2023-05-19,2025-02-27,2.0,4.523809523809524,10.0,5.0,125.0,650.0,0.9692307692307692,0.0952380952380952,0.4761904761904761,Fashion,4.477777777777778,9.0,11.0,4.666666666666667,2023-05-18,Central,Referral,40,Fashion,776,12363.533054123707,0,1,0.7231634899239009,1,0,0.0,447.04278556048024,1609.3540280177288,3129.2994989233616,discount_offer,250,1609.3540280177288
105130,12.0,10291.82,857.6516666666666,2023-10-19,2025-06-18,2.0,7.5,7.0,3.0,14.0,608.0,0.5921052631578948,0.1666666666666666,0.5833333333333334,Fashion,3.575,8.0,10.0,7.0,2023-07-17,North,Organic Search,23,Fashion,716,5246.528351955307,0,1,0.7231058935773891,1,0,0.0,189.68977860598744,682.8832029815547,1327.828450241912,discount_offer,20,189.68977860598744
105618,1.0,2701.44,2701.44,2025-01-11,2025-01-11,0.0,10.0,1.0,1.0,172.0,1.0,30.0,0.0,1.0,Home & Kitchen,4.037037037037037,0.0,4.0,3.333333333333333,2024-12-03,South,Email,47,Home & Kitchen,211,4673.107109004739,0,1,0.7219447802021578,1,1,0.0,168.68626423357836,607.2705512408821,1180.8038496350484,discount_offer,20,168.68626423357836
102842,8.0,18055.67,2256.95875,2024-04-09,2025-06-30,0.0,3.125,2.0,5.0,2.0,447.0,0.5369127516778524,0.0,0.25,Electronics,3.4,5.0,9.0,5.0,2023-11-03,South,Organic Search,54,Electronics,607,10857.19859967051,0,1,0.7218524215776239,1,0,0.0,391.8647550360672,1410.713118129842,2743.0532852524707,discount_offer,250,1410.713118129842
102019,7.0,6695.12,956.4457142857144,2024-10-22,2025-05-23,0.0,2.857142857142857,1.0,2.0,40.0,213.0,0.9859154929577464,0.0,0.1428571428571428,Fashion,3.2,2.0,10.0,6.666666666666667,2024-08-15,East,Direct,34,Fashion,321,7612.831152647976,0,1,0.7215912036853809,1,0,0.0,274.66759974464094,988.8033590807073,1922.673198212486,discount_offer,250,988.8033590807073
104144,23.0,46964.0,2041.9130434782608,2023-02-27,2024-09-27,1.0,4.3478260869565215,8.0,6.0,278.0,578.0,1.193771626297578,0.0434782608695652,0.3478260869565217,Home & Kitchen,4.083333333333333,12.0,8.0,6.333333333333333,2023-01-01,South,Organic Search,38,Home & Kitchen,913,18775.3121577218,0,1,0.7211296055990115,1,0,0.0,676.9716725648125,2437.0980212333247,4738.801707953687,discount_offer,250,2437.0980212333247
104043,20.0,12546.4,627.3199999999999,2023-02-19,2025-03-21,1.0,6.75,10.0,6.0,103.0,761.0,0.7884362680683311,0.05,0.5,Grocery,3.9,6.0,6.0,5.666666666666667,2023-01-01,Central,Referral,34,Grocery,913,5015.81161007667,0,1,0.7208658400515643,1,0,0.0,180.78636249191538,650.8309049708954,1265.5045374434078,discount_offer,20,180.78636249191538
103190,10.0,8859.46,885.9459999999999,2023-07-18,2024-12-21,1.0,12.0,8.0,2.0,193.0,522.0,0.574712643678161,0.1,0.8,Sports & Outdoors,4.016666666666667,6.0,13.0,4.666666666666667,2023-07-14,Central,Email,46,Sports & Outdoors,719,4497.500556328233,1,0,0.7208592167064747,1,1,0.0,162.1032364085852,583.5716510709067,1134.7226548600966,discount_offer,20,162.1032364085852
102971,13.0,19281.89,1483.2223076923076,2023-04-15,2025-05-16,3.0,4.615384615384615,5.0,4.0,47.0,762.0,0.5118110236220472,0.2307692307692307,0.3846153846153846,Fashion,3.640000000000001,5.0,6.0,3.6666666666666665,2023-01-01,West,Organic Search,22,Fashion,913,7708.532146768893,1,0,0.7207189931354381,1,0,0.0,277.7842763685717,1000.023394926858,1944.4899345800015,discount_offer,250,1000.023394926858
105013,2.0,1231.95,615.975,2025-03-29,2025-04-26,1.0,0.0,0.0,1.0,67.0,28.0,2.142857142857143,0.5,0.0,Beauty & Personal Care,3.4,2.0,12.0,4.333333333333333,2024-10-11,North,Referral,21,Beauty & Personal Care,264,1703.2642045454547,0,1,0.7203309989872789,1,0,0.0,61.34570029997503,220.84452107991007,429.41990209982515,discount_offer,20,61.34570029997503
105600,6.0,8516.26,1419.3766666666668,2023-10-25,2025-02-04,0.0,0.0,0.0,4.0,148.0,468.0,0.3846153846153846,0.0,0.0,Home & Kitchen,4.066666666666666,3.0,7.0,2.333333333333333,2023-06-14,Central,Paid Ads,43,Home & Kitchen,749,4150.113351134847,1,0,0.7201356315672683,1,0,0.0,149.4322249597623,537.9560098551442,1046.025574718336,discount_offer,20,149.4322249597623
104665,9.0,10618.93,1179.881111111111,2024-05-22,2025-05-24,1.0,5.0,3.0,3.0,39.0,367.0,0.7356948228882835,0.1111111111111111,0.3333333333333333,Home & Kitchen,3.38,5.0,13.0,6.333333333333333,2024-05-10,Central,Organic Search,47,Home & Kitchen,418,9272.510645933016,0,1,0.7200691947559104,1,0,0.0,333.8424637091297,1201.8328693528667,2336.8972459639076,discount_offer,250,1201.8328693528667
100896,1.0,749.33,749.33,2025-04-16,2025-04-16,0.0,5.0,1.0,1.0,77.0,1.0,30.0,0.0,1.0,Books,4.6,1.0,6.0,4.333333333333333,2024-11-04,North,Organic Search,33,Electronics,240,1139.606041666667,0,1,0.7200397162289919,1,0,0.0,41.028080542725576,147.70108995381204,287.196563799079,discount_offer,0,0.0
103517,14.0,8898.34,635.5957142857143,2024-02-28,2025-02-08,2.0,4.642857142857143,4.0,3.0,144.0,346.0,1.213872832369942,0.1428571428571428,0.2857142857142857,Books,3.583333333333333,6.0,3.0,7.0,2024-01-12,North,Organic Search,39,Books,537,6048.219925512104,1,0,0.7199427067674549,1,0,0.0,217.71859121490195,783.7869283736469,1524.0301385043133,discount_offer,20,217.71859121490195
102388,13.0,6901.08,530.8523076923077,2023-09-25,2025-06-18,1.0,12.307692307692308,9.0,4.0,14.0,632.0,0.6170886075949367,0.0769230769230769,0.6923076923076923,Books,3.55,8.0,10.0,5.333333333333333,2023-07-10,South,Referral,42,Books,723,3483.947717842324,0,1,0.7198748232827774,1,0,0.0,125.40031238540894,451.4411245874722,877.8021866978625,discount_offer,20,125.40031238540894
100843,10.0,7578.79,757.879,2024-02-26,2025-06-12,0.0,8.5,8.0,5.0,20.0,472.0,0.6355932203389831,0.0,0.8,Beauty & Personal Care,3.46,5.0,4.0,4.0,2024-01-23,East,Organic Search,38,Beauty & Personal Care,526,5259.046292775665,0,1,0.7197450555975814,1,0,0.0,189.25862831920378,681.3310619491335,1324.8103982344264,discount_offer,20,189.25862831920378
103754,4.0,5026.45,1256.6125,2024-10-02,2025-01-31,0.0,6.25,2.0,2.0,152.0,121.0,0.9917355371900828,0.0,0.5,Toys & Games,4.8,2.0,6.0,6.0,2024-09-04,South,Paid Ads,44,Toys & Games,301,6095.196843853821,0,1,0.7196148072196225,1,0,0.0,219.30969508777594,789.5149023159933,1535.1678656144313,discount_offer,20,219.30969508777594
104415,12.0,28696.04,2391.3366666666666,2023-02-03,2025-04-04,0.0,7.916666666666667,8.0,4.0,89.0,791.0,0.4551201011378002,0.0,0.6666666666666666,Electronics,4.0181818181818185,11.0,9.0,4.666666666666667,2023-01-01,West,Social Media,27,Electronics,913,11472.129901423878,0,1,0.7196103730022068,1,0,0.0,412.7731838746703,1485.983461948813,2889.4122871226923,discount_offer,250,1485.983461948813
102093,13.0,8414.130000000001,647.2407692307693,2023-01-05,2025-05-24,0.0,4.615384615384615,4.0,2.0,39.0,870.0,0.4482758620689655,0.0,0.3076923076923077,Grocery,3.4857142857142853,7.0,10.0,5.333333333333333,2023-01-01,West,Paid Ads,41,Grocery,913,3363.8088170865285,0,1,0.7196055335810506,1,1,0.0,121.03077193420971,435.71077896315495,847.2154035394678,discount_offer,20,121.03077193420971
103026,2.0,1541.62,770.81,2024-09-07,2024-12-17,0.0,5.0,2.0,2.0,197.0,101.0,0.594059405940594,0.0,1.0,Toys & Games,2.4,1.0,11.0,3.6666666666666665,2024-05-28,South,Social Media,51,Sports & Outdoors,400,1406.72825,1,0,0.719588994450787,1,0,0.0,50.61330834415077,182.2079100389427,354.29315840905525,discount_offer,0,0.0
100596,21.0,24517.09,1167.480476190476,2023-06-04,2025-03-25,1.0,10.238095238095235,12.0,6.0,99.0,660.0,0.9545454545454546,0.0476190476190476,0.5714285714285714,Fashion,4.25,12.0,7.0,3.333333333333333,2023-04-17,North,Organic Search,47,Fashion,807,11088.89448574969,0,1,0.7195594952850413,1,0,0.0,398.95596597175626,1436.2414774983222,2792.691761802293,discount_offer,250,1436.2414774983222
103908,3.0,1895.3,631.7666666666667,2024-12-27,2025-04-12,0.0,8.333333333333334,1.0,2.0,81.0,106.0,0.8490566037735849,0.0,0.3333333333333333,Books,4.5,3.0,2.0,3.6666666666666665,2024-10-12,West,Direct,30,Books,263,2630.3593155893536,0,1,0.7195286210394878,1,1,0.0,94.63094055921893,340.6713860131881,662.4165839145323,discount_offer,20,94.63094055921893
105679,3.0,4306.16,1435.3866666666663,2024-12-29,2025-04-23,0.0,1.6666666666666667,1.0,1.0,70.0,115.0,0.7826086956521738,0.0,0.3333333333333333,Home & Kitchen,3.4,3.0,8.0,5.0,2024-11-22,Central,Social Media,55,Home & Kitchen,222,7079.947747747748,1,0,0.7191644196326845,1,1,0.0,254.58232565193703,916.4963723469733,1782.0762795635594,discount_offer,250,916.4963723469733
103965,10.0,24475.95,2447.5950000000003,2024-06-05,2025-06-11,2.0,5.5,4.0,2.0,21.0,371.0,0.8086253369272237,0.2,0.4,Electronics,3.2875,8.0,8.0,5.0,2024-04-09,East,Social Media,18,Electronics,449,19896.93040089087,0,1,0.7189328031936775,1,0,0.0,715.2277974030986,2574.820070651155,5006.594581821691,discount_offer,250,2574.820070651155
101511,17.0,11252.63,661.9194117647058,2023-01-09,2025-01-18,1.0,7.647058823529412,8.0,5.0,165.0,740.0,0.6891891891891891,0.0588235294117647,0.4705882352941176,Grocery,4.14,5.0,14.0,4.333333333333333,2023-01-01,North,Organic Search,20,Grocery,913,4498.587020810514,0,1,0.718912473769416,1,0,0.0,161.70451617989372,582.1362582476173,1131.931613259256,discount_offer,20,161.70451617989372
105265,14.0,14347.07,1024.7907142857143,2023-08-08,2025-01-11,0.0,7.142857142857143,8.0,6.0,172.0,522.0,0.8045977011494253,0.0,0.5714285714285714,Sports & Outdoors,3.78,5.0,8.0,5.0,2023-05-06,Central,Social Media,48,Sports & Outdoors,788,6645.5336928934,1,0,0.7186858495084018,1,0,0.0,238.80255137569,859.6891849524839,1671.6178596298298,discount_offer,20,238.80255137569
100974,12.0,6733.17,561.0975,2024-02-03,2025-02-28,0.0,3.333333333333333,4.0,3.0,124.0,391.0,0.9207161125319692,0.0,0.3333333333333333,Books,3.716666666666667,6.0,7.0,6.0,2023-12-23,East,Social Media,24,Books,557,4412.220915619389,1,0,0.7184111601008505,1,0,0.0,158.48943733056814,570.5619743900452,1109.4260613139768,discount_offer,20,158.48943733056814
104787,3.0,4205.23,1401.743333333333,2025-01-03,2025-03-07,1.0,10.0,2.0,2.0,117.0,63.0,1.4285714285714286,0.3333333333333333,0.6666666666666666,Sports & Outdoors,3.75,2.0,9.0,3.333333333333333,2024-10-12,North,Organic Search,27,Sports & Outdoors,263,5836.155703422053,0,1,0.7181535360293821,1,0,0.0,209.56279276152966,754.4260539415068,1466.9395493307077,discount_offer,20,209.56279276152966
105327,7.0,25725.64,3675.091428571429,2024-06-27,2025-04-23,0.0,5.0,2.0,4.0,70.0,300.0,0.7,0.0,0.2857142857142857,Electronics,3.125,4.0,5.0,4.0,2024-04-18,Central,Organic Search,42,Electronics,440,21340.587727272727,0,1,0.7180164444507021,1,0,0.0,766.1446461212327,2758.120726036437,5363.012522848628,discount_offer,900,5363.012522848628
101893,4.0,4982.06,1245.515,2024-08-12,2025-01-11,1.0,0.0,0.0,2.0,172.0,152.0,0.7894736842105263,0.25,0.0,Grocery,3.8,3.0,11.0,5.0,2024-07-15,Central,Referral,20,Sports & Outdoors,352,5166.056534090909,0,1,0.717817022112987,1,0,0.0,185.41416586842377,667.4909971263255,1297.899161078966,discount_offer,20,185.41416586842377
100639,10.0,9980.7,998.07,2023-02-11,2025-03-15,1.0,8.5,5.0,4.0,109.0,763.0,0.3931847968545216,0.1,0.5,Books,4.116666666666666,6.0,6.0,4.333333333333333,2023-01-01,North,Direct,44,Books,913,3990.0936473165393,1,0,0.7166673645152861,1,0,0.0,142.9784949195765,514.7225817104754,1000.8494644370354,discount_offer,20,142.9784949195765
103119,1.0,361.49,361.49,2025-04-12,2025-04-12,0.0,0.0,0.0,1.0,81.0,1.0,30.0,0.0,0.0,Toys & Games,4.037037037037037,0.0,10.0,5.666666666666667,2024-12-04,North,Direct,31,Beauty & Personal Care,210,628.3040476190477,0,1,0.7164927184613014,1,0,0.0,22.50876375494052,81.03154951778586,157.5613462845836,discount_offer,0,0.0
105408,17.0,17588.489999999998,1034.6170588235293,2023-02-23,2025-05-06,3.0,4.117647058823529,6.0,4.0,57.0,803.0,0.635118306351183,0.1764705882352941,0.3529411764705882,Fashion,3.588888888888889,9.0,5.0,3.333333333333333,2023-01-01,East,Direct,50,Fashion,913,7031.543099671412,1,0,0.7164202584318942,1,0,0.0,251.87699623207976,906.757186435487,1763.1389736245583,discount_offer,250,906.757186435487
103712,6.0,3865.12,644.1866666666666,2024-12-09,2025-06-25,0.0,6.666666666666667,2.0,3.0,7.0,198.0,0.9090909090909092,0.0,0.3333333333333333,Grocery,2.9,2.0,9.0,3.6666666666666665,2024-08-13,Central,Social Media,41,Grocery,323,4367.705263157895,0,1,0.7163939198451527,1,0,0.0,156.44987471009944,563.2195489563579,1095.149122970696,discount_offer,20,156.44987471009944
102097,6.0,8428.76,1404.7933333333333,2024-03-08,2025-03-24,1.0,5.833333333333333,4.0,3.0,100.0,381.0,0.4724409448818898,0.1666666666666666,0.6666666666666666,Fashion,3.7,4.0,11.0,5.333333333333333,2024-01-29,East,Organic Search,38,Fashion,520,5916.341153846154,1,0,0.7163305967430073,1,0,0.0,211.9028094634914,762.8501140685689,1483.3196662444395,discount_offer,20,211.9028094634914
104556,15.0,10787.45,719.1633333333333,2023-08-02,2025-03-03,1.0,8.0,9.0,4.0,121.0,579.0,0.7772020725388601,0.0666666666666666,0.6,Books,4.257142857142857,7.0,11.0,7.333333333333333,2023-06-01,East,Email,34,Books,762,5167.21686351706,0,1,0.7162920593363896,1,0,0.0,185.06182041031775,666.222553477144,1295.4327428722243,discount_offer,20,185.06182041031775
102117,2.0,774.48,387.24,2025-02-18,2025-04-27,0.0,5.0,1.0,1.0,66.0,68.0,0.8823529411764706,0.0,0.5,Books,2.4000000000000004,2.0,7.0,4.666666666666667,2024-12-30,South,Paid Ads,35,Books,184,1536.3326086956522,0,1,0.71623785008081,1,1,0.0,55.018978233060814,198.0683216390189,385.13284763142565,discount_offer,0,0.0
105071,13.0,8319.62,639.9707692307693,2024-02-15,2024-11-19,0.0,10.384615384615383,11.0,5.0,225.0,278.0,1.4028776978417266,0.0,0.8461538461538461,Beauty & Personal Care,3.98,5.0,9.0,6.333333333333333,2024-02-12,North,Social Media,30,Beauty & Personal Care,506,6001.306916996047,0,1,0.7159203027189291,1,1,0.0,214.82287323625067,773.3623436505023,1503.7601126537547,discount_offer,20,214.82287323625067
105752,11.0,18438.16,1676.1963636363637,2024-01-15,2025-04-13,1.0,10.909090909090908,7.0,1.0,80.0,454.0,0.7268722466960352,0.0909090909090909,0.6363636363636364,Home & Kitchen,4.3,7.0,8.0,3.0,2024-01-07,East,Paid Ads,19,Home & Kitchen,542,12416.842066420664,0,1,0.7158067949672346,1,0,0.0,444.4029961589455,1599.850786172204,3110.820973112619,discount_offer,250,1599.850786172204
100475,4.0,3492.16,873.04,2024-04-13,2024-11-29,0.0,2.5,2.0,1.0,215.0,230.0,0.5217391304347826,0.0,0.5,Beauty & Personal Care,4.066666666666666,3.0,15.0,7.0,2024-02-22,West,Direct,57,Beauty & Personal Care,496,2569.8354838709674,0,1,0.7155955715339508,1,0,0.0,91.94814459144361,331.01332052919696,643.6370121401052,discount_offer,20,91.94814459144361
102273,8.0,5640.6,705.075,2024-08-05,2025-06-19,0.0,6.25,4.0,2.0,13.0,318.0,0.7547169811320755,0.0,0.5,Grocery,3.35,2.0,9.0,5.0,2024-07-28,East,Social Media,45,Grocery,339,6073.212389380531,0,1,0.7151086607278362,1,0,0.0,217.1503389042807,781.7412200554104,1520.0523723299646,discount_offer,20,217.1503389042807
100542,13.0,10579.91,813.8392307692308,2024-03-04,2025-01-18,1.0,6.538461538461538,7.0,6.0,165.0,320.0,1.21875,0.0769230769230769,0.5384615384615384,Beauty & Personal Care,4.416666666666667,6.0,11.0,3.6666666666666665,2024-01-14,Central,Social Media,18,Beauty & Personal Care,535,7218.069439252336,0,1,0.7149965346041038,1,0,0.0,258.0447317798604,928.9610344074974,1806.3131224590227,discount_offer,250,928.9610344074974
100092,7.0,6025.59,860.7985714285714,2024-11-05,2025-03-05,1.0,4.285714285714286,3.0,4.0,119.0,120.0,1.75,0.1428571428571428,0.4285714285714285,Grocery,3.1,3.0,9.0,6.0,2024-04-21,South,Organic Search,34,Grocery,437,5032.815446224256,1,0,0.7148083665673939,1,0,0.0,179.87492941753553,647.5497459031278,1259.1245059227485,discount_offer,20,179.87492941753553
100303,11.0,6366.88,578.8072727272728,2023-12-19,2025-01-11,0.0,5.909090909090909,7.0,4.0,172.0,389.0,0.8483290488431876,0.0,0.6363636363636364,Beauty & Personal Care,3.657142857142857,7.0,14.0,2.6666666666666665,2023-12-10,Central,Direct,47,Beauty & Personal Care,570,4077.037192982456,0,1,0.7146448212427581,1,1,0.0,145.68167579895118,524.4540328762241,1019.7717305926582,discount_offer,20,145.68167579895118
105547,18.0,21131.9,1173.9944444444443,2023-08-28,2025-05-06,2.0,4.722222222222222,6.0,4.0,57.0,617.0,0.8752025931928687,0.1111111111111111,0.3333333333333333,Fashion,3.966666666666667,9.0,7.0,4.0,2023-03-03,West,Organic Search,35,Fashion,852,9052.9853286385,0,1,0.714580637435136,1,0,0.0,323.4544013414717,1164.435844829298,2264.180809390302,discount_offer,250,1164.435844829298
100764,13.0,9384.93,721.9176923076923,2023-01-08,2025-04-24,2.0,10.0,11.0,3.0,69.0,837.0,0.4659498207885305,0.1538461538461538,0.8461538461538461,Books,3.966666666666667,6.0,9.0,5.333333333333333,2023-01-01,West,Direct,30,Books,913,3751.916155531216,0,1,0.714345405844207,1,0,0.0,134.0082034408192,482.42953238694906,938.0574240857343,discount_offer,20,134.0082034408192
102380,7.0,9311.14,1330.162857142857,2024-07-03,2024-11-24,1.0,13.571428571428571,7.0,3.0,220.0,144.0,1.4583333333333337,0.1428571428571428,1.0,Fashion,3.85,4.0,10.0,5.0,2024-06-13,Central,Referral,42,Fashion,384,8850.432552083334,0,1,0.7141982327221403,1,0,0.0,316.04816437622094,1137.7733917543953,2212.3371506335466,discount_offer,250,1137.7733917543953
105106,3.0,4016.2,1338.7333333333331,2025-01-28,2025-04-26,0.0,0.0,0.0,3.0,67.0,88.0,1.0227272727272727,0.0,0.0,Books,3.6,3.0,12.0,4.333333333333333,2024-12-10,West,Paid Ads,35,Grocery,204,7185.848039215686,0,1,0.7141315285292004,1,0,0.0,256.58203220118276,923.6953159242579,1796.0742254082793,discount_offer,250,923.6953159242579
103809,6.0,5432.17,905.3616666666668,2024-11-21,2025-06-19,1.0,1.6666666666666667,1.0,2.0,13.0,210.0,0.8571428571428571,0.1666666666666666,0.1666666666666666,Grocery,2.766666666666667,3.0,4.0,7.0,2024-10-27,West,Email,25,Grocery,248,7994.927620967742,1,0,0.7140462017083377,1,1,0.0,285.4373850342546,1027.5745861233165,1998.061695239782,discount_offer,250,1027.5745861233165
103299,2.0,4045.41,2022.705,2024-12-13,2025-01-11,0.0,5.0,1.0,2.0,172.0,29.0,2.0689655172413794,0.0,0.5,Electronics,4.037037037037037,0.0,8.0,3.0,2024-11-27,Central,Email,18,Electronics,217,6804.491474654377,0,1,0.7136132042354386,1,0,0.0,242.78874822104174,874.0394935957503,1699.5212375472922,discount_offer,20,242.78874822104174
100150,8.0,6618.28,827.285,2024-03-21,2025-06-08,0.0,6.25,4.0,4.0,24.0,444.0,0.5405405405405405,0.0,0.5,Fashion,2.783333333333333,6.0,3.0,6.333333333333333,2024-03-09,North,Referral,25,Fashion,480,5032.650416666666,1,0,0.7135048683804603,1,0,0.0,179.54102865743096,646.3477031667513,1256.7872006020164,discount_offer,20,179.54102865743096
105055,7.0,10904.77,1557.8242857142857,2024-08-01,2025-06-10,1.0,9.285714285714286,5.0,2.0,22.0,313.0,0.6709265175718849,0.1428571428571428,0.7142857142857143,Sports & Outdoors,3.0,3.0,8.0,2.6666666666666665,2024-07-28,West,Paid Ads,18,Sports & Outdoors,339,11741.124041297937,1,0,0.7133124422807201,1,1,0.0,418.7544932509555,1507.5161757034398,2931.2814527566884,discount_offer,250,1507.5161757034398
103920,11.0,6980.16,634.56,2023-11-01,2025-04-15,1.0,5.909090909090909,5.0,3.0,78.0,531.0,0.6214689265536724,0.0909090909090909,0.4545454545454545,Toys & Games,3.757142857142857,7.0,6.0,5.333333333333333,2023-10-24,South,Paid Ads,18,Toys & Games,617,4129.268071312804,0,1,0.7129726856610391,1,1,0.0,147.20276733091345,529.9299623912883,1030.419371316394,discount_offer,20,147.20276733091345
101471,28.0,36095.11,1289.1110714285714,2023-01-15,2025-02-19,2.0,3.2142857142857144,6.0,5.0,133.0,766.0,1.0966057441253263,0.0714285714285714,0.2142857142857142,Home & Kitchen,4.00625,16.0,3.0,4.333333333333333,2023-01-01,East,Email,44,Home & Kitchen,913,14430.137075575029,0,1,0.7129618234220232,1,0,0.0,514.4068420815858,1851.8646314937087,3600.8478945710995,discount_offer,250,1851.8646314937087
100976,23.0,20384.21,886.27,2023-09-24,2025-05-10,2.0,11.08695652173913,14.0,7.0,53.0,594.0,1.1616161616161615,0.0869565217391304,0.6086956521739131,Grocery,3.590909090909091,11.0,8.0,6.0,2023-08-03,East,Email,40,Grocery,699,10644.115379113018,0,1,0.7126948848066157,1,0,0.0,379.30032919926396,1365.4811851173502,2655.1023043948476,discount_offer,250,1365.4811851173502
100926,10.0,19485.3,1948.53,2024-05-21,2025-05-27,1.0,6.5,4.0,3.0,36.0,371.0,0.8086253369272237,0.1,0.4,Home & Kitchen,3.333333333333333,3.0,9.0,4.666666666666667,2024-04-30,South,Paid Ads,53,Home & Kitchen,428,16617.136682242988,0,1,0.712680623294804,1,0,0.0,592.1355664037942,2131.688039053659,4144.948964826559,discount_offer,250,2131.688039053659
102917,7.0,3345.05,477.8642857142857,2023-12-29,2025-06-07,0.0,2.857142857142857,1.0,3.0,25.0,526.0,0.3992395437262357,0.0,0.1428571428571428,Books,3.1666666666666665,3.0,7.0,6.666666666666667,2023-10-12,Central,Organic Search,59,Books,629,1941.0862480127184,1,0,0.7125252793690788,1,0,0.0,69.15365105723696,248.95314380605305,484.0755574006587,discount_offer,20,69.15365105723696
104970,14.0,12276.63,876.902142857143,2023-08-10,2025-03-28,0.0,8.571428571428571,7.0,4.0,96.0,596.0,0.7046979865771812,0.0,0.5,Grocery,3.6333333333333337,9.0,13.0,8.0,2023-06-30,Central,Social Media,27,Grocery,733,6113.192291950887,0,1,0.7124522157860638,1,1,0.0,217.76786969633477,783.964330906805,1524.375087874343,discount_offer,20,217.76786969633477
105041,4.0,5425.96,1356.49,2023-12-14,2025-06-01,1.0,0.0,0.0,3.0,31.0,535.0,0.2242990654205607,0.25,0.0,Beauty & Personal Care,4.575,4.0,6.0,3.333333333333333,2023-08-17,East,Organic Search,38,Beauty & Personal Care,685,2891.2049635036497,1,0,0.7123040980690437,1,1,0.0,102.97085719306048,370.6950858950177,720.7960003514232,discount_offer,20,102.97085719306048
101455,13.0,15480.22,1190.786153846154,2023-01-11,2025-05-01,3.0,3.076923076923077,2.0,4.0,62.0,841.0,0.4637336504161712,0.2307692307692307,0.1538461538461538,Toys & Games,3.88,10.0,10.0,4.333333333333333,2023-01-01,East,Email,34,Toys & Games,913,6188.696933187294,0,1,0.7120196396817084,1,0,0.0,220.32368802336555,793.165276884116,1542.2658161635588,discount_offer,20,220.32368802336555
101078,9.0,7375.17,819.4633333333334,2024-02-18,2025-05-19,1.0,3.333333333333333,1.0,3.0,44.0,456.0,0.5921052631578948,0.1111111111111111,0.1111111111111111,Books,3.7,6.0,11.0,5.666666666666667,2023-12-25,East,Referral,49,Books,555,4850.337027027027,0,1,0.7119848906499258,1,1,0.0,172.66833389015622,621.6060020045624,1208.6783372310933,discount_offer,20,172.66833389015622
102121,12.0,11155.11,929.5925,2024-01-30,2025-06-16,2.0,4.166666666666667,4.0,4.0,16.0,503.0,0.7157057654075547,0.1666666666666666,0.3333333333333333,Fashion,3.45,6.0,9.0,4.333333333333333,2024-01-30,South,Social Media,58,Fashion,519,7845.115895953758,0,1,0.7116657130521594,1,0,0.0,279.1549999035381,1004.957999652737,1954.0849993247664,discount_offer,250,1004.957999652737
104645,2.0,1415.74,707.87,2024-12-10,2025-02-26,0.0,0.0,0.0,1.0,126.0,78.0,0.7692307692307692,0.0,0.0,Toys & Games,4.037037037037037,0.0,10.0,6.333333333333333,2024-11-02,West,Organic Search,26,Toys & Games,242,2135.3103305785125,0,1,0.7110446694816391,1,0,0.0,75.9150514123464,273.29418508444707,531.4053598864248,discount_offer,20,75.9150514123464
101663,1.0,304.88,304.88,2025-05-17,2025-05-17,0.0,0.0,0.0,1.0,46.0,1.0,30.0,0.0,0.0,Books,3.9,1.0,8.0,3.6666666666666665,2025-01-28,North,Social Media,62,Electronics,155,717.9432258064516,0,1,0.7110062197579383,1,0,0.0,25.523104949073254,91.88317781666369,178.66173464351274,discount_offer,0,0.0
101173,6.0,8263.44,1377.24,2024-08-29,2025-06-02,0.0,0.8333333333333334,1.0,3.0,30.0,277.0,0.6498194945848376,0.0,0.1666666666666666,Home & Kitchen,2.55,2.0,8.0,4.666666666666667,2024-08-01,Central,Social Media,54,Home & Kitchen,335,9003.449552238808,0,1,0.711002463535941,1,1,0.0,320.0737405981679,1152.265466153404,2240.516184187175,discount_offer,250,1152.265466153404
104811,15.0,24605.65,1640.3766666666668,2023-03-25,2025-03-20,2.0,2.6666666666666665,5.0,5.0,104.0,726.0,0.6198347107438017,0.1333333333333333,0.3333333333333333,Sports & Outdoors,4.333333333333333,9.0,9.0,3.333333333333333,2023-01-08,East,Social Media,23,Sports & Outdoors,906,9912.872240618102,0,1,0.7109848261576119,1,0,0.0,352.39508733592396,1268.622314409326,2466.765611351467,discount_offer,250,1268.622314409326
100557,6.0,5709.27,951.545,2024-11-12,2025-04-11,0.0,6.666666666666667,3.0,2.0,82.0,150.0,1.2,0.0,0.5,Fashion,2.5,1.0,10.0,4.666666666666667,2024-09-08,West,Direct,28,Fashion,297,7016.44292929293,1,0,0.7107427411175299,1,0,0.0,249.3442940230184,897.6394584828662,1745.4100581611285,discount_offer,250,897.6394584828662
105516,13.0,12462.1,958.623076923077,2023-03-08,2024-12-05,0.0,1.1538461538461535,2.0,5.0,209.0,638.0,0.6112852664576803,0.0,0.1538461538461538,Toys & Games,3.8375,8.0,8.0,6.333333333333333,2023-01-01,Central,Organic Search,42,Toys & Games,913,4982.1100766703175,1,0,0.710015023193739,1,0,0.0,176.8686500820418,636.7271402953505,1238.0805505742926,discount_offer,20,176.8686500820418
102963,11.0,13377.87,1216.1699999999998,2023-06-16,2025-04-04,2.0,10.0,9.0,2.0,89.0,658.0,0.5015197568389058,0.1818181818181818,0.8181818181818182,Fashion,5.0,2.0,9.0,4.0,2023-01-01,East,Direct,40,Fashion,913,5348.217469879518,0,1,0.7099409783032405,1,0,0.0,189.84593713723734,683.4453736940544,1328.9215599606614,discount_offer,20,189.84593713723734
104726,10.0,6054.68,605.4680000000001,2024-11-27,2025-05-24,0.0,6.0,5.0,3.0,39.0,178.0,1.6853932584269662,0.0,0.5,Grocery,3.3666666666666667,6.0,11.0,6.666666666666667,2024-10-24,East,Organic Search,30,Grocery,251,8804.614342629482,0,1,0.7097239011406975,1,0,0.0,312.4422619645167,1124.79214307226,2187.0958337516167,discount_offer,250,1124.79214307226
104236,4.0,3168.74,792.1850000000001,2024-07-09,2025-05-20,0.0,5.0,1.0,3.0,43.0,315.0,0.3809523809523809,0.0,0.25,Fashion,4.45,4.0,9.0,5.0,2024-06-27,North,Paid Ads,33,Fashion,370,3125.919189189189,0,1,0.7096964475722878,1,0,0.0,110.92268719828068,399.3216739138105,776.4588103879647,discount_offer,20,110.92268719828068
100914,8.0,37394.3,4674.287499999999,2024-06-27,2025-02-12,1.0,3.125,4.0,3.0,140.0,230.0,1.0434782608695652,0.125,0.5,Electronics,2.9799999999999995,5.0,8.0,6.666666666666667,2024-06-20,Central,Direct,32,Electronics,377,36204.03050397878,0,1,0.7096825178041892,1,0,0.0,1284.6683761361664,4624.806154090199,8992.678632953164,discount_offer,900,8992.678632953164
102381,11.0,8584.24,780.3854545454545,2023-04-22,2025-04-28,1.0,6.818181818181818,7.0,5.0,65.0,737.0,0.4477611940298507,0.0909090909090909,0.6363636363636364,Home & Kitchen,4.85,4.0,6.0,4.0,2023-01-01,South,Paid Ads,27,Home & Kitchen,913,3431.815553121577,0,1,0.7095983135400428,1,0,0.0,121.76052644377802,438.3378951976008,852.3236851064461,discount_offer,20,121.76052644377802
101474,4.0,7099.05,1774.7625,2024-08-14,2025-02-22,0.0,12.5,3.0,2.0,130.0,192.0,0.625,0.0,0.75,Toys & Games,4.066666666666666,3.0,7.0,6.0,2024-05-14,East,Referral,45,Toys & Games,414,6258.824275362318,1,0,0.7092107469334704,1,1,0.0,221.94127196275232,798.9885790659083,1553.588903739266,discount_offer,20,221.94127196275232
100655,8.0,22817.68,2852.21,2024-12-03,2025-03-06,1.0,4.375,2.0,3.0,118.0,93.0,2.5806451612903225,0.125,0.25,Home & Kitchen,3.466666666666667,3.0,10.0,5.666666666666667,2024-10-09,North,Referral,32,Home & Kitchen,266,31309.974436090222,0,1,0.7089462530055445,1,0,0.0,1109.8544529082774,3995.4760304697984,7768.981170357942,discount_offer,900,7768.981170357942
105571,12.0,6946.34,578.8616666666667,2023-02-21,2025-06-27,0.0,3.75,3.0,3.0,5.0,857.0,0.4200700116686114,0.0,0.25,Grocery,3.96,5.0,7.0,6.333333333333333,2023-01-01,North,Paid Ads,47,Grocery,913,2777.0143483023003,0,1,0.7089459254210514,1,0,0.0,98.43765035323561,354.3755412716482,689.0635524726492,discount_offer,20,98.43765035323561
102813,18.0,28217.13,1567.618333333333,2023-03-28,2025-01-26,0.0,6.666666666666667,9.0,5.0,157.0,670.0,0.8059701492537313,0.0,0.5,Home & Kitchen,3.475,8.0,9.0,2.0,2023-02-10,South,Referral,44,Home & Kitchen,873,11797.540034364263,1,0,0.7084780617242081,1,0,0.0,417.91491483300706,1504.4936933988251,2925.404403831049,discount_offer,250,1504.4936933988251
103618,8.0,6115.31,764.4137499999999,2023-10-01,2025-05-03,1.0,8.75,4.0,2.0,60.0,580.0,0.4137931034482759,0.125,0.5,Fashion,3.766666666666667,6.0,7.0,3.333333333333333,2023-10-01,Central,Organic Search,25,Fashion,640,3487.637734375,1,0,0.7080595743368154,1,1,0.0,123.47276448212891,444.501952135664,864.3093513749022,discount_offer,20,123.47276448212891
100020,6.0,5127.68,854.6133333333333,2025-01-05,2025-04-19,1.0,7.5,3.0,2.0,74.0,104.0,1.7307692307692306,0.1666666666666666,0.5,Sports & Outdoors,3.65,4.0,8.0,6.666666666666667,2024-12-28,West,Organic Search,39,Sports & Outdoors,186,10062.382795698926,0,1,0.7079703160443833,1,0,0.0,356.1934164015267,1282.2962990454962,2493.353914810687,discount_offer,250,1282.2962990454962
101227,16.0,20148.37,1259.273125,2024-05-13,2025-04-18,0.0,6.25,8.0,6.0,75.0,340.0,1.4117647058823528,0.0,0.5,Sports & Outdoors,3.62,10.0,6.0,6.666666666666667,2024-04-08,North,Direct,47,Sports & Outdoors,450,16342.566777777776,0,1,0.7079501573104277,1,0,0.0,578.4861360591973,2082.55008981311,4049.4029524143807,discount_offer,250,2082.55008981311
103274,7.0,30316.48,4330.925714285714,2023-11-25,2025-01-07,1.0,2.857142857142857,1.0,3.0,176.0,409.0,0.5134474327628362,0.1428571428571428,0.1428571428571428,Electronics,4.025,4.0,11.0,4.333333333333333,2023-11-09,Central,Referral,36,Electronics,601,18411.83893510816,0,1,0.7079325174197288,1,0,0.0,651.716974382885,2346.181107778386,4562.018820680195,discount_offer,250,2346.181107778386
100082,16.0,17687.02,1105.43875,2023-05-27,2025-01-29,1.0,10.0,13.0,6.0,154.0,613.0,0.7830342577487766,0.0625,0.8125,Home & Kitchen,3.5625,8.0,14.0,5.0,2023-05-27,Central,Social Media,27,Home & Kitchen,767,8416.900000000001,1,0,0.707813795397216,1,1,0.0,297.87989672394144,1072.3676282061892,2085.1592770675898,discount_offer,250,1072.3676282061892
104956,11.0,13491.03,1226.4572727272728,2023-06-24,2024-06-29,0.0,6.818181818181818,7.0,5.0,368.0,371.0,0.889487870619946,0.0,0.6363636363636364,Sports & Outdoors,3.533333333333333,3.0,16.0,4.666666666666667,2023-05-15,East,Paid Ads,22,Sports & Outdoors,779,6321.214313222081,0,1,0.7074864631008029,1,0,0.0,223.60867784818305,804.9912402534588,1565.260744937281,discount_offer,20,223.60867784818305
101548,5.0,7055.36,1411.072,2024-01-04,2025-04-25,1.0,22.0,5.0,3.0,68.0,477.0,0.3144654088050314,0.2,1.0,Electronics,3.4333333333333336,3.0,9.0,3.333333333333333,2023-11-27,East,Organic Search,27,Electronics,583,4417.163636363636,1,0,0.7074840921599259,1,0,0.0,156.25365025972823,562.5131409350215,1093.7755518180975,discount_offer,20,156.25365025972823
102169,6.0,15824.09,2637.3483333333334,2024-08-22,2025-01-29,2.0,3.333333333333333,2.0,3.0,154.0,160.0,1.125,0.3333333333333333,0.3333333333333333,Fashion,3.5,4.0,8.0,8.666666666666666,2024-08-08,North,Direct,44,Fashion,328,17609.124542682926,1,0,0.7074056360181983,1,0,0.0,622.8396973420141,2242.2229104312505,4359.877881394098,discount_offer,250,2242.2229104312505
104931,7.0,33107.06,4729.58,2024-05-09,2025-05-12,2.0,5.0,4.0,1.0,51.0,368.0,0.5706521739130435,0.2857142857142857,0.5714285714285714,Electronics,2.62,5.0,6.0,4.666666666666667,2024-04-01,South,Email,43,Electronics,457,26442.181400437632,0,1,0.7073461295110863,1,1,0.0,935.1887334714798,3366.679440497327,6546.321134300358,discount_offer,900,6546.321134300358
104482,12.0,8657.55,721.4625,2024-02-07,2025-07-02,1.0,9.583333333333334,9.0,5.0,0.0,511.0,0.7045009784735812,0.0833333333333333,0.75,Fashion,3.628571428571429,7.0,6.0,7.0,2024-01-23,West,Paid Ads,37,Fashion,526,6007.615494296577,0,1,0.7073323693518002,1,0,0.0,212.4690450867692,764.8885623123691,1487.2833156073843,discount_offer,20,212.4690450867692
105982,22.0,66961.54000000001,3043.706363636364,2023-01-28,2025-04-06,4.0,5.227272727272728,6.0,5.0,87.0,799.0,0.8260325406758449,0.1818181818181818,0.2727272727272727,Electronics,3.769230769230769,13.0,5.0,5.666666666666667,2023-01-01,South,Paid Ads,46,Electronics,913,26769.947535596937,0,1,0.7069876118448348,1,0,0.0,946.30106387016,3406.683829932576,6624.107447091119,discount_offer,900,6624.107447091119
102417,1.0,649.5,649.5,2025-05-29,2025-05-29,0.0,0.0,0.0,1.0,34.0,1.0,30.0,0.0,0.0,Toys & Games,4.037037037037037,0.0,5.0,7.0,2024-09-06,West,Email,47,Fashion,299,792.8678929765887,0,1,0.7068219468968274,1,0,0.0,28.02082138728489,100.8749569942256,196.14574971099424,discount_offer,0,0.0
103890,6.0,3418.43,569.7383333333333,2024-09-28,2025-04-12,0.0,7.5,2.0,2.0,81.0,196.0,0.9183673469387756,0.0,0.3333333333333333,Books,4.733333333333333,3.0,9.0,5.0,2024-08-24,South,Social Media,32,Books,312,3999.124839743589,0,1,0.7067731225657237,1,0,0.0,141.3236975257863,508.7653110928306,989.2658826805039,discount_offer,20,141.3236975257863
102203,7.0,9908.99,1415.57,2023-07-29,2025-05-31,2.0,2.857142857142857,3.0,4.0,32.0,672.0,0.3125,0.2857142857142857,0.4285714285714285,Home & Kitchen,3.85,2.0,10.0,7.666666666666667,2023-07-09,East,Organic Search,43,Home & Kitchen,724,4995.554350828729,0,1,0.7066401087309826,1,0,0.0,176.5029534820573,635.4106325354063,1235.520674374401,discount_offer,20,176.5029534820573
101093,12.0,12491.31,1040.9425,2023-12-07,2025-02-01,1.0,6.25,5.0,4.0,151.0,422.0,0.8530805687203792,0.0833333333333333,0.4166666666666667,Toys & Games,4.2,4.0,10.0,3.333333333333333,2023-10-29,Central,Email,31,Toys & Games,612,7449.882598039216,0,1,0.7066314067533886,1,1,0.0,263.21605102000206,947.5777836720074,1842.5123571400143,discount_offer,250,947.5777836720074
100116,7.0,8688.66,1241.2371428571428,2024-05-15,2025-04-09,1.0,7.857142857142857,4.0,3.0,84.0,329.0,0.6382978723404256,0.1428571428571428,0.5714285714285714,Books,2.0,2.0,16.0,6.666666666666667,2024-03-01,Central,Direct,42,Books,488,6498.690368852459,0,1,0.7066004617735545,1,0,0.0,229.59888077772496,826.5559707998099,1607.1921654440746,discount_offer,20,229.59888077772496
103138,9.0,6767.84,751.9822222222223,2023-06-22,2025-05-06,0.0,7.777777777777778,4.0,1.0,57.0,684.0,0.3947368421052631,0.0,0.4444444444444444,Beauty & Personal Care,4.333333333333333,3.0,5.0,4.0,2023-05-02,Central,Referral,38,Beauty & Personal Care,792,3119.017171717172,1,0,0.7065620493715606,1,1,0.0,110.1889582436787,396.6802496772433,771.3227077057509,discount_offer,20,110.1889582436787
100408,2.0,2464.47,1232.235,2024-11-16,2025-05-20,0.0,10.0,1.0,2.0,43.0,185.0,0.3243243243243243,0.0,0.5,Home & Kitchen,4.4,2.0,2.0,4.666666666666667,2024-10-01,East,Paid Ads,31,Home & Kitchen,274,3282.961861313868,0,1,0.7061263344190805,1,0,0.0,115.90929125836017,417.2734485300966,811.365038808521,discount_offer,20,115.90929125836017
105761,15.0,19874.9,1324.993333333333,2023-01-03,2025-04-27,0.0,5.333333333333333,8.0,5.0,66.0,845.0,0.5325443786982248,0.0,0.5333333333333333,Sports & Outdoors,3.5700000000000003,10.0,5.0,5.0,2023-01-01,West,Organic Search,28,Sports & Outdoors,913,7945.606243154436,1,0,0.7061148350165944,1,0,0.0,280.5255220745909,1009.8918794685271,1963.678654522136,discount_offer,250,1009.8918794685271
102073,1.0,337.03,337.03,2025-02-23,2025-02-23,0.0,10.0,1.0,1.0,129.0,1.0,30.0,0.0,1.0,Beauty & Personal Care,4.037037037037037,0.0,6.0,3.333333333333333,2025-01-24,North,Organic Search,25,Beauty & Personal Care,159,773.6852201257861,0,1,0.7059466912318284,1,0,0.0,27.309026060138375,98.31249381649816,191.16318242096864,discount_offer,0,0.0
101844,9.0,6801.29,755.6988888888889,2024-02-27,2025-05-01,0.0,5.555555555555555,4.0,4.0,62.0,429.0,0.6293706293706294,0.0,0.4444444444444444,Fashion,3.3200000000000003,5.0,9.0,5.666666666666667,2024-01-09,South,Organic Search,37,Fashion,540,4597.168240740741,1,0,0.7058060388561944,1,0,0.0,162.23545529763612,584.0476390714899,1135.6481870834527,discount_offer,20,162.23545529763612
101011,8.0,3281.6,410.2,2024-03-14,2025-05-11,0.0,11.25,5.0,2.0,52.0,423.0,0.5673758865248227,0.0,0.625,Grocery,4.4,4.0,5.0,3.333333333333333,2024-03-10,South,Paid Ads,30,Grocery,479,2500.5929018789143,0,1,0.7055590301303135,1,0,0.0,88.21579513002166,317.5768624680779,617.5105659101515,discount_offer,20,88.21579513002166
102766,10.0,19406.02,1940.602,2023-09-12,2024-08-14,1.0,6.5,3.0,5.0,322.0,337.0,0.8902077151335313,0.1,0.3,Sports & Outdoors,4.225,4.0,10.0,4.0,2023-09-09,Central,Organic Search,32,Sports & Outdoors,662,10699.693806646526,1,0,0.705413112991834,1,0,0.0,377.38521581029863,1358.5867769170748,2641.69651067209,discount_offer,250,1358.5867769170748
104246,7.0,8975.6,1282.2285714285715,2024-11-13,2025-06-01,1.0,2.142857142857143,2.0,4.0,31.0,200.0,1.05,0.1428571428571428,0.2857142857142857,Grocery,3.675,4.0,10.0,5.0,2024-09-14,West,Social Media,18,Beauty & Personal Care,291,11258.05498281787,0,1,0.7051095825508185,1,0,0.0,396.9081224634435,1428.8692408683967,2778.3568572441045,discount_offer,250,1428.8692408683967
104276,2.0,1409.61,704.8050000000001,2025-03-11,2025-05-13,0.0,0.0,0.0,1.0,50.0,63.0,0.9523809523809524,0.0,0.0,Beauty & Personal Care,4.1,1.0,6.0,4.666666666666667,2024-12-02,East,Organic Search,62,Beauty & Personal Care,212,2426.922877358491,0,1,0.7049954797750887,1,0,0.0,85.54848291502441,307.9745384940879,598.8393804051708,discount_offer,20,85.54848291502441
100549,8.0,24045.23,3005.65375,2024-02-18,2025-05-26,0.0,1.875,1.0,5.0,37.0,463.0,0.5183585313174945,0.0,0.125,Fashion,3.6,4.0,11.0,5.0,2023-12-19,West,Social Media,33,Fashion,561,15644.400980392156,0,1,0.7049923350591757,1,0,0.0,551.4591388884362,1985.2528999983704,3860.213972219053,discount_offer,250,1985.2528999983704
105789,10.0,24818.69,2481.869,2024-02-11,2025-02-19,0.0,6.5,6.0,4.0,133.0,374.0,0.8021390374331551,0.0,0.6,Electronics,4.7,2.0,5.0,4.0,2023-12-23,North,Organic Search,44,Electronics,557,16263.593985637342,0,1,0.7048325079892295,1,0,0.0,573.1554868907659,2063.3597528067567,4012.0884082353605,discount_offer,250,2063.3597528067567
101376,3.0,2731.77,910.59,2025-02-05,2025-02-18,0.0,3.333333333333333,1.0,3.0,134.0,13.0,6.9230769230769225,0.0,0.3333333333333333,Sports & Outdoors,4.8,1.0,4.0,4.0,2024-11-09,North,Social Media,29,Fashion,235,4242.961914893617,1,0,0.7046565283647458,1,1,0.0,149.49154064663853,538.1695463278986,1046.4407845264695,discount_offer,20,149.49154064663853
102892,13.0,23195.41,1784.2623076923078,2023-09-27,2025-06-10,1.0,5.384615384615385,7.0,3.0,22.0,622.0,0.6270096463022508,0.0769230769230769,0.5384615384615384,Home & Kitchen,3.542857142857143,7.0,7.0,6.666666666666667,2023-09-18,North,Paid Ads,29,Home & Kitchen,653,12965.275114854516,0,1,0.7046199317135847,1,1,0.0,456.77956330383137,1644.406427893793,3197.4569431268196,discount_offer,250,1644.406427893793
105183,16.0,54280.05,3392.503125,2023-12-04,2025-06-08,1.0,5.9375,8.0,4.0,24.0,552.0,0.8695652173913044,0.0625,0.5,Electronics,3.38,10.0,5.0,4.0,2023-10-25,Central,Organic Search,18,Electronics,616,32162.69196428572,0,1,0.704535836516935,1,0,0.0,1132.9884543847272,4078.758435785018,7930.919180693089,discount_offer,900,7930.919180693089
104745,12.0,9408.78,784.065,2024-08-21,2025-06-17,2.0,2.9166666666666665,4.0,4.0,15.0,300.0,1.2,0.1666666666666666,0.3333333333333333,Beauty & Personal Care,2.8,4.0,8.0,6.0,2024-08-09,East,Paid Ads,36,Beauty & Personal Care,327,10502.15504587156,0,1,0.7044211622012826,1,0,0.0,369.8970131515454,1331.6292473455635,2589.2790920608177,discount_offer,250,1331.6292473455635
102428,18.0,14770.72,820.5955555555555,2023-07-17,2025-03-25,1.0,10.27777777777778,12.0,5.0,99.0,617.0,0.8752025931928687,0.0555555555555555,0.6666666666666666,Beauty & Personal Care,3.984615384615384,13.0,7.0,3.333333333333333,2023-05-24,North,Organic Search,56,Beauty & Personal Care,770,7001.704935064935,0,1,0.704362838635251,1,0,0.0,246.58703816743918,887.7133374027809,1726.109267172074,discount_offer,250,887.7133374027809
101279,8.0,29596.11,3699.51375,2024-06-29,2024-12-19,1.0,6.875,4.0,2.0,195.0,173.0,1.3872832369942196,0.125,0.5,Electronics,3.94,5.0,7.0,6.666666666666667,2024-02-21,Central,Direct,32,Electronics,497,21735.57374245473,0,1,0.7041795570923824,1,0,0.0,765.2873345555295,2755.0344043999057,5357.011341888706,discount_offer,900,5357.011341888706
104721,3.0,10983.26,3661.0866666666666,2024-09-27,2025-06-17,1.0,10.0,2.0,1.0,15.0,263.0,0.3422053231939163,0.3333333333333333,0.6666666666666666,Electronics,2.8,1.0,6.0,3.0,2024-08-21,West,Organic Search,31,Electronics,315,12726.634603174603,0,1,0.7041295324600639,1,1,0.0,448.0599636461703,1613.015869126213,3136.4197455231915,discount_offer,250,1613.015869126213
105533,24.0,60508.64,2521.193333333333,2023-01-05,2025-01-31,2.0,7.291666666666667,10.0,7.0,152.0,757.0,0.95112285336856,0.0833333333333333,0.4166666666666667,Electronics,4.05625,16.0,8.0,4.666666666666667,2023-01-01,West,Social Media,47,Electronics,913,24190.201095290253,0,1,0.7038720809773824,1,0,0.0,851.3403592101653,3064.825293156595,5959.382514471156,discount_offer,900,5959.382514471156
101908,9.0,12892.5,1432.5,2024-08-24,2025-06-18,1.0,4.444444444444445,4.0,4.0,14.0,298.0,0.906040268456376,0.1111111111111111,0.4444444444444444,Home & Kitchen,3.2857142857142856,7.0,6.0,5.666666666666667,2024-07-25,East,Social Media,48,Home & Kitchen,342,13759.53947368421,0,1,0.703780461951646,1,1,0.0,484.1847523515691,1743.0651084656483,3389.2932664609834,discount_offer,250,1743.0651084656483
105619,23.0,19210.94,835.2582608695651,2023-05-29,2025-04-28,1.0,5.0,7.0,5.0,65.0,700.0,0.9857142857142858,0.0434782608695652,0.3043478260869565,Beauty & Personal Care,3.64,10.0,10.0,8.0,2023-05-19,North,Organic Search,28,Beauty & Personal Care,775,9047.733032258064,0,1,0.7037094720048058,1,0,0.0,318.3487717485381,1146.0555782947372,2228.441402239767,discount_offer,250,1146.0555782947372
102342,9.0,8191.07,910.1188888888888,2023-10-23,2025-01-04,1.0,5.555555555555555,3.0,2.0,179.0,439.0,0.6150341685649203,0.1111111111111111,0.3333333333333333,Fashion,3.8333333333333335,6.0,11.0,5.0,2023-09-06,North,Paid Ads,28,Fashion,665,4495.85045112782,1,0,0.7037029125587693,1,0,0.0,158.1871528443652,569.4737502397145,1107.3100699105562,discount_offer,20,158.1871528443652
104410,10.0,4331.37,433.137,2023-11-28,2025-05-21,0.0,6.5,4.0,2.0,42.0,540.0,0.5555555555555556,0.0,0.4,Books,3.4333333333333336,6.0,9.0,3.6666666666666665,2023-11-25,West,Paid Ads,18,Books,585,2702.478717948718,1,0,0.7033631824173419,1,0,0.0,95.04120157357741,342.14832566487866,665.2884110150419,discount_offer,20,95.04120157357741
105880,15.0,19101.98,1273.465333333333,2023-07-26,2025-04-23,2.0,1.3333333333333333,2.0,6.0,70.0,637.0,0.706436420722135,0.1333333333333333,0.1333333333333333,Sports & Outdoors,4.220000000000001,10.0,8.0,3.6666666666666665,2023-07-12,Central,Social Media,31,Sports & Outdoors,721,9670.211789181692,0,1,0.7033081610632437,1,0,0.0,340.05694352707377,1224.2049966974655,2380.398604689516,discount_offer,250,1224.2049966974655
100894,3.0,1029.18,343.06,2025-02-04,2025-05-29,0.0,1.6666666666666667,1.0,1.0,34.0,114.0,0.7894736842105263,0.0,0.3333333333333333,Books,4.6,1.0,9.0,5.666666666666667,2024-10-03,East,Referral,34,Books,272,1381.06875,0,1,0.7030469179143918,1,0,0.0,48.54780640576908,174.7721030607687,339.83464484038353,discount_offer,0,0.0
105383,3.0,3682.35,1227.45,2025-02-05,2025-04-05,0.0,1.6666666666666667,1.0,2.0,88.0,59.0,1.5254237288135597,0.0,0.3333333333333333,Beauty & Personal Care,2.7,1.0,13.0,5.666666666666667,2024-11-08,West,Social Media,21,Beauty & Personal Care,236,5695.159957627119,0,1,0.7030061033344995,1,0,0.0,200.18661048390575,720.6717977420606,1401.30627338734,discount_offer,20,200.18661048390575
101236,4.0,4210.860000000001,1052.715,2024-12-10,2025-04-18,0.0,8.75,3.0,3.0,75.0,129.0,0.9302325581395348,0.0,0.75,Beauty & Personal Care,3.475,4.0,8.0,7.0,2024-11-30,Central,Organic Search,48,Beauty & Personal Care,214,7182.074299065422,0,1,0.7027794818400417,1,0,0.0,252.37072272169388,908.5346017980979,1766.595059051857,discount_offer,250,908.5346017980979
100155,4.0,12294.38,3073.5950000000003,2025-01-04,2025-02-22,1.0,7.5,2.0,1.0,130.0,49.0,2.4489795918367347,0.25,0.5,Electronics,3.1,2.0,7.0,4.666666666666667,2024-10-05,West,Direct,40,Electronics,270,16620.18037037037,0,1,0.7027201991489066,1,1,0.0,583.9668229878708,2102.2805627563343,4087.767760915095,discount_offer,250,2102.2805627563343
101206,15.0,12076.65,805.11,2024-06-10,2025-02-22,1.0,4.0,5.0,4.0,130.0,257.0,1.7509727626459144,0.0666666666666666,0.3333333333333333,Toys & Games,3.65,8.0,13.0,8.666666666666666,2024-05-31,North,Social Media,36,Toys & Games,397,11103.21725440806,0,1,0.7025791441710244,1,0,0.0,390.04444380734833,1404.159997706454,2730.311106651438,discount_offer,250,1404.159997706454
102596,6.0,3561.84,593.64,2024-11-28,2025-06-20,0.0,6.666666666666667,2.0,3.0,12.0,204.0,0.8823529411764706,0.0,0.3333333333333333,Books,3.7,6.0,11.0,3.0,2024-11-02,East,Paid Ads,41,Books,242,5372.1966942148765,0,1,0.7021747085006657,1,0,0.0,188.61103238842853,678.9997165983427,1320.2772267189996,discount_offer,20,188.61103238842853
101095,17.0,8065.27,474.42764705882354,2023-02-22,2024-10-19,0.0,7.647058823529412,8.0,4.0,256.0,605.0,0.8429752066115702,0.0,0.4705882352941176,Grocery,4.411111111111111,9.0,12.0,6.0,2023-01-01,North,Organic Search,33,Grocery,913,3224.3412376779847,1,0,0.7020576326815247,1,0,0.0,113.18366881408116,407.4612077306922,792.285681698568,discount_offer,20,113.18366881408116
101547,5.0,10001.51,2000.302,2024-08-05,2025-05-30,1.0,8.0,2.0,2.0,33.0,298.0,0.5033557046979865,0.2,0.4,Sports & Outdoors,2.5,1.0,13.0,7.0,2024-04-20,West,Organic Search,37,Sports & Outdoors,438,8334.591666666667,0,1,0.7018636976787352,1,0,0.0,292.487366290452,1052.954518645627,2047.4115640331638,discount_offer,250,1052.954518645627
100064,3.0,4350.54,1450.18,2025-01-02,2025-04-12,0.0,10.0,2.0,1.0,81.0,100.0,0.8999999999999999,0.0,0.6666666666666666,Fashion,2.8,1.0,10.0,6.666666666666667,2024-10-20,East,Organic Search,51,Fashion,255,6227.243529411765,0,1,0.7018222819316061,1,1,0.0,218.5209131977797,786.6752875120068,1529.6463923844576,discount_offer,20,218.5209131977797
103162,9.0,12514.69,1390.5211111111112,2023-12-03,2025-06-04,2.0,9.444444444444445,6.0,5.0,28.0,549.0,0.4918032786885246,0.2222222222222222,0.6666666666666666,Fashion,4.325,4.0,8.0,4.0,2023-10-15,East,Paid Ads,43,Fashion,626,7296.903913738019,0,1,0.701689323390884,1,0,0.0,256.00797850395617,921.6287226142422,1792.0558495276932,discount_offer,250,921.6287226142422
100195,7.0,7586.02,1083.717142857143,2023-12-17,2025-06-17,3.0,4.285714285714286,2.0,3.0,15.0,548.0,0.3832116788321168,0.4285714285714285,0.2857142857142857,Fashion,4.2,2.0,8.0,4.666666666666667,2023-12-06,East,Social Media,34,Fashion,574,4823.862891986063,0,1,0.701663963452036,1,0,0.0,169.23653779700706,609.2515360692255,1184.6557645790494,discount_offer,20,169.23653779700706
100027,6.0,5992.799999999999,998.7999999999998,2024-10-01,2025-05-07,0.0,5.833333333333333,3.0,4.0,56.0,218.0,0.8256880733944955,0.0,0.5,Toys & Games,3.5500000000000003,6.0,8.0,6.666666666666667,2024-09-18,Central,Organic Search,24,Toys & Games,287,7621.5052264808355,0,1,0.7014214951020423,1,1,0.0,267.2943795443109,962.2597663595191,1871.060656810176,discount_offer,250,962.2597663595191
105834,12.0,23869.74,1989.145,2023-03-17,2025-05-25,0.0,0.0,0.0,3.0,38.0,800.0,0.4499999999999999,0.0,0.0,Fashion,3.233333333333333,6.0,2.0,5.666666666666667,2023-03-05,Central,Referral,35,Fashion,850,10249.947176470589,1,0,0.701392027004442,1,0,0.0,359.46156133965815,1294.0616208227693,2516.230929377607,discount_offer,250,1294.0616208227693
102562,19.0,16654.96,876.5768421052632,2023-01-24,2024-10-08,2.0,4.7368421052631575,9.0,5.0,267.0,623.0,0.9149277688603532,0.1052631578947368,0.4736842105263157,Fashion,3.741666666666666,12.0,11.0,5.333333333333333,2023-01-01,South,Paid Ads,33,Fashion,913,6658.335596933188,1,0,0.7012737445383008,1,0,0.0,233.46579682269999,840.4768685617199,1634.2605777588997,discount_offer,20,233.46579682269999
105690,16.0,20489.41,1280.588125,2023-02-02,2025-03-24,0.0,2.1875,4.0,4.0,100.0,781.0,0.614596670934699,0.0,0.25,Fashion,4.290909090909091,11.0,5.0,4.666666666666667,2023-01-01,Central,Social Media,37,Fashion,913,8191.275629791895,0,1,0.7009904929921695,1,0,0.0,287.10031709812824,1033.5611415532617,2009.7022196868973,discount_offer,250,1033.5611415532617
100218,3.0,820.75,273.5833333333333,2025-03-14,2025-06-24,0.0,10.0,1.0,1.0,8.0,102.0,0.8823529411764706,0.0,0.3333333333333333,Books,3.866666666666666,3.0,11.0,5.666666666666667,2024-08-06,South,Paid Ads,26,Books,330,907.7992424242424,0,1,0.7008880333818276,1,0,0.0,31.81328128641201,114.52781263108322,222.69296900488405,discount_offer,0,0.0
101390,9.0,28402.55,3155.838888888889,2024-05-24,2025-04-05,2.0,7.777777777777778,4.0,4.0,88.0,316.0,0.8544303797468354,0.2222222222222222,0.4444444444444444,Electronics,3.233333333333333,3.0,11.0,6.0,2024-05-18,North,Direct,52,Electronics,410,25285.19695121951,1,0,0.7008606546833497,1,1,0.0,886.0699844514572,3189.8519440252458,6202.4898911601995,discount_offer,900,6202.4898911601995
102705,15.0,47199.95,3146.663333333333,2023-04-28,2025-06-15,1.0,5.666666666666667,6.0,4.0,17.0,779.0,0.5776636713735559,0.0666666666666666,0.4,Electronics,2.7142857142857144,7.0,3.0,4.666666666666667,2023-04-18,North,Direct,54,Electronics,806,21374.667183622827,0,1,0.7007609713242917,1,1,0.0,748.9266268664497,2696.1358567192187,5242.486388065148,discount_offer,250,2696.1358567192187
105282,8.0,27258.22,3407.2775,2023-07-25,2024-11-23,0.0,3.125,1.0,2.0,221.0,487.0,0.4928131416837782,0.0,0.125,Electronics,4.2,3.0,7.0,3.0,2023-07-09,Central,Social Media,25,Electronics,724,13742.058425414363,0,1,0.70072908646177,1,1,0.0,481.4730023272438,1733.3028083780775,3370.3110162907064,discount_offer,250,1733.3028083780775
104132,5.0,3549.77,709.954,2025-02-13,2025-06-03,0.0,5.0,3.0,2.0,29.0,110.0,1.3636363636363638,0.0,0.6,Grocery,3.2,1.0,8.0,3.333333333333333,2024-12-15,South,Direct,22,Grocery,199,6510.884673366834,0,1,0.7005168067020403,1,0,0.0,228.0492070096096,820.9771452345944,1596.3444490672669,discount_offer,20,228.0492070096096
104478,1.0,179.76,179.76,2024-12-03,2024-12-03,0.0,30.0,1.0,1.0,211.0,1.0,30.0,0.0,1.0,Books,3.0,1.0,4.0,5.0,2024-10-15,West,Email,51,Electronics,260,252.35538461538465,0,1,0.7004433541521138,1,1,0.0,8.838032601917337,31.816917366902416,61.86622821342136,discount_offer,0,0.0
101925,9.0,16752.66,1861.4066666666668,2023-03-31,2025-06-28,1.0,10.0,7.0,4.0,4.0,820.0,0.3292682926829268,0.1111111111111111,0.7777777777777778,Electronics,3.4,7.0,11.0,4.333333333333333,2023-01-01,North,Direct,35,Electronics,913,6697.394194961665,1,0,0.7002947340599142,1,1,0.0,234.5074943327546,844.2269795979165,1641.552460329282,discount_offer,20,234.5074943327546
102614,11.0,12606.25,1146.0227272727273,2024-03-08,2025-04-15,0.0,9.090909090909092,5.0,5.0,78.0,403.0,0.8188585607940446,0.0,0.4545454545454545,Beauty & Personal Care,3.7,6.0,14.0,3.0,2024-02-27,Central,Social Media,33,Beauty & Personal Care,491,9371.244908350303,0,1,0.6998996552338235,1,0,0.0,327.94655402330505,1180.6075944838983,2295.625878163135,discount_offer,250,1180.6075944838983
100315,17.0,27299.01,1605.824117647059,2024-01-08,2025-01-23,1.0,9.411764705882351,11.0,4.0,160.0,381.0,1.3385826771653544,0.0588235294117647,0.6470588235294118,Home & Kitchen,3.963636363636364,11.0,11.0,4.333333333333333,2023-12-29,East,Referral,52,Home & Kitchen,551,18083.736206896552,0,1,0.6998422673548539,1,0,0.0,632.7881474640774,2278.0373308706785,4429.517032248542,discount_offer,250,2278.0373308706785
100227,10.0,31896.56,3189.656,2024-08-22,2025-03-10,2.0,4.5,3.0,4.0,114.0,200.0,1.5,0.2,0.3,Electronics,3.3833333333333333,6.0,11.0,4.666666666666667,2024-08-06,West,Email,38,Electronics,330,35279.52848484848,0,1,0.6997657962140561,1,0,0.0,1234.3703670128236,4443.733321246164,8640.592569089764,discount_offer,900,8640.592569089764
101342,4.0,6119.35,1529.8375,2024-08-13,2025-06-12,1.0,10.0,3.0,3.0,20.0,303.0,0.396039603960396,0.25,0.75,Sports & Outdoors,2.7,3.0,9.0,8.333333333333334,2024-07-31,South,Direct,21,Sports & Outdoors,336,6647.50818452381,0,1,0.6995405135116708,1,0,0.0,232.51006444874105,837.0362320154676,1627.570451141187,discount_offer,20,232.51006444874105
103253,12.0,17472.36,1456.03,2023-02-20,2024-12-02,1.0,3.333333333333333,6.0,2.0,212.0,651.0,0.5529953917050692,0.0833333333333333,0.5,Sports & Outdoors,3.966666666666667,3.0,12.0,5.333333333333333,2023-01-28,West,Social Media,46,Sports & Outdoors,886,7197.981264108353,0,1,0.6995109770929102,1,1,0.0,251.75334535764472,906.3120432875211,1762.273417503513,discount_offer,250,906.3120432875211
105374,18.0,15651.39,869.5216666666666,2023-01-04,2025-04-06,1.0,8.055555555555555,9.0,5.0,87.0,823.0,0.6561360874848117,0.0555555555555555,0.5,Fashion,4.225,8.0,8.0,6.0,2023-01-01,North,Paid Ads,31,Fashion,913,6257.12743702081,0,1,0.6993969652702825,1,0,0.0,218.81079703808877,787.7188693371196,1531.6755792666213,discount_offer,20,218.81079703808877
104825,1.0,597.8,597.8,2025-06-18,2025-06-18,0.0,15.0,1.0,1.0,14.0,1.0,30.0,0.0,1.0,Beauty & Personal Care,4.037037037037037,0.0,7.0,4.0,2024-06-06,South,Direct,32,Beauty & Personal Care,391,558.0485933503836,0,1,0.6992257846665959,1,0,0.0,19.510098278375605,70.23635380215217,136.57068794862923,discount_offer,0,0.0
103503,2.0,2992.3100000000004,1496.1550000000002,2025-02-25,2025-04-05,0.0,0.0,0.0,1.0,88.0,39.0,1.5384615384615383,0.0,0.0,Fashion,2.5,2.0,8.0,6.0,2025-01-31,South,Referral,22,Fashion,152,7185.481250000001,0,1,0.6988955332923992,1,0,0.0,251.0950375090643,903.9421350326313,1757.66526256345,discount_offer,250,903.9421350326313
104995,7.0,9006.5,1286.642857142857,2024-03-16,2025-03-25,0.0,7.142857142857143,4.0,4.0,99.0,374.0,0.5614973262032086,0.0,0.5714285714285714,Home & Kitchen,4.05,6.0,8.0,3.333333333333333,2024-02-19,Central,Paid Ads,33,Home & Kitchen,499,6587.920841683367,0,1,0.6988895685257033,1,0,0.0,230.21145772627884,828.7612478146037,1611.4802040839518,discount_offer,20,230.21145772627884
100729,2.0,1908.24,954.12,2025-02-12,2025-03-26,0.0,12.5,1.0,1.0,98.0,42.0,1.4285714285714286,0.0,0.5,Sports & Outdoors,4.45,2.0,7.0,5.666666666666667,2025-01-11,North,Paid Ads,45,Sports & Outdoors,172,4049.4627906976734,0,1,0.6987500369318462,1,0,0.0,141.4781137277068,509.3212094197445,990.3467960939477,discount_offer,20,141.4781137277068
103787,3.0,3971.88,1323.96,2024-11-26,2025-03-07,0.0,10.0,2.0,2.0,117.0,101.0,0.8910891089108911,0.0,0.6666666666666666,Fashion,3.75,2.0,10.0,2.6666666666666665,2024-11-25,West,Referral,40,Fashion,219,6619.8,1,0,0.698336562909746,1,1,0.0,231.14241895749683,832.1127082469886,1617.9969327024776,discount_offer,20,231.14241895749683
104456,8.0,8395.65,1049.45625,2024-10-22,2025-04-21,1.0,7.5,4.0,3.0,72.0,181.0,1.3259668508287292,0.125,0.5,Fashion,3.683333333333333,6.0,11.0,5.0,2024-10-05,East,Organic Search,18,Fashion,270,11349.675,1,0,0.6983180554326257,1,1,0.0,396.2841487896143,1426.6229356426113,2773.9890415273,discount_offer,250,1426.6229356426113
103065,1.0,486.8,486.8,2025-06-24,2025-06-24,0.0,0.0,0.0,1.0,8.0,1.0,30.0,0.0,0.0,Books,4.037037037037037,0.0,5.0,4.0,2025-04-08,North,Referral,49,Fashion,85,2090.3764705882354,0,1,0.6982099508104835,1,0,0.0,72.9760826352402,262.7138974868647,510.83257844668134,discount_offer,20,72.9760826352402
105451,16.0,55072.94,3442.05875,2023-05-09,2024-12-16,2.0,2.1875,3.0,2.0,198.0,587.0,0.817717206132879,0.125,0.1875,Electronics,4.111111111111111,9.0,9.0,6.666666666666667,2023-04-01,South,Organic Search,40,Electronics,823,24424.81543134873,0,1,0.6981201744402753,1,0,0.0,852.5728204802351,3069.2621537288464,5968.009743361646,discount_offer,900,5968.009743361646
102902,5.0,12068.37,2413.674,2024-06-02,2025-02-08,0.0,1.0,1.0,2.0,144.0,251.0,0.597609561752988,0.0,0.2,Sports & Outdoors,4.2,2.0,5.0,5.0,2024-05-04,North,Referral,61,Sports & Outdoors,424,10389.044929245283,0,1,0.6981022335316369,1,0,0.0,362.63077346833296,1305.4707844859986,2538.4154142783304,discount_offer,250,1305.4707844859986
100878,7.0,8718.94,1245.5628571428572,2024-09-28,2025-06-28,0.0,7.857142857142857,4.0,3.0,4.0,273.0,0.7692307692307693,0.0,0.5714285714285714,Grocery,3.6,5.0,4.0,5.0,2024-08-10,West,Organic Search,27,Grocery,326,9762.003374233129,0,1,0.6978136592388247,1,0,0.0,340.60296480376866,1226.1706732935672,2384.2207536263804,discount_offer,250,1226.1706732935672
102012,16.0,11217.45,701.090625,2024-01-08,2025-04-06,1.0,9.375,10.0,5.0,87.0,454.0,1.0572687224669604,0.0625,0.625,Books,4.245454545454546,11.0,8.0,4.666666666666667,2023-11-08,East,Organic Search,33,Books,602,6801.277823920266,0,1,0.6976884238918309,1,0,0.0,237.25864027106962,854.1311049758506,1660.810481897487,discount_offer,20,237.25864027106962
105804,6.0,5828.84,971.4733333333334,2024-09-16,2025-05-16,0.0,0.8333333333333334,1.0,2.0,47.0,242.0,0.7438016528925621,0.0,0.1666666666666666,Sports & Outdoors,3.15,4.0,12.0,4.0,2024-09-12,Central,Paid Ads,45,Sports & Outdoors,293,7261.182935153583,0,1,0.6976556712700749,1,0,0.0,253.29027274196926,911.8449818710893,1773.0319091937847,discount_offer,250,911.8449818710893
105777,2.0,558.48,279.24,2025-01-14,2025-06-03,1.0,10.0,2.0,2.0,29.0,140.0,0.4285714285714285,0.5,1.0,Beauty & Personal Care,3.7,1.0,13.0,4.0,2024-06-01,Central,Email,24,Books,396,514.760606060606,0,1,0.6975515742470513,1,0,0.0,17.9536035558971,64.63297280122956,125.67522489127968,discount_offer,0,0.0
100684,23.0,78477.34999999999,3412.0586956521734,2023-01-09,2025-03-27,1.0,8.26086956521739,14.0,6.0,97.0,808.0,0.8539603960396039,0.0434782608695652,0.6086956521739131,Electronics,3.85,10.0,5.0,4.0,2023-01-01,Central,Social Media,32,Electronics,913,31373.748904709744,0,1,0.6974900854689647,1,0,0.0,1094.143940251392,3938.918184905011,7659.007581759743,discount_offer,900,7659.007581759743
102488,9.0,14543.490000000002,1615.9433333333336,2024-06-12,2025-05-09,0.0,10.0,4.0,4.0,54.0,331.0,0.8157099697885196,0.0,0.4444444444444444,Home & Kitchen,3.7,5.0,9.0,5.666666666666667,2024-06-07,North,Paid Ads,47,Home & Kitchen,390,13611.215000000002,0,1,0.6974222508050469,1,1,0.0,474.6382100745709,1708.6975562684554,3322.4674705219963,discount_offer,250,1708.6975562684554
103467,14.0,7285.68,520.4057142857143,2023-01-03,2024-04-10,2.0,6.071428571428571,5.0,4.0,448.0,463.0,0.9071274298056156,0.1428571428571428,0.3571428571428571,Beauty & Personal Care,3.866666666666666,9.0,13.0,4.333333333333333,2023-01-01,East,Organic Search,32,Beauty & Personal Care,913,2912.676013143483,1,0,0.6973887498152253,1,0,0.0,101.5633741711464,365.62814701612706,710.9436191980249,discount_offer,20,101.5633741711464
100094,17.0,17305.8,1017.9882352941175,2023-03-15,2025-05-29,2.0,4.411764705882353,5.0,4.0,34.0,806.0,0.6327543424317618,0.1176470588235294,0.2941176470588235,Fashion,3.466666666666667,9.0,10.0,8.666666666666666,2023-01-01,West,Referral,59,Fashion,913,6918.529025191676,0,1,0.6973077239115161,1,1,0.0,241.21718636860837,868.3818709269901,1688.5203045802584,discount_offer,20,241.21718636860837
104985,24.0,22324.13,930.1720833333334,2023-01-14,2025-04-11,0.0,6.25,9.0,4.0,82.0,818.0,0.880195599022005,0.0,0.375,Beauty & Personal Care,3.73,10.0,10.0,3.0,2023-01-01,North,Direct,18,Beauty & Personal Care,913,8924.761719605696,0,1,0.6972862254979018,1,0,0.0,311.1556706466009,1120.1604143277634,2178.0896945262066,discount_offer,250,1120.1604143277634
101850,9.0,7640.1,848.9000000000001,2024-04-12,2025-06-14,2.0,1.1111111111111112,2.0,4.0,18.0,428.0,0.6308411214953271,0.2222222222222222,0.2222222222222222,Toys & Games,3.283333333333333,6.0,10.0,4.0,2024-03-28,East,Organic Search,42,Toys & Games,461,6049.103036876356,1,0,0.6971879018461504,1,1,0.0,210.8680727165502,759.1250617795806,1476.0765090158511,discount_offer,20,210.8680727165502
104907,8.0,4136.110000000001,517.0137500000001,2023-05-09,2025-06-28,0.0,5.0,3.0,2.0,4.0,781.0,0.3072983354673495,0.0,0.375,Grocery,3.86,5.0,4.0,6.666666666666667,2023-01-01,Central,Referral,39,Grocery,913,1653.537951807229,0,1,0.6968003669603329,1,1,0.0,57.60929258010572,207.39345328838058,403.26504806074,discount_offer,20,57.60929258010572
105605,4.0,2775.8900000000003,693.9725000000001,2024-11-04,2025-04-20,0.0,7.5,3.0,2.0,73.0,167.0,0.718562874251497,0.0,0.75,Fashion,4.300000000000001,2.0,6.0,4.0,2024-10-21,North,Social Media,28,Fashion,254,3988.975787401576,0,1,0.6964315084363436,1,0,0.0,138.90242123680653,500.0487164525036,972.3169486576458,discount_offer,20,138.90242123680653
102802,12.0,16402.86,1366.905,2023-11-23,2025-04-05,0.0,10.833333333333334,9.0,6.0,88.0,499.0,0.7214428857715431,0.0,0.75,Home & Kitchen,3.3,8.0,12.0,4.0,2023-10-06,West,Paid Ads,34,Home & Kitchen,635,9428.415590551182,0,1,0.696068895759058,1,1,0.0,328.14134144362237,1181.3088291970405,2296.9893901053565,discount_offer,250,1181.3088291970405
100110,10.0,8095.18,809.518,2024-10-07,2025-05-12,1.0,6.5,4.0,3.0,51.0,217.0,1.3824884792626728,0.1,0.4,Toys & Games,3.283333333333333,6.0,14.0,6.0,2024-09-03,West,Organic Search,20,Toys & Games,302,9783.909602649006,0,1,0.6955542501287804,1,0,0.0,340.26199534991514,1224.9431832596943,2381.833967449406,discount_offer,250,1224.9431832596943
100364,6.0,3132.7,522.1166666666667,2024-07-31,2024-12-29,0.0,14.166666666666666,5.0,2.0,185.0,151.0,1.1920529801324504,0.0,0.8333333333333334,Grocery,3.7,4.0,7.0,6.666666666666667,2024-07-26,South,Organic Search,42,Grocery,341,3353.1832844574774,1,0,0.6953838042630045,1,0,0.0,116.58746743685785,419.71488277268827,816.1122720580048,discount_offer,20,116.58746743685785
105464,3.0,3250.36,1083.4533333333334,2025-03-12,2025-05-05,0.0,5.0,1.0,3.0,58.0,54.0,1.6666666666666663,0.0,0.3333333333333333,Toys & Games,3.6,2.0,11.0,3.6666666666666665,2024-12-21,North,Organic Search,25,Home & Kitchen,193,6147.053886010363,0,1,0.6952457940339144,1,0,0.0,213.68566799742675,769.2684047907362,1495.7996759819869,discount_offer,20,213.68566799742675
102063,4.0,9448.33,2362.0825,2024-02-20,2024-11-10,0.0,3.75,2.0,3.0,234.0,264.0,0.4545454545454545,0.0,0.5,Home & Kitchen,4.9,2.0,5.0,4.0,2024-01-04,East,Social Media,31,Home & Kitchen,545,6327.780642201835,1,0,0.6949082202474366,1,0,0.0,219.8613392094329,791.5008211539586,1539.0293744660303,discount_offer,20,219.8613392094329
101873,18.0,19844.99,1102.4994444444444,2023-05-26,2025-06-05,4.0,8.055555555555555,14.0,5.0,27.0,741.0,0.728744939271255,0.2222222222222222,0.7777777777777778,Fashion,4.1625,8.0,9.0,5.333333333333333,2023-03-03,North,Organic Search,48,Fashion,852,8501.668251173709,0,1,0.6948254981284733,1,0,0.0,295.35879387724,1063.2916579580635,2067.5115571406795,discount_offer,250,1063.2916579580635
102336,8.0,10093.28,1261.66,2024-09-01,2025-02-11,0.0,7.5,3.0,1.0,141.0,163.0,1.4723926380368098,0.0,0.375,Sports & Outdoors,4.5,6.0,8.0,2.6666666666666665,2024-03-21,Central,Social Media,49,Sports & Outdoors,468,7871.895726495726,0,1,0.6943091046775869,1,0,0.0,273.2764436989285,983.7951973161425,1912.9351058924995,discount_offer,250,983.7951973161425
105325,8.0,7741.56,967.695,2024-02-13,2025-05-16,1.0,0.0,0.0,4.0,47.0,458.0,0.5240174672489083,0.125,0.0,Fashion,3.733333333333333,6.0,9.0,3.0,2024-01-21,South,Social Media,42,Fashion,528,5351.646590909091,0,1,0.6939545230227967,1,1,0.0,185.68996786904472,668.483884328561,1299.8297750833128,discount_offer,20,185.68996786904472
101127,10.0,7387.98,738.798,2024-11-30,2025-05-23,0.0,5.5,4.0,3.0,40.0,174.0,1.7241379310344829,0.0,0.4,Books,3.357142857142857,7.0,9.0,6.0,2024-11-30,East,Direct,34,Books,214,12600.993925233644,0,1,0.6935677736221996,1,0,0.0,436.982165107558,1573.1357943872088,3058.875155752906,discount_offer,250,1573.1357943872088
100322,10.0,14311.19,1431.119,2023-11-25,2025-05-25,0.0,7.0,6.0,3.0,38.0,547.0,0.5484460694698354,0.0,0.6,Sports & Outdoors,3.625,4.0,9.0,8.0,2023-11-12,East,Referral,31,Sports & Outdoors,598,8735.090886287626,0,1,0.693323925143403,1,1,0.0,302.81237498826516,1090.1245499577547,2119.686624917856,discount_offer,250,1090.1245499577547
103028,19.0,26038.62,1370.4536842105265,2023-01-14,2025-05-19,0.0,3.1578947368421053,6.0,7.0,44.0,856.0,0.6658878504672897,0.0,0.3157894736842105,Home & Kitchen,3.4,10.0,7.0,4.0,2023-01-01,South,Organic Search,38,Home & Kitchen,913,10409.744030668127,0,1,0.693166681221802,1,1,0.0,360.78438610533453,1298.8237899792043,2525.4907027373415,discount_offer,250,1298.8237899792043
103551,23.0,69889.86,3038.689565217391,2023-01-10,2025-06-05,2.0,4.565217391304348,8.0,6.0,27.0,877.0,0.7867730900798175,0.0869565217391304,0.3478260869565217,Electronics,3.85,10.0,6.0,6.0,2023-01-01,Central,Organic Search,44,Electronics,913,27940.63406352683,0,1,0.6930155158013294,1,0,0.0,968.1646463675621,3485.392726923223,6777.1525245729335,discount_offer,900,6777.1525245729335
104771,3.0,4784.83,1594.9433333333334,2024-09-18,2025-03-18,0.0,0.0,0.0,1.0,106.0,181.0,0.4972375690607735,0.0,0.0,Fashion,4.0,2.0,10.0,2.6666666666666665,2024-08-18,West,Organic Search,50,Fashion,318,5492.021855345912,0,1,0.692871310907697,1,0,0.0,190.26321912236224,684.947588840504,1331.8425338565355,discount_offer,20,190.26321912236224
102139,8.0,8649.64,1081.205,2024-02-22,2025-06-09,2.0,8.125,5.0,3.0,23.0,473.0,0.507399577167019,0.25,0.625,Home & Kitchen,3.6,1.0,11.0,5.0,2024-02-22,Central,Direct,34,Home & Kitchen,496,6365.158467741935,0,1,0.6925104139546413,1,0,0.0,220.3969262691429,793.4289345689144,1542.7784838840003,discount_offer,20,220.3969262691429
105024,12.0,9870.44,822.5366666666667,2024-02-09,2025-05-06,0.0,7.083333333333333,6.0,3.0,57.0,452.0,0.7964601769911505,0.0,0.5,Fashion,3.628571428571429,7.0,12.0,5.333333333333333,2024-01-21,South,Referral,32,Fashion,528,6823.315530303031,0,1,0.6923358489473935,1,0,0.0,236.20129751541418,850.324671055491,1653.409082607899,discount_offer,20,236.20129751541418
100039,6.0,3102.63,517.105,2024-02-06,2025-05-26,1.0,5.0,2.0,2.0,37.0,475.0,0.3789473684210526,0.1666666666666666,0.3333333333333333,Beauty & Personal Care,4.233333333333333,6.0,8.0,4.333333333333333,2024-01-04,North,Email,28,Beauty & Personal Care,545,2077.9081651376146,0,1,0.6922843859471434,1,1,0.0,71.92516890784245,258.9306080682328,503.47618235489705,discount_offer,20,71.92516890784245
104389,15.0,19298.76,1286.584,2024-08-06,2025-04-28,2.0,7.666666666666667,8.0,6.0,65.0,265.0,1.6981132075471697,0.1333333333333333,0.5333333333333333,Home & Kitchen,3.7,7.0,9.0,5.333333333333333,2024-08-01,North,Referral,18,Home & Kitchen,335,21027.007164179107,0,1,0.6922503276948017,1,0,0.0,727.7976299921964,2620.071467971907,5094.583409945375,discount_offer,250,2620.071467971907
102834,11.0,15943.93,1449.448181818182,2023-08-08,2025-06-03,0.0,4.545454545454546,3.0,5.0,29.0,665.0,0.4962406015037593,0.0,0.2727272727272727,Fashion,3.4857142857142853,7.0,9.0,3.333333333333333,2023-01-01,West,Organic Search,50,Fashion,913,6374.079353778751,0,1,0.6922159860814943,1,1,0.0,220.61198126188262,794.2031325427773,1544.283868833178,discount_offer,20,220.61198126188262
101212,7.0,7842.85,1120.4071428571428,2024-02-20,2025-01-08,2.0,7.857142857142857,4.0,2.0,175.0,323.0,0.6501547987616099,0.2857142857142857,0.5714285714285714,Fashion,4.14,5.0,5.0,5.666666666666667,2023-11-29,North,Organic Search,44,Fashion,581,4927.09165232358,1,0,0.6921569602707344,1,0,0.0,170.51603905237994,613.8577405885678,1193.6122733666596,discount_offer,20,170.51603905237994
104193,12.0,12113.66,1009.4716666666668,2023-11-16,2024-09-12,1.0,2.5,2.0,4.0,293.0,301.0,1.196013289036545,0.0833333333333333,0.1666666666666666,Beauty & Personal Care,4.1,5.0,10.0,2.333333333333333,2023-08-26,East,Referral,56,Beauty & Personal Care,676,6540.659615384615,1,0,0.6918884977810272,1,0,0.0,226.27035778927464,814.5732880413887,1583.8925045249223,discount_offer,20,226.27035778927464
104527,6.0,9688.45,1614.7416666666668,2023-12-23,2024-11-18,0.0,8.333333333333334,2.0,3.0,226.0,331.0,0.5438066465256798,0.0,0.3333333333333333,Home & Kitchen,4.050000000000001,2.0,7.0,5.666666666666667,2023-11-27,West,Paid Ads,25,Home & Kitchen,583,6065.667667238423,1,0,0.6918781736125869,1,0,0.0,209.835153367492,755.4065521229712,1468.846073572444,discount_offer,20,209.835153367492
105197,13.0,20468.82,1574.5246153846151,2024-04-04,2025-01-30,1.0,8.076923076923077,8.0,6.0,153.0,301.0,1.2956810631229236,0.0769230769230769,0.6153846153846154,Sports & Outdoors,3.675,8.0,13.0,3.333333333333333,2024-03-10,South,Organic Search,37,Sports & Outdoors,479,15597.326304801669,0,1,0.6916486007912898,1,0,0.0,539.3934457400626,1941.8164046642253,3775.754120180438,discount_offer,250,1941.8164046642253
102863,23.0,36566.28,1589.8382608695651,2023-12-29,2025-05-31,4.0,5.217391304347826,8.0,6.0,32.0,519.0,1.329479768786127,0.1739130434782608,0.3478260869565217,Fashion,3.64,15.0,8.0,5.333333333333333,2023-12-08,North,Referral,33,Fashion,572,23333.37797202797,0,1,0.6913696177929212,1,0,0.0,806.5994305169372,2903.757949860974,5646.19601361856,discount_offer,900,5646.19601361856
102392,3.0,2536.53,845.5099999999999,2024-12-29,2025-02-06,0.0,10.0,2.0,2.0,146.0,39.0,2.3076923076923075,0.0,0.6666666666666666,Toys & Games,4.9,1.0,8.0,4.666666666666667,2024-11-08,South,Paid Ads,48,Toys & Games,236,3923.0230932203385,1,0,0.6911200288768488,1,0,0.0,135.56399167354925,488.03037002477726,948.9479417148447,discount_offer,20,135.56399167354925
105250,16.0,10850.96,678.1850000000001,2023-02-22,2024-11-24,1.0,8.125,8.0,4.0,220.0,641.0,0.748829953198128,0.0625,0.5,Books,3.9,9.0,6.0,6.666666666666667,2023-01-01,South,Organic Search,47,Books,913,4338.0070098576125,1,0,0.6909095669758969,1,0,0.0,149.85852723595642,539.490698049443,1049.0096906516949,discount_offer,20,149.85852723595642
105040,29.0,40257.52,1388.1903448275862,2023-04-16,2024-12-20,2.0,5.517241379310345,13.0,5.0,194.0,614.0,1.416938110749186,0.0689655172413793,0.4482758620689655,Home & Kitchen,3.5500000000000003,14.0,4.0,9.666666666666666,2023-04-11,West,Direct,28,Home & Kitchen,813,18073.794341943416,0,1,0.6907822796180849,1,1,0.0,624.252842843806,2247.310234237701,4369.7698999066415,discount_offer,250,2247.310234237701
104153,22.0,21462.59,975.5722727272728,2023-01-16,2025-01-11,1.0,3.636363636363636,7.0,8.0,172.0,726.0,0.9090909090909092,0.0454545454545454,0.3181818181818182,Fashion,3.878571428571429,14.0,4.0,6.0,2023-01-01,Central,Paid Ads,35,Fashion,913,8580.334446878422,0,1,0.6907621251635245,1,1,0.0,296.34850285697667,1066.854610285116,2074.4395199988367,discount_offer,250,1066.854610285116
100540,1.0,487.26,487.26,2025-01-13,2025-01-13,0.0,25.0,1.0,1.0,170.0,1.0,30.0,0.0,1.0,Fashion,4.037037037037037,0.0,7.0,5.666666666666667,2024-12-10,West,Organic Search,54,Fashion,204,871.8132352941177,1,0,0.6907285474206301,1,1,0.0,30.1093144818393,108.39353213462147,210.76520137287505,discount_offer,0,0.0
104331,7.0,3339.96,477.13714285714286,2025-02-09,2025-06-11,1.0,5.0,4.0,3.0,21.0,122.0,1.7213114754098362,0.1428571428571428,0.5714285714285714,Grocery,3.15,4.0,11.0,5.0,2025-01-14,North,Organic Search,47,Grocery,169,7213.523076923077,0,1,0.6905657948120273,1,0,0.0,249.0706148505143,896.6542134618512,1743.4943039535997,discount_offer,250,896.6542134618512
103573,9.0,4396.79,488.53222222222223,2024-10-05,2025-04-06,0.0,2.2222222222222223,2.0,2.0,87.0,183.0,1.475409836065574,0.0,0.2222222222222222,Books,3.783333333333333,6.0,12.0,3.6666666666666665,2024-05-30,West,Direct,33,Books,398,4032.23203517588,0,1,0.6904126245765968,1,0,0.0,139.19519511538059,501.10270241537006,974.366365807664,discount_offer,20,139.19519511538059
100881,1.0,847.9,847.9,2025-02-03,2025-02-03,0.0,0.0,0.0,1.0,149.0,1.0,30.0,0.0,0.0,Beauty & Personal Care,4.0,1.0,5.0,3.333333333333333,2024-09-28,North,Organic Search,18,Fashion,277,1117.268953068592,1,0,0.6903282132541606,1,0,0.0,38.56411400480939,138.83081041731378,269.9487980336657,discount_offer,0,0.0
102634,15.0,11448.54,763.2360000000001,2023-07-16,2025-01-11,0.0,7.333333333333333,8.0,5.0,172.0,545.0,0.8256880733944953,0.0,0.5333333333333333,Books,4.25,8.0,7.0,3.333333333333333,2023-05-29,South,Organic Search,32,Books,765,5462.375294117648,1,0,0.6901055409001047,1,0,0.0,188.48077284732142,678.530782250357,1319.3654099312496,discount_offer,20,188.48077284732142
104019,3.0,4016.62,1338.8733333333334,2024-12-22,2025-01-22,1.0,5.0,1.0,2.0,161.0,31.0,2.9032258064516125,0.3333333333333333,0.3333333333333333,Home & Kitchen,4.533333333333333,3.0,8.0,3.6666666666666665,2024-10-24,Central,Paid Ads,32,Home & Kitchen,251,5840.901593625498,0,1,0.6900936578123522,1,1,0.0,201.53845728335085,725.5384462200631,1410.769200983456,discount_offer,20,201.53845728335085
100263,12.0,19303.06,1608.5883333333334,2023-05-11,2025-06-18,1.0,7.916666666666667,7.0,5.0,14.0,769.0,0.4681404421326398,0.0833333333333333,0.5833333333333334,Fashion,3.78,5.0,6.0,5.666666666666667,2023-01-01,Central,Direct,39,Fashion,913,7716.995509309968,0,1,0.6900558066561934,1,0,0.0,266.2578780569556,958.5283610050401,1863.805146398689,discount_offer,250,958.5283610050401
105188,8.0,6514.56,814.32,2024-06-29,2025-01-31,0.0,0.0,0.0,1.0,152.0,216.0,1.1111111111111112,0.0,0.0,Beauty & Personal Care,3.86,5.0,10.0,3.333333333333333,2024-03-19,East,Social Media,23,Beauty & Personal Care,470,5059.179574468085,0,1,0.6900362685729666,1,1,0.0,174.5508697803263,628.3831312091747,1221.856088462284,discount_offer,20,174.5508697803263
102070,1.0,1275.31,1275.31,2025-03-26,2025-03-26,0.0,0.0,0.0,1.0,98.0,1.0,30.0,0.0,0.0,Fashion,3.0,1.0,5.0,5.333333333333333,2025-01-15,East,Organic Search,49,Fashion,168,2770.7627976190474,0,1,0.6894139197036949,1,1,0.0,95.51012204378615,343.8364393576301,668.5708543065031,discount_offer,20,95.51012204378615
103868,3.0,4997.47,1665.8233333333335,2025-01-04,2025-02-26,0.0,5.0,1.0,1.0,126.0,53.0,1.69811320754717,0.0,0.3333333333333333,Sports & Outdoors,3.0,3.0,9.0,6.333333333333333,2024-08-24,East,Social Media,31,Sports & Outdoors,312,5846.39919871795,1,0,0.689169774851007,1,0,0.0,201.4580809734779,725.2490915045203,1410.206566814345,discount_offer,20,201.4580809734779
104607,16.0,14740.36,921.2725,2023-04-24,2025-06-06,3.0,10.625,11.0,5.0,26.0,774.0,0.6201550387596899,0.1875,0.6875,Fashion,3.65,6.0,11.0,7.333333333333333,2023-02-24,West,Organic Search,44,Fashion,859,6263.3660069848665,0,1,0.6890058237948206,1,1,0.0,215.7747827685542,776.7892179667951,1510.4234793798792,discount_offer,20,215.7747827685542
101059,6.0,9648.78,1608.13,2024-04-06,2025-05-08,1.0,0.0,0.0,3.0,55.0,397.0,0.4534005037783375,0.1666666666666666,0.0,Books,3.866666666666667,3.0,7.0,5.333333333333333,2024-03-27,South,Paid Ads,55,Books,462,7622.953896103896,0,1,0.6889632104814809,1,0,0.0,262.5967394806027,945.3482621301696,1838.1771763642187,discount_offer,250,945.3482621301696
102294,6.0,9059.48,1509.9133333333332,2024-11-05,2025-03-11,1.0,7.5,2.0,3.0,113.0,126.0,1.4285714285714286,0.1666666666666666,0.3333333333333333,Beauty & Personal Care,3.775,4.0,9.0,4.333333333333333,2024-11-01,North,Referral,38,Beauty & Personal Care,243,13607.860905349791,0,1,0.6888690437342849,1,0,0.0,468.7017064568736,1687.3261432447448,3280.9119451981146,discount_offer,250,1687.3261432447448
100846,5.0,3762.12,752.4240000000001,2024-12-14,2025-05-25,1.0,5.0,2.0,2.0,38.0,162.0,0.9259259259259258,0.2,0.4,Fashion,3.233333333333333,3.0,7.0,4.666666666666667,2024-11-17,East,Referral,38,Fashion,227,6049.223788546256,1,0,0.6888317924241443,1,0,0.0,208.3448832519545,750.0415797070362,1458.4141827636815,discount_offer,20,208.3448832519545
103795,8.0,6219.52,777.44,2024-10-05,2025-02-15,0.0,4.375,2.0,2.0,137.0,133.0,1.8045112781954888,0.0,0.25,Beauty & Personal Care,3.15,4.0,7.0,6.666666666666667,2024-09-26,Central,Organic Search,28,Beauty & Personal Care,279,8136.648028673836,0,1,0.6885198001726544,1,1,0.0,280.1121637388866,1008.4037894599916,1960.785146172206,discount_offer,250,1008.4037894599916
103664,12.0,15094.77,1257.8975,2023-07-10,2025-05-14,1.0,5.0,3.0,3.0,49.0,674.0,0.5341246290801187,0.0833333333333333,0.25,Beauty & Personal Care,3.65,8.0,12.0,3.333333333333333,2023-01-01,Central,Paid Ads,33,Beauty & Personal Care,913,6034.601369112816,0,1,0.6884479890256994,1,0,0.0,207.72545885687254,747.8116518847411,1454.0782119981077,discount_offer,20,207.72545885687254
102215,14.0,19647.48,1403.3914285714286,2024-05-09,2025-05-23,1.0,5.0,5.0,2.0,40.0,379.0,1.108179419525066,0.0714285714285714,0.3571428571428571,Home & Kitchen,3.65,10.0,10.0,5.333333333333333,2024-04-10,West,Social Media,18,Home & Kitchen,448,16007.433482142858,0,1,0.6883636908542168,1,0,0.0,550.9467996435612,1983.4084787168206,3856.6275975049284,discount_offer,250,1983.4084787168206
104126,10.0,8874.369999999999,887.4369999999999,2023-11-19,2025-05-25,2.0,3.5,2.0,5.0,38.0,553.0,0.5424954792043399,0.2,0.2,Fashion,4.077777777777778,9.0,8.0,5.333333333333333,2023-11-18,North,Direct,36,Fashion,592,5471.528800675675,0,1,0.6882320824456017,1,0,0.0,188.28408303250527,677.8226989170189,1317.9885812275368,discount_offer,20,188.28408303250527
100402,5.0,18242.86,3648.572,2023-05-11,2025-06-19,1.0,5.0,2.0,2.0,13.0,770.0,0.1948051948051948,0.2,0.4,Electronics,3.15,2.0,11.0,5.0,2023-04-24,West,Organic Search,30,Electronics,800,8323.304875000002,1,0,0.6881332112095784,1,0,0.0,286.37712557550446,1030.957652071816,2004.6398790285311,discount_offer,250,1030.957652071816
100740,1.0,282.09,282.09,2025-05-14,2025-05-14,0.0,25.0,1.0,1.0,49.0,1.0,30.0,0.0,1.0,Books,4.037037037037037,0.0,6.0,5.666666666666667,2025-01-29,North,Organic Search,38,Books,154,668.589935064935,0,1,0.6881292182770805,1,0,0.0,23.00381346820789,82.8137284855484,161.02669427745522,discount_offer,0,0.0
100510,10.0,12640.77,1264.077,2024-06-22,2025-05-16,2.0,8.0,4.0,6.0,47.0,328.0,0.9146341463414634,0.2,0.4,Fashion,3.7,6.0,10.0,3.0,2024-06-06,Central,Organic Search,32,Fashion,391,11800.207289002556,0,1,0.6879234134528908,1,1,0.0,405.8819438851161,1461.1749979864176,2841.1736071958117,discount_offer,250,1461.1749979864176
103381,7.0,6635.63,947.9471428571428,2024-04-12,2025-06-03,0.0,7.142857142857143,5.0,3.0,29.0,417.0,0.5035971223021583,0.0,0.7142857142857143,Fashion,3.56,5.0,4.0,4.333333333333333,2024-02-14,Central,Paid Ads,51,Fashion,504,4805.565376984127,0,1,0.6877669715518279,1,1,0.0,165.25545729613458,594.9196462660844,1156.788201072942,discount_offer,20,165.25545729613458
102168,8.0,4670.03,583.75375,2024-01-12,2025-03-29,0.0,6.875,3.0,6.0,95.0,442.0,0.5429864253393666,0.0,0.375,Fashion,3.575,4.0,15.0,3.6666666666666665,2024-01-08,South,Paid Ads,61,Fashion,541,3150.7596118299443,0,1,0.6874945668088356,1,0,0.0,108.30650572269013,389.90342060168445,758.1455400588308,discount_offer,20,108.30650572269013
101014,1.0,605.5,605.5,2025-06-20,2025-06-20,0.0,0.0,0.0,1.0,12.0,1.0,30.0,0.0,0.0,Books,3.2,1.0,5.0,5.666666666666667,2025-03-07,North,Referral,45,Grocery,117,1888.952991452992,0,1,0.6871916705552623,1,0,0.0,64.90363808984708,233.6530971234495,454.3254666289296,discount_offer,20,64.90363808984708
100527,5.0,3293.77,658.754,2024-05-20,2025-04-24,0.0,0.0,0.0,2.0,69.0,339.0,0.4424778761061946,0.0,0.0,Beauty & Personal Care,4.037037037037037,0.0,9.0,6.0,2024-05-17,West,Referral,55,Beauty & Personal Care,411,2925.124209245742,0,1,0.6869872413687405,1,1,0.0,100.47615055853252,361.71414201071707,703.3330539097276,discount_offer,20,100.47615055853252
105872,30.0,38543.14,1284.7713333333334,2023-01-17,2025-01-12,5.0,9.666666666666666,19.0,6.0,171.0,726.0,1.2396694214876034,0.1666666666666666,0.6333333333333333,Home & Kitchen,4.064705882352941,17.0,6.0,5.333333333333333,2023-01-01,North,Paid Ads,56,Home & Kitchen,913,15408.812814895948,0,1,0.6869060033791676,1,1,0.0,529.2203013748939,1905.193084949618,3704.5421096242567,discount_offer,250,1905.193084949618
102733,14.0,22077.79,1576.985,2023-08-09,2025-06-29,1.0,7.5,6.0,5.0,3.0,690.0,0.6086956521739131,0.0714285714285714,0.4285714285714285,Home & Kitchen,4.0,5.0,8.0,5.0,2023-07-29,West,Email,54,Home & Kitchen,704,11446.581463068183,0,1,0.6868860662558347,1,0,0.0,393.1248656621931,1415.249516383895,2751.8740596353514,discount_offer,250,1415.249516383895
100286,5.0,17503.629999999997,3500.726,2024-10-22,2025-01-30,0.0,8.0,3.0,2.0,153.0,100.0,1.5,0.0,0.6,Electronics,3.5,1.0,3.0,2.6666666666666665,2024-08-15,Central,Organic Search,18,Electronics,321,19902.88146417445,0,1,0.6868822016561414,1,0,0.0,683.5467519706677,2460.7683070944036,4784.827263794674,discount_offer,250,2460.7683070944036
100815,15.0,13087.92,872.528,2024-02-11,2025-05-17,1.0,5.0,7.0,6.0,46.0,461.0,0.9761388286334056,0.0666666666666666,0.4666666666666667,Toys & Games,3.5500000000000003,6.0,9.0,5.0,2023-12-15,East,Paid Ads,22,Toys & Games,565,8455.02796460177,0,1,0.6868544627705948,1,1,0.0,290.36868451684524,1045.3272642606428,2032.5807916179165,discount_offer,250,1045.3272642606428
103765,9.0,7288.66,809.8511111111111,2024-02-04,2025-07-01,2.0,1.1111111111111112,1.0,3.0,1.0,513.0,0.5263157894736842,0.2222222222222222,0.1111111111111111,Fashion,4.0,4.0,6.0,3.0,2023-11-23,North,Direct,24,Fashion,587,4532.131005110732,0,1,0.686687748735913,1,0,0.0,155.60794184378597,560.1885906376294,1089.2555929065015,discount_offer,20,155.60794184378597
104024,5.0,4282.6,856.5200000000001,2024-11-20,2025-01-13,2.0,3.0,1.0,1.0,170.0,54.0,2.7777777777777777,0.4,0.2,Fashion,2.6,1.0,11.0,7.333333333333333,2024-08-14,West,Direct,34,Fashion,322,4854.5,1,0,0.6865666651814195,1,0,0.0,166.64689380616005,599.9288177021762,1166.5282566431201,discount_offer,20,166.64689380616005
102461,3.0,2523.17,841.0566666666667,2024-09-25,2025-05-07,0.0,8.333333333333334,2.0,1.0,56.0,224.0,0.4017857142857143,0.0,0.6666666666666666,Grocery,4.2,3.0,10.0,4.666666666666667,2024-08-15,West,Paid Ads,24,Grocery,321,2869.02507788162,0,1,0.686283567958125,1,0,0.0,98.44823835049678,354.41365806178834,689.1376684534773,discount_offer,20,98.44823835049678
100756,11.0,6953.94,632.1763636363636,2023-01-15,2025-05-23,0.0,2.727272727272727,3.0,3.0,40.0,859.0,0.3841676367869616,0.0,0.2727272727272727,Grocery,3.8857142857142857,7.0,4.0,5.0,2023-01-01,Central,Direct,56,Grocery,913,2780.052683461117,1,0,0.6862735771832082,1,0,0.0,95.39383499183191,343.4178059705948,667.7568449428232,discount_offer,20,95.39383499183191
100553,18.0,19247.21,1069.2894444444444,2023-10-31,2025-01-04,2.0,5.555555555555555,8.0,5.0,179.0,431.0,1.2529002320185614,0.1111111111111111,0.4444444444444444,Fashion,3.68,10.0,13.0,4.333333333333333,2023-09-18,East,Direct,37,Fashion,653,10758.394563552833,1,0,0.6862655860443517,1,0,0.0,369.1557975026476,1328.9608710095315,2584.090582518533,discount_offer,250,1328.9608710095315
102916,26.0,35290.15,1357.3134615384615,2023-05-25,2025-04-27,3.0,6.346153846153846,12.0,7.0,66.0,703.0,1.1095305832147937,0.1153846153846153,0.4615384615384615,Home & Kitchen,3.50625,16.0,12.0,4.333333333333333,2023-04-17,West,Paid Ads,38,Home & Kitchen,807,15961.468091697649,0,1,0.6861191614460661,1,0,0.0,547.5734551261866,1971.2644384542716,3833.014185883306,discount_offer,250,1971.2644384542716
101596,8.0,9406.72,1175.84,2023-09-04,2025-02-28,1.0,5.625,5.0,1.0,124.0,543.0,0.4419889502762431,0.125,0.625,Fashion,3.733333333333333,6.0,19.0,7.333333333333333,2023-04-20,East,Email,37,Fashion,804,4270.463681592039,0,1,0.6858497738137044,1,0,0.0,146.44482750497698,527.2013790179171,1025.1137925348387,discount_offer,20,146.44482750497698
100555,10.0,11485.35,1148.535,2023-09-01,2025-04-20,0.0,4.5,2.0,5.0,73.0,597.0,0.5025125628140704,0.0,0.2,Beauty & Personal Care,3.5499999999999994,6.0,11.0,6.333333333333333,2023-07-13,North,Organic Search,34,Electronics,720,5822.434375000001,1,0,0.685777438572944,1,0,0.0,199.64470659732805,718.7209437503809,1397.5129461812962,discount_offer,20,199.64470659732805
102715,20.0,23894.21,1194.7105,2023-01-14,2025-05-09,3.0,5.75,10.0,6.0,54.0,846.0,0.7092198581560284,0.15,0.5,Fashion,3.775,12.0,9.0,4.0,2023-01-01,West,Paid Ads,32,Fashion,913,9552.44978094195,1,0,0.6855917628914651,1,1,0.0,327.45404426240907,1178.8345593446725,2292.1783098368633,discount_offer,250,1178.8345593446725
102923,6.0,5657.42,942.9033333333332,2024-11-22,2025-05-19,0.0,1.6666666666666667,1.0,1.0,44.0,178.0,1.0112359550561798,0.0,0.1666666666666666,Toys & Games,3.633333333333333,3.0,11.0,5.0,2024-11-10,South,Organic Search,45,Toys & Games,234,8824.60811965812,0,1,0.6854821173826057,1,0,0.0,302.45555294674915,1088.8399906082968,2117.188870627244,discount_offer,250,1088.8399906082968
105060,14.0,10483.95,748.8535714285715,2023-02-18,2025-04-17,1.0,2.857142857142857,3.0,4.0,76.0,789.0,0.532319391634981,0.0714285714285714,0.2142857142857142,Beauty & Personal Care,4.0625,8.0,7.0,6.333333333333333,2023-01-01,South,Direct,52,Beauty & Personal Care,913,4191.283406352683,0,1,0.6854513379531668,1,0,0.0,143.64604093126766,517.1257473525636,1005.5222865188736,discount_offer,20,143.64604093126766
100049,3.0,1749.66,583.22,2025-03-25,2025-05-27,0.0,10.0,1.0,2.0,36.0,63.0,1.4285714285714286,0.0,0.3333333333333333,Sports & Outdoors,3.4000000000000004,2.0,13.0,5.0,2024-10-17,East,Organic Search,26,Sports & Outdoors,258,2475.294186046512,0,1,0.6853822887751604,1,1,0.0,84.82613973122031,305.3741030323931,593.7829781185421,discount_offer,20,84.82613973122031
102018,9.0,11929.01,1325.4455555555555,2024-09-28,2025-06-09,0.0,8.88888888888889,6.0,4.0,23.0,254.0,1.062992125984252,0.0,0.6666666666666666,Toys & Games,3.28,5.0,7.0,7.0,2024-09-02,Central,Referral,35,Toys & Games,303,14369.929537953796,0,1,0.6852565157941995,1,0,0.0,492.3543923693186,1772.4758125295466,3446.4807465852296,discount_offer,250,1772.4758125295466
104408,2.0,822.3800000000001,411.19000000000005,2025-02-02,2025-04-20,0.0,7.5,1.0,1.0,73.0,77.0,0.7792207792207791,0.0,0.5,Books,4.1,1.0,12.0,5.0,2024-11-22,West,Direct,27,Books,222,1352.1112612612617,1,0,0.6849864803403622,1,1,0.0,46.30889669399598,166.71202809838553,324.16227685797185,discount_offer,0,0.0
100055,6.0,8219.64,1369.9399999999998,2024-12-28,2025-04-05,0.0,8.333333333333334,4.0,1.0,88.0,98.0,1.836734693877551,0.0,0.6666666666666666,Sports & Outdoors,3.675,4.0,11.0,5.666666666666667,2024-12-12,East,Email,35,Sports & Outdoors,202,14852.319801980197,0,1,0.6849641391434566,1,0,0.0,508.66532237233395,1831.195160540402,3560.6572566063373,discount_offer,250,1831.195160540402
103389,21.0,15664.04,745.9066666666668,2023-08-26,2024-12-13,1.0,10.952380952380953,16.0,7.0,201.0,475.0,1.326315789473684,0.0476190476190476,0.7619047619047619,Books,3.755555555555555,18.0,9.0,4.333333333333333,2023-08-12,Central,Paid Ads,34,Books,690,8286.050144927536,0,1,0.6849526350101854,1,0,0.0,283.77759402973226,1021.599338507036,1986.4431582081256,discount_offer,250,1021.599338507036
105602,11.0,10246.43,931.4936363636364,2023-02-12,2025-05-03,0.0,4.545454545454546,3.0,4.0,60.0,811.0,0.4069050554870529,0.0,0.2727272727272727,Fashion,4.111111111111111,9.0,8.0,3.0,2023-01-01,South,Direct,22,Fashion,913,4096.327437020811,0,1,0.6847983364566168,1,1,0.0,140.2579107226724,504.9284786016206,981.8053750587068,discount_offer,20,140.2579107226724
105562,3.0,2464.57,821.5233333333332,2024-11-24,2025-06-09,1.0,10.0,1.0,1.0,23.0,197.0,0.4568527918781726,0.3333333333333333,0.3333333333333333,Toys & Games,2.05,2.0,12.0,6.0,2024-10-29,North,Paid Ads,42,Toys & Games,246,3656.78069105691,0,1,0.6847651783646305,1,1,0.0,125.2018041075961,450.7264947873459,876.4126287531725,discount_offer,20,125.2018041075961
105821,5.0,3848.56,769.7120000000001,2025-01-12,2025-05-18,0.0,5.0,4.0,2.0,45.0,126.0,1.1904761904761905,0.0,0.8,Grocery,3.6,1.0,9.0,4.0,2024-12-28,North,Organic Search,40,Grocery,186,7552.281720430109,0,1,0.6846236361409871,1,0,0.0,258.52352863009855,930.6847030683547,1809.6647004106896,discount_offer,250,930.6847030683547
104699,14.0,12600.48,900.0342857142857,2024-03-28,2025-01-08,0.0,3.2142857142857144,6.0,4.0,175.0,286.0,1.4685314685314683,0.0,0.4285714285714285,Toys & Games,4.2375,8.0,9.0,4.666666666666667,2024-03-22,South,Direct,45,Toys & Games,467,9848.3408993576,0,1,0.6843024519289922,1,0,0.0,336.9621912431491,1213.0638884753366,2358.7353387020435,discount_offer,250,1213.0638884753366
105460,16.0,13737.28,858.58,2024-01-08,2025-03-15,3.0,1.5625,3.0,2.0,109.0,432.0,1.1111111111111112,0.1875,0.1875,Fashion,4.199999999999999,9.0,7.0,5.0,2024-01-01,South,Direct,40,Fashion,548,9149.830656934308,0,1,0.6841952702243528,1,0,0.0,313.0135429414118,1126.8487545890825,2191.094800589882,discount_offer,250,1126.8487545890825
105166,15.0,8040.77,536.0513333333333,2023-02-17,2025-03-17,2.0,3.333333333333333,2.0,5.0,107.0,759.0,0.5928853754940712,0.1333333333333333,0.1333333333333333,Beauty & Personal Care,3.97,10.0,10.0,6.0,2023-01-01,North,Organic Search,41,Beauty & Personal Care,913,3214.54660460022,1,0,0.684143225870722,1,0,0.0,109.96051418914853,395.85785108093467,769.7235993240396,discount_offer,20,109.96051418914853
100254,3.0,2597.7,865.9,2025-01-14,2025-05-08,0.0,8.333333333333334,2.0,3.0,55.0,114.0,0.7894736842105263,0.0,0.6666666666666666,Books,3.55,2.0,8.0,4.0,2025-01-10,West,Paid Ads,33,Books,173,5480.696531791907,0,1,0.6841346159874736,1,0,0.0,187.47671085606675,674.9161590818402,1312.336975992467,discount_offer,20,187.47671085606675
100305,4.0,3204.8500000000004,801.2125000000001,2025-02-06,2025-04-21,0.0,0.0,0.0,3.0,72.0,74.0,1.6216216216216215,0.0,0.0,Fashion,3.733333333333334,3.0,12.0,3.333333333333333,2024-12-22,West,Direct,25,Fashion,192,6092.553385416668,0,1,0.6840161440017498,1,0,0.0,208.3702436908758,750.1328772871528,1458.5917058361306,discount_offer,20,208.3702436908758
100674,6.0,1819.29,303.215,2025-02-19,2025-05-26,1.0,12.5,4.0,1.0,37.0,96.0,1.875,0.1666666666666666,0.6666666666666666,Books,3.266666666666667,3.0,9.0,8.0,2025-01-12,West,Email,28,Books,171,3883.279824561403,0,1,0.6837042094945501,1,0,0.0,132.75073813489448,477.9026572856201,929.2551669442613,discount_offer,20,132.75073813489448
100637,13.0,10576.45,813.573076923077,2024-02-15,2025-02-19,1.0,4.615384615384615,5.0,4.0,133.0,370.0,1.054054054054054,0.0769230769230769,0.3846153846153846,Books,3.38,5.0,11.0,4.0,2024-02-07,North,Social Media,48,Books,511,7554.607142857144,1,0,0.6836901037561814,1,0,0.0,258.2505070668595,929.7018254406942,1807.7535494680164,discount_offer,250,929.7018254406942
102442,23.0,30061.91,1307.039565217391,2023-09-07,2025-03-23,2.0,2.8260869565217392,5.0,5.0,101.0,563.0,1.2255772646536414,0.0869565217391304,0.217391304347826,Fashion,3.7714285714285714,14.0,12.0,4.0,2023-08-09,Central,Email,39,Fashion,693,15833.473520923522,0,1,0.6834650110228767,1,0,0.0,541.0812577254211,1947.8925278115157,3787.5688040779473,discount_offer,250,1947.8925278115157
100265,8.0,18440.58,2305.0725,2023-02-02,2024-09-15,0.0,8.125,3.0,4.0,290.0,591.0,0.4060913705583756,0.0,0.375,Electronics,3.825,4.0,6.0,5.333333333333333,2023-01-01,South,Paid Ads,26,Electronics,913,7372.19244249726,1,0,0.6833945548725795,1,0,0.0,251.9058086337705,906.8609110815738,1763.3406604363931,discount_offer,250,906.8609110815738
102182,1.0,175.17,175.17,2025-05-04,2025-05-04,0.0,0.0,0.0,1.0,59.0,1.0,30.0,0.0,0.0,Toys & Games,4.037037037037037,0.0,7.0,5.0,2025-04-05,North,Email,34,Sports & Outdoors,88,726.5573863636363,0,1,0.6833431321713573,1,1,0.0,24.82440000499811,89.3678400179932,173.77080003498676,discount_offer,0,0.0
100176,24.0,31984.42,1332.684166666667,2023-01-11,2025-05-03,1.0,8.333333333333334,13.0,7.0,60.0,843.0,0.8540925266903914,0.0416666666666666,0.5416666666666666,Toys & Games,3.9909090909090894,11.0,7.0,3.6666666666666665,2023-01-01,Central,Direct,44,Toys & Games,913,12786.761555312158,0,1,0.6833212790003367,1,0,0.0,436.87331301241187,1572.7439268446828,3058.113191086883,discount_offer,250,1572.7439268446828
103906,12.0,20105.03,1675.4191666666666,2023-04-11,2025-01-14,2.0,1.6666666666666667,2.0,3.0,169.0,644.0,0.5590062111801243,0.1666666666666666,0.1666666666666666,Fashion,4.233333333333333,6.0,10.0,5.0,2023-04-07,West,Paid Ads,34,Fashion,817,8982.051346389228,1,0,0.6832702367061871,1,0,0.0,306.85841747772474,1104.6903029198088,2148.0089223440727,discount_offer,250,1104.6903029198088
102462,10.0,17843.98,1784.398,2023-01-26,2025-05-20,0.0,2.0,1.0,3.0,43.0,845.0,0.3550295857988165,0.0,0.1,Home & Kitchen,3.95,4.0,9.0,7.0,2023-01-01,Central,Paid Ads,27,Home & Kitchen,913,7133.683132530121,0,1,0.6831377073220015,1,0,0.0,243.66439699591305,877.1918291852869,1705.650778971391,discount_offer,20,243.66439699591305
100990,7.0,26531.27,3790.181428571429,2024-08-09,2025-03-27,2.0,5.0,3.0,1.0,97.0,230.0,0.9130434782608696,0.2857142857142857,0.4285714285714285,Electronics,3.0,2.0,11.0,8.0,2024-07-24,Central,Email,41,Electronics,343,28232.984110787173,0,1,0.6830154071692535,1,1,0.0,964.1781569016182,3471.0413648458252,6749.247098311326,discount_offer,900,6749.247098311326
102071,1.0,1076.11,1076.11,2025-02-14,2025-02-14,0.0,0.0,0.0,1.0,138.0,1.0,30.0,0.0,0.0,Beauty & Personal Care,4.037037037037037,0.0,9.0,2.333333333333333,2024-11-21,West,Social Media,52,Beauty & Personal Care,223,1761.3459641255604,1,0,0.6829298051303522,1,0,0.0,60.14378280237006,216.5176180885322,421.0064796165904,discount_offer,20,60.14378280237006
101258,4.0,5258.36,1314.59,2024-02-04,2024-08-15,0.0,3.75,1.0,3.0,321.0,193.0,0.6217616580310881,0.0,0.25,Home & Kitchen,4.033333333333333,3.0,13.0,4.0,2024-01-24,North,Email,24,Home & Kitchen,525,3655.81219047619,1,0,0.682850257661492,1,0,0.0,124.8186148114345,449.3470133211642,873.7303036800414,discount_offer,20,124.8186148114345
105771,23.0,20616.56,896.3721739130435,2023-10-30,2025-05-05,1.0,6.521739130434782,10.0,8.0,58.0,553.0,1.2477396021699818,0.0434782608695652,0.4347826086956521,Fashion,3.7,13.0,10.0,5.333333333333333,2023-10-06,North,Paid Ads,18,Fashion,635,11850.463622047244,0,1,0.6828094454900385,1,0,0.0,404.58042472849763,1456.4895290225913,2832.062973099483,discount_offer,250,1456.4895290225913
100642,13.0,22585.43,1737.3407692307692,2023-09-09,2025-05-19,2.0,5.769230769230769,6.0,5.0,44.0,618.0,0.6310679611650485,0.1538461538461538,0.4615384615384615,Fashion,4.220000000000001,10.0,10.0,4.666666666666667,2023-08-03,Central,Paid Ads,24,Fashion,699,11793.536409155937,0,1,0.6826259078721064,1,1,0.0,402.5286749161407,1449.1032296981064,2817.7007244129845,discount_offer,250,1449.1032296981064
101561,13.0,18440.67,1418.5130769230768,2024-04-02,2025-01-22,1.0,6.153846153846154,5.0,4.0,161.0,295.0,1.3220338983050848,0.0769230769230769,0.3846153846153846,Sports & Outdoors,4.3100000000000005,10.0,8.0,5.0,2024-03-31,South,Organic Search,55,Sports & Outdoors,458,14696.167139737989,0,1,0.6825870150426231,1,1,0.0,501.57064302406195,1805.6543148866228,3510.994501168433,discount_offer,250,1805.6543148866228
100949,14.0,11681.03,834.3592857142858,2024-01-12,2025-02-01,1.0,10.357142857142858,10.0,4.0,151.0,386.0,1.088082901554404,0.0714285714285714,0.7142857142857143,Toys & Games,3.842857142857144,7.0,10.0,2.6666666666666665,2023-12-13,East,Social Media,42,Toys & Games,567,7519.534303350971,0,1,0.6824967057579353,1,1,0.0,256.60286954354143,923.7703303567491,1796.2200868047898,discount_offer,250,923.7703303567491
101646,19.0,11574.02,609.1589473684211,2023-08-15,2025-03-06,1.0,10.263157894736842,10.0,5.0,118.0,569.0,1.0017574692442883,0.0526315789473684,0.5263157894736842,Beauty & Personal Care,3.066666666666667,9.0,10.0,6.333333333333333,2023-08-14,West,Direct,38,Beauty & Personal Care,688,6140.286773255815,1,0,0.6820669879345964,1,0,0.0,209.4043452244618,753.8556428080625,1465.8304165712325,discount_offer,20,209.4043452244618
104550,11.0,12274.03,1115.8209090909093,2024-04-30,2025-06-25,0.0,2.272727272727273,3.0,5.0,7.0,421.0,0.7838479809976248,0.0,0.2727272727272727,Home & Kitchen,3.66,5.0,10.0,6.0,2024-04-14,Central,Organic Search,39,Home & Kitchen,444,10090.137274774776,0,1,0.6818939885959102,1,0,0.0,344.020197588822,1238.472711319759,2408.1413831217533,discount_offer,250,1238.472711319759
105876,3.0,2783.3900000000003,927.7966666666669,2024-08-27,2024-11-24,0.0,20.0,3.0,2.0,220.0,89.0,1.0112359550561798,0.0,1.0,Home & Kitchen,3.85,2.0,13.0,6.333333333333333,2024-08-24,West,Paid Ads,31,Home & Kitchen,312,3256.2094551282057,0,1,0.6817475749106857,1,1,0.0,110.99564497174498,399.5843218982819,776.9695148022148,discount_offer,20,110.99564497174498
105788,11.0,36982.33,3362.03,2023-01-10,2024-12-22,0.0,5.454545454545454,5.0,4.0,192.0,712.0,0.4634831460674157,0.0,0.4545454545454545,Electronics,3.65,4.0,7.0,8.333333333333334,2023-01-01,Central,Organic Search,56,Electronics,913,14784.830722891567,1,0,0.6816610505552254,1,0,0.0,503.912162142372,1814.083783712539,3527.3851349966035,discount_offer,250,1814.083783712539
102204,20.0,27144.11,1357.2055,2023-09-23,2025-05-06,3.0,7.0,8.0,5.0,57.0,591.0,1.015228426395939,0.15,0.4,Home & Kitchen,4.172727272727273,11.0,10.0,4.333333333333333,2023-07-23,North,Email,29,Home & Kitchen,710,13954.366408450704,0,1,0.6813526713277609,1,0,0.0,475.39224145421304,1711.4120692351667,3327.7456901794903,discount_offer,250,1711.4120692351667
103090,5.0,17114.59,3422.918,2024-06-04,2025-06-13,1.0,5.0,2.0,2.0,19.0,374.0,0.4010695187165775,0.2,0.4,Electronics,3.9333333333333336,3.0,4.0,4.333333333333333,2024-05-05,East,Organic Search,21,Electronics,423,14767.908628841607,0,1,0.6813220238139089,1,0,0.0,503.0850697250626,1811.1062510102254,3521.595488075438,discount_offer,250,1811.1062510102254
100274,9.0,7460.639999999999,828.9599999999999,2024-09-13,2025-06-14,0.0,3.333333333333333,3.0,3.0,18.0,274.0,0.9854014598540146,0.0,0.3333333333333333,Grocery,3.516666666666666,6.0,10.0,5.333333333333333,2024-09-12,West,Social Media,45,Grocery,293,9293.97133105802,0,1,0.6812620275496374,1,0,0.0,316.5814876492394,1139.6933555372618,2216.070413544676,discount_offer,250,1139.6933555372618
105006,4.0,2368.96,592.24,2024-06-03,2025-05-14,0.0,8.75,2.0,1.0,49.0,345.0,0.3478260869565217,0.0,0.5,Grocery,3.5666666666666664,3.0,12.0,4.0,2024-05-10,West,Organic Search,31,Grocery,418,2068.5894736842106,1,0,0.6811911932210272,1,0,0.0,70.4552465931702,253.6388877354127,493.1867261521914,discount_offer,20,70.4552465931702
105105,3.0,9578.55,3192.85,2024-11-10,2024-12-11,1.0,8.333333333333334,1.0,1.0,203.0,31.0,2.9032258064516125,0.3333333333333333,0.3333333333333333,Electronics,3.5,2.0,3.0,6.333333333333333,2024-10-07,West,Referral,60,Electronics,268,13045.413246268658,0,1,0.6808374506620899,1,0,0.0,444.0902948711506,1598.725061536142,3108.632064098054,discount_offer,250,1598.725061536142
103996,6.0,14467.96,2411.3266666666664,2024-07-04,2025-05-23,0.0,3.333333333333333,2.0,5.0,40.0,323.0,0.5572755417956656,0.0,0.3333333333333333,Home & Kitchen,3.325,4.0,12.0,3.6666666666666665,2024-05-11,West,Organic Search,40,Home & Kitchen,417,12663.801918465228,0,1,0.6803554058770662,1,1,0.0,430.79430470920903,1550.8594969531523,3015.560132964463,discount_offer,250,1550.8594969531523
105580,4.0,9084.41,2271.1025,2024-12-06,2025-06-27,1.0,0.0,0.0,3.0,5.0,203.0,0.5911330049261084,0.25,0.0,Electronics,3.325,4.0,11.0,5.333333333333333,2024-10-13,South,Direct,20,Electronics,262,12655.762022900764,0,1,0.6802958871111146,1,0,0.0,430.4831426218215,1549.7393134385572,3013.38199835275,discount_offer,250,1549.7393134385572
103440,9.0,4854.94,539.4377777777777,2024-07-01,2025-04-21,0.0,4.444444444444445,2.0,4.0,72.0,294.0,0.9183673469387754,0.0,0.2222222222222222,Books,4.2,4.0,9.0,7.333333333333333,2024-06-06,East,Paid Ads,46,Books,391,4532.105115089514,0,1,0.6802446720068904,1,0,0.0,154.14701787574083,554.929264352667,1079.0291251301858,discount_offer,20,154.14701787574083
104507,9.0,45418.59,5046.509999999999,2023-08-05,2025-05-24,1.0,4.444444444444445,3.0,2.0,39.0,658.0,0.4103343465045592,0.1111111111111111,0.3333333333333333,Electronics,3.9166666666666665,6.0,11.0,5.0,2023-07-21,North,Direct,25,Electronics,712,23283.40639044944,0,1,0.6797909894990147,1,0,0.0,791.3924934535654,2849.0129764328353,5539.747454174957,discount_offer,900,5539.747454174957
104404,16.0,17432.44,1089.5275,2024-01-13,2025-02-26,2.0,4.375,7.0,6.0,126.0,410.0,1.170731707317073,0.125,0.4375,Toys & Games,4.241666666666666,12.0,7.0,6.0,2024-01-02,West,Social Media,35,Toys & Games,547,11632.249725776965,1,0,0.6796964661413157,1,1,0.0,395.3199515941946,1423.1518257391003,2767.2396611593617,discount_offer,250,1423.1518257391003
104466,7.0,16588.61,2369.8014285714285,2024-12-26,2025-05-10,2.0,2.857142857142857,1.0,3.0,53.0,135.0,1.5555555555555556,0.2857142857142857,0.1428571428571428,Toys & Games,3.375,4.0,10.0,6.0,2024-12-26,West,Email,46,Toys & Games,188,32206.60984042553,0,1,0.6796283556458096,1,0,0.0,1094.4262643387278,3939.93455161942,7660.9838503710935,discount_offer,900,7660.9838503710935
105801,1.0,411.55,411.55,2025-01-06,2025-01-06,0.0,0.0,0.0,1.0,177.0,1.0,30.0,0.0,0.0,Beauty & Personal Care,4.037037037037037,0.0,12.0,5.0,2024-09-26,North,Direct,51,Sports & Outdoors,279,538.40770609319,1,0,0.6795953706551149,1,0,0.0,18.29496922929858,65.86188922547488,128.06478460509004,discount_offer,0,0.0
101778,24.0,38790.62,1616.2758333333334,2023-01-06,2025-04-25,2.0,5.0,10.0,5.0,68.0,840.0,0.8571428571428571,0.0833333333333333,0.4166666666666667,Home & Kitchen,3.7176470588235295,17.0,12.0,7.666666666666667,2023-01-01,North,Direct,23,Home & Kitchen,913,15507.750602409638,0,1,0.6795906880942941,1,0,0.0,526.9461451343135,1897.0061224835285,3688.6230159401944,discount_offer,250,1897.0061224835285
104044,15.0,27697.97,1846.531333333333,2023-07-07,2025-04-10,1.0,10.333333333333334,9.0,5.0,83.0,643.0,0.6998444790046656,0.0666666666666666,0.6,Home & Kitchen,3.983333333333333,6.0,8.0,6.333333333333333,2023-03-21,North,Direct,38,Home & Kitchen,834,12122.01324940048,1,0,0.6795321079541351,1,0,0.0,411.86486080065316,1482.7134988823514,2883.054025604572,discount_offer,250,1482.7134988823514
100210,2.0,998.65,499.325,2025-01-30,2025-02-18,0.0,2.5,1.0,1.0,134.0,19.0,3.1578947368421053,0.0,0.5,Grocery,3.7,2.0,10.0,5.0,2025-01-21,Central,Social Media,34,Grocery,162,2250.0447530864194,0,1,0.6793513000384367,1,0,0.0,76.42854140769612,275.142749067706,534.9997898538728,discount_offer,20,76.42854140769612
104304,10.0,8436.1,843.61,2024-05-13,2025-05-06,0.0,1.5,2.0,3.0,57.0,358.0,0.8379888268156425,0.0,0.2,Beauty & Personal Care,3.5500000000000003,6.0,9.0,4.666666666666667,2024-04-19,Central,Direct,39,Beauty & Personal Care,439,7014.069476082005,1,0,0.6792543763614097,1,0,0.0,238.21686938658414,857.5807297917028,1667.5180857060886,discount_offer,20,238.21686938658414
102081,1.0,1600.09,1600.09,2025-04-07,2025-04-07,0.0,0.0,0.0,1.0,86.0,1.0,30.0,0.0,0.0,Electronics,4.037037037037037,0.0,5.0,3.6666666666666665,2025-02-05,South,Organic Search,22,Electronics,147,3973.012585034013,0,1,0.6792531500570556,1,0,0.0,134.93406568003394,485.7626364481221,944.5384597602374,discount_offer,20,134.93406568003394
105108,21.0,19453.84,926.3733333333332,2023-01-16,2025-04-09,2.0,4.047619047619048,7.0,8.0,84.0,814.0,0.773955773955774,0.0952380952380952,0.3333333333333333,Toys & Games,3.95,10.0,9.0,5.666666666666667,2023-01-01,East,Referral,35,Toys & Games,913,7777.274479737131,0,1,0.6790885366349254,1,0,0.0,264.07289727264197,950.6624301815109,1848.5102809084935,discount_offer,250,950.6624301815109
104946,11.0,5948.27,540.7518181818182,2024-07-25,2025-04-22,2.0,3.1818181818181817,2.0,3.0,71.0,271.0,1.2177121771217712,0.1818181818181818,0.1818181818181818,Grocery,3.4714285714285715,7.0,14.0,4.0,2024-07-23,Central,Direct,25,Grocery,344,6311.39113372093,0,1,0.6790750787674376,1,0,0.0,214.29542156318237,771.4635176274566,1500.0679509422766,discount_offer,20,214.29542156318237
104967,15.0,30257.83,2017.188666666667,2023-07-23,2025-06-12,1.0,6.666666666666667,8.0,5.0,20.0,690.0,0.6521739130434783,0.0666666666666666,0.5333333333333333,Electronics,4.15,8.0,8.0,4.666666666666667,2023-07-18,North,Direct,29,Electronics,715,15446.304825174826,0,1,0.6789273889661289,1,0,0.0,524.3459702065431,1887.6454927435552,3670.421791445802,discount_offer,250,1887.6454927435552
102352,4.0,3253.82,813.4549999999999,2024-06-19,2025-03-09,0.0,6.25,1.0,3.0,115.0,263.0,0.4562737642585551,0.0,0.25,Grocery,3.4,1.0,18.0,5.0,2024-03-28,Central,Referral,29,Grocery,461,2576.234924078091,0,1,0.6787208072792328,1,0,0.0,87.42721237056175,314.73796453402224,611.9904865939321,discount_offer,20,87.42721237056175
101045,1.0,3087.51,3087.51,2025-03-18,2025-03-18,0.0,0.0,0.0,1.0,106.0,1.0,30.0,0.0,0.0,Fashion,4.037037037037037,0.0,8.0,2.333333333333333,2025-01-27,South,Email,30,Fashion,156,7223.981730769231,0,1,0.6786862145740252,1,0,0.0,245.14084075038423,882.5070267013831,1715.9858852526893,discount_offer,250,882.5070267013831
102416,11.0,16502.06,1500.1872727272728,2023-01-28,2025-06-24,1.0,5.454545454545454,6.0,6.0,8.0,878.0,0.3758542141230068,0.0909090909090909,0.5454545454545454,Fashion,4.283333333333333,6.0,7.0,3.6666666666666665,2023-01-01,Central,Organic Search,19,Fashion,913,6597.209090909091,0,1,0.678099030288276,1,0,0.0,223.67805435772266,805.2409956878016,1565.7463805040586,discount_offer,20,223.67805435772266
103475,4.0,3901.88,975.47,2024-12-29,2025-02-20,0.0,10.0,2.0,2.0,132.0,53.0,2.2641509433962264,0.0,0.5,Fashion,3.1500000000000004,2.0,14.0,3.6666666666666665,2024-11-05,North,Email,49,Fashion,239,5958.938075313808,0,1,0.6778818163443938,1,0,0.0,201.97278829887452,727.1020378759483,1413.8095180921216,discount_offer,20,201.97278829887452
100184,26.0,83164.32,3198.6276923076925,2023-01-06,2024-10-16,3.0,3.8461538461538463,6.0,5.0,259.0,649.0,1.201848998459168,0.1153846153846153,0.2307692307692307,Electronics,4.370588235294117,17.0,11.0,2.6666666666666665,2023-01-01,Central,Social Media,23,Electronics,913,33247.510186199346,0,1,0.6778204938293659,1,0,0.0,1126.792188650326,4056.451879141173,7887.54532055228,discount_offer,900,7887.54532055228
100032,5.0,3373.63,674.726,2024-12-08,2025-06-26,1.0,16.0,5.0,4.0,6.0,200.0,0.75,0.2,1.0,Beauty & Personal Care,3.4333333333333336,3.0,6.0,4.666666666666667,2024-10-09,East,Organic Search,38,Sports & Outdoors,266,4629.229135338345,0,1,0.6771736788272363,1,1,0.0,156.73960618556467,564.2625822680328,1097.1772432989526,discount_offer,20,156.73960618556467
100363,1.0,536.33,536.33,2025-04-30,2025-04-30,0.0,10.0,1.0,1.0,63.0,1.0,30.0,0.0,1.0,Toys & Games,3.4,1.0,10.0,4.666666666666667,2024-10-10,Central,Direct,41,Toys & Games,265,738.7186792452832,0,1,0.6770446780978208,1,0,0.0,25.007277519723505,90.02619907100461,175.0509426380645,discount_offer,0,0.0
101261,28.0,40177.98,1434.927857142857,2023-01-31,2025-02-02,2.0,4.642857142857143,11.0,6.0,150.0,733.0,1.145975443383356,0.0714285714285714,0.3928571428571428,Home & Kitchen,3.907692307692308,13.0,3.0,4.0,2023-01-01,North,Social Media,20,Home & Kitchen,913,16062.390690032857,1,0,0.6767113668522388,1,0,0.0,543.4801179383405,1956.5284245780256,3804.360825568383,discount_offer,250,1956.5284245780256
105645,9.0,26350.1,2927.788888888889,2024-03-30,2025-01-27,3.0,1.1111111111111112,1.0,5.0,156.0,303.0,0.8910891089108911,0.3333333333333333,0.1111111111111111,Electronics,4.1000000000000005,3.0,10.0,4.0,2023-12-05,South,Email,20,Electronics,575,16726.585217391304,1,0,0.6764229430194675,1,1,0.0,565.7122999706872,2036.564279894474,3959.986099794811,discount_offer,250,2036.564279894474
105038,17.0,8303.31,488.43,2023-01-26,2025-03-30,0.0,7.0588235294117645,6.0,4.0,94.0,794.0,0.6423173803526449,0.0,0.3529411764705882,Books,4.1000000000000005,6.0,11.0,6.333333333333333,2023-01-01,South,Direct,27,Books,913,3319.505093099672,0,1,0.6763505083444455,1,1,0.0,112.25744785849697,404.12681229058904,785.8021350094788,discount_offer,20,112.25744785849697
102693,3.0,4813.77,1604.59,2024-09-03,2025-02-15,2.0,5.0,1.0,1.0,137.0,165.0,0.5454545454545454,0.6666666666666666,0.3333333333333333,Fashion,4.0,2.0,10.0,3.0,2024-04-01,East,Direct,30,Fashion,457,3844.695951859957,1,0,0.6763272594090917,1,0,0.0,130.0136338191337,468.04908174888124,910.0954367339358,discount_offer,20,130.0136338191337
103126,2.0,4468.71,2234.355,2024-12-02,2025-01-31,0.0,10.0,2.0,2.0,152.0,60.0,1.0,0.0,1.0,Home & Kitchen,4.25,2.0,11.0,3.0,2024-08-03,West,Referral,24,Electronics,333,4898.135585585585,1,0,0.6759990125020566,1,1,0.0,165.55674094785195,596.0042674122669,1158.8971866349634,discount_offer,20,165.55674094785195
103789,14.0,12532.71,895.1935714285713,2023-10-05,2025-04-13,1.0,1.4285714285714286,3.0,5.0,80.0,556.0,0.7553956834532374,0.0714285714285714,0.2142857142857142,Toys & Games,3.67,10.0,7.0,3.333333333333333,2023-07-17,South,Referral,49,Toys & Games,716,6388.881494413407,1,0,0.6759695259037664,1,0,0.0,215.93445974169887,777.3640550701159,1511.541218191892,discount_offer,20,215.93445974169887
101776,12.0,46817.05,3901.4208333333336,2023-02-20,2025-05-15,2.0,4.166666666666667,4.0,2.0,48.0,815.0,0.4417177914110429,0.1666666666666666,0.3333333333333333,Electronics,3.1666666666666665,6.0,8.0,7.333333333333333,2023-01-01,West,Organic Search,54,Electronics,913,18716.5643483023,1,0,0.6758830382836623,1,0,0.0,632.5104188981117,2277.037508033202,4427.572932286781,discount_offer,250,2277.037508033202
105903,13.0,6771.95,520.9192307692308,2023-08-15,2025-05-23,1.0,4.230769230769231,4.0,4.0,40.0,647.0,0.6027820710973725,0.0769230769230769,0.3076923076923077,Grocery,3.84,5.0,5.0,5.0,2023-06-26,West,Social Media,35,Grocery,737,3353.81512890095,0,1,0.6758215959034709,1,1,0.0,113.32903463895227,407.9845247002281,793.3032424726657,discount_offer,20,113.32903463895227
105897,3.0,1582.34,527.4466666666666,2025-01-28,2025-06-02,0.0,5.0,1.0,2.0,30.0,125.0,0.72,0.0,0.3333333333333333,Grocery,3.6,1.0,12.0,4.0,2024-04-29,West,Social Media,28,Grocery,429,1346.2799533799534,0,1,0.6756671626958312,1,1,0.0,45.48185781472545,163.73468813301162,318.37300470307815,discount_offer,0,0.0
104543,24.0,31582.98,1315.9575,2023-05-15,2025-05-07,4.0,7.083333333333333,12.0,4.0,56.0,723.0,0.9958506224066388,0.1666666666666666,0.5,Toys & Games,4.086666666666667,15.0,8.0,7.666666666666667,2023-05-10,West,Paid Ads,31,Toys & Games,784,14703.810841836734,0,1,0.67554744024647,1,0,0.0,496.6560888035549,1787.9619196927977,3476.592621624884,discount_offer,250,1787.9619196927977
100342,15.0,46860.07,3124.0046666666667,2023-02-21,2024-08-06,1.0,7.0,7.0,6.0,330.0,532.0,0.8458646616541353,0.0666666666666666,0.4666666666666667,Electronics,3.9333333333333336,6.0,4.0,6.333333333333333,2023-01-01,West,Organic Search,20,Electronics,913,18733.762924424973,0,1,0.6753563442097402,1,1,0.0,632.5982820965811,2277.3538155476917,4428.187974676068,discount_offer,250,2277.3538155476917
100869,6.0,6218.11,1036.3516666666667,2024-03-18,2025-06-25,1.0,7.5,3.0,3.0,7.0,464.0,0.3879310344827586,0.1666666666666666,0.5,Fashion,3.6,4.0,11.0,4.333333333333333,2024-03-02,North,Direct,31,Fashion,487,4660.390451745379,0,1,0.6752682513836187,1,1,0.0,157.35068555575077,566.4624680007026,1101.4547988902552,discount_offer,20,157.35068555575077
104905,7.0,9013.41,1287.63,2024-10-15,2025-06-02,2.0,2.857142857142857,2.0,4.0,30.0,230.0,0.9130434782608696,0.2857142857142857,0.2857142857142857,Home & Kitchen,3.733333333333333,6.0,4.0,2.6666666666666665,2024-09-02,North,Organic Search,34,Home & Kitchen,303,10857.738118811882,0,1,0.6752437646042198,1,1,0.0,366.5809981216637,1319.6915932379893,2566.0669868516457,discount_offer,250,1319.6915932379893
105910,23.0,40168.72,1746.4660869565218,2023-03-04,2025-04-07,2.0,8.478260869565217,15.0,3.0,86.0,765.0,0.9019607843137256,0.0869565217391304,0.6521739130434783,Home & Kitchen,3.745454545454545,11.0,10.0,3.0,2023-02-22,East,Paid Ads,44,Home & Kitchen,861,17028.551451800235,1,0,0.6751330637508596,1,0,0.0,574.826905644652,2069.3768603207473,4023.7883395125637,discount_offer,250,2069.3768603207473
101764,2.0,925.85,462.925,2025-04-23,2025-06-14,0.0,2.5,1.0,1.0,18.0,52.0,1.1538461538461535,0.0,0.5,Beauty & Personal Care,3.3,1.0,13.0,4.666666666666667,2024-08-30,South,Organic Search,44,Beauty & Personal Care,306,1104.3635620915031,0,1,0.6751009325808701,1,0,0.0,37.27784353381527,134.20023672173497,260.94490473670686,discount_offer,0,0.0
101269,20.0,32459.32,1622.966,2023-05-01,2025-01-09,1.0,7.0,12.0,3.0,174.0,619.0,0.9693053311793216,0.05,0.6,Fashion,4.3625,8.0,7.0,6.666666666666667,2023-01-01,East,Organic Search,18,Fashion,913,12976.61752464403,1,0,0.6749194139351603,1,0,0.0,437.90855472967405,1576.4707970268264,3065.359883107718,discount_offer,250,1576.4707970268264
101817,5.0,8513.79,1702.7580000000005,2025-01-03,2025-05-05,0.0,5.0,1.0,3.0,58.0,122.0,1.2295081967213115,0.0,0.2,Fashion,4.766666666666667,3.0,6.0,4.666666666666667,2024-03-02,East,Paid Ads,31,Fashion,487,6380.971971252568,0,1,0.6748456397273819,1,0,0.0,215.30855560112164,775.1108001640379,1507.1598892078512,discount_offer,20,215.30855560112164
102850,29.0,15870.21,547.2486206896551,2023-04-05,2025-03-29,0.0,5.517241379310345,11.0,4.0,95.0,724.0,1.201657458563536,0.0,0.3793103448275862,Books,3.966666666666667,18.0,9.0,4.666666666666667,2023-04-02,East,Direct,37,Books,822,7046.99105839416,0,1,0.6748455532214055,1,0,0.0,237.78152896741526,856.0135042826948,1664.4707027719066,discount_offer,20,237.78152896741526
100994,14.0,21617.54,1544.11,2023-02-20,2025-05-19,1.0,5.357142857142857,7.0,6.0,44.0,819.0,0.5128205128205128,0.0714285714285714,0.5,Fashion,3.854545454545456,11.0,11.0,5.666666666666667,2023-02-14,Central,Social Media,35,Fashion,869,9079.864326812429,0,1,0.6748044715708699,1,0,0.0,306.3566524494927,1102.8839488181736,2144.4965671464483,discount_offer,250,1102.8839488181736
100455,10.0,12347.59,1234.759,2024-10-02,2025-05-11,0.0,5.5,4.0,5.0,52.0,221.0,1.3574660633484164,0.0,0.4,Fashion,3.7,3.0,12.0,6.333333333333333,2024-09-04,West,Paid Ads,18,Fashion,301,14972.991196013289,0,1,0.6747359861856219,1,0,0.0,505.1407990395331,1818.5068765423189,3535.985593276731,discount_offer,250,1818.5068765423189
100328,2.0,9137.93,4568.965,2024-09-02,2024-10-07,2.0,10.0,1.0,2.0,268.0,35.0,1.7142857142857142,1.0,0.5,Electronics,1.7,1.0,5.0,3.6666666666666665,2024-04-28,Central,Paid Ads,42,Books,430,7756.615000000001,1,0,0.6746671623692458,1,0,0.0,261.65667158203644,941.9640176953311,1831.5967010742547,discount_offer,250,941.9640176953311
103134,6.0,6687.64,1114.6066666666668,2024-12-31,2025-04-15,0.0,4.166666666666667,3.0,2.0,78.0,105.0,1.7142857142857142,0.0,0.5,Fashion,3.5666666666666664,3.0,13.0,4.0,2024-11-30,West,Direct,32,Fashion,214,11406.48878504673,0,1,0.6743792382443814,1,0,0.0,384.61496089514463,1384.6138592225207,2692.304726266012,discount_offer,250,1384.6138592225207
103893,6.0,27804.01,4634.001666666666,2024-04-05,2025-03-01,0.0,6.666666666666667,3.0,1.0,123.0,330.0,0.5454545454545454,0.0,0.5,Electronics,3.5666666666666664,3.0,12.0,4.333333333333333,2023-11-24,South,Paid Ads,36,Electronics,586,17318.197354948803,0,1,0.6741864231539964,1,0,0.0,583.7846765103967,2101.624835437428,4086.492735572777,discount_offer,250,2101.624835437428
100533,3.0,4812.81,1604.2699999999998,2025-02-16,2025-05-28,0.0,0.0,0.0,2.0,35.0,101.0,0.8910891089108911,0.0,0.0,Grocery,3.1333333333333333,3.0,10.0,8.333333333333334,2024-12-23,East,Paid Ads,44,Grocery,191,9197.254712041884,0,1,0.6738160907908244,1,0,0.0,309.8629108037776,1115.5064788935993,2169.0403756264427,discount_offer,250,1115.5064788935993
105542,9.0,8852.380000000001,983.597777777778,2024-10-16,2025-06-12,0.0,5.0,4.0,4.0,20.0,239.0,1.1297071129707112,0.0,0.4444444444444444,Fashion,3.233333333333333,6.0,12.0,5.333333333333333,2024-08-05,Central,Organic Search,41,Fashion,331,9761.687915407856,0,1,0.6730939211947821,1,0,0.0,328.5266398230796,1182.6959033630865,2299.6864787615573,discount_offer,250,1182.6959033630865
102468,10.0,8225.83,822.583,2023-11-10,2025-04-13,1.0,9.5,7.0,4.0,80.0,520.0,0.576923076923077,0.1,0.7,Grocery,3.95,4.0,14.0,5.333333333333333,2023-10-30,East,Direct,24,Grocery,611,4913.95736497545,0,1,0.6729176316922078,1,0,0.0,165.3344276137881,595.2039394096371,1157.3409932965164,discount_offer,20,165.3344276137881
102130,3.0,1982.67,660.89,2024-12-24,2025-04-10,0.0,11.666666666666666,2.0,2.0,83.0,107.0,0.8411214953271028,0.0,0.6666666666666666,Beauty & Personal Care,4.3,1.0,10.0,3.6666666666666665,2024-11-03,North,Organic Search,19,Beauty & Personal Care,241,3002.7989626556014,0,1,0.6727864572871205,1,1,0.0,101.01212380152512,363.64364568549047,707.0848666106758,discount_offer,20,101.01212380152512
102947,14.0,15174.83,1083.9164285714285,2023-12-09,2025-03-04,0.0,1.0714285714285714,1.0,6.0,120.0,451.0,0.9312638580931264,0.0,0.0714285714285714,Beauty & Personal Care,3.483333333333333,6.0,13.0,6.333333333333333,2023-11-14,South,Referral,37,Beauty & Personal Care,596,9293.310318791946,1,0,0.6723313633426877,1,1,0.0,312.4091998300029,1124.6731193880103,2186.86439881002,discount_offer,250,1124.6731193880103
100821,3.0,602.0,200.66666666666663,2024-09-04,2025-06-19,0.0,5.0,2.0,3.0,13.0,288.0,0.3125,0.0,0.6666666666666666,Beauty & Personal Care,3.8,2.0,3.0,4.666666666666667,2023-12-01,South,Paid Ads,18,Beauty & Personal Care,579,379.49913644214166,1,0,0.6721812687872686,1,0,0.0,12.754610551867577,45.916597986723275,89.28227386307303,discount_offer,0,0.0
105417,6.0,9796.65,1632.775,2024-06-28,2025-05-23,1.0,5.0,1.0,3.0,40.0,329.0,0.547112462006079,0.1666666666666666,0.1666666666666666,Electronics,3.3000000000000003,3.0,10.0,2.6666666666666665,2024-05-30,West,Email,44,Electronics,398,8984.364949748742,1,0,0.671906534784673,1,0,0.0,301.8326760313275,1086.597633712779,2112.8287322192923,discount_offer,250,1086.597633712779
101243,4.0,5805.530000000001,1451.3825000000002,2024-04-15,2024-12-13,0.0,10.0,2.0,4.0,201.0,242.0,0.4958677685950413,0.0,0.5,Home & Kitchen,4.05,2.0,11.0,5.666666666666667,2024-04-08,North,Paid Ads,37,Fashion,450,4708.929888888889,1,0,0.671811909937564,1,0,0.0,158.17575912082626,569.4327328349746,1107.230313845784,discount_offer,20,158.17575912082626
101735,3.0,2539.35,846.4499999999999,2024-09-15,2025-04-17,0.0,18.33333333333333,3.0,2.0,76.0,214.0,0.4205607476635514,0.0,1.0,Home & Kitchen,4.1,2.0,9.0,4.333333333333333,2024-09-05,East,Referral,43,Home & Kitchen,300,3089.5425,1,0,0.6717310542720208,1,0,0.0,103.76708203716076,373.5614953337787,726.3695742601252,discount_offer,20,103.76708203716076
100704,6.0,6199.320000000001,1033.22,2024-06-28,2025-04-04,0.0,4.166666666666667,2.0,5.0,89.0,280.0,0.6428571428571428,0.0,0.3333333333333333,Toys & Games,3.866666666666667,3.0,5.0,5.0,2023-12-11,South,Organic Search,45,Toys & Games,569,3976.716695957821,1,0,0.6717211930433961,1,0,0.0,133.56224417021897,480.8240790127883,934.9357091915327,discount_offer,20,133.56224417021897
100997,19.0,60536.26,3186.118947368421,2023-01-12,2025-05-15,2.0,0.0,0.0,4.0,48.0,854.0,0.6674473067915692,0.1052631578947368,0.0,Electronics,3.744444444444445,9.0,10.0,6.0,2023-01-01,West,Referral,27,Electronics,913,24201.243044906903,0,1,0.6717081753802892,1,0,0.0,812.8086403814665,2926.111105373279,5689.660482670265,discount_offer,900,5689.660482670265
102502,6.0,7660.88,1276.8133333333333,2024-09-01,2025-03-11,3.0,9.166666666666666,4.0,3.0,113.0,191.0,0.9424083769633508,0.5,0.6666666666666666,Fashion,3.25,2.0,10.0,7.333333333333333,2024-08-18,Central,Referral,35,Fashion,318,8793.148427672955,1,0,0.6715255918564891,1,0,0.0,295.2412101087519,1062.8683563915067,2066.688470761263,discount_offer,250,1062.8683563915067
103914,14.0,16915.1,1208.2214285714283,2023-09-17,2025-04-17,2.0,6.071428571428571,6.0,5.0,76.0,578.0,0.726643598615917,0.1428571428571428,0.4285714285714285,Sports & Outdoors,3.74,10.0,15.0,5.0,2023-09-12,Central,Organic Search,32,Sports & Outdoors,659,9368.757966616084,0,1,0.6712076986078397,1,0,0.0,314.41912367931224,1131.9088452455242,2200.9338657551857,discount_offer,250,1131.9088452455242
102521,7.0,14495.77,2070.824285714286,2024-10-13,2025-06-29,0.0,2.857142857142857,1.0,4.0,3.0,259.0,0.8108108108108109,0.0,0.1428571428571428,Toys & Games,3.5250000000000004,4.0,9.0,5.333333333333333,2024-09-24,Central,Organic Search,36,Toys & Games,281,18829.025088967974,0,1,0.6711532649748342,1,0,0.0,631.8580832376962,2274.6890996557063,4423.006582663873,discount_offer,250,2274.6890996557063
101116,13.0,15412.48,1185.5753846153846,2023-04-09,2025-06-23,0.0,1.1538461538461535,1.0,4.0,9.0,806.0,0.4838709677419355,0.0,0.0769230769230769,Grocery,3.51,10.0,7.0,5.0,2023-04-03,South,Direct,29,Grocery,821,6852.076979293544,1,0,0.6711126965313077,1,0,0.0,229.92579292068942,827.7328545144818,1609.4805504448257,discount_offer,20,229.92579292068942
103005,3.0,2879.62,959.8733333333332,2024-09-30,2025-02-27,0.0,10.0,2.0,2.0,125.0,150.0,0.6,0.0,0.6666666666666666,Fashion,3.4,1.0,12.0,3.333333333333333,2024-09-26,Central,Organic Search,28,Fashion,279,3767.244802867384,1,0,0.6708049928050286,1,0,0.0,126.35433114411184,454.8755921188026,884.4803180087828,discount_offer,20,126.35433114411184
101719,32.0,101357.93,3167.4353125,2023-01-02,2025-01-28,4.0,6.875,19.0,4.0,155.0,757.0,1.2681638044914134,0.125,0.59375,Electronics,4.026315789473684,19.0,9.0,3.6666666666666665,2023-01-01,Central,Organic Search,44,Electronics,913,40520.96872946331,0,1,0.6706423358126169,1,0,0.0,1358.7538559058642,4891.513881261111,9511.276991341048,discount_offer,900,9511.276991341048
103802,1.0,334.8,334.8,2025-05-17,2025-05-17,1.0,0.0,0.0,1.0,46.0,1.0,30.0,1.0,0.0,Books,3.0,1.0,7.0,4.333333333333333,2025-02-01,West,Social Media,55,Books,151,809.2847682119206,0,1,0.6703763682277188,1,1,0.0,27.12626918879593,97.65456907966534,189.8838843215715,discount_offer,0,0.0
100893,9.0,7787.73,865.3033333333333,2024-09-25,2025-06-19,1.0,3.333333333333333,2.0,5.0,13.0,267.0,1.0112359550561798,0.1111111111111111,0.2222222222222222,Fashion,3.283333333333333,6.0,10.0,6.666666666666667,2024-09-25,North,Organic Search,56,Fashion,280,10151.86232142857,1,0,0.6703296736504608,1,1,0.0,340.2547278433812,1224.9170202361722,2381.783094903668,discount_offer,250,1224.9170202361722
100909,11.0,9032.1,821.1,2024-06-07,2025-05-12,2.0,6.363636363636363,5.0,2.0,51.0,339.0,0.9734513274336284,0.1818181818181818,0.4545454545454545,Fashion,3.616666666666666,6.0,14.0,3.333333333333333,2024-06-05,West,Referral,19,Fashion,392,8409.99107142857,0,1,0.6701898644238702,1,0,0.0,281.8145387983336,1014.532339674001,1972.701771588335,discount_offer,250,1014.532339674001
104557,6.0,6502.049999999999,1083.675,2024-10-08,2025-06-10,0.0,17.5,4.0,3.0,22.0,245.0,0.7346938775510204,0.0,0.6666666666666666,Fashion,3.225,4.0,13.0,6.333333333333333,2024-08-08,West,Organic Search,28,Fashion,328,7235.512957317072,0,1,0.6700521204614774,1,0,0.0,242.40853998383997,872.6707439418238,1696.8597798868798,discount_offer,20,242.40853998383997
103369,11.0,10789.46,980.86,2023-02-14,2025-05-23,1.0,9.545454545454543,7.0,4.0,40.0,829.0,0.3980699638118214,0.0909090909090909,0.6363636363636364,Fashion,3.74,5.0,5.0,1.6666666666666667,2023-01-01,Central,Referral,18,Fashion,913,4313.420481927711,1,0,0.6700422206052692,1,0,0.0,144.5086919057547,520.2312908607169,1011.5608433402828,discount_offer,20,144.5086919057547
101637,7.0,9817.51,1402.5014285714285,2024-05-20,2025-02-08,0.0,5.0,2.0,2.0,144.0,264.0,0.7954545454545454,0.0,0.2857142857142857,Sports & Outdoors,4.375,4.0,8.0,3.333333333333333,2024-05-02,North,Organic Search,18,Sports & Outdoors,426,8411.71631455399,1,0,0.6700403786712625,1,0,0.0,281.8094792339497,1014.5141252422187,1972.6663546376474,discount_offer,250,1014.5141252422187
102028,10.0,4723.54,472.354,2023-03-09,2025-06-27,0.0,7.5,5.0,2.0,5.0,841.0,0.356718192627824,0.0,0.5,Books,3.8,2.0,8.0,2.6666666666666665,2023-01-01,Central,Organic Search,34,Books,913,1888.381270536692,1,0,0.66994753805252,1,1,0.0,63.25581915502733,227.72094895809838,442.7907340851913,discount_offer,20,63.25581915502733
101880,2.0,10523.54,5261.77,2024-12-18,2025-03-06,1.0,12.5,1.0,1.0,118.0,78.0,0.7692307692307692,0.5,0.5,Electronics,3.55,2.0,7.0,3.333333333333333,2024-11-12,South,Social Media,23,Electronics,232,16556.431465517242,0,1,0.6698924579155825,1,1,0.0,554.5514284373118,1996.3851423743222,3881.859999061182,discount_offer,250,1996.3851423743222
101250,8.0,13369.41,1671.17625,2024-09-01,2025-03-18,0.0,0.0,0.0,3.0,106.0,198.0,1.2121212121212122,0.0,0.0,Home & Kitchen,4.25,4.0,6.0,4.0,2024-07-17,South,Organic Search,47,Home & Kitchen,350,13942.384714285714,0,1,0.6698827752932298,1,0,0.0,466.988168330581,1681.1574059900913,3268.9171783140664,discount_offer,250,1681.1574059900913
102877,6.0,3594.28,599.0466666666666,2024-08-16,2025-05-08,1.0,8.333333333333334,2.0,3.0,55.0,265.0,0.6792452830188679,0.1666666666666666,0.3333333333333333,Grocery,4.15,4.0,6.0,5.0,2024-07-12,West,Referral,45,Grocery,355,3695.5273239436615,0,1,0.6697936836040551,1,0,0.0,123.76204295818306,445.543354649459,866.3343007072814,discount_offer,20,123.76204295818306
104055,1.0,471.59,471.59,2025-05-24,2025-05-24,0.0,0.0,0.0,1.0,39.0,1.0,30.0,0.0,0.0,Sports & Outdoors,4.4,1.0,9.0,5.0,2025-04-04,North,Paid Ads,44,Sports & Outdoors,89,1934.0488764044944,0,1,0.6697004835470776,1,0,0.0,64.7616733865886,233.14202419171895,453.3317137061202,discount_offer,20,64.7616733865886
105843,7.0,10390.92,1484.4171428571428,2024-08-13,2025-04-27,0.0,3.571428571428572,4.0,2.0,66.0,257.0,0.8171206225680934,0.0,0.5714285714285714,Toys & Games,4.166666666666667,3.0,5.0,3.0,2024-07-23,Central,Organic Search,26,Toys & Games,344,11025.249418604652,0,1,0.6695056555160511,1,0,0.0,369.07334196154346,1328.6640310615564,2583.5133937308037,discount_offer,250,1328.6640310615564
102551,4.0,917.09,229.2725,2024-12-08,2025-05-01,0.0,10.0,3.0,1.0,62.0,144.0,0.8333333333333334,0.0,0.75,Books,2.25,2.0,17.0,6.666666666666667,2024-11-21,Central,Email,24,Books,223,1501.066591928251,0,1,0.6693994078954748,1,0,0.0,50.24065439242248,180.8663558127209,351.6845807469573,discount_offer,0,0.0
102483,3.0,3381.31,1127.1033333333332,2025-04-10,2025-05-22,1.0,6.666666666666667,2.0,2.0,41.0,42.0,2.142857142857143,0.3333333333333333,0.6666666666666666,Home & Kitchen,3.0,1.0,13.0,5.0,2024-11-17,South,Organic Search,31,Fashion,227,5436.908149779736,0,1,0.6692384839233207,1,0,0.0,181.9294083694469,654.9458701300088,1273.505858586128,discount_offer,20,181.9294083694469
105146,7.0,3813.95,544.85,2024-06-25,2025-04-12,1.0,10.714285714285714,4.0,5.0,81.0,291.0,0.7216494845360826,0.1428571428571428,0.5714285714285714,Toys & Games,3.9333333333333336,3.0,11.0,1.6666666666666667,2024-06-09,East,Direct,55,Toys & Games,388,3587.865335051546,1,0,0.6691285161037014,1,1,0.0,120.03715038114753,432.13374137213106,840.2600526680326,discount_offer,20,120.03715038114753
100905,21.0,34369.37,1636.6366666666668,2023-09-15,2025-03-29,4.0,3.333333333333333,6.0,5.0,95.0,561.0,1.1229946524064172,0.1904761904761904,0.2857142857142857,Fashion,3.858333333333333,12.0,9.0,5.666666666666667,2023-08-16,South,Direct,46,Fashion,686,18286.90969387755,1,0,0.6691188518825852,1,1,0.0,611.8058009423933,2202.5008833926154,4282.640606596752,discount_offer,250,2202.5008833926154
102497,9.0,5079.71,564.4122222222222,2024-11-09,2025-06-25,0.0,7.222222222222222,4.0,2.0,7.0,228.0,1.1842105263157896,0.0,0.4444444444444444,Grocery,3.16,5.0,12.0,3.6666666666666665,2024-10-28,West,Referral,36,Grocery,247,7506.454048582997,0,1,0.6691111988455829,1,0,0.0,251.13262337633242,904.0774441547967,1757.9283636343268,discount_offer,250,904.0774441547967
104568,1.0,50.0,50.0,2025-02-04,2025-02-04,0.0,0.0,0.0,1.0,148.0,1.0,30.0,0.0,0.0,Beauty & Personal Care,4.037037037037037,0.0,10.0,3.6666666666666665,2024-06-21,North,Social Media,18,Electronics,376,48.53723404255319,1,0,0.668913217996018,1,0,0.0,1.6233598708015065,5.844095534885422,11.363519095610544,discount_offer,0,0.0
105722,4.0,3442.46,860.615,2024-11-25,2025-03-05,0.0,6.25,1.0,3.0,119.0,100.0,1.2,0.0,0.25,Beauty & Personal Care,4.275,4.0,10.0,5.666666666666667,2024-11-24,East,Social Media,41,Beauty & Personal Care,220,5711.354090909091,0,1,0.668793603983844,1,0,0.0,190.98585430434812,687.5490754956531,1336.9009801304364,discount_offer,20,190.98585430434812
103043,23.0,23373.79,1016.2517391304348,2023-01-08,2025-05-17,5.0,3.4782608695652173,6.0,5.0,46.0,860.0,0.8023255813953488,0.217391304347826,0.2608695652173913,Fashion,4.058333333333334,12.0,8.0,4.333333333333333,2023-01-01,West,Referral,28,Fashion,913,9344.39578313253,1,0,0.6686375737929362,1,1,0.0,312.40070624973396,1124.642542499042,2186.8049437481372,discount_offer,250,1124.642542499042
105626,15.0,22966.16,1531.0773333333334,2023-01-01,2024-06-14,1.0,17.0,10.0,6.0,383.0,530.0,0.8490566037735848,0.0666666666666666,0.6666666666666666,Sports & Outdoors,3.7,9.0,16.0,4.666666666666667,2023-01-01,South,Social Media,43,Sports & Outdoors,913,9181.433077765609,0,1,0.6686063859309607,1,0,0.0,306.93823938959207,1104.9776618025312,2148.567675727144,discount_offer,250,1104.9776618025312
101866,1.0,3479.47,3479.47,2025-02-24,2025-02-24,0.0,15.0,1.0,1.0,128.0,1.0,30.0,0.0,1.0,Electronics,4.0,1.0,11.0,6.333333333333333,2024-11-04,East,Organic Search,31,Electronics,240,5291.693958333333,0,1,0.6681662971683262,1,0,0.0,176.78657789437932,636.4316804197655,1237.5060452606551,discount_offer,20,176.78657789437932
103173,24.0,31494.48,1312.27,2023-01-08,2024-07-02,5.0,4.375,9.0,5.0,365.0,541.0,1.3308687615526802,0.2083333333333333,0.375,Sports & Outdoors,4.314285714285714,14.0,11.0,5.666666666666667,2023-01-01,South,Direct,18,Sports & Outdoors,913,12590.892880613364,0,1,0.6680013132469128,1,1,0.0,420.53664896004665,1513.9319362561678,2943.7565427203263,discount_offer,250,1513.9319362561678
105490,18.0,17623.04,979.0577777777778,2023-01-31,2025-05-17,1.0,3.888888888888889,8.0,4.0,46.0,837.0,0.6451612903225806,0.0555555555555555,0.4444444444444444,Fashion,3.9,7.0,6.0,8.0,2023-01-01,East,Social Media,24,Fashion,913,7045.355531215772,0,1,0.6678778661315475,1,0,0.0,235.27185091632427,846.9786632987673,1646.9029564142697,discount_offer,20,235.27185091632427
105091,22.0,23570.97,1071.4077272727272,2023-05-01,2025-04-22,1.0,5.227272727272728,11.0,5.0,71.0,722.0,0.9141274238227148,0.0454545454545454,0.5,Beauty & Personal Care,3.84375,16.0,9.0,4.333333333333333,2023-04-16,North,Email,39,Beauty & Personal Care,808,10647.77728960396,0,1,0.6678089365396565,1,0,0.0,355.53404141407634,1279.9225490906747,2488.7382898985343,discount_offer,250,1279.9225490906747
100068,14.0,41804.88,2986.062857142857,2023-01-20,2024-06-20,2.0,10.714285714285714,9.0,5.0,377.0,517.0,0.8123791102514506,0.1428571428571428,0.6428571428571429,Electronics,3.8125,8.0,8.0,5.0,2023-01-01,South,Paid Ads,22,Electronics,913,16712.79430449069,1,0,0.6677858667034543,1,0,0.0,558.0283914830435,2008.9022093389565,3906.198740381304,discount_offer,250,2008.9022093389565
102078,9.0,18856.370000000003,2095.1522222222225,2023-01-20,2025-04-05,0.0,5.555555555555555,4.0,2.0,88.0,806.0,0.3349875930521092,0.0,0.4444444444444444,Home & Kitchen,3.575,4.0,12.0,3.333333333333333,2023-01-01,North,Email,45,Home & Kitchen,913,7538.417360350493,1,0,0.6677159718352769,1,0,0.0,251.67608369331765,906.0339012959433,1761.732585853223,discount_offer,250,906.0339012959433
101211,1.0,835.34,835.34,2025-02-11,2025-02-11,0.0,15.0,1.0,1.0,141.0,1.0,30.0,0.0,1.0,Fashion,4.037037037037037,0.0,9.0,5.333333333333333,2024-11-27,West,Direct,22,Fashion,217,1405.0649769585254,0,1,0.6675704537455883,1,1,0.0,46.89899321051187,168.83637555784273,328.29295247358306,discount_offer,0,0.0
102085,10.0,19276.13,1927.613,2023-01-19,2025-02-19,1.0,6.5,6.0,3.0,133.0,762.0,0.3937007874015748,0.1,0.6,Home & Kitchen,4.2,6.0,8.0,5.0,2023-01-01,South,Social Media,38,Home & Kitchen,913,7706.229408543262,1,0,0.6671983308413535,1,0,0.0,257.0791699230308,925.4850117229107,1799.5541894612154,discount_offer,250,925.4850117229107
102026,2.0,851.99,425.995,2025-02-26,2025-04-24,0.0,0.0,0.0,1.0,69.0,57.0,1.0526315789473684,0.0,0.0,Grocery,4.1,1.0,8.0,2.0,2025-01-31,West,Email,36,Grocery,152,2045.897039473684,0,1,0.6667028281609837,1,1,0.0,68.20026711716443,245.52096162179197,477.40186982015103,discount_offer,20,68.20026711716443
101943,6.0,5432.52,905.42,2024-10-19,2025-06-22,1.0,5.833333333333333,3.0,1.0,10.0,246.0,0.7317073170731708,0.1666666666666666,0.5,Fashion,3.6666666666666665,3.0,6.0,7.0,2024-09-30,North,Organic Search,33,Fashion,275,7210.435636363637,1,0,0.6665547991063978,1,1,0.0,240.30752385329882,865.1070858718756,1682.1526669730915,discount_offer,20,240.30752385329882
100091,16.0,16715.62,1044.72625,2024-01-23,2025-05-27,1.0,6.25,8.0,5.0,36.0,490.0,0.979591836734694,0.0625,0.5,Toys & Games,3.4125,8.0,13.0,5.666666666666667,2024-01-16,West,Direct,37,Toys & Games,533,11446.906754221389,0,1,0.6664164097381279,1,0,0.0,381.42032508776725,1373.113170315962,2669.9422756143704,discount_offer,250,1373.113170315962
101830,14.0,19742.41,1410.172142857143,2023-01-03,2025-04-14,0.0,5.714285714285714,6.0,5.0,79.0,832.0,0.5048076923076923,0.0,0.4285714285714285,Home & Kitchen,3.65,8.0,9.0,4.333333333333333,2023-01-01,West,Direct,19,Home & Kitchen,913,7892.639266155531,1,0,0.6661799949494376,1,0,0.0,262.89591932326124,946.4253095637404,1840.2714352628284,discount_offer,250,946.4253095637404
100204,10.0,19731.48,1973.148,2023-11-23,2025-04-20,0.0,2.0,3.0,3.0,73.0,514.0,0.5836575875486382,0.0,0.3,Home & Kitchen,4.1,8.0,7.0,7.333333333333333,2023-07-18,West,Direct,27,Home & Kitchen,715,10072.713566433566,0,1,0.6657245643961198,1,0,0.0,335.2826425650436,1207.017513234157,2346.978497955305,discount_offer,250,1207.017513234157
104089,9.0,9557.12,1061.9022222222222,2024-02-20,2025-04-22,0.0,11.11111111111111,6.0,3.0,71.0,427.0,0.6323185011709602,0.0,0.6666666666666666,Beauty & Personal Care,4.316666666666666,6.0,8.0,2.6666666666666665,2024-01-06,South,Organic Search,61,Beauty & Personal Care,543,6424.215101289135,0,1,0.6656724249421699,1,0,0.0,213.82114224126235,769.7561120685443,1496.7479956888362,discount_offer,20,213.82114224126235
101437,21.0,62600.88,2980.994285714285,2023-08-16,2024-08-29,1.0,6.666666666666667,8.0,5.0,307.0,379.0,1.662269129287599,0.0476190476190476,0.3809523809523809,Electronics,3.675,12.0,10.0,6.0,2023-07-28,Central,Referral,27,Electronics,705,32410.384680851064,1,0,0.6656254306614499,1,1,0.0,1078.6588130547375,3883.171726997054,7550.611691383161,discount_offer,900,7550.611691383161
105023,2.0,903.21,451.605,2025-02-02,2025-02-20,0.0,20.0,2.0,2.0,132.0,18.0,3.333333333333333,0.0,1.0,Beauty & Personal Care,5.0,1.0,12.0,3.333333333333333,2024-11-15,East,Social Media,42,Beauty & Personal Care,229,1439.614192139738,0,1,0.6654772984151885,1,1,0.0,47.90152816726585,172.44550140215705,335.3106971708609,discount_offer,0,0.0
102758,9.0,9340.63,1037.8477777777778,2024-05-15,2025-06-16,0.0,7.222222222222222,4.0,3.0,16.0,397.0,0.6801007556675064,0.0,0.4444444444444444,Beauty & Personal Care,3.15,4.0,9.0,7.333333333333333,2024-02-14,West,Organic Search,39,Beauty & Personal Care,504,6764.543551587301,1,0,0.6653250261097916,1,0,0.0,225.0310057540322,810.1116207145159,1575.2170402782253,discount_offer,20,225.0310057540322
102577,17.0,15949.93,938.2311764705884,2023-04-26,2025-04-02,1.0,3.235294117647059,3.0,6.0,91.0,707.0,0.7213578500707214,0.0588235294117647,0.1764705882352941,Books,3.5375,8.0,12.0,4.333333333333333,2023-01-01,West,Organic Search,23,Books,913,6376.478039430449,1,0,0.665314787255847,1,0,0.0,212.1182565122625,763.6257234441449,1484.8277955858373,discount_offer,20,212.1182565122625
104420,10.0,3038.63,303.863,2023-10-02,2025-02-03,0.0,5.0,3.0,2.0,149.0,490.0,0.6122448979591837,0.0,0.3,Books,3.333333333333333,6.0,15.0,3.0,2023-09-13,South,Paid Ads,40,Books,658,1685.5622340425532,1,0,0.6652601565463665,1,0,0.0,56.06686978438962,201.84073122380258,392.46808849072727,discount_offer,20,56.06686978438962
101222,10.0,12953.08,1295.308,2024-03-19,2025-05-09,1.0,3.5,3.0,5.0,54.0,416.0,0.7211538461538461,0.1,0.3,Fashion,3.8,4.0,10.0,3.333333333333333,2024-02-26,South,Organic Search,34,Fashion,492,9609.500406504065,0,1,0.665157742694071,1,0,0.0,319.5916799404001,1150.5300477854403,2237.1417595828,discount_offer,250,1150.5300477854403
104519,4.0,2558.74,639.6850000000001,2025-01-16,2025-04-24,0.0,2.5,1.0,2.0,69.0,98.0,1.2244897959183674,0.0,0.25,Grocery,4.9,1.0,5.0,6.333333333333333,2024-12-01,South,Direct,49,Grocery,213,4384.69530516432,0,1,0.6649491962108788,1,0,0.0,145.77998093993142,524.8079313837532,1020.4598665795199,discount_offer,20,145.77998093993142
103285,2.0,2593.99,1296.995,2025-06-04,2025-06-15,0.0,0.0,0.0,2.0,17.0,11.0,5.454545454545455,0.0,0.0,Fashion,2.4,1.0,8.0,5.0,2025-03-09,East,Referral,65,Fashion,115,8233.098695652174,0,1,0.6647835357175853,1,0,0.0,273.6614230403746,985.1811229453485,1915.6299612826222,discount_offer,250,985.1811229453485
104099,19.0,40982.52,2156.974736842105,2023-02-07,2025-06-29,4.0,8.421052631578947,10.0,5.0,3.0,873.0,0.6529209621993127,0.2105263157894736,0.5263157894736842,Home & Kitchen,4.133333333333334,15.0,8.0,2.0,2023-01-01,South,Paid Ads,50,Home & Kitchen,913,16384.030449069003,0,1,0.6647601549611173,1,0,0.0,544.5725310105388,1960.4611116379394,3812.007717073771,discount_offer,250,1960.4611116379394
101257,16.0,51440.57,3215.035625,2023-10-22,2025-07-02,3.0,5.9375,9.0,3.0,0.0,619.0,0.7754442649434572,0.1875,0.5625,Electronics,4.025,4.0,10.0,3.6666666666666665,2023-10-20,West,Paid Ads,54,Electronics,621,30234.79557165861,0,1,0.664609282151799,1,0,0.0,1004.7162890443211,3616.978640559556,7033.014023310247,discount_offer,900,7033.014023310247
103531,30.0,31746.6,1058.22,2023-01-18,2025-05-25,1.0,7.166666666666667,14.0,6.0,38.0,858.0,1.048951048951049,0.0333333333333333,0.4666666666666667,Home & Kitchen,3.5421052631578944,19.0,9.0,5.0,2023-01-01,East,Referral,23,Home & Kitchen,913,12691.6856516977,0,1,0.6645248136921924,1,0,0.0,421.69700215671435,1518.1092077641715,2951.879015097,discount_offer,250,1518.1092077641715
101092,6.0,4294.29,715.715,2025-01-18,2025-06-14,0.0,5.0,2.0,3.0,18.0,147.0,1.2244897959183672,0.0,0.3333333333333333,Books,3.533333333333333,3.0,13.0,6.666666666666667,2024-11-07,East,Paid Ads,34,Books,237,6613.568987341772,0,1,0.6643777037230629,1,0,0.0,219.69538886120947,790.903399900354,1537.8677220284662,discount_offer,20,219.69538886120947
103499,13.0,12179.16,936.8584615384616,2024-02-06,2025-03-06,2.0,7.3076923076923075,10.0,3.0,118.0,394.0,0.9898477157360408,0.1538461538461538,0.7692307692307693,Fashion,3.842857142857144,7.0,10.0,2.0,2023-12-14,West,Social Media,24,Fashion,566,7854.051943462898,0,1,0.6643041674416179,1,1,0.0,260.8739718672671,939.1462987221614,1826.1178030708693,discount_offer,250,939.1462987221614
101330,7.0,8852.34,1264.62,2024-06-08,2024-11-21,0.0,8.571428571428571,3.0,2.0,223.0,166.0,1.2650602409638554,0.0,0.4285714285714285,Fashion,4.2,5.0,10.0,3.333333333333333,2024-05-06,Central,Organic Search,30,Fashion,422,7656.6447867298575,1,0,0.664217778412436,1,0,0.0,254.2839795167433,915.4223262602759,1779.987856617203,discount_offer,250,915.4223262602759
101170,24.0,19876.39,828.1829166666666,2023-03-17,2025-05-30,0.0,6.875,11.0,6.0,33.0,805.0,0.8944099378881988,0.0,0.4583333333333333,Beauty & Personal Care,3.56,10.0,9.0,4.333333333333333,2023-02-15,South,Organic Search,50,Beauty & Personal Care,868,8358.159389400922,0,1,0.6637076923066622,1,0,0.0,277.36873401352733,998.5274424486983,1941.5811380946911,discount_offer,250,998.5274424486983
102191,22.0,34216.12,1555.278181818182,2023-09-05,2025-01-26,0.0,11.818181818181818,17.0,5.0,157.0,509.0,1.296660117878193,0.0,0.7727272727272727,Sports & Outdoors,4.077777777777778,9.0,9.0,7.333333333333333,2023-08-27,South,Social Media,48,Sports & Outdoors,675,18502.050074074075,0,1,0.6636985975517377,1,0,0.0,613.9892342997495,2210.3612434790975,4297.924640098246,discount_offer,250,2210.3612434790975
105093,15.0,7454.54,496.9693333333333,2023-04-12,2025-05-18,0.0,2.6666666666666665,3.0,5.0,45.0,767.0,0.5867014341590613,0.0,0.2,Books,3.955555555555556,9.0,5.0,5.333333333333333,2023-01-01,South,Email,40,Books,913,2980.183023001095,0,1,0.6635916856109207,1,1,0.0,98.8812337831173,355.97244161922225,692.1686364818211,discount_offer,20,98.8812337831173
101690,3.0,11277.92,3759.306666666667,2025-02-12,2025-04-04,2.0,3.333333333333333,2.0,1.0,89.0,51.0,1.7647058823529411,0.6666666666666666,0.6666666666666666,Electronics,2.8,2.0,5.0,4.0,2024-10-14,East,Direct,46,Electronics,261,15771.803831417626,0,1,0.6633787049829958,1,1,0.0,523.1339400465838,1883.2821841677016,3661.9375803260864,discount_offer,250,1883.2821841677016
101461,17.0,12372.53,727.7958823529412,2023-02-03,2025-05-04,1.0,6.176470588235294,8.0,4.0,59.0,821.0,0.6211936662606578,0.0588235294117647,0.4705882352941176,Fashion,3.927272727272727,11.0,10.0,4.0,2023-01-18,North,Direct,31,Fashion,896,5040.148939732143,0,1,0.66290077547305,1,0,0.0,167.05593203240545,601.4013553166595,1169.3915242268379,discount_offer,20,167.05593203240545
100312,4.0,12979.32,3244.83,2025-02-09,2025-06-08,2.0,2.5,1.0,2.0,24.0,119.0,1.0084033613445378,0.5,0.25,Electronics,2.2333333333333334,3.0,12.0,4.666666666666667,2024-12-16,North,Paid Ads,42,Electronics,198,23926.52424242424,0,1,0.6628134625079285,1,0,0.0,792.941118945055,2854.588028202198,5550.587832615384,discount_offer,900,5550.587832615384
105992,5.0,5680.53,1136.106,2024-07-23,2025-01-09,0.0,5.0,2.0,4.0,174.0,170.0,0.8823529411764706,0.0,0.4,Sports & Outdoors,3.55,2.0,18.0,6.333333333333333,2024-03-17,North,Organic Search,48,Sports & Outdoors,472,4392.782733050847,0,1,0.6628096152965668,1,0,0.0,145.57893166874166,524.08415400747,1019.0525216811915,discount_offer,20,145.57893166874166
100726,6.0,5525.48,920.9133333333332,2024-10-01,2025-06-16,1.0,4.166666666666667,3.0,2.0,16.0,258.0,0.6976744186046512,0.1666666666666666,0.5,Sports & Outdoors,3.066666666666667,3.0,7.0,5.333333333333333,2024-07-31,Central,Direct,51,Sports & Outdoors,336,6002.381547619048,1,0,0.6626164596940867,1,0,0.0,198.86384054082237,715.9098259469604,1392.0468837857563,discount_offer,20,198.86384054082237
104312,14.0,53497.36,3821.24,2023-10-17,2025-05-15,4.0,5.357142857142857,6.0,4.0,48.0,576.0,0.7291666666666667,0.2857142857142857,0.4285714285714285,Electronics,3.922222222222222,9.0,13.0,5.0,2023-10-13,West,Organic Search,28,Electronics,628,31093.21082802548,0,1,0.6621693299739058,1,0,0.0,1029.4485290365512,3706.014704531584,7206.139703255858,discount_offer,900,7206.139703255858
104565,2.0,1226.4,613.2,2025-01-17,2025-01-31,0.0,5.0,1.0,1.0,152.0,14.0,4.285714285714286,0.0,0.5,Beauty & Personal Care,4.037037037037037,0.0,12.0,3.6666666666666665,2024-12-18,Central,Email,32,Beauty & Personal Care,196,2283.857142857143,1,0,0.6619283122922233,1,1,0.0,75.58748520439839,272.11494673583417,529.1123964307887,discount_offer,20,75.58748520439839
103566,6.0,6742.71,1123.785,2023-09-29,2024-10-19,1.0,5.833333333333333,4.0,2.0,256.0,386.0,0.466321243523316,0.1666666666666666,0.6666666666666666,Fashion,4.075,4.0,18.0,7.666666666666667,2023-08-14,South,Organic Search,33,Fashion,688,3577.1644622093027,1,0,0.6617153607829732,1,1,0.0,118.35323363454297,426.0716410843546,828.4726354418007,discount_offer,20,118.35323363454297
100912,2.0,1077.68,538.84,2025-03-28,2025-04-04,0.0,12.5,1.0,2.0,89.0,7.0,8.571428571428571,0.0,0.5,Beauty & Personal Care,4.1,1.0,6.0,5.666666666666667,2024-09-13,Central,Email,32,Fashion,292,1347.1,1,0,0.6616822739334577,1,0,0.0,44.56760956078804,160.44339441883693,311.9732669255162,discount_offer,0,0.0
101900,4.0,2276.19,569.0475,2025-04-15,2025-05-12,0.0,0.0,0.0,2.0,51.0,27.0,4.444444444444445,0.0,0.0,Books,3.3,2.0,12.0,5.666666666666667,2025-03-02,Central,Paid Ads,33,Sports & Outdoors,122,6809.912704918032,0,1,0.6616307270357299,1,0,0.0,225.2823747002386,811.0165489208589,1576.97662290167,discount_offer,20,225.2823747002386
102325,6.0,21049.48,3508.2466666666664,2024-07-30,2025-06-30,1.0,7.5,4.0,4.0,2.0,335.0,0.5373134328358209,0.1666666666666666,0.6666666666666666,Electronics,3.3,2.0,10.0,3.6666666666666665,2024-07-28,East,Paid Ads,27,Electronics,339,22663.89439528024,0,1,0.6615546968078312,1,0,0.0,749.6702892577161,2698.813041327778,5247.692024804012,discount_offer,250,2698.813041327778
101881,6.0,6420.57,1070.095,2024-11-24,2025-06-15,0.0,10.833333333333334,4.0,3.0,17.0,203.0,0.8866995073891626,0.0,0.6666666666666666,Home & Kitchen,3.46,5.0,12.0,4.333333333333333,2024-10-16,South,Paid Ads,46,Home & Kitchen,259,9048.293629343629,0,1,0.6613335966641459,1,0,0.0,299.19702847835504,1077.109302522078,2094.3791993484847,discount_offer,250,1077.109302522078
101675,4.0,6054.96,1513.74,2024-03-25,2025-06-15,0.0,13.75,3.0,3.0,17.0,447.0,0.2684563758389262,0.0,0.75,Home & Kitchen,4.166666666666667,3.0,5.0,4.0,2023-10-23,South,Social Media,32,Home & Kitchen,618,3576.149514563107,1,0,0.6612666908896382,1,1,0.0,118.23942778108659,425.6619400119117,827.6759944676061,discount_offer,20,118.23942778108659
100728,7.0,6734.09,962.0128571428572,2024-03-02,2025-04-29,2.0,7.857142857142857,3.0,4.0,64.0,423.0,0.4964539007092198,0.2857142857142857,0.4285714285714285,Beauty & Personal Care,3.233333333333333,6.0,12.0,4.0,2024-02-14,South,Social Media,27,Beauty & Personal Care,504,4876.870734126985,1,0,0.6612127839812548,1,0,0.0,161.23246376144047,580.4368695411857,1128.6272463300832,discount_offer,20,161.23246376144047
100659,6.0,18458.65,3076.441666666667,2024-02-17,2025-05-20,0.0,11.666666666666666,5.0,3.0,43.0,458.0,0.3930131004366812,0.0,0.8333333333333334,Electronics,4.037037037037037,0.0,10.0,3.333333333333333,2024-02-06,West,Organic Search,32,Electronics,512,13158.998535156252,0,1,0.661031648994704,1,0,0.0,434.92572504066163,1565.7326101463816,3044.480075284631,discount_offer,250,1565.7326101463816
103592,5.0,10071.48,2014.296,2024-12-05,2025-06-19,1.0,2.0,1.0,3.0,13.0,196.0,0.7653061224489796,0.2,0.2,Electronics,3.25,4.0,10.0,5.333333333333333,2024-10-15,Central,Email,33,Fashion,260,14138.80846153846,1,0,0.6609432239914441,1,1,0.0,467.24748239833696,1682.0909366340131,3270.7323767883586,discount_offer,250,1682.0909366340131
104708,16.0,15022.3,938.89375,2023-08-28,2024-12-18,1.0,5.625,7.0,6.0,196.0,478.0,1.00418410041841,0.0625,0.4375,Grocery,3.744444444444445,9.0,15.0,5.0,2023-08-12,Central,Social Media,30,Grocery,690,7946.578985507246,0,1,0.6608166032630908,1,0,0.0,262.5615666382378,945.2216398976561,1837.9309664676646,discount_offer,250,945.2216398976561
100427,22.0,38625.44,1755.7018181818182,2023-02-09,2025-05-25,3.0,4.7727272727272725,7.0,5.0,38.0,836.0,0.7894736842105263,0.1363636363636363,0.3181818181818182,Home & Kitchen,4.258333333333334,12.0,11.0,3.333333333333333,2023-01-01,West,Social Media,18,Home & Kitchen,913,15441.7147864184,0,1,0.6603993885388175,1,0,0.0,509.88495014707644,1835.585820529475,3569.1946510295347,discount_offer,250,1835.585820529475
104041,11.0,10147.9,922.5363636363636,2023-11-01,2024-12-20,0.0,12.727272727272728,7.0,6.0,194.0,415.0,0.7951807228915663,0.0,0.6363636363636364,Grocery,4.025,8.0,16.0,6.333333333333333,2023-10-12,West,Direct,39,Grocery,629,5888.68600953895,0,1,0.6603788885445628,1,0,0.0,194.43819609836245,699.9775059541048,1361.067372688537,discount_offer,20,194.43819609836245
104184,23.0,23928.07,1040.3508695652174,2023-04-27,2025-05-28,2.0,4.565217391304348,7.0,4.0,35.0,762.0,0.905511811023622,0.0869565217391304,0.3043478260869565,Fashion,4.23125,16.0,9.0,5.666666666666667,2023-04-09,North,Referral,25,Fashion,815,10716.252208588956,0,1,0.6603761149320835,1,0,0.0,353.8378500070167,1273.8162600252601,2476.8649500491165,discount_offer,250,1273.8162600252601
102089,9.0,9997.28,1110.808888888889,2024-04-30,2025-05-07,2.0,14.444444444444445,9.0,3.0,56.0,372.0,0.7258064516129032,0.2222222222222222,1.0,Fashion,4.0,6.0,11.0,4.0,2024-03-07,East,Paid Ads,18,Fashion,482,7570.554356846473,0,1,0.6602890509184989,1,0,0.0,249.93770756045322,899.7757472176315,1749.5639529231723,discount_offer,250,899.7757472176315
102409,24.0,33173.62,1382.2341666666669,2023-01-07,2025-03-11,1.0,2.9166666666666665,7.0,6.0,113.0,794.0,0.9068010075566753,0.0416666666666666,0.2916666666666667,Home & Kitchen,4.016666666666667,12.0,12.0,7.0,2023-01-01,North,Paid Ads,47,Home & Kitchen,913,13262.181051478645,0,1,0.6602503034023713,1,0,0.0,437.81795315079785,1576.144631342872,3064.7256720555843,discount_offer,250,1576.144631342872
100042,3.0,1184.32,394.7733333333333,2025-01-25,2025-05-08,0.0,3.333333333333333,1.0,1.0,55.0,103.0,0.8737864077669903,0.0,0.3333333333333333,Books,3.3,2.0,10.0,6.0,2024-11-10,South,Organic Search,41,Books,234,1847.336752136752,1,0,0.66020600044328,1,0,0.0,60.98114043000421,219.53210554801512,426.8679830100294,discount_offer,20,60.98114043000421
100304,20.0,46180.09,2309.0045,2023-01-03,2024-11-24,2.0,9.25,11.0,6.0,220.0,691.0,0.8683068017366136,0.1,0.55,Electronics,4.222222222222222,9.0,8.0,4.666666666666667,2023-01-01,South,Social Media,24,Electronics,913,18461.91987951807,1,0,0.6601208016787623,1,0,0.0,609.3548675698273,2193.6775232513783,4265.484072988791,discount_offer,250,2193.6775232513783
101018,17.0,19698.46,1158.7329411764706,2023-01-17,2025-04-10,1.0,5.588235294117647,7.0,4.0,83.0,814.0,0.6265356265356266,0.0588235294117647,0.4117647058823529,Home & Kitchen,3.716666666666667,6.0,10.0,4.0,2023-01-01,North,Email,40,Home & Kitchen,913,7875.068893756846,1,0,0.6599591319014023,1,0,0.0,259.86118153937525,935.5002535417508,1819.0282707756267,discount_offer,250,935.5002535417508
103706,6.0,5999.27,999.8783333333334,2024-07-14,2025-07-02,2.0,11.666666666666666,4.0,2.0,0.0,353.0,0.509915014164306,0.3333333333333333,0.6666666666666666,Beauty & Personal Care,3.3666666666666667,3.0,11.0,4.666666666666667,2024-06-22,South,Direct,41,Beauty & Personal Care,375,5839.289466666667,0,1,0.6595300997029043,1,1,0.0,192.5593582072393,693.2136895460615,1347.915507450675,discount_offer,20,192.5593582072393
101960,11.0,16777.6,1525.2363636363634,2024-07-31,2025-01-31,3.0,2.272727272727273,2.0,4.0,152.0,184.0,1.7934782608695652,0.2727272727272727,0.1818181818181818,Home & Kitchen,4.16,5.0,9.0,7.666666666666667,2024-06-15,Central,Organic Search,30,Home & Kitchen,382,16030.952879581151,0,1,0.6594944317217866,1,0,0.0,528.6162079639055,1903.0183486700596,3700.3134557473377,discount_offer,250,1903.0183486700596
100927,8.0,14258.63,1782.32875,2023-10-03,2024-06-21,0.0,6.875,3.0,3.0,376.0,262.0,0.9160305343511452,0.0,0.375,Home & Kitchen,4.125,4.0,12.0,6.666666666666667,2023-09-28,North,Referral,35,Home & Kitchen,643,8093.934603421462,0,1,0.6592294421767254,1,1,0.0,266.7879996814213,960.4367988531167,1867.5159977699489,discount_offer,250,960.4367988531167
105316,23.0,14152.2,615.3130434782609,2023-03-06,2025-03-05,2.0,7.173913043478261,13.0,4.0,119.0,730.0,0.9452054794520548,0.0869565217391304,0.5652173913043478,Grocery,4.2,15.0,12.0,6.333333333333333,2023-02-10,Central,Organic Search,41,Grocery,873,5917.013745704468,0,1,0.6592218380728418,1,0,0.0,195.03123386727856,702.1124419222026,1365.2186370709496,discount_offer,20,195.03123386727856
104068,16.0,18108.78,1131.79875,2023-10-21,2025-06-05,3.0,0.3125,1.0,6.0,27.0,593.0,0.8094435075885329,0.1875,0.0625,Toys & Games,3.2700000000000005,10.0,10.0,6.666666666666667,2023-10-06,West,Organic Search,46,Toys & Games,635,10408.983779527558,1,0,0.6586340477716827,1,0,0.0,342.78555599500123,1234.0280015820042,2399.498891965008,discount_offer,250,1234.0280015820042
101550,14.0,16051.96,1146.5685714285714,2024-02-13,2025-05-20,1.0,11.071428571428571,9.0,5.0,43.0,462.0,0.9090909090909092,0.0714285714285714,0.6428571428571429,Sports & Outdoors,4.0200000000000005,10.0,5.0,3.333333333333333,2024-01-22,North,Direct,42,Sports & Outdoors,527,11117.581404174573,0,1,0.6577914950159746,1,0,0.0,365.6525246406895,1316.349088706482,2559.5676724848263,discount_offer,250,1316.349088706482
102323,18.0,15578.72,865.4844444444444,2023-08-14,2025-05-13,2.0,6.944444444444445,9.0,5.0,50.0,638.0,0.8463949843260189,0.1111111111111111,0.5,Fashion,3.636363636363636,11.0,16.0,7.333333333333333,2023-08-04,East,Direct,31,Fashion,698,8146.465329512893,0,1,0.6577419418197005,1,0,0.0,267.9135962400338,964.4889464641217,1875.3951736802364,discount_offer,250,964.4889464641217
104775,13.0,7074.55,544.1961538461538,2024-06-01,2025-05-17,1.0,11.153846153846152,10.0,4.0,46.0,350.0,1.1142857142857143,0.0769230769230769,0.7692307692307693,Grocery,3.6666666666666665,6.0,12.0,4.0,2024-04-04,Central,Email,30,Grocery,454,5687.688876651982,0,1,0.6576850742569154,1,1,0.0,187.03540405955454,673.3274546143963,1309.2478284168815,discount_offer,20,187.03540405955454
103228,5.0,4452.89,890.5780000000001,2024-10-10,2025-06-14,0.0,6.0,2.0,2.0,18.0,247.0,0.6072874493927126,0.0,0.4,Home & Kitchen,3.5,5.0,12.0,5.666666666666667,2024-10-07,North,Paid Ads,34,Home & Kitchen,268,6064.570335820896,0,1,0.6572910947671581,1,0,0.0,199.30940376620742,717.5138535583467,1395.1658263634517,discount_offer,20,199.30940376620742
100080,10.0,9866.3,986.63,2023-01-31,2025-06-30,0.0,9.0,6.0,3.0,2.0,881.0,0.340522133938706,0.0,0.6,Fashion,3.85,4.0,11.0,7.0,2023-01-01,East,Social Media,35,Fashion,913,3944.3587075575024,0,1,0.6571874027504332,1,0,0.0,129.60914272678852,466.5929138164386,907.2639990875196,discount_offer,20,129.60914272678852
103288,13.0,9198.71,707.593076923077,2023-10-06,2025-02-17,0.0,7.6923076923076925,6.0,2.0,135.0,500.0,0.7799999999999999,0.0,0.4615384615384615,Books,4.116666666666666,6.0,7.0,6.0,2023-09-09,Central,Paid Ads,18,Books,662,5071.796299093657,1,0,0.6569884077497502,1,0,0.0,166.60556874863087,599.7800474950711,1166.238981240416,discount_offer,20,166.60556874863087
102704,3.0,3207.62,1069.2066666666667,2025-02-14,2025-03-18,0.0,1.6666666666666667,1.0,3.0,106.0,32.0,2.8125,0.0,0.3333333333333333,Electronics,2.95,2.0,8.0,9.666666666666666,2025-01-02,East,Organic Search,24,Beauty & Personal Care,181,6468.40497237569,1,0,0.6568186501855493,1,1,0.0,212.42845114046477,764.7424241056732,1486.9991579832536,discount_offer,20,212.42845114046477
102185,7.0,14625.08,2089.2971428571427,2024-07-12,2025-03-13,0.0,5.0,2.0,2.0,111.0,244.0,0.8606557377049181,0.0,0.2857142857142857,Beauty & Personal Care,3.825,4.0,9.0,1.6666666666666667,2024-07-10,North,Paid Ads,34,Beauty & Personal Care,357,14952.812885154062,1,0,0.6564338314984499,1,1,0.0,490.77661269405365,1766.795805698593,3435.436288858375,discount_offer,250,1766.795805698593
105268,16.0,13530.85,845.678125,2023-07-14,2024-08-24,0.0,6.875,8.0,3.0,312.0,407.0,1.1793611793611791,0.0,0.5,Grocery,3.9375,8.0,9.0,8.333333333333334,2023-01-01,North,Organic Search,38,Grocery,913,5409.375958378971,1,0,0.6562457324186525,1,0,0.0,177.4939943867129,638.9783797921664,1242.4579607069902,discount_offer,20,177.4939943867129
103941,2.0,3072.85,1536.425,2025-02-20,2025-06-01,0.0,7.5,1.0,2.0,31.0,101.0,0.594059405940594,0.0,0.5,Grocery,4.2,1.0,8.0,4.333333333333333,2025-01-12,North,Paid Ads,43,Home & Kitchen,171,6559.007309941519,0,1,0.6560263454602776,1,0,0.0,215.14407976940905,774.5186871698726,1506.0085583858634,discount_offer,20,215.14407976940905
105810,4.0,12050.02,3012.505,2025-01-01,2025-05-05,0.0,2.5,1.0,2.0,58.0,124.0,0.9677419354838708,0.0,0.25,Electronics,2.7,1.0,6.0,6.0,2024-12-09,South,Email,37,Electronics,205,21454.913658536585,0,1,0.6560259398584889,1,0,0.0,703.7489948712097,2533.496381536355,4926.242964098467,discount_offer,250,2533.496381536355
102549,9.0,12336.78,1370.753333333333,2024-04-27,2025-05-13,0.0,7.222222222222222,3.0,3.0,50.0,381.0,0.7086614173228347,0.0,0.3333333333333333,Sports & Outdoors,3.7142857142857135,7.0,10.0,4.333333333333333,2024-04-25,Central,Social Media,40,Sports & Outdoors,433,10399.364203233255,1,0,0.6559841400906141,1,1,0.0,341.0908992173541,1227.9272371824745,2387.6362945214782,discount_offer,250,1227.9272371824745
100682,21.0,26072.7,1241.557142857143,2023-07-02,2025-02-24,1.0,2.380952380952381,4.0,5.0,128.0,603.0,1.044776119402985,0.0476190476190476,0.1904761904761904,Sports & Outdoors,3.836363636363637,11.0,12.0,3.6666666666666665,2023-07-02,Central,Organic Search,34,Sports & Outdoors,731,13018.516415868677,0,1,0.6558611053471501,1,1,0.0,426.91692832458244,1536.9009419684967,2988.418498272077,discount_offer,250,1536.9009419684967
104657,6.0,7293.41,1215.5683333333334,2024-04-17,2025-06-26,1.0,2.5,1.0,3.0,6.0,435.0,0.4137931034482758,0.1666666666666666,0.1666666666666666,Fashion,3.74,5.0,13.0,7.0,2024-03-26,Central,Organic Search,49,Fashion,463,5749.664470842333,0,1,0.6557729337225265,1,0,0.0,188.52371689822274,678.6853808336018,1319.666018287559,discount_offer,20,188.52371689822274
103111,32.0,41130.91,1285.3409375,2023-01-04,2025-05-15,4.0,2.8125,7.0,5.0,48.0,862.0,1.1136890951276102,0.125,0.21875,Fashion,3.864705882352941,17.0,9.0,6.333333333333333,2023-01-01,Central,Direct,38,Fashion,913,16443.353943044905,0,1,0.6556539063470095,1,0,0.0,539.0574623101946,1940.6068643167007,3773.4022361713623,discount_offer,250,1940.6068643167007
104664,11.0,44380.36,4034.5781818181817,2023-05-27,2025-06-28,0.0,0.0,0.0,1.0,4.0,763.0,0.4325032765399738,0.0,0.0,Electronics,3.4571428571428577,7.0,8.0,5.333333333333333,2023-05-13,North,Direct,35,Electronics,781,20741.141357234315,1,0,0.6553317441040588,1,1,0.0,679.6164170172596,2446.6191012621343,4757.314919120816,discount_offer,250,2446.6191012621343
105822,3.0,6174.26,2058.0866666666666,2024-10-21,2025-03-02,1.0,8.333333333333334,2.0,1.0,122.0,132.0,0.6818181818181818,0.3333333333333333,0.6666666666666666,Home & Kitchen,2.3,1.0,13.0,5.333333333333333,2024-10-14,Central,Email,18,Home & Kitchen,261,8634.50153256705,1,0,0.6552972548325405,1,0,0.0,282.90825755692765,1018.4697272049394,1980.357802898493,discount_offer,250,1018.4697272049394
102669,2.0,4063.08,2031.54,2024-09-30,2024-12-16,0.0,0.0,0.0,2.0,198.0,77.0,0.7792207792207791,0.0,0.0,Home & Kitchen,3.95,2.0,11.0,4.666666666666667,2024-08-07,West,Social Media,21,Toys & Games,329,4507.672340425532,1,0,0.6550349785360058,1,0,0.0,147.63415273789929,531.4829498564374,1033.4390691652948,discount_offer,20,147.63415273789929
104711,14.0,16346.39,1167.5992857142858,2023-12-17,2025-01-06,1.0,3.2142857142857144,3.0,4.0,177.0,386.0,1.088082901554404,0.0714285714285714,0.2142857142857142,Toys & Games,3.875,8.0,12.0,6.666666666666667,2023-12-04,Central,Paid Ads,34,Toys & Games,576,10358.389496527778,0,1,0.6548415014509399,1,1,0.0,339.1551665259948,1220.958599493581,2374.0861656819634,discount_offer,250,1220.958599493581
103123,12.0,17868.26,1489.0216666666663,2024-08-11,2025-06-02,2.0,8.333333333333334,6.0,3.0,30.0,295.0,1.220338983050847,0.1666666666666666,0.5,Sports & Outdoors,3.516666666666667,6.0,5.0,6.333333333333333,2024-07-20,South,Referral,43,Sports & Outdoors,347,18795.143804034586,0,1,0.6546359114524404,1,0,0.0,615.1988047516935,2214.7156971060963,4306.391633261854,discount_offer,250,2214.7156971060963
103624,6.0,4907.62,817.9366666666666,2024-08-27,2025-01-31,2.0,9.166666666666666,4.0,2.0,152.0,157.0,1.1464968152866242,0.3333333333333333,0.6666666666666666,Fashion,3.85,4.0,9.0,4.0,2024-06-10,West,Social Media,31,Fashion,387,4628.633850129199,1,0,0.6543320353620516,1,0,0.0,151.43317040503644,545.1594134581311,1060.032192835255,discount_offer,20,151.43317040503644
101354,5.0,2763.72,552.7439999999999,2024-12-30,2025-05-11,0.0,9.0,3.0,3.0,52.0,132.0,1.1363636363636362,0.0,0.6,Books,3.8,1.0,5.0,4.666666666666667,2024-11-09,West,Social Media,21,Books,235,4292.586382978723,0,1,0.6539426300784456,1,0,0.0,140.3552614562014,505.278941242325,982.4868301934097,discount_offer,20,140.3552614562014
100180,11.0,5960.6,541.8727272727273,2024-06-04,2025-04-07,0.0,9.545454545454543,9.0,3.0,86.0,307.0,1.0749185667752443,0.0,0.8181818181818182,Grocery,3.8333333333333335,6.0,9.0,8.666666666666666,2024-03-19,East,Organic Search,18,Grocery,470,4628.976595744682,0,1,0.6538767060159845,1,0,0.0,151.3389984325309,544.8203943571111,1059.3729890277161,discount_offer,20,151.3389984325309
100146,5.0,19123.31,3824.662,2024-11-22,2025-05-21,2.0,3.0,1.0,2.0,42.0,180.0,0.8333333333333334,0.4,0.2,Home & Kitchen,3.733333333333333,3.0,11.0,3.0,2024-09-23,North,Direct,60,Home & Kitchen,282,24751.80195035461,0,1,0.6537704427882276,1,0,0.0,809.0998260444925,2912.759373760173,5663.698782311447,discount_offer,900,5663.698782311447
101240,30.0,27627.06,920.902,2023-01-06,2025-04-30,1.0,6.0,12.0,5.0,63.0,845.0,1.0650887573964496,0.0333333333333333,0.4,Grocery,3.655555555555555,18.0,6.0,5.333333333333333,2023-01-01,Central,Organic Search,52,Grocery,913,11044.772070098576,0,1,0.6535107196523872,1,1,0.0,360.89384719633534,1299.217849906807,2526.256930374347,discount_offer,250,1299.217849906807
101870,16.0,26389.0,1649.3125,2023-06-28,2025-05-24,1.0,3.4375,5.0,5.0,39.0,696.0,0.6896551724137931,0.0625,0.3125,Home & Kitchen,3.988888888888889,9.0,6.0,7.333333333333333,2023-05-29,South,Social Media,22,Home & Kitchen,765,12590.830065359478,0,1,0.6534197506397916,1,0,0.0,411.35485208275907,1480.8774674979327,2879.483964579313,discount_offer,250,1480.8774674979327
100701,2.0,495.54,247.77,2024-12-05,2025-06-15,0.0,10.0,1.0,1.0,17.0,192.0,0.3125,0.0,0.5,Books,4.037037037037037,0.0,12.0,6.333333333333333,2024-11-16,North,Email,34,Home & Kitchen,228,793.2986842105263,1,0,0.6531666566193279,1,1,0.0,25.907812463315075,93.26812486793426,181.35468724320552,discount_offer,0,0.0
102818,4.0,1969.98,492.495,2025-01-03,2025-05-03,0.0,0.0,0.0,2.0,60.0,120.0,1.0,0.0,0.0,Books,4.2,1.0,6.0,5.666666666666667,2024-11-30,North,Organic Search,27,Books,214,3360.01261682243,1,0,0.6531343305796027,1,1,0.0,109.72697956136685,395.0171264209206,768.0888569295679,discount_offer,20,109.72697956136685
102720,19.0,11541.81,607.4636842105263,2023-11-21,2025-04-18,1.0,5.2631578947368425,7.0,4.0,75.0,514.0,1.1089494163424125,0.0526315789473684,0.3684210526315789,Beauty & Personal Care,3.7625,8.0,12.0,7.333333333333333,2023-10-23,Central,Social Media,56,Beauty & Personal Care,618,6816.764805825242,0,1,0.6530951859034146,1,0,0.0,222.59981390601453,801.3593300616523,1558.1986973421015,discount_offer,20,222.59981390601453
100511,4.0,2353.72,588.43,2024-10-24,2025-02-24,0.0,12.5,4.0,2.0,128.0,123.0,0.9756097560975612,0.0,1.0,Beauty & Personal Care,2.6,1.0,8.0,7.666666666666667,2024-10-06,North,Paid Ads,41,Beauty & Personal Care,269,3193.709293680297,1,0,0.6530386393215912,1,0,0.0,104.28077857668508,375.4108028760662,729.9654500367955,discount_offer,20,104.28077857668508
105385,2.0,2123.67,1061.835,2025-02-16,2025-06-02,0.0,0.0,0.0,2.0,30.0,106.0,0.5660377358490566,0.0,0.0,Beauty & Personal Care,4.037037037037037,0.0,7.0,3.6666666666666665,2025-01-10,Central,Organic Search,45,Beauty & Personal Care,173,4480.575433526012,0,1,0.6530236126161761,1,0,0.0,146.2960778100223,526.6658801160802,1024.0725446701558,discount_offer,20,146.2960778100223
100490,9.0,14606.05,1622.8944444444446,2023-12-01,2025-06-17,1.0,3.888888888888889,2.0,2.0,15.0,564.0,0.4787234042553191,0.1111111111111111,0.2222222222222222,Sports & Outdoors,4.0600000000000005,5.0,6.0,4.0,2023-02-24,North,Organic Search,53,Sports & Outdoors,859,6206.29598370198,0,1,0.65287614895264,1,1,0.0,202.5971310549793,729.3496717979253,1418.179917384855,discount_offer,20,202.5971310549793
101198,14.0,32439.05,2317.075,2023-01-04,2025-06-07,1.0,11.071428571428571,10.0,5.0,25.0,885.0,0.4745762711864407,0.0714285714285714,0.7142857142857143,Electronics,4.083333333333333,6.0,9.0,6.666666666666667,2023-01-01,North,Organic Search,37,Electronics,913,12968.513964950713,0,1,0.6528201772603944,1,0,0.0,423.30537927015126,1523.8993653725445,2963.1376548910584,discount_offer,250,1523.8993653725445
103751,3.0,3263.64,1087.88,2024-12-05,2025-03-15,1.0,1.6666666666666667,1.0,2.0,109.0,100.0,0.8999999999999999,0.3333333333333333,0.3333333333333333,Fashion,3.6,1.0,17.0,7.0,2024-10-22,West,Email,37,Fashion,253,4708.413438735178,0,1,0.6526612240873275,1,0,0.0,153.6499439217062,553.1397981181423,1075.5496074519433,discount_offer,20,153.6499439217062
101630,8.0,31309.38,3913.6725,2023-11-10,2025-06-07,1.0,5.0,4.0,2.0,25.0,575.0,0.417391304347826,0.125,0.5,Electronics,4.575,4.0,6.0,4.0,2023-04-17,South,Paid Ads,22,Electronics,807,14160.99591078067,0,1,0.6524110525905307,1,1,0.0,461.9395123941309,1662.9822446188712,3233.5765867589157,discount_offer,250,1662.9822446188712
100619,14.0,35129.29,2509.235,2023-12-20,2024-05-26,0.0,3.928571428571429,3.0,5.0,402.0,158.0,2.6582278481012658,0.0,0.2142857142857142,Electronics,3.6333333333333337,9.0,9.0,7.333333333333333,2023-11-16,North,Paid Ads,26,Electronics,594,21586.179882154884,1,0,0.6523440637885025,1,1,0.0,704.0808152997267,2534.690935079016,4928.565707098087,discount_offer,250,2534.690935079016
105255,1.0,709.54,709.54,2025-06-02,2025-06-02,0.0,0.0,0.0,1.0,30.0,1.0,30.0,0.0,0.0,Grocery,4.1,1.0,9.0,5.666666666666667,2025-02-05,Central,Paid Ads,32,Grocery,147,1761.7829931972788,0,1,0.6520435504241664,1,0,0.0,57.437961898063435,206.77666283302833,402.06573328644396,discount_offer,20,57.437961898063435
101013,3.0,7202.610000000001,2400.8700000000003,2025-02-02,2025-03-12,0.0,0.0,0.0,2.0,112.0,38.0,2.368421052631579,0.0,0.0,Fashion,3.6,1.0,7.0,6.666666666666667,2025-01-19,North,Paid Ads,27,Fashion,164,16030.199085365855,0,1,0.6520028539079175,1,0,0.0,522.5867776185313,1881.3123994267125,3658.107443329719,discount_offer,250,1881.3123994267125
102090,3.0,3467.49,1155.83,2024-10-01,2025-06-27,0.0,3.333333333333333,1.0,1.0,5.0,269.0,0.3345724907063197,0.0,0.3333333333333333,Fashion,4.037037037037037,0.0,13.0,9.0,2024-08-06,North,Paid Ads,49,Fashion,330,3835.254090909091,0,1,0.6518805334576834,1,0,0.0,125.00637413637904,450.0229468909645,875.0446189546532,discount_offer,20,125.00637413637904
103703,4.0,1160.91,290.2275,2025-03-28,2025-06-26,0.0,3.75,1.0,2.0,6.0,90.0,1.3333333333333333,0.0,0.25,Grocery,3.7,2.0,9.0,4.333333333333333,2025-03-28,North,Paid Ads,40,Grocery,96,4413.876562500001,0,1,0.651758941066539,1,0,0.0,143.8391757186708,517.8210325872147,1006.8742300306953,discount_offer,20,143.8391757186708
105348,11.0,29095.23,2645.020909090909,2024-03-16,2025-05-02,1.0,6.363636363636363,7.0,4.0,61.0,412.0,0.8009708737864079,0.0909090909090909,0.6363636363636364,Electronics,4.525,4.0,8.0,5.666666666666667,2024-02-17,Central,Email,21,Electronics,501,21197.12365269461,0,1,0.6514703374123633,1,0,0.0,690.4648649096272,2485.6735136746574,4833.2540543673895,discount_offer,250,2485.6735136746574
100648,23.0,33700.66,1465.2460869565218,2023-08-13,2024-12-25,1.0,5.652173913043479,12.0,4.0,189.0,500.0,1.38,0.0434782608695652,0.5217391304347826,Sports & Outdoors,4.357142857142857,14.0,11.0,5.666666666666667,2023-07-10,Central,Direct,51,Sports & Outdoors,723,17013.472890733057,0,1,0.6512717669952736,1,0,0.0,554.0197276136952,1994.4710194093025,3878.1380932958655,discount_offer,250,1994.4710194093025
105859,20.0,28606.25,1430.3125,2023-03-01,2025-06-05,1.0,7.25,11.0,4.0,27.0,827.0,0.7255139056831923,0.05,0.55,Home & Kitchen,4.216666666666667,12.0,10.0,4.0,2023-01-01,Central,Organic Search,32,Home & Kitchen,913,11436.233570646222,0,1,0.6510601806371906,1,0,0.0,372.2838147157016,1340.2217329765258,2605.9867030099113,discount_offer,250,1340.2217329765258
105891,26.0,39788.77,1530.3373076923076,2023-03-02,2025-04-21,4.0,9.038461538461538,15.0,5.0,72.0,781.0,0.998719590268886,0.1538461538461538,0.5769230769230769,Fashion,3.91875,16.0,8.0,5.666666666666667,2023-01-01,Central,Organic Search,37,Fashion,913,15906.791949616649,0,1,0.6509337453274746,1,1,0.0,517.7133829954444,1863.7681787835995,3623.9936809681103,discount_offer,250,1863.7681787835995
105224,3.0,5329.54,1776.513333333333,2024-12-06,2025-07-02,0.0,8.333333333333334,1.0,2.0,0.0,208.0,0.4326923076923076,0.0,0.3333333333333333,Fashion,3.766666666666667,3.0,9.0,3.6666666666666665,2024-11-30,East,Paid Ads,39,Fashion,214,9090.103271028038,0,1,0.6507220528313625,1,0,0.0,295.75653304862243,1064.7235189750406,2070.2957313403567,discount_offer,250,1064.7235189750406
100791,4.0,2967.33,741.8325,2025-01-26,2025-02-03,1.0,6.25,1.0,2.0,149.0,8.0,15.0,0.25,0.25,Beauty & Personal Care,4.6,1.0,10.0,4.0,2025-01-12,East,Organic Search,18,Beauty & Personal Care,171,6333.774561403509,0,1,0.6506821591277384,1,0,0.0,206.063705352119,741.8293392676284,1442.4459374648327,discount_offer,20,206.063705352119
104779,12.0,11556.41,963.0341666666668,2023-05-31,2025-07-01,0.0,7.916666666666667,5.0,6.0,1.0,762.0,0.4724409448818898,0.0,0.4166666666666667,Sports & Outdoors,3.7,8.0,10.0,6.333333333333333,2023-05-25,South,Organic Search,34,Sports & Outdoors,769,5485.162093628088,0,1,0.6503418748754839,1,0,0.0,178.36152999830128,642.1015079938845,1248.5307099881088,discount_offer,20,178.36152999830128
100853,7.0,8595.86,1227.98,2024-05-15,2025-03-04,1.0,4.285714285714286,3.0,4.0,120.0,293.0,0.7167235494880545,0.1428571428571428,0.4285714285714285,Toys & Games,3.95,4.0,10.0,3.6666666666666665,2024-05-11,East,Referral,27,Grocery,417,7523.954196642686,1,0,0.6502281549149262,1,1,0.0,244.61434274736948,880.6116338905301,1712.3003992315864,discount_offer,20,244.61434274736948
105069,11.0,13804.759999999998,1254.9781818181816,2024-08-20,2025-04-14,1.0,5.909090909090909,4.0,4.0,79.0,237.0,1.3924050632911391,0.0909090909090909,0.3636363636363636,Home & Kitchen,3.4000000000000004,9.0,16.0,4.0,2024-08-16,South,Email,32,Home & Kitchen,320,15746.054374999998,0,1,0.6501299810429972,1,0,0.0,511.8491016160376,1842.6567658177353,3582.943711312263,discount_offer,250,1842.6567658177353
103960,8.0,6121.78,765.2225,2024-01-09,2025-04-06,0.0,4.375,4.0,3.0,87.0,453.0,0.5298013245033113,0.0,0.5,Toys & Games,4.525,4.0,13.0,4.666666666666667,2024-01-02,East,Organic Search,35,Toys & Games,547,4084.9171846435097,0,1,0.6500699036274322,1,0,0.0,132.77408602736242,477.9867096985046,929.4186021915368,discount_offer,20,132.77408602736242
105008,4.0,16939.4,4234.85,2025-01-06,2025-04-15,0.0,8.75,3.0,2.0,78.0,99.0,1.2121212121212122,0.0,0.75,Electronics,4.033333333333334,3.0,10.0,3.0,2024-07-17,South,Email,20,Electronics,350,17665.374285714286,0,1,0.6499758665273775,1,0,0.0,574.1033479443797,2066.772052599767,4018.723435610658,discount_offer,250,2066.772052599767
100044,10.0,13099.72,1309.972,2024-03-12,2025-06-13,0.0,8.5,6.0,2.0,19.0,458.0,0.6550218340611353,0.0,0.6,Sports & Outdoors,3.64,5.0,8.0,5.333333333333333,2023-10-04,East,Paid Ads,32,Sports & Outdoors,637,7506.118995290423,1,0,0.6499350538481871,1,0,0.0,243.92449266974907,878.1281736110966,1707.4714486882433,discount_offer,20,243.92449266974907
104247,8.0,18946.64,2368.33,2023-04-15,2024-09-13,0.0,5.0,4.0,5.0,292.0,517.0,0.4642166344294003,0.0,0.5,Sports & Outdoors,4.65,4.0,6.0,5.333333333333333,2023-01-01,West,Organic Search,37,Sports & Outdoors,913,7574.505585980285,1,0,0.6497881483382865,1,0,0.0,246.0911979646069,885.9283126725846,1722.6383857522478,discount_offer,250,885.9283126725846
104067,14.0,11650.88,832.2057142857144,2023-03-17,2025-01-27,0.0,6.785714285714286,7.0,5.0,156.0,682.0,0.6158357771260997,0.0,0.5,Toys & Games,3.857142857142857,7.0,18.0,5.333333333333333,2023-01-01,West,Social Media,26,Toys & Games,913,4657.79978094195,0,1,0.6497788932466902,1,0,0.0,151.32699933125684,544.7771975925245,1059.2889953187978,discount_offer,20,151.32699933125684
101700,10.0,28145.37,2814.537,2024-03-04,2025-04-22,1.0,8.0,5.0,3.0,71.0,414.0,0.7246376811594203,0.1,0.5,Electronics,3.333333333333333,3.0,11.0,5.666666666666667,2024-02-04,East,Direct,30,Electronics,514,19986.498151750973,1,0,0.6496450285341748,1,0,0.0,649.2064581046246,2337.1432491766486,4544.445206732372,discount_offer,250,2337.1432491766486
104103,9.0,8711.25,967.9166666666666,2024-01-11,2025-03-07,0.0,3.333333333333333,4.0,5.0,117.0,421.0,0.6413301662707839,0.0,0.4444444444444444,Books,4.6000000000000005,3.0,9.0,2.333333333333333,2023-11-15,South,Organic Search,39,Grocery,595,5343.876050420168,1,0,0.6492476350815894,1,0,0.0,173.47494439522194,624.509799822799,1214.3246107665534,discount_offer,20,173.47494439522194
103870,14.0,15020.45,1072.8892857142855,2023-02-09,2025-03-18,2.0,6.785714285714286,7.0,4.0,106.0,768.0,0.546875,0.1428571428571428,0.5,Sports & Outdoors,4.0125,8.0,8.0,4.0,2023-01-01,South,Paid Ads,29,Sports & Outdoors,913,6004.889649507119,1,0,0.6492162229608005,1,0,0.0,194.92358887747085,701.7249199588952,1364.465122142296,discount_offer,20,194.92358887747085
104248,6.0,15335.009999999998,2555.835,2024-11-21,2025-03-03,1.0,0.8333333333333334,1.0,3.0,121.0,102.0,1.7647058823529411,0.1666666666666666,0.1666666666666666,Fashion,4.116666666666666,6.0,6.0,2.333333333333333,2024-11-14,West,Social Media,48,Fashion,230,24335.99413043478,0,1,0.6487128738178087,1,0,0.0,789.3536344783836,2841.6730841221806,5525.475441348685,discount_offer,900,5525.475441348685
102098,1.0,2676.1,2676.1,2025-06-17,2025-06-17,0.0,0.0,0.0,1.0,15.0,1.0,30.0,0.0,0.0,Home & Kitchen,4.037037037037037,0.0,7.0,5.0,2024-12-29,East,Direct,40,Home & Kitchen,185,5279.872972972973,0,1,0.6486531462107712,1,0,0.0,171.24031077560687,616.4651187921846,1198.682175429248,discount_offer,20,171.24031077560687
103034,2.0,821.37,410.685,2024-10-24,2025-05-19,0.0,5.0,1.0,1.0,44.0,207.0,0.2898550724637681,0.0,0.5,Books,4.037037037037037,0.0,4.0,7.666666666666667,2024-04-07,South,Organic Search,23,Books,451,664.7451219512195,1,0,0.6485870803917055,1,0,0.0,21.557254892548485,77.60611761317455,150.9007842478394,discount_offer,0,0.0
100260,20.0,25109.45,1255.4725,2023-10-31,2025-04-21,1.0,5.0,8.0,3.0,72.0,538.0,1.1152416356877324,0.05,0.4,Sports & Outdoors,3.4200000000000004,10.0,15.0,4.0,2023-10-03,West,Organic Search,24,Sports & Outdoors,638,14365.12421630094,0,1,0.6485415888017683,1,0,0.0,465.81902412872836,1676.948486863422,3260.7331689010985,discount_offer,250,1676.948486863422
102547,12.0,19471.0,1622.5833333333333,2023-08-31,2025-04-18,2.0,4.166666666666667,4.0,4.0,75.0,596.0,0.6040268456375839,0.1666666666666666,0.3333333333333333,Grocery,3.6375,8.0,17.0,7.666666666666667,2023-07-31,North,Email,47,Grocery,702,10123.810541310542,0,1,0.6483954670022544,1,0,0.0,328.21164318876976,1181.561915479571,2297.4815023213882,discount_offer,250,1181.561915479571
103666,13.0,30785.25,2368.096153846154,2024-01-27,2025-01-10,1.0,2.3076923076923075,2.0,4.0,173.0,349.0,1.1174785100286533,0.0769230769230769,0.1538461538461538,Electronics,4.314285714285714,7.0,12.0,5.333333333333333,2024-01-01,South,Social Media,33,Electronics,548,20504.774178832115,0,1,0.6483478057223239,1,0,0.0,664.7112672838784,2392.960562221962,4652.978870987148,discount_offer,250,2392.960562221962
103705,21.0,68217.6,3248.457142857143,2023-01-03,2025-04-05,3.0,3.809523809523809,6.0,4.0,88.0,823.0,0.7654921020656136,0.1428571428571428,0.2857142857142857,Electronics,3.4909090909090907,11.0,13.0,6.0,2023-01-01,South,Paid Ads,32,Electronics,913,27272.09638554217,0,1,0.6483093134433565,1,0,0.0,884.0377041935944,3182.53573509694,6188.26392935516,discount_offer,900,6188.26392935516
101086,16.0,12614.06,788.37875,2024-04-26,2025-05-28,3.0,9.6875,9.0,7.0,35.0,397.0,1.2090680100755669,0.1875,0.5625,Beauty & Personal Care,3.6,12.0,8.0,5.666666666666667,2024-04-24,North,Email,62,Beauty & Personal Care,434,10608.598847926269,0,1,0.6482581599462194,1,1,0.0,343.8555384382133,1237.8799383775677,2406.9887690674927,discount_offer,250,1237.8799383775677
105290,12.0,27781.49,2315.1241666666665,2023-08-23,2025-05-30,0.0,12.5,8.0,5.0,33.0,646.0,0.5572755417956656,0.0,0.6666666666666666,Electronics,4.55,6.0,11.0,3.333333333333333,2023-07-17,North,Email,40,Electronics,716,14162.351745810054,0,1,0.6481033298210497,1,0,0.0,458.9333662278226,1652.1601184201613,3212.533563594758,discount_offer,250,1652.1601184201613
102157,3.0,1076.05,358.68333333333334,2024-12-18,2025-06-23,0.0,10.0,1.0,1.0,9.0,187.0,0.481283422459893,0.0,0.3333333333333333,Grocery,3.6,2.0,11.0,5.333333333333333,2024-12-03,East,Social Media,40,Grocery,211,1861.4135071090047,1,0,0.647924213768356,1,1,0.0,60.30274415456999,217.08987895645197,422.11920908198994,discount_offer,20,60.30274415456999
105387,5.0,4849.1,969.82,2024-06-23,2025-06-10,0.0,0.0,0.0,2.0,22.0,352.0,0.4261363636363636,0.0,0.0,Grocery,3.4,4.0,11.0,4.0,2024-04-13,Central,Organic Search,45,Grocery,445,3977.3516853932592,1,0,0.6478887657039121,1,0,0.0,128.84407371099067,463.83866535956633,901.9085159769346,discount_offer,20,128.84407371099067
102770,4.0,4697.81,1174.4525,2025-01-08,2025-06-28,0.0,2.5,1.0,2.0,4.0,171.0,0.7017543859649122,0.0,0.25,Fashion,3.6,3.0,9.0,4.333333333333333,2024-12-08,East,Organic Search,18,Fashion,206,8323.789563106797,0,1,0.6476971930945212,1,1,0.0,269.56475679668716,970.4331244680737,1886.95329757681,discount_offer,250,970.4331244680737
100670,3.0,2297.26,765.7533333333334,2024-10-30,2025-04-19,0.0,11.666666666666666,3.0,2.0,74.0,171.0,0.5263157894736842,0.0,1.0,Books,3.6,1.0,6.0,5.0,2024-08-31,South,Direct,53,Books,305,2749.1800000000003,1,0,0.6473110785873417,1,0,0.0,88.97873355153742,320.3234407855347,622.8511348607618,discount_offer,20,88.97873355153742
103284,7.0,18368.06,2624.0085714285715,2024-09-23,2025-06-26,1.0,4.285714285714286,2.0,3.0,6.0,276.0,0.7608695652173914,0.1428571428571428,0.2857142857142857,Sports & Outdoors,3.4,3.0,7.0,3.0,2024-09-06,South,Organic Search,37,Sports & Outdoors,299,22422.54816053512,0,1,0.6472031984584393,1,1,0.0,725.5972443543362,2612.1500796756104,5079.180710480354,discount_offer,250,2612.1500796756104
100430,16.0,39217.87,2451.116875,2023-06-16,2025-05-06,0.0,8.125,7.0,4.0,57.0,690.0,0.6956521739130435,0.0,0.4375,Electronics,3.433333333333333,9.0,10.0,4.0,2023-06-08,Central,Paid Ads,40,Electronics,755,18959.63251655629,0,1,0.647057400841075,1,1,0.0,613.3985268532421,2208.2346966716714,4293.789687972694,discount_offer,250,2208.2346966716714
102659,7.0,12324.86,1760.6942857142858,2024-03-27,2025-02-18,0.0,7.857142857142857,4.0,3.0,134.0,328.0,0.6402439024390244,0.0,0.5714285714285714,Home & Kitchen,4.65,4.0,11.0,3.333333333333333,2024-03-02,East,Direct,41,Home & Kitchen,487,9237.318069815195,0,1,0.6467927927075627,1,1,0.0,298.73153757519015,1075.4335352706844,2091.120763026331,discount_offer,250,1075.4335352706844
105561,5.0,3035.4,607.08,2024-10-28,2025-05-12,0.0,7.0,3.0,2.0,51.0,196.0,0.7653061224489796,0.0,0.6,Books,4.075,4.0,6.0,2.6666666666666665,2024-10-24,South,Organic Search,25,Books,251,4414.027888446215,0,1,0.6467269650625799,1,0,0.0,142.73354299982043,513.8407547993535,999.134800998743,discount_offer,20,142.73354299982043
100283,6.0,5320.55,886.7583333333333,2024-07-23,2025-04-26,0.0,5.0,2.0,2.0,67.0,277.0,0.6498194945848376,0.0,0.3333333333333333,Beauty & Personal Care,3.7,5.0,9.0,4.666666666666667,2024-07-17,South,Organic Search,51,Beauty & Personal Care,350,5548.573571428571,1,0,0.6466433616236447,1,0,0.0,179.39741332223417,645.830687960043,1255.781893255639,discount_offer,20,179.39741332223417
101315,7.0,4863.32,694.76,2024-12-10,2025-07-01,2.0,5.714285714285714,3.0,3.0,1.0,203.0,1.0344827586206895,0.2857142857142857,0.4285714285714285,Toys & Games,3.5666666666666664,3.0,11.0,7.0,2024-12-10,South,Organic Search,18,Toys & Games,204,8701.52843137255,0,1,0.646575758024294,1,0,0.0,281.30986707423267,1012.7155214672373,1969.1690695196282,discount_offer,250,1012.7155214672373
104307,16.0,11607.24,725.4525,2024-02-16,2024-12-08,1.0,8.75,8.0,4.0,206.0,296.0,1.6216216216216215,0.0625,0.5,Books,3.9375,8.0,11.0,4.0,2023-12-09,Central,Organic Search,32,Books,571,7419.68931698774,1,0,0.646545810134177,1,0,0.0,239.85845201978685,863.4904272712325,1679.0091641385077,discount_offer,20,239.85845201978685
103081,5.0,5106.33,1021.266,2024-07-21,2025-02-23,0.0,18.0,4.0,3.0,129.0,217.0,0.6912442396313364,0.0,0.8,Books,4.666666666666667,3.0,15.0,5.0,2024-04-04,South,Organic Search,36,Sports & Outdoors,454,4105.309361233481,0,1,0.6464596489067348,1,0,0.0,132.69584241582638,477.7050326969749,928.8708969107845,discount_offer,20,132.69584241582638
102491,5.0,7975.92,1595.184,2024-07-22,2025-04-17,0.0,10.0,4.0,2.0,76.0,269.0,0.5576208178438662,0.0,0.8,Electronics,4.1,2.0,7.0,7.0,2024-04-02,East,Organic Search,36,Electronics,456,6384.234210526316,0,1,0.6464434924081135,1,1,0.0,206.35233297019934,742.8683986927176,1444.4663307913954,discount_offer,20,206.35233297019934
100715,2.0,1400.7800000000002,700.3900000000001,2025-05-30,2025-06-06,0.0,2.5,1.0,2.0,26.0,7.0,8.571428571428571,0.0,0.5,Books,3.5,1.0,12.0,5.0,2025-02-22,North,Paid Ads,22,Electronics,130,3932.959230769231,0,1,0.6463621280381134,1,0,0.0,127.1057948943571,457.5808616196855,889.7405642604996,discount_offer,20,127.1057948943571
100238,4.0,2291.91,572.9775,2024-09-24,2025-03-15,0.0,12.5,3.0,2.0,109.0,172.0,0.6976744186046512,0.0,0.75,Grocery,3.466666666666667,3.0,14.0,4.666666666666667,2024-09-21,South,Organic Search,49,Grocery,284,2945.588556338028,1,0,0.6461633650470731,1,1,0.0,95.16657068037652,342.5996544493554,666.1659947626355,discount_offer,20,95.16657068037652
102983,12.0,11881.04,990.0866666666668,2024-09-08,2025-02-22,0.0,8.333333333333334,6.0,3.0,130.0,167.0,2.155688622754491,0.0,0.5,Fashion,4.1375,8.0,4.0,4.0,2024-08-15,Central,Paid Ads,40,Fashion,321,13509.593769470406,1,0,0.6460219425279622,1,1,0.0,436.37470048584635,1570.9489217490468,3054.6229034009243,discount_offer,250,1570.9489217490468
105725,10.0,20975.35,2097.535,2024-03-28,2025-03-16,0.0,3.5,5.0,3.0,108.0,353.0,0.8498583569405098,0.0,0.5,Home & Kitchen,4.133333333333334,6.0,9.0,5.0,2024-01-20,East,Paid Ads,43,Home & Kitchen,529,14472.594990548205,0,1,0.6459918188900268,1,1,0.0,467.45889810014626,1682.8520331605264,3272.2122867010235,discount_offer,250,1682.8520331605264
104578,22.0,66544.6,3024.7545454545457,2023-01-18,2025-04-23,1.0,5.681818181818182,7.0,6.0,70.0,826.0,0.7990314769975786,0.0454545454545454,0.3181818181818182,Electronics,4.388888888888889,9.0,10.0,7.333333333333333,2023-01-01,North,Direct,39,Electronics,913,26603.262869660462,0,1,0.6457904938911512,1,0,0.0,859.0067133857076,3092.4241681885474,6013.046993699953,discount_offer,900,6013.046993699953
104101,2.0,2555.58,1277.79,2025-01-20,2025-02-07,0.0,12.5,1.0,2.0,145.0,18.0,3.333333333333333,0.0,0.5,Electronics,4.7,1.0,13.0,4.333333333333333,2024-11-25,West,Referral,30,Electronics,219,4259.299999999999,1,0,0.6457636096721312,1,1,0.0,137.5250471338254,495.09016968177144,962.6753299367778,discount_offer,20,137.5250471338254
102507,2.0,2989.19,1494.595,2025-06-22,2025-07-02,0.0,0.0,0.0,1.0,0.0,10.0,6.0,0.0,0.0,Sports & Outdoors,3.9,1.0,8.0,3.6666666666666665,2025-01-21,Central,Direct,50,Sports & Outdoors,162,6734.903395061728,0,1,0.6457135210471283,1,0,0.0,217.44090925687834,782.7872733247619,1522.0863647981482,discount_offer,20,217.44090925687834
104841,17.0,23363.98,1374.3517647058825,2023-02-11,2024-09-14,4.0,3.235294117647059,4.0,6.0,291.0,581.0,0.8777969018932874,0.2352941176470588,0.2352941176470588,Fashion,3.93,10.0,17.0,5.333333333333333,2023-01-01,South,Social Media,32,Fashion,913,9340.473932092003,0,1,0.6456680013718605,1,0,0.0,301.5422567799904,1085.5521244079653,2110.7957974599326,discount_offer,250,1085.5521244079653
103963,1.0,176.8,176.8,2025-06-15,2025-06-15,0.0,0.0,0.0,1.0,17.0,1.0,30.0,0.0,0.0,Beauty & Personal Care,3.1,1.0,9.0,4.333333333333333,2024-12-16,South,Organic Search,27,Beauty & Personal Care,198,325.919191919192,1,0,0.6456001600830911,1,0,0.0,10.520674123859102,37.87442684589276,73.64471886701371,discount_offer,0,0.0
100705,13.0,42673.7,3282.592307692308,2023-03-08,2025-03-08,0.0,6.923076923076923,7.0,3.0,116.0,731.0,0.533515731874145,0.0,0.5384615384615384,Electronics,3.5200000000000005,10.0,5.0,4.666666666666667,2023-01-01,South,Social Media,37,Electronics,913,17060.131982475355,1,0,0.6454247285699867,1,0,0.0,550.5515527078653,1981.9855897483149,3853.8608689550565,discount_offer,250,1981.9855897483149
102657,17.0,7481.87,440.11,2023-05-26,2025-06-08,1.0,10.588235294117649,10.0,2.0,24.0,744.0,0.6854838709677419,0.0588235294117647,0.5882352941176471,Books,3.7666666666666666,9.0,12.0,3.0,2023-02-25,North,Organic Search,21,Books,858,3182.846794871795,0,1,0.6453494473262,1,0,0.0,102.702420999724,369.72871559900636,718.9169469980679,discount_offer,20,102.702420999724
102160,13.0,12887.16,991.32,2024-09-12,2025-06-01,0.0,1.1538461538461535,2.0,5.0,31.0,262.0,1.4885496183206108,0.0,0.1538461538461538,Books,3.5875,8.0,10.0,4.333333333333333,2024-08-27,Central,Organic Search,45,Books,309,15222.69708737864,0,1,0.6452137948963264,1,0,0.0,491.09470781524135,1767.9409481348687,3437.662954706689,discount_offer,250,1767.9409481348687
105930,3.0,1377.5300000000002,459.17666666666673,2024-12-12,2025-02-28,0.0,1.6666666666666667,1.0,2.0,124.0,78.0,1.1538461538461535,0.0,0.3333333333333333,Grocery,3.25,2.0,8.0,7.333333333333333,2024-12-05,East,Social Media,33,Grocery,209,2405.734210526316,1,0,0.6449961382343535,1,0,0.0,77.58446377038726,279.3040695733941,543.0912463927107,discount_offer,20,77.58446377038726
101965,6.0,13463.27,2243.8783333333336,2024-12-11,2025-06-19,0.0,9.166666666666666,5.0,2.0,13.0,190.0,0.9473684210526316,0.0,0.8333333333333334,Electronics,2.2,2.0,12.0,5.666666666666667,2024-09-08,North,Direct,41,Electronics,297,16545.76952861953,0,1,0.644943489719318,1,0,0.0,533.5543169939718,1920.7955411782984,3734.8802189578023,discount_offer,250,1920.7955411782984
105132,10.0,13717.81,1371.781,2024-05-22,2025-05-19,1.0,3.5,3.0,5.0,44.0,362.0,0.8287292817679558,0.1,0.3,Beauty & Personal Care,3.88,5.0,10.0,2.0,2024-05-07,North,Social Media,27,Beauty & Personal Care,421,11893.11318289786,0,1,0.6449245845668103,1,0,0.0,383.5080539343229,1380.6289941635623,2684.55637754026,discount_offer,250,1380.6289941635623
103414,17.0,17298.34,1017.5494117647058,2023-04-17,2025-05-28,2.0,2.647058823529412,5.0,4.0,35.0,772.0,0.6606217616580311,0.1176470588235294,0.2941176470588235,Fashion,4.49,10.0,11.0,4.333333333333333,2023-01-01,East,Paid Ads,24,Fashion,913,6915.5466593647325,0,1,0.6441339204037423,1,0,0.0,222.72690907158042,801.8168726576895,1559.088363501063,discount_offer,20,222.72690907158042
100520,20.0,20781.13,1039.0565,2023-08-27,2025-06-20,2.0,2.5,3.0,6.0,12.0,663.0,0.9049773755656108,0.1,0.15,Beauty & Personal Care,3.8166666666666655,12.0,9.0,6.0,2023-07-30,Central,Direct,18,Beauty & Personal Care,703,10789.633641536271,0,1,0.6437045761525862,1,0,0.0,347.2668275033396,1250.1605790120225,2430.867792523377,discount_offer,250,1250.1605790120225
103055,20.0,20069.63,1003.4815,2023-06-30,2025-06-19,3.0,3.5,4.0,5.0,13.0,720.0,0.8333333333333334,0.15,0.2,Fashion,3.63,10.0,11.0,5.0,2023-06-17,East,Direct,39,Fashion,746,9819.591085790886,0,1,0.6434574172260864,1,1,0.0,315.9244359139652,1137.3279692902747,2211.4710513977566,discount_offer,250,1137.3279692902747
103899,11.0,6775.09,615.9172727272727,2023-05-05,2025-03-28,0.0,12.272727272727272,9.0,2.0,96.0,693.0,0.4761904761904761,0.0,0.8181818181818182,Toys & Games,4.54,5.0,11.0,5.333333333333333,2023-04-24,South,Paid Ads,29,Toys & Games,800,3091.1348125,1,0,0.6431400350101426,1,0,0.0,99.40162757661604,357.8458592758177,695.8113930363121,discount_offer,20,99.40162757661604
100229,7.0,6370.21,910.03,2024-08-01,2025-03-24,0.0,2.857142857142857,2.0,1.0,100.0,235.0,0.8936170212765958,0.0,0.2857142857142857,Toys & Games,4.4,4.0,11.0,4.0,2024-05-31,South,Organic Search,31,Toys & Games,397,5856.742191435768,0,1,0.6430326250211817,1,0,0.0,188.30381527156254,677.8937349776251,1318.1267069009375,discount_offer,20,188.30381527156254
102773,7.0,4118.87,588.41,2025-01-27,2025-06-18,1.0,7.857142857142857,3.0,3.0,14.0,142.0,1.4788732394366195,0.1428571428571428,0.4285714285714285,Books,2.85,4.0,13.0,3.6666666666666665,2025-01-21,West,Social Media,29,Books,162,9280.170061728397,0,1,0.6430132216674512,1,0,0.0,298.36360245069034,1074.1089688224852,2088.5452171548322,discount_offer,250,1074.1089688224852
102874,6.0,5005.2,834.1999999999999,2024-12-02,2025-03-08,0.0,11.666666666666666,5.0,4.0,116.0,96.0,1.875,0.0,0.8333333333333334,Sports & Outdoors,4.233333333333333,3.0,5.0,4.0,2024-11-15,South,Paid Ads,44,Sports & Outdoors,229,7977.720524017466,0,1,0.6430027175296021,1,0,0.0,256.4847988317456,923.3452757942841,1795.3935918222192,discount_offer,250,923.3452757942841
101852,3.0,1830.97,610.3233333333334,2024-11-15,2025-06-09,0.0,1.6666666666666667,1.0,1.0,23.0,206.0,0.4368932038834952,0.0,0.3333333333333333,Books,3.7,2.0,7.0,3.6666666666666665,2024-10-16,South,Referral,18,Books,259,2580.324517374517,1,0,0.6427757488768954,1,0,0.0,82.92850120004094,298.5426043201474,580.4995084002866,discount_offer,20,82.92850120004094
100277,6.0,9275.61,1545.9350000000002,2024-03-07,2025-03-21,1.0,4.166666666666667,3.0,3.0,103.0,379.0,0.474934036939314,0.1666666666666666,0.5,Fashion,4.05,2.0,9.0,3.333333333333333,2024-02-03,Central,Email,37,Fashion,515,6573.976019417477,1,0,0.6426988400412127,1,0,0.0,211.25433810691806,760.5156171849051,1478.7803667484263,discount_offer,20,211.25433810691806
102473,2.0,6383.200000000001,3191.6000000000004,2024-11-06,2025-04-05,0.0,5.0,1.0,1.0,88.0,150.0,0.4,0.0,0.5,Electronics,4.037037037037037,0.0,11.0,4.666666666666667,2024-10-04,North,Referral,54,Electronics,271,8597.29889298893,0,1,0.6426264854842293,1,0,0.0,276.2425986129466,994.4733550066077,1933.698190290626,discount_offer,250,994.4733550066077
101050,4.0,3213.75,803.4375,2024-07-09,2025-04-25,1.0,11.25,2.0,1.0,68.0,290.0,0.4137931034482759,0.25,0.5,Fashion,3.975,4.0,17.0,3.0,2024-04-09,South,Paid Ads,33,Fashion,449,2612.513919821826,0,1,0.6420360304060647,1,0,0.0,83.86640332314967,301.9190519633388,587.0648232620476,discount_offer,20,83.86640332314967
100412,3.0,1392.84,464.28,2025-02-12,2025-06-10,0.0,6.666666666666667,1.0,2.0,22.0,118.0,0.7627118644067797,0.0,0.3333333333333333,Books,2.3,2.0,15.0,4.0,2024-10-24,North,Referral,34,Books,251,2025.444621513944,0,1,0.6417022042896153,1,0,0.0,64.98661391460217,233.95181009256783,454.90629740221516,discount_offer,20,64.98661391460217
100010,26.0,21488.74,826.4899999999999,2023-01-18,2025-05-29,3.0,3.8461538461538463,10.0,6.0,34.0,862.0,0.9048723897911832,0.1153846153846153,0.3846153846153846,Beauty & Personal Care,4.085714285714286,14.0,10.0,3.333333333333333,2023-01-01,North,Social Media,23,Beauty & Personal Care,913,8590.788718510405,0,1,0.641641694100282,1,0,0.0,275.6104113501304,992.1974808604692,1929.2728794509123,discount_offer,250,992.1974808604692
104512,4.0,1264.31,316.0775,2025-01-16,2025-05-16,0.0,7.5,2.0,1.0,47.0,120.0,1.0,0.0,0.5,Books,2.9,2.0,8.0,3.6666666666666665,2025-01-14,Central,Social Media,44,Books,169,2730.6103550295857,1,0,0.6415439215363985,1,0,0.0,87.5903237676789,315.32516556364396,613.1322663737521,discount_offer,20,87.5903237676789
103799,13.0,48912.45,3762.4961538461534,2023-10-15,2025-04-18,1.0,1.1538461538461535,2.0,3.0,75.0,551.0,0.7078039927404719,0.0769230769230769,0.1538461538461538,Electronics,3.641666666666667,12.0,10.0,2.333333333333333,2023-10-06,North,Referral,40,Electronics,635,28115.03031496063,1,0,0.6414582570011915,1,1,0.0,901.7309170685154,3246.231301446655,6312.116419479607,discount_offer,900,6312.116419479607
101801,17.0,17535.29,1031.4876470588235,2023-01-20,2025-04-26,3.0,4.411764705882353,6.0,5.0,67.0,827.0,0.6166868198307134,0.1764705882352941,0.3529411764705882,Fashion,4.230769230769231,13.0,8.0,7.333333333333333,2023-01-06,West,Direct,23,Fashion,908,7048.877588105726,1,0,0.6414189060474698,1,0,0.0,226.06416757126513,813.8310032565544,1582.4491729988556,discount_offer,20,226.06416757126513
100244,8.0,37709.99,4713.74875,2024-07-16,2025-04-06,1.0,4.375,2.0,2.0,87.0,264.0,0.9090909090909092,0.125,0.25,Electronics,3.6833333333333336,6.0,11.0,3.333333333333333,2024-07-13,South,Organic Search,25,Electronics,354,38881.76935028248,0,1,0.6411071129479806,1,1,0.0,1246.368944723444,4486.928201004398,8724.582613064107,discount_offer,900,8724.582613064107
105360,7.0,15330.28,2190.04,2024-06-19,2025-01-09,0.0,2.142857142857143,2.0,2.0,174.0,204.0,1.0294117647058825,0.0,0.2857142857142857,Home & Kitchen,4.4,5.0,11.0,3.333333333333333,2024-06-02,West,Email,18,Home & Kitchen,395,14165.95493670886,0,1,0.640723617549786,1,1,0.0,453.82309465476754,1633.763140757163,3176.7616625833725,discount_offer,250,1633.763140757163
104693,1.0,829.05,829.05,2025-04-15,2025-04-15,0.0,0.0,0.0,1.0,78.0,1.0,30.0,0.0,0.0,Sports & Outdoors,4.037037037037037,0.0,9.0,5.0,2025-02-14,North,Paid Ads,42,Sports & Outdoors,138,2192.7771739130435,1,0,0.640682072337508,1,1,0.0,70.24365119784964,252.8771443122587,491.70555838494744,discount_offer,20,70.24365119784964
101890,3.0,4304.46,1434.82,2024-10-13,2025-02-25,0.0,0.0,0.0,2.0,127.0,135.0,0.6666666666666666,0.0,0.0,Fashion,3.8,3.0,10.0,6.0,2024-09-27,Central,Organic Search,24,Fashion,278,5651.539208633094,1,0,0.6404072377581744,1,0,0.0,180.96433068413694,651.471590462893,1266.7503147889586,discount_offer,20,180.96433068413694
105061,8.0,8500.84,1062.605,2024-03-24,2025-06-02,0.0,2.5,2.0,3.0,30.0,435.0,0.5517241379310345,0.0,0.25,Grocery,3.65,6.0,9.0,7.0,2024-01-07,Central,Paid Ads,26,Grocery,542,5724.735424354244,1,0,0.639956982074122,1,0,0.0,183.17922026712802,659.4451929616608,1282.254541869896,discount_offer,20,183.17922026712802
101674,8.0,7988.0,998.5,2024-07-28,2025-06-28,0.0,4.375,2.0,3.0,4.0,335.0,0.7164179104477613,0.0,0.25,Books,2.766666666666667,3.0,12.0,5.666666666666667,2024-06-27,West,Organic Search,47,Books,370,7880.054054054053,1,0,0.6398774656158535,1,0,0.0,252.11345085120195,907.608423064327,1764.7941559584135,discount_offer,250,907.608423064327
105592,6.0,6183.21,1030.535,2024-10-23,2025-05-16,2.0,2.5,2.0,4.0,47.0,205.0,0.8780487804878049,0.3333333333333333,0.3333333333333333,Beauty & Personal Care,3.5200000000000005,5.0,13.0,3.333333333333333,2024-09-30,Central,Organic Search,34,Beauty & Personal Care,275,8206.806,0,1,0.6398429534566368,1,1,0.0,262.55334947428236,945.1920581074165,1837.8734463199767,discount_offer,250,945.1920581074165
105098,8.0,5483.96,685.495,2024-01-11,2025-02-09,0.0,3.75,3.0,3.0,143.0,395.0,0.6075949367088608,0.0,0.375,Grocery,3.6,2.0,15.0,6.0,2024-01-10,West,Referral,19,Grocery,539,3713.6278293135433,1,0,0.6395592071545453,1,0,0.0,118.75424350914123,427.51527663290847,831.2797045639886,discount_offer,20,118.75424350914123
102841,4.0,2604.52,651.13,2024-10-26,2025-05-16,0.0,3.75,1.0,2.0,47.0,202.0,0.594059405940594,0.0,0.25,Beauty & Personal Care,4.2,2.0,11.0,3.6666666666666665,2024-09-19,Central,Email,41,Beauty & Personal Care,286,3323.95034965035,0,1,0.6394798830118245,1,0,0.0,106.27996903657595,382.6078885316734,743.9597832560315,discount_offer,20,106.27996903657595
103140,5.0,9143.77,1828.754,2024-10-03,2025-04-01,0.0,6.0,1.0,1.0,92.0,180.0,0.8333333333333334,0.0,0.2,Home & Kitchen,4.233333333333333,3.0,6.0,4.333333333333333,2024-09-07,East,Referral,24,Home & Kitchen,298,11199.584060402683,1,0,0.639479826075632,1,1,0.0,358.0954033532865,1289.1434520718312,2506.667823473005,discount_offer,250,1289.1434520718312
104324,2.0,937.79,468.895,2025-06-21,2025-06-24,0.0,2.5,1.0,1.0,8.0,3.0,20.0,0.0,0.5,Books,3.7,1.0,8.0,4.0,2025-05-09,South,Direct,30,Books,54,6338.765740740741,0,1,0.639338378144815,1,0,0.0,202.63081040625514,729.4709174625184,1418.4156728437856,discount_offer,20,202.63081040625514
104211,13.0,18609.46,1431.496923076923,2024-03-30,2025-06-02,0.0,2.6923076923076925,2.0,4.0,30.0,429.0,0.9090909090909092,0.0,0.1538461538461538,Fashion,3.65,6.0,13.0,5.666666666666667,2024-03-08,West,Direct,26,Fashion,481,14121.5237006237,0,1,0.6392537398032246,1,0,0.0,451.36184186717867,1624.902630721843,3159.5328930702503,discount_offer,250,1624.902630721843
104566,12.0,20500.57,1708.3808333333334,2023-08-07,2025-05-28,2.0,3.333333333333333,3.0,4.0,35.0,660.0,0.5454545454545454,0.1666666666666666,0.25,Home & Kitchen,3.766666666666667,6.0,6.0,5.666666666666667,2023-06-24,Central,Social Media,30,Home & Kitchen,739,10125.450676589986,1,0,0.6389758011404222,1,0,0.0,323.4958978990958,1164.585232436745,2264.4712852936705,discount_offer,250,1164.585232436745
101199,8.0,8394.3,1049.2875,2024-05-21,2025-04-04,0.0,3.125,2.0,2.0,89.0,318.0,0.7547169811320755,0.0,0.25,Beauty & Personal Care,5.0,1.0,5.0,8.666666666666666,2024-05-20,South,Organic Search,46,Beauty & Personal Care,408,7509.606617647059,0,1,0.638790729901659,1,0,0.0,239.85335462805466,863.4720766609968,1678.9734823963825,discount_offer,20,239.85335462805466
100396,6.0,7145.46,1190.91,2024-07-27,2025-01-02,1.0,9.166666666666666,4.0,2.0,181.0,159.0,1.1320754716981132,0.1666666666666666,0.6666666666666666,Toys & Games,4.279999999999999,5.0,12.0,3.333333333333333,2024-06-20,Central,Social Media,23,Toys & Games,377,6918.018302387269,1,0,0.6386863274676206,1,1,0.0,220.9221851452754,795.3198665229913,1546.4552960169276,discount_offer,20,220.9221851452754
104486,14.0,7589.89,542.135,2024-03-05,2025-06-15,1.0,3.571428571428572,4.0,3.0,17.0,467.0,0.8993576017130621,0.0714285714285714,0.2857142857142857,Grocery,3.7142857142857135,7.0,8.0,7.0,2024-01-29,Central,Social Media,30,Grocery,520,5327.518942307693,0,1,0.6386104583121202,1,1,0.0,170.11046567068087,612.3976764144511,1190.773259694766,discount_offer,20,170.11046567068087
103124,7.0,4908.89,701.2700000000001,2024-05-13,2025-06-25,0.0,3.571428571428572,4.0,2.0,7.0,408.0,0.5147058823529412,0.0,0.5714285714285714,Books,3.7,2.0,9.0,6.666666666666667,2024-02-07,North,Paid Ads,34,Books,511,3506.3500000000004,1,0,0.6385569683117747,1,0,0.0,111.95021129199957,403.02076065119843,783.6514790439969,discount_offer,20,111.95021129199957
104027,20.0,32176.78,1608.839,2023-04-19,2024-09-02,1.0,4.75,6.0,6.0,303.0,502.0,1.195219123505976,0.05,0.3,Home & Kitchen,4.0285714285714285,7.0,13.0,7.0,2023-04-08,West,Organic Search,34,Home & Kitchen,816,14392.79987745098,0,1,0.6383194387578518,1,0,0.0,459.3601969964294,1653.6967091871459,3215.5213789750055,discount_offer,250,1653.6967091871459
100174,9.0,6198.28,688.6977777777778,2024-04-24,2025-05-24,0.0,5.555555555555555,3.0,3.0,39.0,395.0,0.6835443037974683,0.0,0.3333333333333333,Beauty & Personal Care,3.35,4.0,13.0,5.0,2024-01-22,North,Direct,37,Beauty & Personal Care,527,4292.926375711575,1,0,0.6379152952332867,1,0,0.0,136.92616981884063,492.9342113478263,958.4831887318844,discount_offer,20,136.92616981884063
101919,5.0,11514.16,2302.832,2024-07-04,2025-05-01,1.0,7.0,3.0,3.0,62.0,301.0,0.4983388704318937,0.2,0.6,Electronics,3.7,2.0,12.0,3.6666666666666665,2024-06-18,South,Direct,24,Electronics,379,11088.83482849604,0,1,0.6379094856947104,1,1,0.0,353.68364611997504,1273.2611260319102,2475.785522839825,discount_offer,250,1273.2611260319102
101872,12.0,10680.57,890.0475,2024-01-31,2025-03-01,2.0,4.166666666666667,6.0,5.0,123.0,395.0,0.9113924050632912,0.1666666666666666,0.5,Beauty & Personal Care,4.55,4.0,11.0,5.666666666666667,2024-01-19,South,Email,26,Beauty & Personal Care,530,7355.486886792453,0,1,0.6378950539154669,1,1,0.0,234.6014352112491,844.5651667604966,1642.2100464787434,discount_offer,20,234.6014352112491
103734,1.0,747.41,747.41,2025-06-01,2025-06-01,0.0,5.0,1.0,1.0,31.0,1.0,30.0,0.0,1.0,Toys & Games,2.5,1.0,4.0,4.666666666666667,2025-01-27,North,Social Media,31,Toys & Games,156,1748.7477564102562,0,1,0.6376252521837951,1,1,0.0,55.75228645934678,200.7082312536484,390.2660052154274,discount_offer,0,0.0
100859,3.0,2160.37,720.1233333333333,2024-12-06,2025-02-15,1.0,6.666666666666667,1.0,2.0,137.0,71.0,1.267605633802817,0.3333333333333333,0.3333333333333333,Fashion,4.3,1.0,9.0,5.666666666666667,2024-11-26,West,Referral,32,Fashion,218,3617.133256880734,1,0,0.6375818856036604,1,1,0.0,115.31093212008638,415.11935563231094,807.1765248406045,discount_offer,20,115.31093212008638
100612,9.0,11809.86,1312.2066666666667,2023-12-15,2025-03-26,2.0,12.77777777777778,6.0,2.0,98.0,467.0,0.5781584582441114,0.2222222222222222,0.6666666666666666,Fashion,4.24,5.0,11.0,5.0,2023-08-10,North,Social Media,42,Fashion,692,6229.189161849712,1,0,0.637575397642319,1,0,0.0,198.5788878427777,714.8839962339996,1390.0522148994437,discount_offer,20,198.5788878427777
101066,4.0,2863.45,715.8625,2024-08-01,2024-11-12,1.0,0.0,0.0,3.0,232.0,103.0,1.1650485436893203,0.25,0.0,Grocery,4.0,2.0,13.0,5.666666666666667,2024-07-15,West,Social Media,25,Grocery,352,2969.2024147727275,1,0,0.6375436421210091,1,1,0.0,94.64980608543499,340.73930190756596,662.5486425980449,discount_offer,20,94.64980608543499
104093,8.0,4813.03,601.62875,2024-02-14,2025-06-02,0.0,2.5,2.0,3.0,30.0,474.0,0.5063291139240506,0.0,0.25,Books,2.66,5.0,15.0,7.0,2024-01-23,West,Email,51,Books,526,3339.8402091254748,0,1,0.637496597836017,1,0,0.0,106.45683853167108,383.24461871401587,745.1978697216974,discount_offer,20,106.45683853167108
104822,2.0,1583.7399999999998,791.8699999999999,2024-11-13,2025-06-24,0.0,15.0,2.0,2.0,8.0,223.0,0.2690582959641255,0.0,1.0,Beauty & Personal Care,4.037037037037037,0.0,5.0,4.0,2024-09-01,West,Referral,36,Sports & Outdoors,304,1901.529934210526,0,1,0.6374445837798883,1,1,0.0,60.605997872891365,218.1815923424089,424.2419851102395,discount_offer,20,60.605997872891365
102695,3.0,3737.84,1245.9466666666667,2025-03-24,2025-05-18,0.0,1.6666666666666667,1.0,3.0,45.0,55.0,1.6363636363636365,0.0,0.3333333333333333,Fashion,3.6,1.0,9.0,5.0,2025-03-23,North,Direct,29,Fashion,101,13508.035643564355,0,1,0.6373812305417259,1,0,0.0,430.4884190348272,1549.7583085253777,3013.4189332437895,discount_offer,250,1549.7583085253777
104662,6.0,9663.1,1610.5166666666669,2024-08-11,2025-05-05,0.0,0.8333333333333334,1.0,3.0,58.0,267.0,0.6741573033707865,0.0,0.1666666666666666,Home & Kitchen,3.3,1.0,14.0,6.333333333333333,2024-07-16,North,Social Media,34,Home & Kitchen,351,10048.522792022792,0,1,0.6368541256581762,1,0,0.0,319.97215984349657,1151.8997754365876,2239.805118904476,discount_offer,250,1151.8997754365876
102637,10.0,19956.44,1995.644,2024-06-07,2025-05-03,2.0,7.0,5.0,5.0,60.0,330.0,0.9090909090909092,0.2,0.5,Home & Kitchen,4.125,4.0,10.0,5.333333333333333,2024-05-20,Central,Organic Search,24,Home & Kitchen,408,17853.187745098036,0,1,0.636440945493415,1,0,0.0,568.1249844280821,2045.2499439410958,3976.874890996575,discount_offer,250,2045.2499439410958
103636,4.0,8525.26,2131.315,2024-06-07,2025-01-13,0.0,1.25,1.0,3.0,170.0,220.0,0.5454545454545455,0.0,0.25,Home & Kitchen,4.2,2.0,5.0,5.0,2024-05-05,South,Email,35,Home & Kitchen,423,7356.311820330969,1,0,0.6362273211663451,1,0,0.0,234.0143281556746,842.4515813604285,1638.100297089722,discount_offer,20,234.0143281556746
102239,3.0,1708.86,569.62,2025-04-29,2025-06-05,0.0,6.666666666666667,1.0,2.0,27.0,37.0,2.4324324324324325,0.0,0.3333333333333333,Beauty & Personal Care,1.5,1.0,11.0,6.0,2025-03-09,East,Organic Search,52,Fashion,115,5423.773043478262,0,1,0.6361984905629652,1,0,0.0,172.5298111708485,621.1073202150545,1207.7086781959392,discount_offer,20,172.5298111708485
105378,1.0,1573.69,1573.69,2025-05-26,2025-05-26,0.0,0.0,0.0,1.0,37.0,1.0,30.0,0.0,0.0,Fashion,4.037037037037037,0.0,8.0,6.333333333333333,2025-03-23,East,Referral,63,Fashion,101,5687.097524752476,0,1,0.6357563627957472,1,0,0.0,180.78042186006658,650.8095186962396,1265.4629530204659,discount_offer,20,180.78042186006658
105525,3.0,3372.99,1124.3300000000002,2024-09-09,2025-03-22,0.0,18.33333333333333,3.0,1.0,102.0,194.0,0.4639175257731959,0.0,1.0,Fashion,4.9,2.0,17.0,6.333333333333333,2024-09-09,East,Email,35,Fashion,296,4159.261317567568,0,1,0.6357511697548393,1,0,0.0,132.21276239798178,475.96594463273436,925.4893367858722,discount_offer,20,132.21276239798178
103209,9.0,12750.6,1416.7333333333331,2024-10-22,2025-05-22,0.0,1.1111111111111112,1.0,3.0,41.0,212.0,1.2735849056603774,0.0,0.1111111111111111,Home & Kitchen,3.6666666666666665,3.0,10.0,4.666666666666667,2024-06-13,South,Social Media,18,Home & Kitchen,384,12119.7109375,1,0,0.63563148460293,1,0,0.0,385.1834928080747,1386.6605741090686,2696.2844496565226,discount_offer,250,1386.6605741090686
100558,8.0,4606.09,575.76125,2024-07-31,2025-06-07,0.0,5.625,4.0,3.0,25.0,311.0,0.7717041800643086,0.0,0.5,Beauty & Personal Care,3.44,5.0,13.0,5.666666666666667,2024-05-28,West,Organic Search,26,Beauty & Personal Care,400,4203.057125,1,0,0.6355646516847248,1,1,0.0,133.56572688308128,480.83661677909265,934.960088181569,discount_offer,20,133.56572688308128
100911,10.0,32540.22,3254.022,2024-06-14,2025-03-22,3.0,9.5,6.0,4.0,102.0,281.0,1.0676156583629892,0.3,0.6,Electronics,3.15,6.0,9.0,4.0,2024-05-25,North,Email,47,Electronics,403,29471.91141439206,1,0,0.6355565648150597,1,0,0.0,936.5533388532383,3371.5920198716576,6555.873371972668,discount_offer,900,6555.873371972668
105447,1.0,402.02,402.02,2025-03-26,2025-03-26,0.0,10.0,1.0,1.0,98.0,1.0,30.0,0.0,1.0,Beauty & Personal Care,4.1,1.0,6.0,4.666666666666667,2025-03-09,South,Organic Search,18,Beauty & Personal Care,115,1275.9765217391305,0,1,0.6355504416199103,1,0,0.0,40.54737209439707,145.97053953982945,283.8316046607795,discount_offer,0,0.0
100246,6.0,5362.25,893.7083333333334,2025-02-12,2025-05-12,0.0,3.333333333333333,2.0,2.0,51.0,89.0,2.02247191011236,0.0,0.3333333333333333,Fashion,2.7,2.0,11.0,8.0,2025-02-07,East,Organic Search,44,Fashion,145,13498.077586206897,0,1,0.6353187177556966,1,0,0.0,428.77906721179374,1543.6046419624572,3001.4534704825555,discount_offer,250,1543.6046419624572
100404,3.0,2340.35,780.1166666666667,2025-02-16,2025-04-02,0.0,3.333333333333333,1.0,1.0,91.0,45.0,2.0,0.0,0.3333333333333333,Sports & Outdoors,4.037037037037037,0.0,10.0,4.333333333333333,2025-02-05,East,Direct,57,Sports & Outdoors,147,5811.0731292517,0,1,0.6352142031514636,1,0,0.0,184.56380936262505,664.4297137054501,1291.9466655383753,discount_offer,20,184.56380936262505
100234,1.0,1941.34,1941.34,2025-06-11,2025-06-11,1.0,0.0,0.0,1.0,21.0,1.0,30.0,1.0,0.0,Fashion,3.0,1.0,11.0,4.0,2025-03-28,East,Organic Search,40,Fashion,96,7381.136458333333,0,1,0.6348383009325707,1,0,0.0,234.2914064079893,843.4490630687613,1640.039844855925,discount_offer,20,234.2914064079893
102091,9.0,27266.22,3029.58,2024-09-23,2025-04-12,1.0,6.111111111111111,4.0,2.0,81.0,201.0,1.343283582089552,0.1111111111111111,0.4444444444444444,Electronics,4.483333333333333,6.0,7.0,5.0,2024-06-07,South,Social Media,18,Electronics,390,25518.385384615383,0,1,0.6347520087992912,1,0,0.0,809.8923192099545,2915.6123491558355,5669.2462344696805,discount_offer,900,5669.2462344696805
102825,4.0,1897.37,474.3425,2025-02-03,2025-03-10,0.0,7.5,2.0,3.0,114.0,35.0,3.4285714285714284,0.0,0.5,Beauty & Personal Care,4.366666666666666,3.0,11.0,4.333333333333333,2024-12-24,South,Social Media,21,Beauty & Personal Care,190,3644.947631578947,0,1,0.634602204352786,1,0,0.0,115.65459008752332,416.35652431508396,809.5821306126631,discount_offer,20,115.65459008752332
105637,5.0,11309.95,2261.99,2024-03-11,2024-12-07,0.0,2.0,1.0,3.0,207.0,271.0,0.5535055350553506,0.0,0.2,Home & Kitchen,4.3,3.0,13.0,5.666666666666667,2024-02-28,Central,Paid Ads,39,Home & Kitchen,490,8424.758673469389,0,1,0.6345925884983262,1,0,0.0,267.31447070353323,962.3320945327196,1871.2012949247326,discount_offer,250,962.3320945327196
105814,19.0,20391.04,1073.2126315789474,2023-06-10,2025-06-01,2.0,10.789473684210526,12.0,7.0,31.0,722.0,0.7894736842105263,0.1052631578947368,0.631578947368421,Fashion,4.25,10.0,5.0,5.333333333333333,2023-01-01,East,Email,20,Fashion,913,8151.949178532312,0,1,0.63457175706906,1,1,0.0,258.64983568794645,931.1394084766072,1810.548849815625,discount_offer,250,931.1394084766072
103024,2.0,1907.88,953.94,2025-04-27,2025-05-21,0.0,2.5,1.0,2.0,42.0,24.0,2.5,0.0,0.5,Grocery,1.7,1.0,12.0,5.0,2025-03-23,Central,Organic Search,25,Grocery,101,6894.813861386139,0,1,0.6341060477656896,1,0,0.0,218.60215838618288,786.9677701902584,1530.21510870328,discount_offer,20,218.60215838618288
100409,13.0,14400.64,1107.7415384615383,2024-09-11,2025-04-10,0.0,8.461538461538462,8.0,3.0,83.0,211.0,1.848341232227488,0.0,0.6153846153846154,Fashion,3.966666666666667,3.0,7.0,5.333333333333333,2024-08-28,South,Organic Search,45,Fashion,308,17065.69350649351,0,1,0.6339615127713515,1,0,0.0,540.9496435934427,1947.4187169363938,3786.6475051540992,discount_offer,250,1947.4187169363938
104096,9.0,17312.01,1923.5566666666664,2024-06-11,2025-06-09,0.0,1.6666666666666667,2.0,3.0,23.0,363.0,0.7438016528925621,0.0,0.2222222222222222,Fashion,3.65,6.0,13.0,8.333333333333334,2024-05-02,South,Organic Search,46,Fashion,426,14833.060211267604,0,1,0.6339438598059901,1,0,0.0,470.16637215328205,1692.5989397518151,3291.1646050729737,discount_offer,250,1692.5989397518151
100400,17.0,10778.47,634.0276470588236,2023-12-16,2025-03-29,1.0,5.588235294117647,7.0,3.0,95.0,469.0,1.0874200426439231,0.0588235294117647,0.4117647058823529,Grocery,4.09,10.0,11.0,6.666666666666667,2023-12-12,South,Organic Search,41,Grocery,568,6926.305545774649,0,1,0.6337855181206341,1,0,0.0,219.48960744953035,790.1625868183093,1536.4272521467124,discount_offer,20,219.48960744953035
101608,1.0,886.98,886.98,2025-02-14,2025-02-14,0.0,0.0,0.0,1.0,138.0,1.0,30.0,0.0,0.0,Grocery,4.037037037037037,0.0,11.0,4.0,2025-02-07,West,Referral,34,Grocery,145,2232.742758620689,1,0,0.6337632802153007,1,1,0.0,70.75151872902038,254.70546742447328,495.26063110314254,discount_offer,20,70.75151872902038
100574,4.0,852.27,213.0675,2024-12-03,2025-03-04,0.0,21.25,4.0,1.0,120.0,91.0,1.3186813186813189,0.0,1.0,Books,3.7,1.0,16.0,2.333333333333333,2024-10-19,East,Social Media,29,Books,256,1215.1505859375,0,1,0.6337092079537694,1,1,0.0,38.5026057679506,138.60938076462213,269.51824037565416,discount_offer,0,0.0
100524,3.0,8993.82,2997.94,2024-12-18,2025-03-12,1.0,5.0,2.0,1.0,112.0,84.0,1.0714285714285714,0.3333333333333333,0.6666666666666666,Electronics,3.95,2.0,11.0,4.333333333333333,2024-11-28,East,Paid Ads,34,Electronics,216,15197.890277777777,0,1,0.633676117308324,1,0,0.0,481.52700512500735,1733.4972184500264,3370.689035875051,discount_offer,250,1733.4972184500264
100755,7.0,11520.79,1645.827142857143,2024-07-09,2025-07-01,1.0,6.428571428571429,2.0,3.0,1.0,357.0,0.5882352941176471,0.1428571428571428,0.2857142857142857,Electronics,3.333333333333333,3.0,12.0,4.0,2024-04-11,West,Email,36,Electronics,447,9407.35648769575,1,0,0.6336257261244637,1,0,0.0,298.03715427139514,1072.9337553770226,2086.260079899766,discount_offer,250,1072.9337553770226
100519,10.0,12558.89,1255.889,2023-06-10,2025-03-31,0.0,2.0,2.0,3.0,93.0,660.0,0.4545454545454545,0.0,0.2,Home & Kitchen,4.0625,8.0,6.0,6.0,2023-04-29,East,Direct,21,Home & Kitchen,795,5766.031257861635,1,0,0.6334255157186794,1,0,0.0,182.61756615805163,657.4232381689858,1278.3229631063612,discount_offer,20,182.61756615805163
103241,2.0,1064.16,532.0799999999999,2025-03-14,2025-03-17,0.0,0.0,0.0,2.0,107.0,3.0,20.0,0.0,0.0,Fashion,4.45,2.0,5.0,3.333333333333333,2024-12-24,Central,Organic Search,36,Fashion,190,2044.3073684210524,1,0,0.6334243667589028,1,0,0.0,64.7457050151332,233.0845380544795,453.2199351059324,discount_offer,20,64.7457050151332
101895,27.0,66803.11,2474.1892592592594,2023-05-16,2025-02-23,3.0,7.407407407407407,15.0,8.0,129.0,649.0,1.2480739599383668,0.1111111111111111,0.5555555555555556,Electronics,3.892857142857143,14.0,9.0,5.0,2023-05-13,West,Direct,20,Electronics,781,31220.40352112676,0,1,0.6332465539198142,1,1,0.0,988.5106470869778,3558.6383295131195,6919.574529608843,discount_offer,900,6919.574529608843
105785,21.0,13208.76,628.9885714285714,2023-09-13,2025-05-01,1.0,8.333333333333334,10.0,4.0,62.0,596.0,1.0570469798657718,0.0476190476190476,0.4761904761904761,Books,3.83,10.0,5.0,7.0,2023-07-12,North,Direct,32,Books,721,6686.820249653259,0,1,0.6329334954546043,1,1,0.0,211.6156257044834,761.8162525361402,1481.3093799313835,discount_offer,20,211.6156257044834
103901,12.0,45402.880000000005,3783.5733333333337,2023-12-13,2024-12-10,5.0,2.083333333333333,3.0,3.0,204.0,363.0,0.9917355371900828,0.4166666666666667,0.25,Electronics,3.8,5.0,12.0,5.666666666666667,2023-11-07,Central,Direct,49,Electronics,603,27482.671973466007,0,1,0.6329292807175264,1,1,0.0,869.7293902180782,3131.0258047850807,6088.105731526546,discount_offer,900,6088.105731526546
101654,2.0,2418.36,1209.18,2024-10-14,2025-05-06,0.0,12.5,2.0,2.0,57.0,204.0,0.2941176470588235,0.0,1.0,Beauty & Personal Care,3.3,2.0,12.0,3.0,2024-09-20,North,Organic Search,25,Grocery,285,3097.1978947368425,1,0,0.632706430985798,1,0,0.0,97.98085130178376,352.73106468642146,685.8659591124863,discount_offer,20,97.98085130178376
100344,18.0,22494.41,1249.6894444444445,2023-10-25,2025-06-20,1.0,2.2222222222222223,4.0,7.0,12.0,604.0,0.8940397350993378,0.0555555555555555,0.2222222222222222,Fashion,4.1,5.0,10.0,5.666666666666667,2023-07-24,West,Direct,30,Fashion,709,11580.338011283498,0,1,0.6326247151921757,1,0,0.0,366.30040181086747,1318.6814465191228,2564.102812676072,discount_offer,250,1318.6814465191228
102569,9.0,9673.17,1074.7966666666666,2024-08-04,2025-05-01,2.0,6.666666666666667,6.0,2.0,62.0,270.0,1.0,0.2222222222222222,0.6666666666666666,Fashion,3.6,6.0,12.0,5.333333333333333,2024-07-12,West,Paid Ads,48,Fashion,355,9945.653661971832,1,0,0.6324928833263346,1,0,0.0,314.52775806128415,1132.2999290206226,2201.6943064289885,discount_offer,250,1132.2999290206226
100945,4.0,9493.68,2373.42,2025-01-06,2025-06-03,1.0,1.25,1.0,2.0,29.0,148.0,0.8108108108108107,0.25,0.25,Electronics,4.4,2.0,6.0,3.6666666666666665,2024-08-05,North,Paid Ads,46,Electronics,331,10468.86163141994,0,1,0.632380999122758,1,0,0.0,331.0154589077624,1191.6556520679446,2317.108212354337,discount_offer,250,1191.6556520679446
101345,5.0,8871.630000000001,1774.3260000000002,2024-07-13,2025-06-04,0.0,6.0,3.0,2.0,28.0,326.0,0.460122699386503,0.0,0.6,Fashion,3.45,2.0,7.0,2.6666666666666665,2024-06-01,South,Organic Search,52,Fashion,396,8177.133712121213,1,0,0.632212529339284,1,0,0.0,258.484319344284,930.5435496394224,1809.390235409988,discount_offer,250,930.5435496394224
102401,23.0,20835.01,905.87,2023-01-03,2024-06-02,0.0,8.26086956521739,12.0,4.0,395.0,516.0,1.3372093023255816,0.0,0.5217391304347826,Toys & Games,3.775,16.0,7.0,5.666666666666667,2023-01-01,Central,Organic Search,40,Toys & Games,913,8329.439923329683,1,0,0.6321094225508854,1,0,0.0,263.2558730054108,947.721142819479,1842.791111037876,discount_offer,250,947.721142819479
103668,13.0,21572.44,1659.4184615384615,2023-11-22,2025-04-01,0.0,4.615384615384615,4.0,3.0,92.0,496.0,0.7862903225806451,0.0,0.3076923076923077,Home & Kitchen,4.442857142857143,7.0,10.0,3.0,2023-10-31,North,Social Media,37,Home & Kitchen,610,12908.099344262297,1,0,0.632072027895319,1,1,0.0,407.94242644010535,1468.5927351843793,2855.5969850807373,discount_offer,250,1468.5927351843793
103825,3.0,3343.79,1114.5966666666666,2025-03-25,2025-06-06,0.0,13.333333333333334,3.0,1.0,26.0,73.0,1.2328767123287672,0.0,1.0,Home & Kitchen,2.6500000000000004,2.0,10.0,3.6666666666666665,2025-01-24,East,Organic Search,39,Home & Kitchen,159,7675.995911949685,0,1,0.6318373556455278,1,0,0.0,242.49904794760855,872.9965726113907,1697.4933356332597,discount_offer,20,242.49904794760855
103046,9.0,6159.07,684.3411111111111,2024-02-17,2025-06-23,2.0,5.0,3.0,3.0,9.0,492.0,0.5487804878048781,0.2222222222222222,0.3333333333333333,Fashion,3.92,5.0,9.0,2.6666666666666665,2024-01-12,North,Organic Search,20,Fashion,537,4186.332495344506,0,1,0.6317617691441785,1,1,0.0,132.23824117423044,476.0576682272295,925.6676882196128,discount_offer,20,132.23824117423044
103737,6.0,8776.35,1462.725,2024-05-12,2025-05-24,2.0,7.5,3.0,4.0,39.0,377.0,0.4774535809018568,0.3333333333333333,0.5,Beauty & Personal Care,3.7,4.0,9.0,6.333333333333333,2024-04-30,Central,Organic Search,21,Beauty & Personal Care,428,7484.504088785047,1,0,0.6317072216322474,1,0,0.0,236.40076416107988,851.0427509798875,1654.805349127559,discount_offer,20,236.40076416107988
102329,2.0,775.69,387.845,2025-03-30,2025-04-03,0.0,5.0,2.0,1.0,90.0,4.0,15.0,0.0,1.0,Grocery,4.95,2.0,8.0,5.333333333333333,2025-02-24,Central,Organic Search,43,Grocery,128,2211.9285156250003,0,1,0.6316473180837895,1,0,0.0,69.85793573437944,251.488568643766,489.00555014065606,discount_offer,20,69.85793573437944
103682,9.0,15757.78,1750.8644444444444,2024-07-17,2025-06-16,0.0,3.333333333333333,2.0,4.0,16.0,334.0,0.8083832335329342,0.0,0.2222222222222222,Home & Kitchen,3.242857142857143,7.0,10.0,4.0,2024-06-18,North,Email,41,Home & Kitchen,379,15175.698416886544,1,0,0.6312983974651715,1,0,0.0,479.0197045497607,1724.4709363791387,3353.1379318483246,discount_offer,250,1724.4709363791387
102498,2.0,2897.17,1448.585,2025-03-16,2025-06-14,0.0,0.0,0.0,2.0,18.0,90.0,0.6666666666666666,0.0,0.0,Books,4.037037037037037,0.0,11.0,5.666666666666667,2024-11-21,East,Paid Ads,29,Electronics,223,4742.00470852018,0,1,0.630968167596537,1,0,0.0,149.60270108345645,538.5697239004431,1047.218907584195,discount_offer,20,149.60270108345645
101613,3.0,4221.72,1407.24,2024-07-10,2025-06-15,0.0,3.333333333333333,1.0,3.0,17.0,340.0,0.2647058823529412,0.0,0.3333333333333333,Toys & Games,4.4,1.0,11.0,6.0,2024-07-09,North,Email,34,Books,358,4304.267597765364,0,1,0.6307766381732027,1,0,0.0,135.75157225581418,488.7056601209311,950.2610057906992,discount_offer,20,135.75157225581418
100407,5.0,4017.37,803.474,2024-08-19,2024-10-20,0.0,10.0,4.0,2.0,255.0,62.0,2.419354838709677,0.0,0.8,Toys & Games,4.3,3.0,18.0,3.6666666666666665,2024-08-06,South,Paid Ads,18,Toys & Games,330,4443.454696969698,0,1,0.6307718922289883,1,0,0.0,140.1403163620681,504.5051389034452,980.9822145344766,discount_offer,20,140.1403163620681
103803,14.0,15569.38,1112.0985714285714,2023-01-02,2025-04-08,1.0,5.0,4.0,5.0,85.0,827.0,0.5078597339782346,0.0714285714285714,0.2857142857142857,Sports & Outdoors,3.925,8.0,9.0,4.333333333333333,2023-01-01,East,Social Media,64,Sports & Outdoors,913,6224.341401971522,1,0,0.6307167781442646,1,0,0.0,196.28982775607167,706.643379921858,1374.0287942925015,discount_offer,20,196.28982775607167
101576,11.0,47170.86,4288.26,2024-04-27,2025-04-17,0.0,4.090909090909091,4.0,4.0,76.0,355.0,0.9295774647887324,0.0,0.3636363636363636,Electronics,3.825,8.0,10.0,4.333333333333333,2024-02-05,West,Social Media,40,Electronics,513,33562.112865497074,0,1,0.6304367459601562,1,0,0.0,1057.9394611235734,3808.582060044864,7405.576227865014,discount_offer,900,7405.576227865014
101316,3.0,4135.07,1378.3566666666666,2025-02-26,2025-06-18,0.0,5.0,1.0,3.0,14.0,112.0,0.8035714285714286,0.0,0.3333333333333333,Toys & Games,3.7,3.0,7.0,4.333333333333333,2025-02-26,West,Paid Ads,33,Grocery,126,11978.575793650794,0,1,0.6304053011417268,1,0,0.0,377.5678840222714,1359.244382480177,2642.9751881558996,discount_offer,250,1359.244382480177
101634,10.0,23544.75,2354.475,2023-12-05,2025-02-27,0.0,0.5,1.0,3.0,125.0,450.0,0.6666666666666666,0.0,0.1,Sports & Outdoors,3.733333333333333,3.0,11.0,6.0,2023-11-23,East,Paid Ads,50,Sports & Outdoors,587,14640.261925042589,1,0,0.6303995501939282,1,0,0.0,461.46072661340713,1661.2586158082654,3230.2250862938495,discount_offer,250,1661.2586158082654
102846,13.0,36594.0,2814.923076923077,2023-06-30,2024-08-22,4.0,2.3076923076923075,4.0,5.0,314.0,419.0,0.9307875894988068,0.3076923076923077,0.3076923076923077,Electronics,3.857142857142857,7.0,11.0,4.666666666666667,2023-06-29,South,Organic Search,46,Electronics,734,18197.288828337874,1,0,0.6303333848408452,1,0,0.0,573.5179331046356,2064.664559176688,4014.6255317324485,discount_offer,250,2064.664559176688
103497,15.0,11915.07,794.338,2023-03-26,2025-05-06,1.0,6.0,6.0,5.0,57.0,772.0,0.582901554404145,0.0666666666666666,0.4,Beauty & Personal Care,4.042857142857143,7.0,10.0,4.333333333333333,2023-01-01,South,Email,29,Beauty & Personal Care,913,4763.417907995618,0,1,0.6302710029923627,1,0,0.0,150.11220912720904,540.4039528579525,1050.785463890463,discount_offer,20,150.11220912720904
101982,2.0,2292.23,1146.1149999999998,2025-01-29,2025-04-04,0.0,0.0,0.0,1.0,89.0,65.0,0.9230769230769232,0.0,0.0,Sports & Outdoors,4.5,2.0,7.0,3.333333333333333,2024-12-25,South,Organic Search,18,Sports & Outdoors,189,4426.793386243386,1,0,0.630255836976362,1,0,0.0,139.50061853841245,502.20222673828476,976.504329768887,discount_offer,20,139.50061853841245
101653,1.0,864.0,864.0,2025-05-16,2025-05-16,0.0,5.0,1.0,1.0,47.0,1.0,30.0,0.0,1.0,Home & Kitchen,2.7,1.0,10.0,5.666666666666667,2024-10-22,North,Organic Search,50,Home & Kitchen,253,1246.482213438735,1,0,0.6300795092933802,1,0,0.0,39.269145069320224,141.3689222495528,274.88401548524155,discount_offer,0,0.0
102745,13.0,36165.75,2781.980769230769,2024-05-07,2025-06-29,3.0,2.6923076923076925,3.0,4.0,3.0,418.0,0.9330143540669856,0.2307692307692307,0.2307692307692307,Electronics,3.8,9.0,12.0,4.666666666666667,2024-04-25,Central,Organic Search,24,Electronics,433,30486.14030023095,0,1,0.6299733410951981,1,0,0.0,960.2727831016729,3456.9820191660224,6721.909481711709,discount_offer,900,6721.909481711709
105683,7.0,6622.55,946.0785714285714,2024-04-17,2025-06-03,1.0,8.571428571428571,3.0,3.0,29.0,412.0,0.5097087378640777,0.1428571428571428,0.4285714285714285,Fashion,3.56,5.0,12.0,5.0,2023-12-13,North,Social Media,34,Fashion,567,4263.1935626102295,1,0,0.629619663125637,1,0,0.0,134.20952473650186,483.15428905140664,939.4666731555128,discount_offer,20,134.20952473650186
100243,7.0,5374.36,767.7657142857142,2024-06-03,2025-05-02,0.0,6.428571428571429,3.0,3.0,61.0,333.0,0.6306306306306306,0.0,0.4285714285714285,Beauty & Personal Care,3.26,5.0,18.0,6.666666666666667,2024-05-24,Central,Organic Search,30,Beauty & Personal Care,404,4855.54801980198,0,1,0.6292254362478853,1,0,0.0,152.76171604912287,549.9421777768422,1069.3320123438598,discount_offer,20,152.76171604912287
104435,12.0,14537.77,1211.4808333333333,2023-10-11,2025-04-02,0.0,6.25,4.0,5.0,91.0,539.0,0.6679035250463823,0.0,0.3333333333333333,Toys & Games,4.571428571428571,7.0,7.0,3.6666666666666665,2023-09-23,East,Direct,19,Toys & Games,648,8188.713040123457,0,1,0.6291320848386244,1,1,0.0,257.58910535390504,927.320779274058,1803.123737477335,discount_offer,250,927.320779274058
105488,1.0,534.64,534.64,2025-03-19,2025-03-19,0.0,20.0,1.0,1.0,105.0,1.0,30.0,0.0,1.0,Fashion,2.6,1.0,7.0,4.333333333333333,2024-12-04,South,Referral,46,Beauty & Personal Care,210,929.255238095238,1,0,0.629038565219616,1,0,0.0,29.226869084712064,105.21672870496342,204.58808359298442,discount_offer,0,0.0
102504,10.0,6481.9400000000005,648.1940000000001,2023-08-03,2025-06-24,0.0,3.5,2.0,2.0,8.0,691.0,0.4341534008683068,0.0,0.2,Grocery,3.825,4.0,10.0,5.0,2023-07-22,West,Email,40,Grocery,711,3327.578199718706,1,0,0.6290135518265343,1,1,0.0,104.65458911928039,376.7565208294094,732.5821238349627,discount_offer,20,104.65458911928039
104547,12.0,10612.24,884.3533333333334,2024-05-09,2025-03-29,2.0,3.75,2.0,4.0,95.0,324.0,1.111111111111111,0.1666666666666666,0.1666666666666666,Fashion,3.78,10.0,7.0,4.666666666666667,2024-03-28,South,Social Media,35,Fashion,461,8402.315835140998,1,0,0.6289793140204286,1,1,0.0,264.2441425084985,951.2789130305946,1849.7089975594893,discount_offer,250,951.2789130305946
102901,3.0,2039.92,679.9733333333334,2025-02-26,2025-06-29,0.0,1.6666666666666667,1.0,2.0,3.0,123.0,0.7317073170731708,0.0,0.3333333333333333,Grocery,2.2,1.0,9.0,6.333333333333333,2024-10-18,South,Paid Ads,25,Grocery,257,2897.1626459143968,1,0,0.6289305442820808,1,0,0.0,91.10570398843275,327.9805343583579,637.7399279190291,discount_offer,20,91.10570398843275
101476,2.0,1709.48,854.74,2025-01-13,2025-03-20,0.0,17.5,2.0,1.0,104.0,66.0,0.9090909090909092,0.0,1.0,Grocery,2.4,1.0,12.0,6.666666666666667,2024-12-15,East,Email,19,Grocery,199,3135.478391959799,1,0,0.6289120026076901,1,0,0.0,98.59699973102886,354.94919903170387,690.1789981172019,discount_offer,20,98.59699973102886
103522,5.0,2799.81,559.962,2025-01-15,2025-06-30,2.0,9.0,3.0,2.0,2.0,166.0,0.9036144578313252,0.4,0.6,Fashion,3.6666666666666665,3.0,12.0,4.0,2024-10-05,Central,Social Media,40,Fashion,270,3784.9283333333337,0,1,0.6288549579570618,1,1,0.0,119.00854739644129,428.4307706271886,833.0598317750888,discount_offer,20,119.00854739644129
105271,33.0,108825.45,3297.740909090909,2023-01-11,2025-06-13,3.0,6.363636363636363,16.0,7.0,19.0,884.0,1.1199095022624437,0.0909090909090909,0.4848484848484848,Electronics,3.65,22.0,8.0,4.333333333333333,2023-01-01,North,Referral,19,Electronics,913,43506.3409090909,0,1,0.6281456406420624,1,0,0.0,1366.4159191166434,4919.097308819916,9564.911433816502,discount_offer,900,9564.911433816502
101128,34.0,45931.64,1350.9305882352942,2023-01-11,2025-06-11,4.0,3.3823529411764706,8.0,6.0,21.0,882.0,1.1564625850340136,0.1176470588235294,0.2352941176470588,Fashion,3.8333333333333335,21.0,10.0,4.666666666666667,2023-01-01,North,Direct,40,Fashion,913,18362.594304490693,0,1,0.627997716688197,1,0,0.0,576.5833647845924,2075.7001132245323,4036.083553492146,discount_offer,250,2075.7001132245323
101520,11.0,6153.22,559.3836363636364,2024-02-21,2025-07-01,0.0,1.818181818181818,3.0,3.0,1.0,496.0,0.6653225806451613,0.0,0.2727272727272727,Grocery,4.25,4.0,5.0,5.666666666666667,2024-01-13,North,Organic Search,49,Grocery,536,4190.159141791045,0,1,0.6278764707007339,1,0,0.0,131.54511668110888,473.5624200519919,920.815816767762,discount_offer,20,131.54511668110888
103994,1.0,116.44,116.44,2025-06-14,2025-06-14,0.0,0.0,0.0,1.0,18.0,1.0,30.0,0.0,0.0,Books,4.037037037037037,0.0,9.0,4.0,2025-05-08,North,Organic Search,20,Fashion,55,772.7381818181817,1,0,0.627811941173499,1,1,0.0,24.256712897307647,87.32416643030753,169.7969902811535,discount_offer,0,0.0
105979,1.0,879.98,879.98,2025-06-16,2025-06-16,0.0,0.0,0.0,1.0,16.0,1.0,30.0,0.0,0.0,Grocery,4.037037037037037,0.0,10.0,3.0,2024-11-25,East,Social Media,35,Grocery,219,1466.6333333333334,0,1,0.6274525841798164,1,0,0.0,46.012143752212914,165.64371750796647,322.08500626549034,discount_offer,0,0.0
105735,1.0,246.78,246.78,2025-03-27,2025-03-27,0.0,20.0,1.0,1.0,97.0,1.0,30.0,0.0,1.0,Books,4.7,1.0,9.0,6.333333333333333,2025-02-02,East,Social Media,47,Beauty & Personal Care,150,600.498,0,1,0.6269812322720345,1,1,0.0,18.825048800844613,67.77017568304059,131.77534160591227,discount_offer,0,0.0
105994,6.0,6259.67,1043.2783333333334,2024-09-18,2025-04-05,0.0,0.8333333333333334,1.0,2.0,88.0,199.0,0.9045226130653266,0.0,0.1666666666666666,Toys & Games,3.85,2.0,10.0,5.666666666666667,2024-08-22,North,Social Media,43,Toys & Games,314,7276.367993630573,0,1,0.6269311301450167,1,1,0.0,228.08908047989217,821.1206897276116,1596.6235633592448,discount_offer,20,228.08908047989217
101176,7.0,5751.02,821.5742857142858,2024-06-26,2025-06-28,1.0,5.0,2.0,4.0,4.0,367.0,0.5722070844686649,0.1428571428571428,0.2857142857142857,Beauty & Personal Care,2.5,3.0,16.0,4.0,2024-06-10,East,Direct,30,Beauty & Personal Care,387,5424.088630490956,0,1,0.6269118522045126,1,0,0.0,170.0212724931262,612.0765809752542,1190.1489074518831,discount_offer,20,170.0212724931262
102837,4.0,4118.2,1029.55,2024-09-21,2025-06-16,0.0,2.5,1.0,3.0,16.0,268.0,0.4477611940298507,0.0,0.25,Sports & Outdoors,3.533333333333333,3.0,13.0,6.333333333333333,2024-09-16,South,Paid Ads,29,Beauty & Personal Care,289,5201.186851211072,0,1,0.6268776453166448,1,1,0.0,163.02538830695457,586.8913979050363,1141.1777181486818,discount_offer,20,163.02538830695457
101478,3.0,2885.56,961.8533333333334,2024-11-12,2025-03-25,2.0,1.6666666666666667,1.0,1.0,99.0,133.0,0.6766917293233082,0.6666666666666666,0.3333333333333333,Fashion,4.7,2.0,8.0,4.0,2024-08-26,North,Social Media,27,Fashion,310,3397.5141935483875,1,0,0.6267429858805726,1,0,0.0,106.46840951180712,383.28627424250556,745.2788665826497,discount_offer,20,106.46840951180712
100753,13.0,16719.63,1286.1253846153847,2024-01-01,2025-05-27,1.0,9.23076923076923,8.0,3.0,36.0,512.0,0.76171875,0.0769230769230769,0.6153846153846154,Home & Kitchen,3.65,6.0,16.0,6.333333333333333,2023-11-26,Central,Email,43,Home & Kitchen,584,10449.76875,0,1,0.6266601928091707,1,0,0.0,327.4227049843123,1178.7217379435244,2291.9589348901864,discount_offer,250,1178.7217379435244
102297,15.0,10496.14,699.7426666666667,2023-01-01,2025-03-15,1.0,4.666666666666667,5.0,3.0,109.0,804.0,0.5597014925373134,0.0666666666666666,0.3333333333333333,Toys & Games,4.1625,8.0,17.0,7.333333333333333,2023-01-01,West,Organic Search,34,Toys & Games,913,4196.156736035049,0,1,0.6263298303659062,1,0,0.0,131.40890683347936,473.0720646005256,919.8623478343553,discount_offer,20,131.40890683347936
102316,4.0,12796.0,3199.0,2024-12-19,2025-03-04,0.0,1.25,1.0,1.0,120.0,75.0,1.6,0.0,0.25,Electronics,3.5,4.0,10.0,5.0,2024-11-05,North,Organic Search,40,Electronics,239,19542.00836820084,1,0,0.6262108169182277,1,0,0.0,611.8708512236946,2202.7350644053,4283.095958565861,discount_offer,250,2202.7350644053
102867,11.0,19741.56,1794.6872727272726,2023-02-26,2024-09-07,1.0,2.727272727272727,2.0,6.0,298.0,559.0,0.590339892665474,0.0909090909090909,0.1818181818181818,Beauty & Personal Care,3.84,5.0,13.0,2.333333333333333,2023-02-17,East,Paid Ads,49,Beauty & Personal Care,866,8320.63441108545,1,0,0.6259975513766368,1,0,0.0,260.4348383619838,937.5654181031416,1823.0438685338866,discount_offer,250,937.5654181031416
102618,10.0,12375.94,1237.594,2024-03-07,2024-11-25,2.0,5.5,4.0,4.0,219.0,263.0,1.1406844106463878,0.2,0.4,Toys & Games,3.96,5.0,12.0,6.333333333333333,2023-12-22,West,Direct,43,Toys & Games,558,8095.3729390681,1,0,0.625724679138639,1,0,0.0,253.27373174030043,911.7854342650814,1772.9161221821028,discount_offer,250,911.7854342650814
103002,14.0,27186.27,1941.8764285714285,2023-07-26,2025-03-24,1.0,4.285714285714286,4.0,4.0,100.0,607.0,0.6919275123558484,0.0714285714285714,0.2857142857142857,Home & Kitchen,3.7285714285714286,7.0,12.0,5.333333333333333,2023-07-05,South,Organic Search,30,Home & Kitchen,728,13630.478777472526,1,0,0.6253033528793507,1,0,0.0,426.1592040452202,1534.1731345627925,2983.1144283165413,discount_offer,250,1534.1731345627925
101932,9.0,3519.92,391.1022222222222,2024-03-24,2025-06-19,0.0,3.333333333333333,3.0,3.0,13.0,452.0,0.5973451327433629,0.0,0.3333333333333333,Books,3.72,5.0,14.0,7.333333333333333,2024-02-28,West,Social Media,19,Books,490,2621.981224489796,0,1,0.6252838299157137,1,0,0.0,81.97412310080362,295.106843162893,573.8188617056253,discount_offer,20,81.97412310080362
101151,3.0,3446.45,1148.8166666666666,2025-02-23,2025-06-06,0.0,5.0,3.0,2.0,26.0,103.0,0.8737864077669903,0.0,1.0,Sports & Outdoors,3.75,2.0,13.0,6.333333333333333,2024-04-26,East,Social Media,46,Sports & Outdoors,432,2911.931134259259,0,1,0.6252419938531929,1,0,0.0,91.03308141737244,327.71909310254074,637.231569921607,discount_offer,20,91.03308141737244
100015,15.0,17020.13,1134.6753333333334,2023-11-21,2025-04-18,1.0,7.333333333333333,9.0,5.0,75.0,514.0,0.8754863813229572,0.0666666666666666,0.6,Sports & Outdoors,4.077777777777778,9.0,7.0,4.333333333333333,2023-10-27,Central,Direct,28,Sports & Outdoors,614,10117.829723127035,1,0,0.6249284456499758,1,0,0.0,316.1459801112452,1138.1255284004826,2213.021860778716,discount_offer,250,1138.1255284004826
101966,3.0,4930.32,1643.4399999999998,2025-03-25,2025-06-28,1.0,0.0,0.0,1.0,4.0,95.0,0.9473684210526316,0.3333333333333333,0.0,Sports & Outdoors,3.1333333333333333,3.0,9.0,3.6666666666666665,2025-03-07,Central,Organic Search,28,Sports & Outdoors,117,15380.91282051282,0,1,0.6247708899547159,1,0,0.0,480.47732955938466,1729.7183864137846,3363.3413069156927,discount_offer,250,1729.7183864137846
103463,7.0,7523.1,1074.7285714285715,2024-12-18,2025-02-19,0.0,4.285714285714286,3.0,3.0,133.0,63.0,3.333333333333333,0.0,0.4285714285714285,Sports & Outdoors,3.15,4.0,13.0,3.333333333333333,2024-08-28,East,Organic Search,39,Sports & Outdoors,308,8915.362012987012,1,0,0.6246807020222535,1,0,0.0,278.4627300527629,1002.4658281899464,1949.23911036934,discount_offer,250,1002.4658281899464
105137,5.0,2999.08,599.816,2024-09-11,2025-04-19,0.0,2.0,1.0,1.0,74.0,220.0,0.6818181818181819,0.0,0.2,Beauty & Personal Care,3.675,4.0,14.0,3.6666666666666665,2024-08-21,West,Organic Search,44,Beauty & Personal Care,315,3475.1244444444446,1,0,0.6246056175890522,1,1,0.0,108.52911249105172,390.7048049677862,759.7037874373619,discount_offer,20,108.52911249105172
104350,12.0,11122.98,926.915,2024-07-06,2025-02-21,1.0,5.0,5.0,4.0,131.0,230.0,1.5652173913043477,0.0833333333333333,0.4166666666666667,Beauty & Personal Care,3.0,8.0,17.0,3.333333333333333,2024-06-25,West,Email,29,Beauty & Personal Care,372,10913.676612903226,1,0,0.624448175017319,1,1,0.0,340.75127218283075,1226.7045798581905,2385.258905279815,discount_offer,250,1226.7045798581905
102891,4.0,4276.81,1069.2025,2024-12-08,2025-06-05,0.0,11.25,3.0,3.0,27.0,179.0,0.6703910614525139,0.0,0.75,Fashion,3.45,2.0,4.0,6.0,2024-11-11,North,Direct,40,Fashion,233,6699.7238197424895,1,0,0.6244429588983053,1,0,0.0,209.17976829007281,753.047165844262,1464.2583780305097,discount_offer,20,209.17976829007281
100702,10.0,7204.22,720.422,2024-03-02,2025-03-31,0.0,13.0,6.0,2.0,93.0,394.0,0.7614213197969544,0.0,0.6,Grocery,3.966666666666667,3.0,18.0,5.0,2023-09-21,Central,Paid Ads,34,Grocery,650,4045.446615384616,0,1,0.6241934179055759,1,0,0.0,126.25705749057337,454.5254069660641,883.7994024340135,discount_offer,20,126.25705749057337
105613,4.0,3672.49,918.1225,2025-03-04,2025-05-28,1.0,1.25,1.0,3.0,35.0,85.0,1.4117647058823528,0.25,0.25,Books,2.3,1.0,15.0,4.333333333333333,2025-01-25,South,Direct,29,Beauty & Personal Care,158,8483.916772151899,0,1,0.624155060198477,1,0,0.0,264.76397918206686,953.1503250554407,1853.3478542744679,discount_offer,250,953.1503250554407
103784,1.0,589.27,589.27,2025-06-12,2025-06-12,0.0,20.0,1.0,1.0,20.0,1.0,30.0,0.0,1.0,Home & Kitchen,4.037037037037037,0.0,9.0,5.333333333333333,2025-04-05,North,Direct,37,Home & Kitchen,88,2444.13125,0,1,0.6238884835324132,1,0,0.0,76.24326695583407,274.47576104100267,533.7028686908385,discount_offer,20,76.24326695583407
101672,7.0,8303.11,1186.1585714285716,2024-09-26,2025-05-03,0.0,4.285714285714286,2.0,3.0,60.0,219.0,0.9589041095890412,0.0,0.2857142857142857,Toys & Games,3.325,4.0,12.0,3.6666666666666665,2024-09-12,North,Email,36,Toys & Games,293,10343.464675767918,1,0,0.6238409684823532,1,0,0.0,322.63385103970336,1161.481863742932,2258.4369572779233,discount_offer,250,1161.481863742932
104669,15.0,19920.51,1328.034,2023-10-19,2025-05-07,2.0,9.0,8.0,4.0,56.0,566.0,0.7950530035335689,0.1333333333333333,0.5333333333333333,Home & Kitchen,3.716666666666667,6.0,12.0,3.0,2023-10-09,North,Paid Ads,24,Home & Kitchen,632,11504.724920886074,1,0,0.6236741070714895,1,0,0.0,358.75995210683675,1291.5358275846122,2511.319664747857,discount_offer,250,1291.5358275846122
102684,12.0,9869.71,822.4758333333333,2024-09-20,2025-04-27,0.0,7.083333333333333,6.0,6.0,66.0,219.0,1.6438356164383563,0.0,0.5,Toys & Games,3.7,7.0,13.0,7.333333333333333,2024-09-16,North,Direct,52,Toys & Games,289,12465.204671280277,0,1,0.6235429880212,1,0,0.0,388.6295483512962,1399.0663740646662,2720.4068384590732,discount_offer,250,1399.0663740646662
105914,15.0,14583.26,972.2173333333334,2023-03-19,2025-02-18,0.0,6.666666666666667,7.0,3.0,134.0,702.0,0.6410256410256411,0.0,0.4666666666666667,Books,4.300000000000001,9.0,4.0,5.666666666666667,2023-03-04,South,Direct,48,Books,851,6254.864747356052,1,0,0.6228466642688627,1,0,0.0,194.791082167181,701.2478958018515,1363.5375751702668,discount_offer,20,194.791082167181
103413,2.0,1696.6,848.3,2025-04-21,2025-05-21,0.0,0.0,0.0,2.0,42.0,30.0,2.0,0.0,0.0,Books,1.5499999999999998,2.0,14.0,5.0,2025-03-09,South,Paid Ads,28,Fashion,115,5384.860869565217,0,1,0.6228355247738488,1,0,0.0,167.69413227649082,603.6988761953669,1173.8589259354355,discount_offer,20,167.69413227649082
100677,11.0,12255.51,1114.1372727272728,2024-03-21,2025-05-07,0.0,12.727272727272728,7.0,3.0,56.0,412.0,0.8009708737864079,0.0,0.6363636363636364,Sports & Outdoors,3.883333333333333,6.0,8.0,5.333333333333333,2024-02-16,Central,Organic Search,29,Sports & Outdoors,502,8910.878784860559,0,1,0.6227759239589243,1,1,0.0,277.4740384263756,998.906538334952,1942.318268984629,discount_offer,250,998.906538334952
100661,3.0,1964.9,654.9666666666667,2025-01-08,2025-05-28,0.0,1.6666666666666667,1.0,2.0,35.0,140.0,0.6428571428571428,0.0,0.3333333333333333,Beauty & Personal Care,4.037037037037037,0.0,8.0,3.333333333333333,2024-12-03,South,Referral,61,Beauty & Personal Care,211,3398.997630331753,0,1,0.622694564320771,1,1,0.0,105.8268674273382,380.9767227384175,740.7880719913674,discount_offer,20,105.8268674273382
103394,9.0,23402.0,2600.222222222222,2024-06-02,2025-05-10,2.0,4.444444444444445,3.0,4.0,53.0,342.0,0.7894736842105263,0.2222222222222222,0.3333333333333333,Electronics,4.166666666666667,3.0,9.0,7.666666666666667,2024-05-09,North,Email,22,Electronics,419,20385.99045346062,1,0,0.6222182495825552,1,1,0.0,634.2267647979475,2283.216353272611,4439.587353585632,discount_offer,250,2283.216353272611
104323,13.0,33346.08,2565.083076923077,2023-02-04,2025-06-24,2.0,5.384615384615385,5.0,5.0,8.0,871.0,0.4477611940298507,0.1538461538461538,0.3846153846153846,Electronics,4.342857142857143,7.0,12.0,2.333333333333333,2023-01-01,North,Organic Search,34,Electronics,913,13331.127272727274,0,1,0.622200719094681,1,0,0.0,414.73184877168114,1493.0346555780523,2903.122941401768,discount_offer,250,1493.0346555780523
104196,20.0,52117.75,2605.8875,2023-01-08,2025-06-13,6.0,9.0,13.0,5.0,19.0,887.0,0.6764374295377678,0.3,0.65,Electronics,4.292857142857143,14.0,12.0,8.0,2023-01-01,East,Organic Search,27,Electronics,913,20835.683187294635,0,1,0.6220425982107561,1,0,0.0,648.0341252660462,2332.922850957766,4536.238876862323,discount_offer,250,2332.922850957766
102466,15.0,20105.87,1340.3913333333333,2023-03-01,2025-06-25,1.0,8.666666666666666,8.0,2.0,7.0,847.0,0.5312868949232585,0.0666666666666666,0.5333333333333333,Home & Kitchen,4.48,5.0,6.0,5.0,2023-02-13,West,Email,35,Home & Kitchen,870,8435.22132183908,0,1,0.6217586308265124,1,0,0.0,262.23358298926354,944.0408987613487,1835.6350809248447,discount_offer,250,944.0408987613487
103634,7.0,10129.25,1447.0357142857142,2024-08-08,2025-05-08,0.0,9.285714285714286,5.0,3.0,55.0,273.0,0.7692307692307693,0.0,0.7142857142857143,Home & Kitchen,4.3,3.0,9.0,5.333333333333333,2024-08-02,Central,Social Media,18,Home & Kitchen,334,11069.38997005988,0,1,0.621616024424003,1,0,0.0,344.0455092993778,1238.56383347776,2408.3185650956443,discount_offer,250,1238.56383347776
101337,2.0,1364.15,682.075,2025-02-15,2025-02-20,0.0,7.5,1.0,1.0,132.0,5.0,12.0,0.0,0.5,Beauty & Personal Care,4.037037037037037,0.0,12.0,5.333333333333333,2025-02-09,North,Direct,37,Beauty & Personal Care,143,3481.9213286713293,0,1,0.6213673974720126,1,1,0.0,108.17761970993982,389.43943095578334,757.2433379695786,discount_offer,20,108.17761970993982
102583,3.0,2857.94,952.6466666666664,2024-12-20,2025-05-28,0.0,5.0,1.0,2.0,35.0,159.0,0.5660377358490566,0.0,0.3333333333333333,Beauty & Personal Care,4.0,1.0,12.0,6.0,2024-06-25,North,Social Media,34,Beauty & Personal Care,372,2804.1615591397845,1,0,0.6212481357506848,1,1,0.0,87.10400704796625,313.57442537267843,609.7280493357637,discount_offer,20,87.10400704796625
103205,17.0,24730.19,1454.7170588235294,2023-06-14,2025-04-07,0.0,7.647058823529412,9.0,5.0,86.0,663.0,0.7692307692307692,0.0,0.5294117647058824,Sports & Outdoors,3.9,10.0,13.0,5.666666666666667,2023-06-12,North,Paid Ads,49,Sports & Outdoors,751,12019.333355525963,0,1,0.620819073905525,1,0,0.0,373.09157013697074,1343.1296524930947,2611.640990958795,discount_offer,250,1343.1296524930947
100132,11.0,14576.3,1325.1181818181817,2024-04-13,2025-06-01,0.0,5.0,3.0,3.0,31.0,414.0,0.7971014492753623,0.0,0.2727272727272727,Home & Kitchen,2.6,5.0,16.0,6.0,2024-04-02,North,Direct,27,Home & Kitchen,456,11667.433114035088,0,1,0.6208110282528506,1,0,0.0,362.1635574297741,1303.7888067471865,2535.1449020084187,discount_offer,250,1303.7888067471865
103327,11.0,14003.32,1273.0290909090909,2024-09-20,2025-04-15,1.0,9.545454545454543,8.0,4.0,78.0,207.0,1.5942028985507246,0.0909090909090909,0.7272727272727273,Fashion,3.8875,8.0,12.0,3.0,2024-09-16,West,Direct,40,Fashion,289,17685.853979238753,0,1,0.6207613551271328,1,0,0.0,548.9347341366422,1976.1650428919115,3842.5431389564947,discount_offer,250,1976.1650428919115
101036,2.0,972.97,486.485,2024-12-30,2025-04-10,0.0,0.0,0.0,1.0,83.0,101.0,0.594059405940594,0.0,0.0,Beauty & Personal Care,4.5,2.0,13.0,4.666666666666667,2024-12-20,South,Direct,18,Beauty & Personal Care,194,1830.587886597938,1,0,0.6207327225397365,1,1,0.0,56.815290134810034,204.5350444853161,397.70703094367013,discount_offer,20,56.815290134810034
103909,5.0,7181.24,1436.248,2024-07-30,2025-02-07,0.0,6.0,2.0,3.0,145.0,192.0,0.78125,0.0,0.4,Electronics,4.1,1.0,13.0,5.666666666666667,2024-07-10,North,Direct,39,Electronics,357,7342.164145658264,0,1,0.6204966375912266,1,0,0.0,227.7894082511907,820.0418697042865,1594.5258577583347,discount_offer,20,227.7894082511907
102539,1.0,1059.49,1059.49,2025-02-20,2025-02-20,0.0,0.0,0.0,1.0,132.0,1.0,30.0,0.0,0.0,Sports & Outdoors,4.037037037037037,0.0,13.0,3.333333333333333,2025-02-12,West,Direct,44,Sports & Outdoors,140,2762.241785714286,0,1,0.6204832984204681,1,0,0.0,85.69624471174221,308.5064809622719,599.8737129821953,discount_offer,20,85.69624471174221
102452,21.0,81229.28,3868.060952380952,2023-01-10,2025-03-24,2.0,2.857142857142857,5.0,6.0,100.0,804.0,0.7835820895522387,0.0952380952380952,0.238095238095238,Electronics,3.263636363636364,11.0,8.0,4.0,2023-01-03,South,Email,55,Electronics,911,32545.21097694841,1,0,0.6204175688794656,1,0,0.0,1009.5810336493815,3634.4917211377733,7067.06723554567,discount_offer,900,7067.06723554567
103530,3.0,2801.98,933.9933333333332,2024-12-02,2025-04-26,0.0,6.666666666666667,1.0,2.0,67.0,145.0,0.6206896551724138,0.0,0.3333333333333333,Beauty & Personal Care,4.2,2.0,5.0,4.666666666666667,2024-11-30,South,Organic Search,18,Beauty & Personal Care,214,4779.078037383178,1,0,0.620105162918577,1,1,0.0,148.17654824860443,533.4355736949759,1037.2358377402309,discount_offer,20,148.17654824860443
101622,3.0,1015.98,338.66,2025-03-28,2025-07-02,0.0,3.333333333333333,1.0,2.0,0.0,96.0,0.9375,0.0,0.3333333333333333,Books,3.1500000000000004,2.0,9.0,5.333333333333333,2025-01-31,North,Direct,36,Grocery,152,2439.6888157894737,1,0,0.6200813502674871,1,0,0.0,75.64027675636117,272.3049963229002,529.4819372945282,discount_offer,20,75.64027675636117
101184,2.0,2278.53,1139.265,2025-06-19,2025-06-26,0.0,2.5,1.0,1.0,6.0,7.0,8.571428571428571,0.0,0.5,Fashion,1.25,2.0,12.0,4.666666666666667,2025-02-14,East,Social Media,40,Fashion,138,6026.546739130434,1,0,0.6200168658672308,1,1,0.0,186.82803105990158,672.5809118156457,1307.7962174193108,discount_offer,20,186.82803105990158
103892,31.0,37829.19,1220.2964516129034,2023-01-16,2025-02-21,1.0,3.3870967741935485,6.0,7.0,131.0,767.0,1.21251629726206,0.032258064516129,0.1935483870967742,Sports & Outdoors,4.322727272727272,22.0,6.0,6.333333333333333,2023-01-01,East,Organic Search,31,Sports & Outdoors,913,15123.38921139102,0,1,0.6197748932156175,1,0,0.0,468.6548466774046,1687.1574480386564,3280.583926741832,discount_offer,250,1687.1574480386564
104861,13.0,11861.04,912.3876923076922,2023-10-25,2025-06-25,3.0,14.23076923076923,10.0,5.0,7.0,609.0,0.6403940886699507,0.2307692307692307,0.7692307692307693,Fashion,3.725,8.0,7.0,4.333333333333333,2023-09-01,Central,Email,35,Fashion,670,6461.611343283582,1,0,0.6193611946018494,1,0,0.0,200.103566031449,720.3728377132163,1400.724962220143,discount_offer,20,200.103566031449
100285,15.0,23139.0,1542.6,2023-06-20,2025-03-10,3.0,2.0,1.0,6.0,114.0,629.0,0.7154213036565978,0.2,0.0666666666666666,Beauty & Personal Care,4.0375000000000005,8.0,15.0,3.6666666666666665,2023-06-12,South,Paid Ads,47,Beauty & Personal Care,751,11245.98535286285,0,1,0.6192673059050725,1,0,0.0,348.2135525857642,1253.5687893087509,2437.494868100349,discount_offer,250,1253.5687893087509
101772,10.0,13029.89,1302.989,2024-03-15,2025-03-27,0.0,9.0,4.0,3.0,97.0,377.0,0.7957559681697612,0.0,0.4,Sports & Outdoors,4.3,5.0,10.0,6.0,2024-02-11,North,Organic Search,32,Sports & Outdoors,507,9380.492800788954,1,0,0.6191994647968171,1,1,0.0,290.41980608894585,1045.511301920205,2032.9386426226204,discount_offer,250,1045.511301920205
102389,4.0,4728.79,1182.1975,2024-12-14,2025-04-10,0.0,0.0,0.0,2.0,83.0,117.0,1.0256410256410258,0.0,0.0,Books,3.966666666666667,3.0,12.0,5.666666666666667,2024-10-30,West,Direct,35,Books,245,7044.932040816327,0,1,0.6191971271521866,1,0,0.0,218.11008403279303,785.1963025180547,1526.770588229551,discount_offer,20,218.11008403279303
105706,13.0,22933.32,1764.1015384615384,2023-07-13,2025-06-29,1.0,8.846153846153847,9.0,5.0,3.0,717.0,0.5439330543933055,0.0769230769230769,0.6923076923076923,Beauty & Personal Care,4.62,5.0,11.0,4.0,2023-06-07,South,Social Media,46,Beauty & Personal Care,756,11072.30396825397,0,1,0.6191969566735892,1,0,0.0,342.79684602538816,1234.0686456913973,2399.577922177717,discount_offer,250,1234.0686456913973
101671,10.0,8131.99,813.199,2024-03-20,2025-04-16,0.0,9.5,6.0,3.0,77.0,392.0,0.7653061224489796,0.0,0.6,Toys & Games,4.233333333333333,3.0,12.0,5.333333333333333,2024-03-06,North,Social Media,48,Toys & Games,483,6145.29265010352,1,0,0.6191743745974734,1,1,0.0,190.25038666731484,684.9013920023334,1331.7527066712037,discount_offer,20,190.25038666731484
101499,10.0,12589.85,1258.985,2024-07-15,2025-06-24,0.0,2.5,2.0,3.0,8.0,344.0,0.872093023255814,0.0,0.2,Home & Kitchen,3.875,4.0,6.0,4.666666666666667,2024-06-20,Central,Organic Search,38,Home & Kitchen,377,12189.112068965518,0,1,0.6191293698133443,1,0,0.0,377.3318636921425,1358.394709291713,2641.323045844998,discount_offer,250,1358.394709291713
102029,1.0,253.66,253.66,2025-05-06,2025-05-06,0.0,0.0,0.0,1.0,57.0,1.0,30.0,0.0,0.0,Beauty & Personal Care,4.9,1.0,11.0,3.6666666666666665,2025-01-20,East,Referral,21,Beauty & Personal Care,163,568.0116564417178,0,1,0.6190686842282935,1,0,0.0,17.58191143898539,63.294881180347396,123.0733800728977,discount_offer,0,0.0
102949,9.0,7212.65,801.4055555555556,2024-06-29,2025-04-15,1.0,1.6666666666666667,2.0,5.0,78.0,290.0,0.9310344827586208,0.1111111111111111,0.2222222222222222,Fashion,4.24,5.0,12.0,5.333333333333333,2024-06-04,North,Social Media,37,Fashion,393,6698.771628498727,0,1,0.6190353065039442,1,0,0.0,207.33880741238175,746.4197066845743,1451.3716518866722,discount_offer,20,207.33880741238175
104783,5.0,2306.92,461.384,2024-07-26,2025-05-21,0.0,7.0,2.0,2.0,42.0,299.0,0.5016722408026756,0.0,0.4,Beauty & Personal Care,4.175,4.0,7.0,3.6666666666666665,2024-06-23,Central,Organic Search,22,Beauty & Personal Care,374,2251.4058823529413,0,1,0.6189992100286896,1,1,0.0,69.68092313152079,250.8513232734748,487.76646192064544,discount_offer,20,69.68092313152079
100078,4.0,2917.0,729.25,2025-03-06,2025-05-08,0.0,8.75,2.0,1.0,55.0,63.0,1.9047619047619049,0.0,0.5,Beauty & Personal Care,3.6,2.0,10.0,4.333333333333333,2024-11-18,North,Paid Ads,18,Beauty & Personal Care,226,4711.08407079646,1,0,0.618816614539089,1,0,0.0,145.76485477496476,524.7534771898731,1020.3539834247532,discount_offer,20,145.76485477496476
103325,8.0,5404.37,675.54625,2024-06-30,2025-04-23,0.0,6.25,4.0,4.0,70.0,297.0,0.8080808080808081,0.0,0.5,Beauty & Personal Care,4.16,5.0,7.0,5.0,2023-11-12,Central,Organic Search,36,Beauty & Personal Care,598,3298.653929765886,1,0,0.618743471926212,1,0,0.0,102.05102925931938,367.3837053335497,714.3572048152356,discount_offer,20,102.05102925931938
104705,28.0,29092.11,1039.0039285714286,2023-02-07,2025-05-25,3.0,5.535714285714286,11.0,4.0,38.0,838.0,1.002386634844869,0.1071428571428571,0.3928571428571428,Fashion,4.164705882352941,17.0,8.0,5.0,2023-02-07,West,Organic Search,45,Fashion,876,12121.7125,0,1,0.6185771238081571,1,0,0.0,374.9107026939693,1349.6785296982894,2624.3749188577845,discount_offer,250,1349.6785296982894
105692,25.0,28426.94,1137.0775999999998,2023-02-16,2025-05-24,1.0,6.6,10.0,7.0,39.0,828.0,0.9057971014492752,0.04,0.4,Beauty & Personal Care,3.883333333333333,12.0,5.0,3.333333333333333,2023-01-01,West,Organic Search,40,Beauty & Personal Care,913,11364.548849945237,1,0,0.6184349455138274,1,1,0.0,351.4117074402556,1265.0821467849203,2459.8819520817888,discount_offer,250,1265.0821467849203
104294,5.0,2984.59,596.918,2024-12-13,2025-04-08,0.0,5.0,3.0,1.0,85.0,116.0,1.293103448275862,0.0,0.6,Beauty & Personal Care,4.7,2.0,12.0,5.0,2024-12-09,North,Paid Ads,33,Beauty & Personal Care,205,5314.026097560976,0,1,0.6181436858508036,1,0,0.0,164.2415839326852,591.2697021576666,1149.6910875287963,discount_offer,20,164.2415839326852
105412,11.0,8419.45,765.4045454545455,2024-09-30,2025-05-23,1.0,8.636363636363637,7.0,3.0,40.0,235.0,1.4042553191489362,0.0909090909090909,0.6363636363636364,Grocery,3.65,4.0,13.0,5.0,2024-09-14,Central,Email,26,Grocery,291,10560.47852233677,0,1,0.6180516987793482,1,1,0.0,326.3460845326531,1174.845904317551,2284.4225917285717,discount_offer,250,1174.845904317551
105589,25.0,24829.32,993.1728,2023-01-29,2025-02-08,0.0,8.2,17.0,7.0,144.0,741.0,1.0121457489878545,0.0,0.68,Beauty & Personal Care,3.715384615384615,13.0,9.0,6.333333333333333,2023-01-28,Central,Social Media,34,Beauty & Personal Care,886,10228.783069977428,1,0,0.6177193550784784,1,0,0.0,315.9258640612058,1137.3331106203407,2211.48104842844,discount_offer,250,1137.3331106203407
101941,1.0,540.89,540.89,2025-03-22,2025-03-22,0.0,15.0,1.0,1.0,102.0,1.0,30.0,0.0,1.0,Beauty & Personal Care,2.0,1.0,5.0,4.666666666666667,2024-12-25,South,Organic Search,18,Beauty & Personal Care,189,1044.575925925926,1,0,0.6176932795212958,1,0,0.0,32.26137646970897,116.14095529095228,225.8296352879628,discount_offer,0,0.0
105765,1.0,322.6,322.6,2025-05-30,2025-05-30,0.0,0.0,0.0,1.0,33.0,1.0,30.0,0.0,0.0,Books,4.037037037037037,0.0,14.0,6.0,2025-04-22,South,Social Media,18,Grocery,71,1658.43661971831,0,1,0.6176486971065709,1,0,0.0,51.21656087014199,184.37961913251115,358.51592609099396,discount_offer,0,0.0
103925,23.0,23068.33,1002.9708695652174,2023-01-05,2025-02-19,1.0,3.695652173913044,3.0,5.0,133.0,776.0,0.8891752577319587,0.0434782608695652,0.1304347826086956,Sports & Outdoors,4.05,16.0,10.0,4.333333333333333,2023-01-01,East,Email,29,Sports & Outdoors,913,9222.2786966046,1,0,0.6175917826380384,1,0,0.0,284.78017701104204,1025.2086372397512,1993.461239077294,discount_offer,250,1025.2086372397512
101318,4.0,4257.14,1064.285,2025-02-20,2025-05-27,0.0,0.0,0.0,1.0,36.0,96.0,1.25,0.0,0.0,Sports & Outdoors,3.533333333333333,3.0,13.0,4.0,2025-01-05,Central,Direct,32,Sports & Outdoors,178,8729.528651685394,0,1,0.6174525957881714,1,0,0.0,269.5035062995181,970.2126226782651,1886.5245440966266,discount_offer,250,970.2126226782651
101714,4.0,5657.68,1414.42,2024-05-12,2024-11-30,1.0,8.75,4.0,1.0,214.0,202.0,0.594059405940594,0.25,1.0,Home & Kitchen,5.0,1.0,12.0,5.333333333333333,2024-04-01,North,Organic Search,40,Home & Kitchen,457,4518.715973741794,1,0,0.617451772161272,1,0,0.0,139.50445929401593,502.21605345845734,976.5312150581115,discount_offer,20,139.50445929401593
103307,2.0,3262.56,1631.28,2025-02-22,2025-05-10,0.0,15.0,2.0,2.0,53.0,77.0,0.7792207792207791,0.0,1.0,Books,3.1,2.0,8.0,5.0,2024-12-11,Central,Paid Ads,39,Home & Kitchen,203,5866.179310344828,1,0,0.6174455853374523,1,0,0.0,181.10232589851574,651.9683732346566,1267.7162812896102,discount_offer,20,181.10232589851574
104402,12.0,20341.44,1695.12,2023-08-06,2025-04-18,0.0,1.6666666666666667,1.0,3.0,75.0,621.0,0.5797101449275363,0.0,0.0833333333333333,Home & Kitchen,3.971428571428572,7.0,9.0,3.333333333333333,2023-05-22,East,Social Media,49,Home & Kitchen,772,9617.39067357513,1,0,0.6171502213729683,1,0,0.0,296.7687391613606,1068.367460980898,2077.381174129524,discount_offer,250,1068.367460980898
103758,13.0,46619.43,3586.11,2024-04-29,2025-06-27,4.0,2.3076923076923075,3.0,1.0,5.0,424.0,0.919811320754717,0.3076923076923077,0.2307692307692307,Electronics,4.14,5.0,11.0,4.333333333333333,2024-04-28,East,Organic Search,52,Electronics,430,39572.30686046512,0,1,0.6171174946428547,1,0,0.0,1221.0381433484245,4395.7373160543275,8547.26700343897,discount_offer,900,8547.26700343897
105513,4.0,3871.74,967.935,2024-09-15,2025-04-23,0.0,0.0,0.0,3.0,70.0,220.0,0.5454545454545455,0.0,0.0,Grocery,4.5,2.0,7.0,4.333333333333333,2024-06-18,Central,Paid Ads,31,Grocery,379,3728.7205804749337,1,0,0.61680826264733,1,0,0.0,114.9952831570044,413.9830193652158,804.9669820990306,discount_offer,20,114.9952831570044
102177,12.0,14657.0,1221.4166666666667,2023-10-11,2025-05-16,3.0,7.083333333333333,6.0,3.0,47.0,583.0,0.6174957118353345,0.25,0.5,Fashion,4.1375,8.0,14.0,4.333333333333333,2023-09-08,South,Organic Search,43,Fashion,663,8069.087481146304,0,1,0.6167773342143942,1,0,0.0,248.8415133082079,895.8294479095484,1741.890593157455,discount_offer,250,895.8294479095484
101189,2.0,842.9,421.45,2025-05-02,2025-05-31,0.0,0.0,0.0,1.0,32.0,29.0,2.0689655172413794,0.0,0.0,Books,5.0,1.0,11.0,7.666666666666667,2025-02-10,North,Paid Ads,47,Books,142,2166.609154929577,0,1,0.6167648436141332,1,1,0.0,66.81441783065449,240.53190419035616,467.70092481458147,discount_offer,20,66.81441783065449
101685,3.0,10814.28,3604.76,2025-02-20,2025-03-23,0.0,1.6666666666666667,1.0,2.0,101.0,31.0,2.9032258064516125,0.0,0.3333333333333333,Electronics,3.2,3.0,10.0,6.666666666666667,2025-02-17,East,Organic Search,59,Electronics,135,29238.60888888889,0,1,0.6165004881926126,1,0,0.0,901.2808327036432,3244.6109977331153,6308.965828925502,discount_offer,900,6308.965828925502
103036,11.0,15757.96,1432.541818181818,2024-02-07,2025-04-08,1.0,5.909090909090909,5.0,5.0,85.0,426.0,0.7746478873239437,0.0909090909090909,0.4545454545454545,Sports & Outdoors,3.9333333333333336,6.0,15.0,4.0,2024-01-01,North,Direct,39,Sports & Outdoors,548,10495.721532846715,0,1,0.6162560111798556,1,0,0.0,323.4025743143319,1164.2492675315946,2263.8180202003227,discount_offer,250,1164.2492675315946
103303,3.0,1981.97,660.6566666666666,2024-11-21,2025-02-08,0.0,3.333333333333333,2.0,3.0,144.0,79.0,1.139240506329114,0.0,0.6666666666666666,Toys & Games,5.0,2.0,7.0,6.666666666666667,2024-10-01,Central,Social Media,26,Books,274,2640.2155109489045,1,0,0.6161729946498649,1,0,0.0,81.34147489512048,292.8293096224337,569.3903242658433,discount_offer,20,81.34147489512048
101449,8.0,10585.06,1323.1325,2024-12-26,2025-05-30,1.0,11.875,7.0,3.0,33.0,155.0,1.5483870967741935,0.125,0.875,Fashion,3.3,2.0,14.0,4.666666666666667,2024-12-23,East,Social Media,39,Fashion,191,20227.994240837696,0,1,0.6161051175971453,1,0,0.0,623.1285385252843,2243.2627386910235,4361.89976967699,discount_offer,250,2243.2627386910235
103459,17.0,18925.47,1113.2629411764706,2023-02-18,2025-04-25,1.0,7.0588235294117645,7.0,4.0,68.0,797.0,0.6398996235884568,0.0588235294117647,0.4117647058823529,Fashion,3.842857142857144,7.0,9.0,5.0,2023-01-01,North,Referral,22,Fashion,913,7566.042223439213,1,0,0.6159991369423132,1,0,0.0,233.0337739853828,838.921586347378,1631.2364178976795,discount_offer,20,233.0337739853828
100296,2.0,5674.15,2837.075,2024-11-23,2025-04-26,0.0,7.5,1.0,1.0,67.0,154.0,0.3896103896103896,0.0,0.5,Home & Kitchen,4.0,2.0,15.0,3.333333333333333,2024-04-01,South,Paid Ads,18,Home & Kitchen,457,4531.870350109409,0,1,0.6157166662488937,1,0,0.0,139.5174051920786,502.2626586914829,976.62183634455,discount_offer,20,139.5174051920786
101159,14.0,7579.45,541.3892857142857,2023-09-26,2025-06-03,0.0,4.285714285714286,6.0,4.0,29.0,616.0,0.6818181818181818,0.0,0.4285714285714285,Beauty & Personal Care,3.5375,8.0,11.0,6.0,2023-07-27,South,Social Media,31,Beauty & Personal Care,706,3918.554178470255,1,0,0.6156926799857493,1,0,0.0,120.63125619058538,434.27252228610735,844.4187933340976,discount_offer,20,120.63125619058538
105444,7.0,2588.52,369.7885714285714,2024-11-28,2025-06-04,2.0,6.428571428571429,4.0,3.0,28.0,188.0,1.1170212765957448,0.2857142857142857,0.5714285714285714,Books,4.15,2.0,11.0,6.0,2024-08-22,West,Direct,30,Books,314,3008.9484076433123,0,1,0.61561887661728,1,0,0.0,92.61827192563648,333.4257789322913,648.3279034794552,discount_offer,20,92.61827192563648
102453,21.0,20010.79,952.894761904762,2023-01-04,2025-03-08,0.0,4.761904761904762,5.0,7.0,116.0,794.0,0.7934508816120908,0.0,0.238095238095238,Sports & Outdoors,3.855555555555556,9.0,10.0,7.0,2023-01-01,West,Direct,24,Sports & Outdoors,913,7999.9324753559695,1,0,0.6155641850551938,1,1,0.0,246.22359573445385,886.4049446440338,1723.5651701411768,discount_offer,250,886.4049446440338
104520,1.0,1976.8,1976.8,2024-10-30,2024-10-30,0.0,5.0,1.0,1.0,245.0,1.0,30.0,0.0,1.0,Home & Kitchen,4.037037037037037,0.0,14.0,3.6666666666666665,2024-09-15,West,Referral,44,Home & Kitchen,290,2488.041379310345,1,0,0.6149699276033634,1,0,0.0,76.50353134543278,275.4127128435579,535.5247194180293,discount_offer,20,76.50353134543278
105349,20.0,20295.26,1014.763,2023-10-17,2025-03-19,2.0,6.5,9.0,4.0,105.0,519.0,1.1560693641618496,0.1,0.45,Sports & Outdoors,4.14,15.0,10.0,6.0,2023-09-24,East,Referral,25,Sports & Outdoors,647,11449.412519319938,0,1,0.6148459246337065,1,1,0.0,351.98123134770015,1267.1324328517203,2463.8686194339,discount_offer,250,1267.1324328517203
103115,21.0,14991.55,713.8833333333333,2023-08-25,2025-02-12,0.0,7.142857142857143,12.0,3.0,140.0,537.0,1.1731843575418994,0.0,0.5714285714285714,Beauty & Personal Care,4.245454545454546,11.0,7.0,4.333333333333333,2023-04-17,Central,Email,37,Beauty & Personal Care,807,6780.564745972739,1,0,0.6147459772586872,1,0,0.0,208.41624505644066,750.2984822031864,1458.9137153950846,discount_offer,20,208.41624505644066
105456,14.0,11430.35,816.4535714285714,2023-07-13,2025-06-19,4.0,9.285714285714286,9.0,3.0,13.0,707.0,0.594059405940594,0.2857142857142857,0.6428571428571429,Fashion,4.3,10.0,10.0,5.333333333333333,2023-01-01,South,Paid Ads,20,Fashion,913,4569.636089813801,0,1,0.6144150646666448,1,0,0.0,140.38266268129902,505.37758565267643,982.678638769093,discount_offer,20,140.38266268129902
100800,8.0,7765.8,970.725,2024-09-22,2025-02-18,0.0,0.0,0.0,4.0,134.0,149.0,1.610738255033557,0.0,0.0,Fashion,4.4,6.0,8.0,4.666666666666667,2024-09-11,Central,Direct,34,Fashion,294,9641.214285714286,0,1,0.6143374294716835,1,1,0.0,296.14794006356937,1066.1325842288497,2073.0355804449855,discount_offer,250,1066.1325842288497
102635,9.0,8630.26,958.9177777777778,2024-03-30,2025-05-19,1.0,4.444444444444445,3.0,3.0,44.0,415.0,0.6506024096385542,0.1111111111111111,0.3333333333333333,Toys & Games,4.266666666666667,6.0,11.0,7.333333333333333,2023-12-25,East,Referral,39,Toys & Games,555,5675.756576576577,0,1,0.6143035171613752,1,0,0.0,174.3318613771399,627.5947009577035,1220.323029639979,discount_offer,20,174.3318613771399
101503,9.0,13036.28,1448.4755555555555,2024-02-23,2025-06-19,1.0,2.2222222222222223,2.0,4.0,13.0,482.0,0.5601659751037344,0.1111111111111111,0.2222222222222222,Home & Kitchen,4.166666666666667,6.0,12.0,3.0,2024-02-14,Central,Email,22,Home & Kitchen,504,9440.956746031745,0,1,0.6142698648800974,1,0,0.0,289.96476123618817,1043.8731404502773,2029.7533286533173,discount_offer,250,1043.8731404502773
103766,4.0,6883.92,1720.98,2023-12-24,2024-08-16,1.0,6.25,1.0,3.0,320.0,236.0,0.5084745762711864,0.25,0.25,Home & Kitchen,4.325,4.0,14.0,3.6666666666666665,2023-10-15,South,Organic Search,41,Electronics,626,4013.787220447284,1,0,0.6140418661277067,1,0,0.0,123.23166975414956,443.63401111493846,862.6216882790469,discount_offer,20,123.23166975414956
103251,27.0,21408.61,792.9114814814815,2023-01-08,2024-10-31,1.0,8.148148148148149,17.0,7.0,244.0,662.0,1.2235649546827794,0.037037037037037,0.6296296296296297,Beauty & Personal Care,4.022222222222222,9.0,9.0,4.333333333333333,2023-01-01,Central,Direct,43,Beauty & Personal Care,913,8558.754271631982,1,0,0.614017900679847,1,0,0.0,262.76141651510716,945.9410994543856,1839.3299156057496,discount_offer,250,945.9410994543856
103844,7.0,8641.619999999999,1234.5171428571427,2024-08-27,2025-06-11,0.0,10.714285714285714,4.0,3.0,21.0,288.0,0.7291666666666667,0.0,0.5714285714285714,Fashion,3.5,4.0,11.0,5.666666666666667,2024-08-05,West,Social Media,32,Fashion,331,9529.278851963743,1,0,0.6139163792274157,1,0,0.0,292.50901847229835,1053.0324665002738,2047.5631293060878,discount_offer,250,1053.0324665002738
101804,9.0,7148.38,794.2644444444445,2023-12-03,2025-05-17,1.0,8.333333333333334,6.0,4.0,46.0,531.0,0.5084745762711864,0.1111111111111111,0.6666666666666666,Beauty & Personal Care,4.425,4.0,5.0,4.666666666666667,2023-01-01,West,Referral,18,Beauty & Personal Care,913,2857.786089813801,1,0,0.6136784746269666,1,0,0.0,87.68809042035484,315.6771255132774,613.8166329424838,discount_offer,20,87.68809042035484
102180,3.0,4704.25,1568.0833333333333,2025-03-23,2025-06-12,1.0,8.333333333333334,2.0,1.0,20.0,81.0,1.111111111111111,0.3333333333333333,0.6666666666666666,Fashion,3.85,2.0,11.0,5.666666666666667,2024-04-21,Central,Organic Search,34,Fashion,437,3929.179061784897,0,1,0.6135435696352864,1,0,0.0,120.53612736518657,433.93005851467166,843.7528915563059,discount_offer,20,120.53612736518657
100270,9.0,14927.11,1658.5677777777778,2024-12-07,2025-03-06,2.0,6.666666666666667,4.0,3.0,118.0,89.0,3.033707865168539,0.2222222222222222,0.4444444444444444,Fashion,3.857142857142857,7.0,7.0,3.6666666666666665,2024-11-28,West,Social Media,37,Fashion,216,25224.05162037037,1,0,0.613523428564764,1,0,0.0,773.7773316212111,2785.5983938363597,5416.441321348478,discount_offer,900,5416.441321348478
103305,11.0,5609.780000000001,509.9800000000001,2024-01-19,2025-06-01,0.0,5.454545454545454,4.0,2.0,31.0,499.0,0.6613226452905812,0.0,0.3636363636363636,Books,3.4714285714285715,7.0,12.0,6.0,2023-11-24,West,Social Media,29,Books,586,3494.1462457337884,1,0,0.6134563823823144,1,0,0.0,107.17531577112976,385.8311367760671,750.2272103979082,discount_offer,20,107.17531577112976
101186,1.0,2593.73,2593.73,2025-03-25,2025-03-25,0.0,20.0,1.0,1.0,99.0,1.0,30.0,0.0,1.0,Electronics,4.037037037037037,0.0,13.0,5.0,2024-12-23,Central,Direct,21,Electronics,191,4956.604450261781,0,1,0.613420857503399,1,0,0.0,152.02422760923727,547.2872193932541,1064.1695932646608,discount_offer,20,152.02422760923727
104640,6.0,5946.93,991.155,2024-11-08,2025-05-21,0.0,3.333333333333333,1.0,1.0,42.0,194.0,0.9278350515463918,0.0,0.1666666666666666,Fashion,4.066666666666666,3.0,11.0,3.6666666666666665,2024-08-13,East,Email,53,Fashion,323,6720.2150154798765,0,1,0.6133237464909709,1,0,0.0,206.08337252594978,741.9001410934192,1442.5836076816483,discount_offer,20,206.08337252594978
102263,2.0,1010.02,505.01,2025-03-27,2025-04-01,0.0,5.0,1.0,2.0,92.0,5.0,12.0,0.0,0.5,Books,5.0,2.0,10.0,5.0,2025-01-03,East,Organic Search,40,Books,180,2048.0961111111114,1,0,0.6131878787258088,1,0,0.0,62.79338548994004,226.05618776378415,439.5536984295803,discount_offer,20,62.79338548994004
100175,22.0,58880.47,2676.385,2023-11-27,2025-05-13,4.0,7.954545454545454,11.0,4.0,50.0,533.0,1.2382739212007503,0.1818181818181818,0.5,Electronics,3.914285714285714,14.0,7.0,7.0,2023-11-07,East,Organic Search,27,Electronics,603,35640.74883913765,0,1,0.6131775742444158,1,0,0.0,1092.705395871845,3933.7394251386418,7648.937771102915,discount_offer,900,7648.937771102915
100325,2.0,473.3200000000001,236.66000000000005,2025-03-16,2025-04-23,0.0,7.5,2.0,1.0,70.0,38.0,1.5789473684210529,0.0,1.0,Books,2.0,1.0,17.0,7.666666666666667,2024-10-06,South,Organic Search,46,Books,269,642.2371747211896,0,1,0.6130139193687009,1,0,0.0,19.68501638200588,70.86605897522116,137.79511467404114,discount_offer,0,0.0
104821,13.0,14453.79,1111.8300000000002,2023-11-12,2025-04-26,0.0,5.769230769230769,6.0,4.0,67.0,531.0,0.7344632768361582,0.0,0.4615384615384615,Fashion,3.65,8.0,17.0,5.666666666666667,2023-07-12,East,Paid Ads,28,Fashion,721,7317.105894590847,1,0,0.6128335484291405,1,1,0.0,224.20839848069448,807.1502345305,1569.458789364861,discount_offer,20,224.20839848069448
100350,18.0,22881.47,1271.1927777777778,2023-05-21,2025-04-15,0.0,6.111111111111111,8.0,5.0,78.0,695.0,0.776978417266187,0.0,0.4444444444444444,Sports & Outdoors,3.775,12.0,10.0,5.0,2023-05-17,South,Direct,39,Sports & Outdoors,777,10748.69568854569,1,0,0.6127955325008659,1,0,0.0,329.3376349076059,1185.615485667381,2305.363444353241,discount_offer,250,1185.615485667381
101834,4.0,5418.01,1354.5025,2024-10-13,2025-01-20,2.0,7.5,2.0,3.0,163.0,99.0,1.2121212121212122,0.5,0.5,Home & Kitchen,3.875,4.0,12.0,3.333333333333333,2024-08-16,South,Social Media,28,Home & Kitchen,320,6179.917656250001,1,0,0.6127506561361457,1,1,0.0,189.33742993672698,681.6147477722171,1325.3620095570889,discount_offer,20,189.33742993672698
100164,10.0,13794.820000000002,1379.4820000000002,2023-10-13,2025-03-01,0.0,10.0,6.0,3.0,123.0,505.0,0.5940594059405941,0.0,0.6,Fashion,3.82,5.0,13.0,4.666666666666667,2023-08-25,Central,Social Media,41,Fashion,677,7437.384490398819,1,0,0.612615870406833,1,0,0.0,227.81298865679761,820.1267591644714,1594.6909205975833,discount_offer,20,227.81298865679761
102798,14.0,12185.53,870.3949999999999,2023-08-18,2025-03-03,1.0,8.571428571428571,8.0,5.0,121.0,563.0,0.7460035523978686,0.0714285714285714,0.5714285714285714,Beauty & Personal Care,3.8,8.0,14.0,6.0,2023-08-15,Central,Paid Ads,38,Beauty & Personal Care,687,6474.117103347889,1,0,0.6117911097238516,1,1,0.0,198.04036435696864,712.9453116850871,1386.2825504987804,discount_offer,20,198.04036435696864
101572,10.0,30703.61,3070.361,2023-12-03,2025-06-06,2.0,4.0,5.0,4.0,26.0,551.0,0.5444646098003629,0.2,0.5,Electronics,3.34,5.0,13.0,5.0,2023-09-23,West,Organic Search,20,Electronics,648,17294.471682098767,1,0,0.6116392961318121,1,0,0.0,528.8989243305224,1904.0361275898802,3702.2924703136564,discount_offer,250,1904.0361275898802
103054,4.0,7813.52,1953.38,2024-08-16,2025-02-21,0.0,12.5,4.0,3.0,131.0,189.0,0.6349206349206349,0.0,1.0,Home & Kitchen,4.0,3.0,13.0,5.666666666666667,2024-08-09,East,Social Media,26,Home & Kitchen,327,8721.513149847095,0,1,0.6115575876474064,1,0,0.0,266.6853771277811,960.067357660012,1866.7976398944677,discount_offer,250,960.067357660012
101247,10.0,13711.46,1371.146,2024-09-02,2025-06-28,1.0,6.5,5.0,4.0,4.0,299.0,1.0033444816053512,0.1,0.5,Grocery,3.6,4.0,9.0,7.333333333333333,2024-08-31,South,Social Media,39,Grocery,305,16408.796393442623,1,0,0.6115464630747425,1,1,0.0,501.7370698861713,1806.2534515902166,3512.159489203199,discount_offer,250,1806.2534515902166
105873,3.0,9565.23,3188.41,2025-01-03,2025-06-07,0.0,10.0,2.0,2.0,25.0,155.0,0.5806451612903225,0.0,0.6666666666666666,Electronics,3.8,3.0,12.0,3.0,2024-07-16,East,Organic Search,34,Electronics,351,9946.749145299143,0,1,0.6115281544308415,1,0,0.0,304.1358573705668,1094.8890865340404,2128.9510015939672,discount_offer,250,1094.8890865340404
104367,19.0,14620.9,769.521052631579,2024-01-23,2025-04-15,4.0,3.1578947368421053,4.0,4.0,78.0,448.0,1.2723214285714286,0.2105263157894736,0.2105263157894736,Toys & Games,3.86,10.0,15.0,4.666666666666667,2024-01-17,West,Organic Search,29,Toys & Games,532,10031.256578947368,0,1,0.6113939705521422,1,0,0.0,306.6524894714965,1103.9489620973873,2146.5674263004753,discount_offer,250,1103.9489620973873
101853,4.0,7402.4,1850.6,2024-12-14,2025-04-06,0.0,2.5,1.0,3.0,87.0,113.0,1.0619469026548674,0.0,0.25,Sports & Outdoors,4.9,2.0,9.0,4.333333333333333,2024-11-04,South,Email,18,Sports & Outdoors,240,11257.816666666666,0,1,0.6113275660836878,1,0,0.0,344.1106831124854,1238.7984592049472,2408.7747817873974,discount_offer,250,1238.7984592049472
100938,12.0,8216.18,684.6816666666667,2023-11-30,2024-09-10,1.0,5.416666666666667,6.0,4.0,295.0,285.0,1.263157894736842,0.0833333333333333,0.5,Beauty & Personal Care,3.725,8.0,14.0,5.333333333333333,2023-11-28,East,Paid Ads,39,Beauty & Personal Care,582,5152.758934707904,1,0,0.6111862225732078,1,0,0.0,157.4647634567235,566.8731484442046,1102.2533441970643,discount_offer,20,157.4647634567235
104730,5.0,3965.15,793.03,2024-12-26,2025-04-30,0.0,7.0,2.0,4.0,63.0,125.0,1.2,0.0,0.4,Grocery,4.15,2.0,4.0,5.333333333333333,2024-11-19,South,Organic Search,40,Grocery,225,6432.354444444445,0,1,0.6111454706134807,1,0,0.0,196.55521420513574,707.5987711384886,1375.88649943595,discount_offer,20,196.55521420513574
103262,6.0,6489.57,1081.595,2024-10-08,2025-06-13,1.0,0.0,0.0,2.0,19.0,248.0,0.7258064516129031,0.1666666666666666,0.0,Fashion,3.96,5.0,3.0,4.0,2024-09-13,Central,Email,30,Fashion,292,8111.9625,0,1,0.611073694316107,1,0,0.0,247.8503446514362,892.2612407451702,1734.952412560053,discount_offer,250,892.2612407451702
100517,7.0,2440.32,348.6171428571428,2024-11-20,2025-06-20,0.0,9.285714285714286,5.0,3.0,12.0,212.0,0.9905660377358492,0.0,0.7142857142857143,Grocery,4.133333333333334,3.0,8.0,4.0,2024-11-18,West,Direct,57,Grocery,226,3941.224778761061,0,1,0.6106285989144719,1,0,0.0,120.33122823309331,433.19242163913583,842.318597631653,discount_offer,20,120.33122823309331
104686,3.0,3246.88,1082.2933333333333,2025-04-14,2025-04-27,0.0,3.333333333333333,1.0,2.0,66.0,13.0,6.9230769230769225,0.0,0.3333333333333333,Fashion,3.5,1.0,8.0,4.666666666666667,2025-01-23,West,Organic Search,39,Fashion,160,7406.945,1,0,0.6104900153743202,1,0,0.0,226.09329834633724,813.935874046814,1582.6530884243602,discount_offer,20,226.09329834633724
102832,4.0,13868.52,3467.13,2024-10-30,2025-06-27,1.0,16.25,3.0,1.0,5.0,240.0,0.5,0.25,0.75,Electronics,3.8,3.0,10.0,2.6666666666666665,2024-10-18,Central,Email,44,Electronics,257,19696.536186770427,1,0,0.6103052341687877,1,1,0.0,601.0449564890463,2163.7618433605667,4207.314695423323,discount_offer,250,2163.7618433605667
102792,14.0,14636.19,1045.442142857143,2023-11-18,2025-04-08,1.0,6.428571428571429,5.0,5.0,85.0,507.0,0.8284023668639054,0.0714285714285714,0.3571428571428571,Beauty & Personal Care,3.466666666666667,9.0,16.0,4.666666666666667,2023-10-19,West,Direct,44,Beauty & Personal Care,622,8588.761012861736,0,1,0.6102747771087533,1,1,0.0,262.0752106382273,943.4707582976183,1834.5264744675912,discount_offer,250,943.4707582976183
102110,4.0,14481.99,3620.4975,2024-10-12,2025-01-30,0.0,6.25,2.0,2.0,153.0,110.0,1.090909090909091,0.0,0.5,Electronics,3.8333333333333335,3.0,6.0,4.0,2024-09-16,North,Paid Ads,58,Electronics,289,18290.40259515571,0,1,0.6099444659590862,1,1,0.0,557.8064921539467,2008.103371754208,3904.6454450776264,discount_offer,250,2008.103371754208
104283,12.0,13527.919999999998,1127.3266666666666,2023-04-22,2025-06-03,0.0,9.166666666666666,8.0,4.0,29.0,773.0,0.4657179818887452,0.0,0.6666666666666666,Grocery,3.657142857142857,7.0,11.0,4.333333333333333,2023-04-01,East,Organic Search,32,Grocery,823,5999.624301336573,1,0,0.6098931654767904,1,0,0.0,182.956492840682,658.6433742264551,1280.6954498847738,discount_offer,20,182.956492840682
102806,14.0,25525.45,1823.2464285714289,2024-02-06,2025-03-25,0.0,5.0,5.0,2.0,99.0,413.0,1.0169491525423728,0.0,0.3571428571428571,Fashion,4.322222222222222,9.0,11.0,4.0,2023-09-30,West,Email,38,Fashion,641,14534.772620904836,1,0,0.6096497102877128,1,1,0.0,443.05599587162067,1595.0015851378344,3101.3919711013446,discount_offer,250,1595.0015851378344
101491,5.0,16112.19,3222.438,2023-04-18,2025-04-06,0.0,3.0,3.0,1.0,87.0,719.0,0.2086230876216968,0.0,0.6,Electronics,3.3666666666666667,3.0,15.0,3.6666666666666665,2023-03-20,East,Organic Search,32,Electronics,835,7043.053113772454,1,0,0.6095772697664958,1,0,0.0,214.66425439569147,772.7913158244893,1502.6497807698404,discount_offer,20,214.66425439569147
102674,23.0,30916.3,1344.1869565217391,2023-01-12,2025-02-21,1.0,4.130434782608695,6.0,7.0,131.0,771.0,0.8949416342412452,0.0434782608695652,0.2608695652173913,Fashion,4.333333333333333,15.0,11.0,5.333333333333333,2023-01-01,Central,Direct,42,Fashion,913,12359.747535596936,1,0,0.6093032399257816,1,0,0.0,376.54171090519543,1355.5501592587034,2635.7919763363675,discount_offer,250,1355.5501592587034
101736,5.0,2440.01,488.002,2024-09-17,2025-04-27,1.0,6.0,2.0,3.0,66.0,222.0,0.6756756756756757,0.2,0.4,Grocery,3.775,4.0,9.0,4.333333333333333,2024-09-09,North,Organic Search,39,Grocery,296,3008.7961148648646,1,0,0.6092819403804386,1,0,0.0,91.6602567536995,329.97692431331814,641.6217972758964,discount_offer,20,91.6602567536995
101996,5.0,8538.18,1707.636,2025-03-31,2025-07-01,1.0,8.0,2.0,2.0,1.0,92.0,1.6304347826086956,0.2,0.4,Home & Kitchen,3.3,4.0,12.0,6.333333333333333,2024-12-23,North,Organic Search,36,Home & Kitchen,191,16316.417277486911,0,1,0.6092640886364314,1,0,0.0,497.05035511898933,1789.3812784283616,3479.3524858329256,discount_offer,250,1789.3812784283616
100996,17.0,12641.13,743.5958823529411,2024-01-02,2025-05-14,0.0,5.294117647058823,5.0,6.0,49.0,498.0,1.0240963855421683,0.0,0.2941176470588235,Grocery,3.672727272727272,11.0,12.0,4.0,2023-10-22,South,Direct,34,Grocery,619,7453.978109854604,0,1,0.6088392749913321,1,1,0.0,226.91373141025684,816.8894330769245,1588.3961198717977,discount_offer,20,226.91373141025684
101611,1.0,608.05,608.05,2025-06-27,2025-06-27,0.0,5.0,1.0,1.0,5.0,1.0,30.0,0.0,1.0,Beauty & Personal Care,4.037037037037037,0.0,7.0,4.5,2025-05-04,Central,Organic Search,20,Beauty & Personal Care,59,3761.665254237288,0,1,0.608835025176341,1,0,0.0,114.51167798842634,412.2420407583348,801.5817459189842,discount_offer,20,114.51167798842634
105816,14.0,10664.72,761.7657142857144,2024-07-11,2025-03-05,1.0,6.785714285714286,6.0,5.0,119.0,237.0,1.7721518987341771,0.0714285714285714,0.4285714285714285,Fashion,4.6875,8.0,12.0,5.333333333333333,2024-06-25,East,Direct,39,Fashion,372,10464.039784946235,0,1,0.6086758984121738,1,0,0.0,318.46044085614403,1146.4575870821184,2229.2230859930078,discount_offer,250,1146.4575870821184
105458,3.0,3255.37,1085.1233333333332,2025-03-16,2025-04-30,0.0,3.333333333333333,1.0,1.0,63.0,45.0,2.0,0.0,0.3333333333333333,Sports & Outdoors,2.7,2.0,13.0,5.0,2025-03-04,Central,Direct,18,Sports & Outdoors,120,9901.750416666666,0,1,0.6085290653169474,1,0,0.0,301.275146302793,1084.590526690055,2108.926024119551,discount_offer,250,1084.590526690055
103767,7.0,8416.48,1202.3542857142857,2024-03-18,2025-02-09,1.0,1.4285714285714286,2.0,3.0,143.0,328.0,0.6402439024390244,0.1428571428571428,0.2857142857142857,Sports & Outdoors,4.825,4.0,17.0,7.333333333333333,2024-01-06,North,Organic Search,31,Sports & Outdoors,543,5657.486556169429,0,1,0.6084678719808286,1,0,0.0,172.11994027962797,619.6317850066606,1204.8395819573955,discount_offer,20,172.11994027962797
100343,19.0,20187.6,1062.505263157895,2024-02-19,2025-04-29,5.0,2.1052631578947367,3.0,5.0,64.0,435.0,1.3103448275862069,0.2631578947368421,0.1578947368421052,Fashion,4.0,9.0,7.0,6.0,2024-02-02,West,Direct,18,Fashion,516,14279.98837209302,0,1,0.608257490358486,1,1,0.0,434.2954944778831,1563.463780120379,3040.0684613451813,discount_offer,250,1563.463780120379
105927,6.0,2489.9700000000003,414.99500000000006,2024-10-03,2025-06-23,0.0,4.166666666666667,2.0,2.0,9.0,263.0,0.6844106463878327,0.0,0.3333333333333333,Books,3.9,3.0,14.0,3.6666666666666665,2024-08-09,West,Email,61,Books,327,2779.324311926606,0,1,0.6080185322414102,1,0,0.0,84.49403443802412,304.17852397688677,591.4582410661687,discount_offer,20,84.49403443802412
100253,13.0,13754.81,1058.0623076923075,2023-05-31,2025-01-02,4.0,4.615384615384615,4.0,4.0,181.0,582.0,0.6701030927835052,0.3076923076923077,0.3076923076923077,Fashion,3.7875,8.0,18.0,3.333333333333333,2023-01-01,Central,Organic Search,31,Fashion,913,5498.910898138006,1,0,0.6077914303536117,1,1,0.0,167.10954600831812,601.5943656299452,1169.7668220582268,discount_offer,20,167.10954600831812
100403,14.0,21897.34,1564.0957142857144,2023-04-29,2025-07-01,6.0,5.357142857142857,6.0,6.0,1.0,794.0,0.5289672544080605,0.4285714285714285,0.4285714285714285,Fashion,3.9625,8.0,14.0,5.0,2023-04-08,West,Paid Ads,29,Fashion,816,9794.766053921569,0,1,0.6077800369514249,1,0,0.0,297.6531637091507,1071.5513893529424,2083.5721459640545,discount_offer,250,1071.5513893529424
104504,5.0,11871.24,2374.248,2025-01-20,2025-04-15,2.0,9.0,2.0,3.0,78.0,85.0,1.7647058823529411,0.4,0.4,Fashion,4.45,4.0,12.0,4.333333333333333,2024-12-28,West,Social Media,40,Fashion,186,23295.712903225805,0,1,0.6076208633201765,1,0,0.0,707.748059295852,2547.893013465067,4954.236415070964,discount_offer,250,2547.893013465067
100662,1.0,219.0,219.0,2025-06-07,2025-06-07,0.0,0.0,0.0,1.0,25.0,1.0,30.0,0.0,0.0,Grocery,4.037037037037037,0.0,7.0,3.5,2025-06-01,North,Direct,45,Home & Kitchen,31,2578.548387096774,1,0,0.6076014382069905,1,1,0.0,78.33648542431578,282.0113475275368,548.3553979702104,discount_offer,20,78.33648542431578
102756,4.0,5730.83,1432.7075,2025-02-04,2025-07-01,0.0,0.0,0.0,3.0,1.0,147.0,0.8163265306122448,0.0,0.0,Toys & Games,3.35,2.0,7.0,6.333333333333333,2025-01-09,North,Paid Ads,31,Toys & Games,174,12021.56867816092,1,0,0.607250398825753,1,1,0.0,365.00511871622,1314.0184273783918,2555.03583101354,discount_offer,250,1314.0184273783918
103613,20.0,20771.26,1038.563,2023-02-01,2024-07-24,0.0,5.5,8.0,2.0,343.0,539.0,1.1131725417439704,0.0,0.4,Sports & Outdoors,3.78,10.0,10.0,5.0,2023-01-10,West,Paid Ads,41,Sports & Outdoors,904,8386.625995575223,1,0,0.6072135291434242,1,0,0.0,254.62363841896072,916.6450983082586,1782.365468932725,discount_offer,250,916.6450983082586
103882,16.0,12433.68,777.105,2024-03-12,2025-03-15,1.0,5.0,8.0,5.0,109.0,368.0,1.3043478260869563,0.0625,0.5,Fashion,4.05,6.0,9.0,7.0,2024-02-06,West,Social Media,38,Fashion,512,8863.85390625,0,1,0.6068479944231892,1,1,0.0,268.9505982933982,968.2221538562334,1882.6541880537873,discount_offer,250,968.2221538562334
105723,9.0,12566.8,1396.3111111111111,2024-07-27,2025-02-21,1.0,7.777777777777778,7.0,2.0,131.0,209.0,1.291866028708134,0.1111111111111111,0.7777777777777778,Home & Kitchen,4.3,2.0,13.0,4.333333333333333,2024-07-27,North,Paid Ads,36,Home & Kitchen,340,13490.829411764706,0,1,0.6066549169373242,1,0,0.0,409.2138998104864,1473.170039317751,2864.4972986734047,discount_offer,250,1473.170039317751
100385,16.0,10684.14,667.75875,2023-09-27,2025-02-21,3.0,6.25,8.0,5.0,131.0,513.0,0.935672514619883,0.1875,0.5,Beauty & Personal Care,4.111111111111111,9.0,11.0,5.0,2023-08-30,South,Email,37,Beauty & Personal Care,672,5803.141517857142,1,0,0.606483343994125,1,0,0.0,175.9754336710571,633.5115612158055,1231.8280356973994,discount_offer,20,175.9754336710571
103248,7.0,19057.34,2722.477142857143,2023-04-03,2025-03-21,0.0,1.4285714285714286,2.0,3.0,103.0,718.0,0.2924791086350975,0.0,0.2857142857142857,Electronics,4.24,5.0,6.0,6.666666666666667,2023-03-14,North,Organic Search,45,Electronics,841,8271.021521997622,1,0,0.6064464131959016,1,0,0.0,250.79656677407826,902.8676403866817,1755.5759674185476,discount_offer,250,902.8676403866817
103532,6.0,19923.8,3320.633333333333,2024-07-22,2025-03-02,0.0,2.5,1.0,4.0,122.0,223.0,0.8071748878923767,0.0,0.1666666666666666,Electronics,4.45,2.0,7.0,4.333333333333333,2024-07-09,South,Email,44,Electronics,358,20313.37150837989,1,0,0.6063286765131057,1,1,0.0,615.8289831097504,2216.9843391951013,4310.8028817682525,discount_offer,250,2216.9843391951013
105727,12.0,14754.24,1229.52,2023-10-10,2025-05-17,2.0,2.9166666666666665,2.0,2.0,46.0,585.0,0.6153846153846154,0.1666666666666666,0.1666666666666666,Toys & Games,3.933333333333333,9.0,11.0,2.333333333333333,2023-08-07,North,Referral,41,Toys & Games,695,7748.62964028777,1,0,0.6061414521477062,1,1,0.0,234.83828111593937,845.4178120173816,1643.8679678115752,discount_offer,20,234.83828111593937
103673,1.0,1663.88,1663.88,2025-06-05,2025-06-05,0.0,0.0,0.0,1.0,27.0,1.0,30.0,0.0,0.0,Sports & Outdoors,5.0,1.0,12.0,3.333333333333333,2025-01-26,Central,Referral,37,Sports & Outdoors,157,3868.256050955414,0,1,0.6056067116123183,1,0,0.0,117.13209133467804,421.6755288048409,819.9246393427462,discount_offer,20,117.13209133467804
105053,3.0,2186.58,728.86,2025-02-28,2025-05-05,0.0,6.666666666666667,1.0,2.0,58.0,66.0,1.3636363636363635,0.0,0.3333333333333333,Fashion,3.5,1.0,14.0,5.333333333333333,2024-11-10,North,Organic Search,34,Fashion,234,3410.6910256410256,0,1,0.6054754328559879,1,1,0.0,103.25448125440168,371.716132515846,722.7813687808116,discount_offer,20,103.25448125440168
105426,16.0,33662.84,2103.9275,2023-11-08,2025-05-30,2.0,5.9375,7.0,5.0,33.0,569.0,0.843585237258348,0.125,0.4375,Electronics,4.109090909090909,11.0,10.0,6.333333333333333,2023-10-20,West,Paid Ads,58,Electronics,621,19785.72721417069,1,0,0.605141240588903,1,1,0.0,598.6579756168435,2155.1687122206363,4190.605829317904,discount_offer,250,2155.1687122206363
100166,11.0,52913.2,4810.290909090909,2024-07-21,2025-04-28,0.0,4.545454545454546,4.0,3.0,65.0,281.0,1.1743772241992882,0.0,0.3636363636363636,Electronics,3.5,7.0,8.0,8.0,2024-07-16,West,Organic Search,23,Electronics,351,55023.69800569801,1,0,0.604980197854173,1,1,0.0,1664.4123853077724,5991.88458710798,11650.886697154407,discount_offer,900,11650.886697154407
103502,2.0,1960.54,980.27,2025-04-28,2025-05-19,0.0,12.5,1.0,2.0,44.0,21.0,2.857142857142857,0.0,0.5,Sports & Outdoors,3.2,2.0,6.0,5.333333333333333,2025-04-13,North,Email,46,Toys & Games,80,8944.96375,0,1,0.6049631745509501,1,1,0.0,270.56868332215856,974.0472599597708,1893.9807832551098,discount_offer,250,974.0472599597708
101334,5.0,3260.53,652.106,2024-10-29,2025-06-29,0.0,5.0,2.0,2.0,3.0,243.0,0.617283950617284,0.0,0.4,Sports & Outdoors,3.2,1.0,13.0,6.0,2024-10-14,East,Email,21,Sports & Outdoors,261,4559.745019157089,1,0,0.6049077934224248,1,1,0.0,137.91126490536035,496.4805536592972,965.3788543375224,discount_offer,20,137.91126490536035
100128,6.0,7584.98,1264.1633333333334,2024-09-12,2025-04-20,1.0,1.6666666666666667,1.0,2.0,73.0,220.0,0.8181818181818182,0.1666666666666666,0.1666666666666666,Toys & Games,4.225,4.0,6.0,3.6666666666666665,2024-09-09,East,Email,43,Toys & Games,296,9353.10033783784,1,0,0.6047743214429324,1,0,0.0,282.82574551017706,1018.1726838366375,1979.7802185712394,discount_offer,250,1018.1726838366375
100593,1.0,1131.6,1131.6,2025-06-09,2025-06-09,0.0,15.0,1.0,1.0,23.0,1.0,30.0,0.0,1.0,Fashion,3.0,1.0,6.0,4.5,2025-05-07,West,Social Media,38,Fashion,56,7375.607142857142,0,1,0.6046715818878445,1,0,0.0,222.99100192273568,802.7676069218485,1560.9370134591497,discount_offer,20,222.99100192273568
104293,18.0,25761.48,1431.1933333333334,2023-06-22,2025-06-20,1.0,6.388888888888889,7.0,7.0,12.0,729.0,0.7407407407407407,0.0555555555555555,0.3888888888888889,Home & Kitchen,3.85,10.0,10.0,6.0,2023-06-22,Central,Paid Ads,47,Home & Kitchen,741,12689.527935222672,0,1,0.6046202862148669,1,1,0.0,383.617300606294,1381.0222821826585,2685.321104244058,discount_offer,250,1381.0222821826585
105828,10.0,12985.98,1298.598,2024-10-25,2025-04-13,0.0,5.5,6.0,5.0,80.0,170.0,1.7647058823529411,0.0,0.6,Sports & Outdoors,3.2,4.0,13.0,4.666666666666667,2024-10-24,East,Paid Ads,26,Sports & Outdoors,251,18883.99482071713,1,0,0.6043098909204463,1,0,0.0,570.5892425124921,2054.121273044971,3994.124697587444,discount_offer,250,2054.121273044971
101452,7.0,7794.33,1113.4757142857145,2024-10-29,2025-05-26,2.0,4.285714285714286,3.0,4.0,37.0,209.0,1.0047846889952152,0.2857142857142857,0.4285714285714285,Fashion,3.5666666666666664,3.0,14.0,5.0,2024-09-29,West,Paid Ads,35,Fashion,276,10307.71902173913,1,0,0.6040805797464763,1,1,0.0,311.3346441257978,1120.8047188528722,2179.3425088805843,discount_offer,250,1120.8047188528722
100386,9.0,7656.36,850.7066666666666,2024-04-29,2025-04-14,0.0,7.777777777777778,5.0,2.0,79.0,350.0,0.7714285714285715,0.0,0.5555555555555556,Home & Kitchen,4.014285714285714,7.0,10.0,6.666666666666667,2024-02-20,South,Social Media,21,Home & Kitchen,498,5611.589156626506,1,0,0.6039489190572601,1,0,0.0,169.45566026690102,610.0403769608437,1186.189621868307,discount_offer,20,169.45566026690102
100024,8.0,7818.450000000001,977.30625,2024-05-13,2025-03-28,3.0,11.25,5.0,3.0,96.0,319.0,0.7523510971786834,0.375,0.625,Fashion,3.98,5.0,4.0,7.333333333333333,2024-03-12,East,Organic Search,57,Fashion,477,5982.671383647798,1,0,0.6038662397492829,1,0,0.0,180.63666360495176,650.2919889778263,1264.4566452346623,discount_offer,20,180.63666360495176
105836,21.0,97551.75,4645.321428571428,2023-08-20,2025-06-17,2.0,4.523809523809524,8.0,4.0,15.0,667.0,0.944527736131934,0.0952380952380952,0.3809523809523809,Electronics,4.1692307692307695,13.0,10.0,5.0,2023-08-05,Central,Paid Ads,24,Electronics,697,51085.206241033,0,1,0.6038183580780812,1,0,0.0,1542.3092677270347,5552.313363817324,10796.164874089241,discount_offer,900,10796.164874089241
104112,15.0,16957.15,1130.4766666666667,2023-02-12,2025-06-13,2.0,7.666666666666667,7.0,6.0,19.0,852.0,0.5281690140845071,0.1333333333333333,0.4666666666666667,Fashion,3.91,10.0,8.0,4.333333333333333,2023-02-09,Central,Paid Ads,29,Fashion,874,7081.647311212815,1,0,0.6035888896138458,1,0,0.0,213.720181860591,769.3926546981276,1496.041273024137,discount_offer,20,213.720181860591
104058,1.0,495.72,495.72,2025-06-28,2025-06-28,0.0,0.0,0.0,1.0,4.0,1.0,30.0,0.0,0.0,Beauty & Personal Care,4.037037037037037,0.0,5.0,7.5,2025-05-05,West,Referral,32,Beauty & Personal Care,58,3119.6172413793106,0,1,0.603399615745819,1,0,0.0,94.11879223611541,338.8276520500154,658.8315456528077,discount_offer,20,94.11879223611541
100683,10.0,14598.71,1459.871,2024-05-08,2025-07-01,1.0,3.5,4.0,4.0,1.0,419.0,0.7159904534606205,0.1,0.4,Fashion,3.9,5.0,10.0,4.0,2024-02-06,West,Direct,18,Fashion,512,10407.283496093749,1,0,0.6033972637135272,1,1,0.0,313.98631921169596,1130.3507491621056,2197.9042344818718,discount_offer,250,1130.3507491621056
104267,10.0,26651.86,2665.186,2024-07-31,2025-04-18,0.0,8.0,5.0,4.0,75.0,261.0,1.149425287356322,0.0,0.5,Electronics,3.35,8.0,15.0,2.333333333333333,2024-07-31,West,Organic Search,20,Electronics,336,28952.169345238093,0,1,0.6033039250079711,1,0,0.0,873.3478701738802,3144.0523326259686,6113.435091217161,discount_offer,900,6113.435091217161
105674,7.0,17850.300000000003,2550.042857142857,2024-05-26,2025-07-02,1.0,4.285714285714286,2.0,2.0,0.0,402.0,0.5223880597014925,0.1428571428571428,0.2857142857142857,Electronics,3.625,4.0,13.0,4.333333333333333,2024-05-14,East,Email,50,Electronics,414,15737.583333333336,0,1,0.6032702658938974,1,1,0.0,474.70080410136853,1708.9228947649265,3322.9056287095796,discount_offer,250,1708.9228947649265
103881,14.0,17680.63,1262.902142857143,2024-03-17,2025-06-12,2.0,6.785714285714286,5.0,6.0,20.0,452.0,0.9292035398230089,0.1428571428571428,0.3571428571428571,Fashion,4.0600000000000005,5.0,11.0,5.0,2024-01-31,South,Paid Ads,25,Fashion,518,12458.358976833975,0,1,0.6032382819000934,1,0,0.0,375.76795322399664,1352.7646316063879,2630.3756725679764,discount_offer,250,1352.7646316063879
102750,19.0,11428.81,601.5163157894737,2023-09-19,2025-06-26,1.0,9.736842105263158,13.0,5.0,6.0,646.0,0.8823529411764706,0.0526315789473684,0.6842105263157895,Beauty & Personal Care,4.228571428571429,7.0,4.0,6.0,2023-07-26,South,Paid Ads,18,Beauty & Personal Care,707,5900.305021216407,0,1,0.6031638162058125,1,0,0.0,177.94252466876029,640.593088807537,1245.597672681322,discount_offer,20,177.94252466876029
100834,3.0,11076.34,3692.113333333333,2025-01-24,2025-05-06,0.0,10.0,2.0,1.0,57.0,102.0,0.8823529411764706,0.0,0.6666666666666666,Electronics,5.0,2.0,9.0,4.333333333333333,2025-01-11,South,Organic Search,32,Electronics,172,23505.023837209304,0,1,0.6030780908134088,1,0,0.0,708.7682450133926,2551.565682048213,4961.377715093748,discount_offer,250,2551.565682048213
104090,8.0,27646.67,3455.83375,2024-05-16,2025-05-03,1.0,5.625,4.0,2.0,60.0,352.0,0.6818181818181819,0.125,0.5,Electronics,4.475,4.0,7.0,4.333333333333333,2024-03-27,Central,Organic Search,20,Electronics,462,21842.066125541125,1,0,0.6030770069132175,1,0,0.0,658.622393189596,2371.0406154825455,4610.356752327171,discount_offer,250,2371.0406154825455
103827,17.0,10132.08,596.0047058823529,2023-09-11,2025-04-06,1.0,2.0588235294117645,3.0,4.0,87.0,573.0,0.8900523560209423,0.0588235294117647,0.1764705882352941,Books,4.191666666666666,12.0,14.0,7.333333333333333,2023-08-29,Central,Direct,18,Books,673,5495.110252600297,1,0,0.6030657472306181,1,1,0.0,165.69563852995145,596.5042987078252,1159.86946970966,discount_offer,20,165.69563852995145
104643,14.0,12318.12,879.8657142857143,2024-01-23,2024-11-14,2.0,10.0,8.0,5.0,230.0,296.0,1.4189189189189189,0.1428571428571428,0.5714285714285714,Fashion,3.725,8.0,18.0,4.333333333333333,2024-01-21,North,Referral,30,Fashion,528,8515.367045454544,0,1,0.602889550546033,1,0,0.0,256.69129053842954,924.0886459383464,1796.8390337690068,discount_offer,250,924.0886459383464
103442,10.0,15133.93,1513.393,2024-02-07,2025-06-21,1.0,4.0,4.0,3.0,11.0,500.0,0.6,0.1,0.4,Home & Kitchen,3.9,5.0,5.0,5.0,2023-09-25,West,Paid Ads,35,Home & Kitchen,646,8550.904721362229,1,0,0.6027294939516721,1,0,0.0,257.694123776781,927.6988455964115,1803.8588664374668,discount_offer,250,927.6988455964115
101745,10.0,17445.8,1744.58,2024-07-12,2025-06-29,0.0,11.0,7.0,3.0,3.0,352.0,0.8522727272727273,0.0,0.7,Home & Kitchen,2.9714285714285715,7.0,12.0,4.666666666666667,2024-06-20,West,Direct,41,Home & Kitchen,377,16890.49602122016,1,0,0.6027172128491224,1,1,0.0,509.0096342774503,1832.4346833988209,3563.067439942152,discount_offer,250,1832.4346833988209
103810,9.0,13264.31,1473.812222222222,2024-05-30,2025-05-07,0.0,3.333333333333333,2.0,2.0,56.0,342.0,0.7894736842105263,0.0,0.2222222222222222,Home & Kitchen,4.037037037037037,0.0,12.0,8.0,2024-04-03,East,Social Media,55,Home & Kitchen,455,10640.60032967033,0,1,0.6027135231685119,1,0,0.0,320.66168566618165,1154.382068398254,2244.6317996632715,discount_offer,250,1154.382068398254
102805,11.0,10251.07,931.9154545454544,2023-05-23,2025-03-20,0.0,8.636363636363637,8.0,5.0,104.0,667.0,0.4947526236881559,0.0,0.7272727272727273,Books,4.183333333333334,6.0,13.0,4.333333333333333,2023-05-05,East,Direct,27,Books,789,4742.256717363752,1,0,0.6026884161979059,1,0,0.0,142.905159509592,514.4585742345312,1000.3361165671439,discount_offer,20,142.905159509592
105389,7.0,4149.610000000001,592.8014285714287,2024-08-06,2025-04-17,0.0,7.142857142857143,4.0,2.0,76.0,254.0,0.8267716535433071,0.0,0.5714285714285714,Beauty & Personal Care,3.925,4.0,17.0,7.666666666666667,2024-07-18,Central,Organic Search,18,Beauty & Personal Care,349,4339.850000000001,0,1,0.6026758596793964,1,0,0.0,130.77614148148146,470.79410933333327,915.4329903703702,discount_offer,20,130.77614148148146
101234,18.0,56241.7,3124.538888888889,2023-04-02,2025-06-03,2.0,5.555555555555555,7.0,4.0,29.0,793.0,0.6809583858764187,0.1111111111111111,0.3888888888888889,Electronics,3.26,10.0,12.0,4.333333333333333,2023-03-03,Central,Referral,61,Electronics,852,24094.15551643193,0,1,0.6024738119131772,1,1,0.0,725.8048859406825,2612.897589386457,5080.634201584777,discount_offer,250,2612.897589386457
104309,8.0,10827.35,1353.41875,2024-07-20,2025-07-01,2.0,4.375,4.0,3.0,1.0,346.0,0.6936416184971098,0.25,0.5,Grocery,3.825,4.0,15.0,4.666666666666667,2024-05-27,Central,Direct,49,Grocery,401,9855.318578553615,0,1,0.6023779199117814,1,0,0.0,296.83131527085305,1068.592734975071,2077.819206895971,discount_offer,250,1068.592734975071
101333,3.0,1467.04,489.0133333333333,2025-04-23,2025-06-26,0.0,15.0,2.0,2.0,6.0,64.0,1.40625,0.0,0.6666666666666666,Books,4.266666666666667,3.0,8.0,4.0,2025-03-13,North,Organic Search,44,Grocery,111,4824.050450450451,0,1,0.6022695631569271,1,0,0.0,145.26893787198853,522.9681763391587,1016.8825651039195,discount_offer,20,145.26893787198853
105143,22.0,16656.3,757.1045454545455,2023-04-07,2025-05-21,3.0,4.545454545454546,6.0,5.0,42.0,775.0,0.8516129032258065,0.1363636363636363,0.2727272727272727,Beauty & Personal Care,4.45,12.0,8.0,3.6666666666666665,2023-04-07,East,Direct,28,Beauty & Personal Care,817,7441.309057527539,1,0,0.6020677457973277,1,1,0.0,224.00860850234216,806.4309906084316,1568.0602595163948,discount_offer,20,224.00860850234216
102314,6.0,4218.6900000000005,703.1150000000001,2024-09-18,2025-04-12,0.0,8.333333333333334,3.0,2.0,81.0,206.0,0.8737864077669903,0.0,0.5,Grocery,4.05,4.0,11.0,5.0,2024-09-07,West,Social Media,31,Grocery,298,5167.187416107383,1,0,0.6018707046509725,1,1,0.0,155.4989365598094,559.7961716153139,1088.4925559186659,discount_offer,20,155.4989365598094
102086,8.0,8850.05,1106.25625,2024-09-27,2025-03-15,0.0,6.25,4.0,5.0,109.0,169.0,1.4201183431952662,0.0,0.5,Fashion,4.125,4.0,10.0,4.333333333333333,2024-09-13,North,Referral,43,Fashion,292,11062.562499999998,0,1,0.6017216567233674,1,1,0.0,332.8291717552898,1198.1850183190434,2329.8042022870286,discount_offer,250,1198.1850183190434
101701,22.0,26807.22,1218.51,2023-02-10,2025-06-30,3.0,5.681818181818182,8.0,5.0,2.0,871.0,0.7577497129735935,0.1363636363636363,0.3636363636363636,Toys & Games,3.5444444444444443,9.0,9.0,3.0,2023-01-01,Central,Paid Ads,31,Toys & Games,913,10717.015662650603,1,0,0.6015820855694735,1,0,0.0,322.35823167090314,1160.4896340152513,2256.5076216963216,discount_offer,250,1160.4896340152513
100918,8.0,4171.57,521.44625,2024-02-10,2025-04-28,0.0,9.375,5.0,3.0,65.0,443.0,0.5417607223476297,0.0,0.625,Grocery,4.233333333333333,6.0,11.0,7.333333333333333,2023-10-06,Central,Organic Search,35,Grocery,635,2397.8315748031496,1,0,0.6015435043722882,1,0,0.0,72.12000042008046,259.63200151228966,504.8400029405632,discount_offer,20,72.12000042008046
100442,6.0,4585.21,764.2016666666667,2024-08-06,2025-05-24,0.0,0.8333333333333334,1.0,6.0,39.0,291.0,0.6185567010309279,0.0,0.1666666666666666,Grocery,4.38,5.0,7.0,6.0,2024-07-28,South,Direct,57,Sports & Outdoors,339,4936.87802359882,0,1,0.601517104459908,1,0,0.0,148.48082869134578,534.5309832888448,1039.3658008394204,discount_offer,20,148.48082869134578
105835,11.0,8372.86,761.169090909091,2024-07-14,2025-04-22,2.0,3.636363636363636,4.0,4.0,71.0,282.0,1.1702127659574468,0.1818181818181818,0.3636363636363636,Toys & Games,4.133333333333334,6.0,7.0,4.666666666666667,2024-03-27,West,Paid Ads,36,Toys & Games,462,6614.921861471862,1,0,0.6014604728335203,1,1,0.0,198.93070152788283,716.1505255003782,1392.5149106951797,discount_offer,20,198.93070152788283
104768,9.0,7999.45,888.8277777777778,2024-08-13,2025-06-20,0.0,7.777777777777778,5.0,3.0,12.0,311.0,0.8681672025723473,0.0,0.5555555555555556,Beauty & Personal Care,3.1,4.0,18.0,5.0,2024-05-18,North,Direct,27,Beauty & Personal Care,410,7121.461585365854,0,1,0.6008718570095137,1,0,0.0,213.95429237103482,770.2354525357254,1497.6800465972437,discount_offer,20,213.95429237103482
101915,1.0,983.19,983.19,2025-04-17,2025-04-17,0.0,15.0,1.0,1.0,76.0,1.0,30.0,0.0,1.0,Grocery,5.0,1.0,12.0,3.333333333333333,2025-04-13,North,Paid Ads,42,Grocery,80,4485.804375,0,1,0.6007829710001523,1,0,0.0,134.74974398689906,485.0990783528366,943.2482079082934,discount_offer,20,134.74974398689906
104799,4.0,9717.92,2429.48,2024-12-17,2025-04-08,0.0,6.25,2.0,3.0,85.0,112.0,1.0714285714285714,0.0,0.5,Electronics,3.3,1.0,9.0,5.0,2024-11-24,South,Organic Search,36,Electronics,220,16122.912727272727,1,0,0.6006306288362803,1,0,0.0,484.1957605027143,1743.1047378097712,3389.370323518999,discount_offer,250,1743.1047378097712
104399,9.0,3403.83,378.2033333333333,2024-01-09,2025-06-27,0.0,8.333333333333334,6.0,2.0,5.0,535.0,0.5046728971962617,0.0,0.6666666666666666,Books,3.8,4.0,8.0,6.0,2024-01-01,North,Organic Search,30,Books,548,2267.1495437956205,1,0,0.6005897912734347,1,0,0.0,68.08134356469373,245.09283683289738,476.569404952856,discount_offer,20,68.08134356469373
100266,12.0,16593.7,1382.8083333333334,2024-04-12,2025-05-03,2.0,2.083333333333333,2.0,5.0,60.0,386.0,0.932642487046632,0.1666666666666666,0.1666666666666666,Fashion,4.38,5.0,6.0,4.333333333333333,2024-03-24,East,Referral,36,Fashion,465,13025.1623655914,1,0,0.6005529476928914,1,1,0.0,391.1149826417215,1408.0139375101971,2737.80487849205,discount_offer,250,1408.0139375101971
105990,10.0,7052.37,705.237,2024-07-03,2025-05-16,0.0,14.0,7.0,5.0,47.0,317.0,0.946372239747634,0.0,0.7,Beauty & Personal Care,3.4,5.0,13.0,6.0,2024-05-18,Central,Direct,24,Beauty & Personal Care,410,6278.329390243902,1,0,0.6004790682260981,1,0,0.0,188.50026911350923,678.6009688086332,1319.5018837945645,discount_offer,20,188.50026911350923
101891,8.0,6980.37,872.54625,2024-11-20,2025-06-06,0.0,5.625,4.0,4.0,26.0,198.0,1.2121212121212122,0.0,0.5,Grocery,3.64,5.0,10.0,5.333333333333333,2024-09-09,Central,Paid Ads,40,Grocery,296,8607.550844594594,1,0,0.6000321007091133,1,0,0.0,258.24034076212985,929.6652267436673,1807.6823853349088,discount_offer,250,929.6652267436673
100004,10.0,14686.98,1468.698,2023-08-20,2025-06-28,0.0,4.0,2.0,4.0,4.0,678.0,0.4424778761061946,0.0,0.2,Toys & Games,4.06,5.0,10.0,6.666666666666667,2023-06-23,South,Paid Ads,42,Toys & Games,740,7244.253648648648,0,1,0.5999727837393166,1,0,0.0,217.31775138467154,782.3439049848174,1521.2242596927006,discount_offer,20,217.31775138467154
102866,12.0,13410.15,1117.5125,2024-03-05,2025-05-31,1.0,5.0,4.0,3.0,32.0,452.0,0.7964601769911505,0.0833333333333333,0.3333333333333333,Fashion,4.057142857142857,7.0,13.0,4.333333333333333,2024-02-01,Central,Direct,47,Fashion,517,9467.514023210832,0,1,0.5999194360073191,1,0,0.0,283.98728365980134,1022.3542211752848,1987.9109856186092,discount_offer,250,1022.3542211752848
101331,1.0,1139.22,1139.22,2025-02-05,2025-02-05,0.0,10.0,1.0,1.0,147.0,1.0,30.0,0.0,1.0,Fashion,5.0,1.0,14.0,5.0,2024-09-08,West,Social Media,51,Fashion,297,1400.051515151515,1,0,0.5997287028876754,1,1,0.0,41.98255395788715,151.1371942483937,293.87787770521,discount_offer,0,0.0
103365,9.0,14456.05,1606.2277777777776,2023-07-07,2025-05-28,1.0,5.0,4.0,3.0,35.0,691.0,0.3907380607814761,0.1111111111111111,0.4444444444444444,Fashion,4.5,3.0,8.0,4.333333333333333,2023-06-21,South,Email,41,Fashion,742,7111.129716981131,1,0,0.5997010881767679,1,0,0.0,213.22761147198682,767.6194012991525,1492.5932803039077,discount_offer,20,213.22761147198682
105012,8.0,16544.66,2068.0825,2024-06-15,2025-06-27,2.0,4.375,3.0,4.0,5.0,377.0,0.636604774535809,0.25,0.375,Fashion,3.6,5.0,12.0,5.0,2024-05-28,Central,Paid Ads,37,Fashion,400,15097.00225,1,0,0.5996399330989193,1,0,0.0,452.6382709592117,1629.497775453162,3168.4678967144814,discount_offer,250,1629.497775453162
100710,7.0,15536.73,2219.532857142857,2024-09-10,2025-06-14,2.0,1.4285714285714286,2.0,4.0,18.0,277.0,0.7581227436823106,0.2857142857142857,0.2857142857142857,Electronics,4.2,4.0,12.0,7.0,2024-08-30,Central,Email,26,Electronics,306,18532.374019607843,0,1,0.5995467179127731,1,0,0.0,555.5512009293915,1999.9843233458091,3888.8584065057403,discount_offer,250,1999.9843233458091
103281,5.0,3276.87,655.374,2024-05-13,2025-05-05,0.0,12.0,4.0,2.0,58.0,357.0,0.4201680672268907,0.0,0.8,Toys & Games,4.15,4.0,15.0,5.333333333333333,2024-02-03,East,Social Media,36,Toys & Games,515,2322.441844660194,1,0,0.5993305135879624,1,1,0.0,69.59551317691844,250.54384743690636,487.1685922384291,discount_offer,20,69.59551317691844
103683,17.0,17675.87,1039.7570588235294,2023-05-01,2025-06-20,1.0,6.470588235294118,8.0,5.0,12.0,781.0,0.6530089628681177,0.0588235294117647,0.4705882352941176,Grocery,4.2125,8.0,6.0,3.6666666666666665,2023-01-01,Central,Social Media,36,Grocery,913,7066.47595837897,0,1,0.5991529180264199,1,0,0.0,211.6949845313151,762.1019443127343,1481.8648917192056,discount_offer,20,211.6949845313151
105968,1.0,1342.54,1342.54,2025-06-06,2025-06-06,0.0,0.0,0.0,1.0,26.0,1.0,30.0,0.0,0.0,Home & Kitchen,4.037037037037037,0.0,14.0,3.0,2024-12-21,North,Email,20,Fashion,193,2539.000518134715,0,1,0.598806496806277,1,0,0.0,76.01850028267854,273.66660101764273,532.1295019787498,discount_offer,20,76.01850028267854
102460,2.0,1496.21,748.105,2024-12-03,2025-02-27,0.0,0.0,0.0,1.0,125.0,86.0,0.6976744186046512,0.0,0.0,Fashion,3.9,1.0,15.0,5.0,2024-09-15,South,Organic Search,21,Fashion,290,1883.160862068965,0,1,0.5986944740100867,1,1,0.0,56.37190008963802,202.93884032269685,394.6033006274661,discount_offer,20,56.37190008963802
104772,6.0,3323.54,553.9233333333333,2023-12-12,2025-06-11,1.0,5.0,3.0,2.0,21.0,547.0,0.3290676416819013,0.1666666666666666,0.5,Grocery,3.975,4.0,10.0,4.0,2023-10-05,South,Organic Search,41,Grocery,636,1907.3775157232703,1,0,0.5984427522226237,1,0,0.0,57.07281250184923,205.4621250066572,399.50968751294454,discount_offer,20,57.07281250184923
105072,4.0,3020.8900000000003,755.2225000000001,2025-02-04,2025-04-12,0.0,3.75,2.0,1.0,81.0,67.0,1.791044776119403,0.0,0.5,Sports & Outdoors,3.95,2.0,11.0,4.666666666666667,2024-11-13,South,Organic Search,18,Sports & Outdoors,231,4773.2677489177495,1,0,0.5982336175242152,1,0,0.0,142.77646164233664,513.9952619124118,999.4352314963563,discount_offer,20,142.77646164233664
102925,10.0,15021.74,1502.174,2024-11-06,2025-05-22,1.0,6.0,4.0,5.0,41.0,197.0,1.5228426395939088,0.1,0.4,Electronics,3.5125,8.0,10.0,5.666666666666667,2024-09-22,Central,Direct,31,Electronics,283,19374.328975265016,1,0,0.5980522099611804,1,0,0.0,579.3430130086088,2085.634846830991,4055.4010910602606,discount_offer,250,2085.634846830991
103238,34.0,54391.39,1599.7467647058822,2023-01-20,2025-06-18,3.0,6.029411764705882,15.0,6.0,14.0,880.0,1.1590909090909092,0.088235294117647,0.4411764705882353,Home & Kitchen,3.633333333333333,15.0,12.0,5.333333333333333,2023-01-01,North,Organic Search,23,Home & Kitchen,913,21744.64112814896,0,1,0.5979711668132618,1,0,0.0,650.1334213667437,2340.4803169202773,4550.933949567206,discount_offer,250,2340.4803169202773
100795,14.0,18164.82,1297.4871428571428,2023-02-08,2025-06-04,0.0,3.928571428571429,4.0,4.0,28.0,847.0,0.4958677685950413,0.0,0.2857142857142857,Home & Kitchen,4.022222222222222,9.0,5.0,2.6666666666666665,2023-02-08,Central,Paid Ads,22,Home & Kitchen,875,7577.324914285714,1,0,0.5979395881311299,1,1,0.0,226.53912691918745,815.5408569090748,1585.773888434312,discount_offer,20,226.53912691918745
105625,2.0,2126.87,1063.435,2025-06-08,2025-06-23,1.0,0.0,0.0,2.0,9.0,15.0,4.0,0.5,0.0,Toys & Games,2.95,2.0,5.0,5.333333333333333,2025-04-18,West,Direct,38,Toys & Games,75,10350.767333333331,0,1,0.5978402774633671,1,0,0.0,309.40528072593776,1113.8590106133759,2165.8369650815644,discount_offer,250,1113.8590106133759
100432,5.0,9934.77,1986.954,2024-04-09,2025-05-16,1.0,10.0,3.0,3.0,47.0,402.0,0.3731343283582089,0.2,0.6,Electronics,4.1,4.0,11.0,6.0,2024-02-22,North,Email,18,Electronics,496,7310.869052419355,1,0,0.5977359764846669,1,0,0.0,218.49847259997077,786.5945013598947,1529.4893081997952,discount_offer,20,218.49847259997077
100269,1.0,460.89,460.89,2025-06-15,2025-06-15,0.0,0.0,0.0,1.0,17.0,1.0,30.0,0.0,0.0,Books,3.5,1.0,9.0,3.5,2025-06-01,South,Paid Ads,35,Fashion,31,5426.608064516129,0,1,0.5975881006781014,1,1,0.0,162.14382031993307,583.7177531517591,1135.0067422395316,discount_offer,20,162.14382031993307
105685,6.0,4019.9,669.9833333333333,2024-05-14,2025-06-27,0.0,4.166666666666667,1.0,1.0,5.0,409.0,0.4400977995110025,0.0,0.1666666666666666,Toys & Games,2.7,1.0,14.0,4.333333333333333,2023-12-29,East,Direct,30,Toys & Games,551,2662.910163339383,1,0,0.5972959375503583,1,0,0.0,79.52727113120872,286.2981760723514,556.690897918461,discount_offer,20,79.52727113120872
101465,15.0,22957.79,1530.5193333333334,2024-01-28,2025-06-15,0.0,9.333333333333334,9.0,6.0,17.0,504.0,0.8928571428571428,0.0,0.6,Sports & Outdoors,3.6,7.0,11.0,5.0,2023-12-03,Central,Referral,18,Sports & Outdoors,577,14522.692114384748,0,1,0.5971403021372446,1,1,0.0,433.60423785149436,1560.9752562653798,3035.229664960461,discount_offer,250,1560.9752562653798
105887,3.0,996.14,332.0466666666667,2025-02-10,2025-06-22,0.0,0.0,0.0,1.0,10.0,132.0,0.6818181818181818,0.0,0.0,Books,3.9,1.0,13.0,5.333333333333333,2025-01-31,North,Social Media,50,Books,152,2392.046710526316,1,0,0.5968852337834636,1,1,0.0,71.38886800167326,256.9999248060237,499.7220760117128,discount_offer,20,71.38886800167326
101302,9.0,22982.7,2553.633333333333,2024-09-18,2025-03-14,1.0,7.222222222222222,5.0,3.0,110.0,177.0,1.5254237288135593,0.1111111111111111,0.5555555555555556,Home & Kitchen,3.466666666666667,6.0,12.0,5.0,2024-07-08,South,Paid Ads,33,Home & Kitchen,359,23366.811977715875,1,0,0.5968821209013072,1,0,0.0,697.3616145980561,2510.501812553002,4881.531302186391,discount_offer,250,2510.501812553002
105770,1.0,707.52,707.52,2025-04-24,2025-04-24,0.0,20.0,1.0,1.0,69.0,1.0,30.0,0.0,1.0,Books,4.037037037037037,0.0,5.0,4.333333333333333,2025-03-22,North,Social Media,28,Books,102,2531.8117647058825,1,0,0.5967980200275749,1,0,0.0,75.54901241294955,271.9764446866183,528.8430868906468,discount_offer,20,75.54901241294955
104326,3.0,988.16,329.38666666666666,2025-04-04,2025-05-19,1.0,0.0,0.0,2.0,44.0,45.0,2.0,0.3333333333333333,0.0,Grocery,4.15,2.0,8.0,2.333333333333333,2024-12-13,Central,Organic Search,21,Beauty & Personal Care,201,1794.4199004975126,1,0,0.5963949176842122,1,0,0.0,53.509145442406314,192.6329235926627,374.56401809684417,discount_offer,0,0.0
104609,2.0,1078.89,539.445,2025-02-05,2025-06-05,1.0,5.0,1.0,1.0,27.0,120.0,0.5,0.5,0.5,Fashion,4.25,2.0,14.0,5.0,2024-08-18,East,Referral,41,Fashion,318,1238.3485849056606,0,1,0.5962607784272425,1,1,0.0,36.91893456000617,132.9081644160222,258.43254192004315,discount_offer,0,0.0
104923,3.0,1816.55,605.5166666666667,2024-12-21,2025-02-16,0.0,0.0,0.0,3.0,136.0,57.0,1.5789473684210529,0.0,0.0,Beauty & Personal Care,3.8,2.0,13.0,6.666666666666667,2024-11-20,East,Organic Search,18,Beauty & Personal Care,224,2960.003348214286,0,1,0.5961469321372322,1,1,0.0,88.22984575769411,317.6274447276988,617.6089203038587,discount_offer,20,88.22984575769411
102433,8.0,18721.41,2340.17625,2024-04-30,2025-04-21,1.0,2.5,2.0,4.0,72.0,356.0,0.6741573033707865,0.125,0.25,Electronics,3.96,5.0,9.0,3.6666666666666665,2024-04-05,West,Direct,32,Electronics,453,15084.579801324504,1,0,0.5960567827754039,1,0,0.0,449.56330529481625,1618.4278990613384,3146.9431370637135,discount_offer,250,1618.4278990613384
100421,6.0,7866.99,1311.165,2025-01-20,2025-03-27,0.0,4.166666666666667,1.0,2.0,97.0,66.0,2.727272727272727,0.0,0.1666666666666666,Home & Kitchen,3.76,5.0,12.0,2.6666666666666665,2025-01-17,South,Social Media,19,Home & Kitchen,166,17297.89969879518,0,1,0.5960485546667378,1,0,0.0,515.5194057118533,1855.8698605626719,3608.635839982973,discount_offer,250,1855.8698605626719
102686,3.0,1696.23,565.41,2025-04-30,2025-05-23,0.0,6.666666666666667,2.0,2.0,40.0,23.0,3.913043478260869,0.0,0.6666666666666666,Beauty & Personal Care,4.9,1.0,12.0,5.666666666666667,2024-12-22,North,Organic Search,40,Beauty & Personal Care,192,3224.60390625,0,1,0.5959970911118825,1,0,0.0,96.09272740565068,345.93381866034235,672.6490918395546,discount_offer,20,96.09272740565068
101980,11.0,7353.96,668.5418181818181,2024-01-10,2025-05-24,0.0,8.181818181818182,6.0,5.0,39.0,500.0,0.6599999999999999,0.0,0.5454545454545454,Grocery,3.6714285714285713,7.0,15.0,3.6666666666666665,2023-11-02,South,Referral,32,Grocery,608,4414.7950657894735,0,1,0.5959948035070356,1,0,0.0,131.55974588795138,473.61508519662493,920.9182212156596,discount_offer,20,131.55974588795138
103549,10.0,5543.66,554.366,2024-05-12,2025-04-23,1.0,5.0,5.0,4.0,70.0,346.0,0.8670520231213873,0.1,0.5,Books,4.0,7.0,9.0,5.0,2024-05-04,Central,Organic Search,45,Books,424,4772.254481132076,0,1,0.5956696650695958,1,1,0.0,142.1343614201411,511.68370111250783,994.9405299409875,discount_offer,20,142.1343614201411
102900,16.0,13043.04,815.19,2024-01-14,2025-05-02,2.0,8.125,6.0,7.0,61.0,474.0,1.0126582278481011,0.125,0.375,Beauty & Personal Care,4.269230769230769,13.0,10.0,7.0,2024-01-12,East,Social Media,25,Beauty & Personal Care,537,8865.381005586592,0,1,0.5955921142889453,1,0,0.0,264.0075508547187,950.4271830769875,1848.0528559830311,discount_offer,250,950.4271830769875
103181,1.0,510.31,510.31,2025-06-16,2025-06-16,0.0,0.0,0.0,1.0,16.0,1.0,30.0,0.0,0.0,Grocery,3.1,1.0,3.0,6.0,2025-05-24,North,Referral,26,Sports & Outdoors,39,4775.978205128205,0,1,0.5950108217953346,1,0,0.0,142.08793583549703,511.51656900778926,994.6155508484792,discount_offer,20,142.08793583549703
105904,4.0,17702.4,4425.6,2024-12-31,2025-05-01,0.0,7.5,1.0,1.0,62.0,121.0,0.9917355371900828,0.0,0.25,Electronics,4.5,1.0,10.0,3.6666666666666665,2024-10-01,North,Paid Ads,31,Electronics,274,23581.664233576645,0,1,0.5944953429710683,1,0,0.0,700.9594783184361,2523.45412194637,4906.7163482290525,discount_offer,250,2523.45412194637
100854,3.0,1380.03,460.01,2025-03-14,2025-04-02,0.0,3.333333333333333,2.0,1.0,91.0,19.0,4.736842105263158,0.0,0.6666666666666666,Beauty & Personal Care,4.55,2.0,9.0,6.333333333333333,2024-11-25,Central,Social Media,41,Beauty & Personal Care,219,2300.05,1,0,0.59425852422859,1,0,0.0,68.34121593259843,246.02837735735434,478.388511528189,discount_offer,20,68.34121593259843
100026,7.0,15197.87,2171.1242857142856,2024-11-27,2025-06-27,0.0,5.0,2.0,4.0,5.0,212.0,0.9905660377358492,0.0,0.2857142857142857,Fashion,3.38,5.0,13.0,6.333333333333333,2024-11-11,South,Email,40,Fashion,233,23807.82210300429,0,1,0.5940703237676602,1,0,0.0,707.1760292467309,2545.833705288231,4950.2322047271155,discount_offer,250,2545.833705288231
104418,3.0,7416.65,2472.2166666666667,2025-02-12,2025-03-05,1.0,0.0,0.0,2.0,119.0,21.0,4.285714285714286,0.3333333333333333,0.0,Electronics,4.1,2.0,5.0,4.333333333333333,2024-12-08,North,Organic Search,42,Electronics,206,13141.151699029126,1,0,0.5939595027543491,1,0,0.0,390.26559643874043,1404.9561471794655,2731.859175071183,discount_offer,250,1404.9561471794655
101570,2.0,1653.44,826.72,2025-01-19,2025-04-30,0.0,15.0,1.0,2.0,63.0,101.0,0.594059405940594,0.0,0.5,Books,4.037037037037037,0.0,12.0,5.0,2024-12-18,Central,Organic Search,18,Fashion,196,3079.110204081633,0,1,0.5937595251538075,1,1,0.0,91.41255063358768,329.08518228091566,639.8878544351138,discount_offer,20,91.41255063358768
105807,9.0,20615.54,2290.615555555556,2023-06-19,2025-06-14,0.0,8.333333333333334,7.0,3.0,18.0,726.0,0.371900826446281,0.0,0.7777777777777778,Sports & Outdoors,3.3125,8.0,12.0,6.0,2023-05-25,South,Organic Search,26,Sports & Outdoors,769,9785.009232769831,1,0,0.5935735291761938,1,0,0.0,290.40612316584145,1045.4620433970292,2032.84286216089,discount_offer,250,1045.4620433970292
102946,25.0,29370.93,1174.8372,2023-01-02,2025-04-30,5.0,9.0,14.0,3.0,63.0,849.0,0.8833922261484098,0.2,0.56,Sports & Outdoors,4.138461538461539,13.0,12.0,6.666666666666667,2023-01-01,Central,Social Media,23,Sports & Outdoors,913,11741.938061336255,0,1,0.5933398463789636,1,0,0.0,348.34798627522804,1254.0527505908208,2438.435903926596,discount_offer,250,1254.0527505908208
105434,17.0,14400.3,847.0764705882353,2023-01-20,2025-06-10,0.0,7.352941176470588,7.0,6.0,22.0,872.0,0.5848623853211009,0.0,0.4117647058823529,Grocery,3.55,10.0,12.0,4.0,2023-01-01,North,Social Media,35,Grocery,913,5756.9654983570645,1,0,0.5932813934828496,1,1,0.0,170.77502565489834,614.7900923576341,1195.4251795842883,discount_offer,20,170.77502565489834
102020,1.0,1387.52,1387.52,2025-05-09,2025-05-09,0.0,0.0,0.0,1.0,54.0,1.0,30.0,0.0,0.0,Sports & Outdoors,3.3,1.0,12.0,3.333333333333333,2025-04-14,South,Email,42,Sports & Outdoors,79,6410.693670886076,0,1,0.5930297492096586,1,0,0.0,190.08660299527577,684.3117707829927,1330.60622096693,discount_offer,20,190.08660299527577
104545,13.0,44430.3,3417.7153846153847,2023-11-21,2025-05-12,0.0,5.769230769230769,3.0,4.0,51.0,538.0,0.724907063197026,0.0,0.2307692307692307,Electronics,3.7,7.0,7.0,3.6666666666666665,2023-11-05,East,Direct,18,Electronics,605,26805.05702479339,1,0,0.5929913997725401,1,0,0.0,794.7584143057496,2861.1302915006986,5563.308900140247,discount_offer,900,5563.308900140247
102330,23.0,37202.74,1617.5104347826086,2023-04-06,2025-04-22,1.0,7.826086956521739,12.0,5.0,71.0,747.0,0.923694779116466,0.0434782608695652,0.5217391304347826,Home & Kitchen,4.2375,16.0,11.0,6.666666666666667,2023-01-01,North,Organic Search,38,Home & Kitchen,913,14872.94644030668,1,0,0.5929113216132476,1,0,0.0,440.91691651026395,1587.3008994369502,3086.4184155718476,discount_offer,250,1587.3008994369502
103648,20.0,39249.4,1962.47,2023-01-13,2025-03-08,2.0,3.25,5.0,5.0,116.0,785.0,0.7643312101910827,0.1,0.25,Home & Kitchen,3.815384615384616,13.0,14.0,4.666666666666667,2023-01-01,West,Email,39,Home & Kitchen,913,15691.162102957283,0,1,0.592852097917907,1,0,0.0,465.1269185754092,1674.456906871473,3255.888430027864,discount_offer,250,1674.456906871473
100820,3.0,1388.77,462.92333333333335,2024-11-21,2025-06-11,1.0,11.666666666666666,2.0,1.0,21.0,202.0,0.4455445544554455,0.3333333333333333,0.6666666666666666,Grocery,4.2,2.0,11.0,6.333333333333333,2024-11-20,West,Referral,38,Grocery,224,2262.9511160714287,0,1,0.5927912698016028,1,1,0.0,67.07288327974682,241.46237980708855,469.51018295822774,discount_offer,20,67.07288327974682
102655,10.0,14585.5,1458.55,2024-02-20,2025-05-28,0.0,6.5,3.0,2.0,35.0,463.0,0.6479481641468683,0.0,0.3,Sports & Outdoors,3.766666666666667,6.0,8.0,4.0,2024-02-02,South,Paid Ads,40,Sports & Outdoors,516,10317.262596899223,0,1,0.5926949965559853,1,1,0.0,305.7494959668191,1100.6981854805488,2140.2464717677335,discount_offer,250,1100.6981854805488
101792,9.0,12011.78,1334.642222222222,2024-05-27,2025-03-12,1.0,2.2222222222222223,2.0,5.0,112.0,289.0,0.9342560553633218,0.1111111111111111,0.2222222222222222,Fashion,4.359999999999999,5.0,12.0,3.6666666666666665,2024-05-09,North,Organic Search,39,Fashion,419,10463.72243436754,1,0,0.5926155380886087,1,0,0.0,310.0482250426283,1116.1736101534618,2170.337575298398,discount_offer,250,1116.1736101534618
102762,11.0,16332.95,1484.8136363636363,2023-12-01,2025-05-30,0.0,10.0,8.0,6.0,33.0,546.0,0.6043956043956045,0.0,0.7272727272727273,Sports & Outdoors,4.04,5.0,11.0,3.333333333333333,2023-11-02,South,Referral,37,Sports & Outdoors,608,9805.142680921052,0,1,0.5925865705633966,1,0,0.0,290.51979375858974,1045.871257530923,2033.6385563101278,discount_offer,250,1045.871257530923
104292,5.0,15344.85,3068.97,2024-04-17,2025-06-21,0.0,11.0,3.0,3.0,11.0,430.0,0.3488372093023256,0.0,0.6,Electronics,3.92,5.0,13.0,7.666666666666667,2024-03-26,Central,Organic Search,20,Electronics,463,12096.911987041036,0,1,0.5924285715819599,1,0,0.0,358.3278144517705,1289.9801320263737,2508.2947011623933,discount_offer,250,1289.9801320263737
103059,12.0,16273.36,1356.1133333333337,2023-01-01,2025-05-10,3.0,9.583333333333334,8.0,3.0,53.0,860.0,0.4186046511627906,0.25,0.6666666666666666,Sports & Outdoors,3.914285714285714,7.0,14.0,3.6666666666666665,2023-01-01,Central,Organic Search,47,Sports & Outdoors,913,6505.779189485214,1,0,0.5923918417944795,1,0,0.0,192.6985258183671,693.7146929461214,1348.8896807285696,discount_offer,20,192.6985258183671
105022,3.0,4316.02,1438.6733333333334,2025-01-16,2025-03-13,0.0,10.0,1.0,2.0,111.0,56.0,1.6071428571428572,0.0,0.3333333333333333,Fashion,3.2,1.0,10.0,6.333333333333333,2025-01-09,East,Paid Ads,29,Fashion,174,9053.72011494253,1,0,0.5923329677544797,1,0,0.0,268.1408452451169,965.3070428824208,1876.9859167158181,discount_offer,250,965.3070428824208
104965,3.0,1492.58,497.5266666666666,2025-03-15,2025-05-20,0.0,11.666666666666666,3.0,1.0,43.0,66.0,1.3636363636363635,0.0,1.0,Beauty & Personal Care,5.0,1.0,8.0,4.0,2025-03-10,North,Email,35,Beauty & Personal Care,114,4778.874561403509,1,0,0.5922408916262806,1,1,0.0,141.51224656078824,509.4440876188376,990.5857259255176,discount_offer,20,141.51224656078824
101950,6.0,4183.76,697.2933333333334,2024-05-15,2025-04-20,0.0,15.0,5.0,2.0,73.0,340.0,0.5294117647058824,0.0,0.8333333333333334,Beauty & Personal Care,4.1,1.0,11.0,6.0,2024-04-11,East,Direct,32,Beauty & Personal Care,447,3416.269351230425,0,1,0.5921953360785891,1,1,0.0,101.15493882934426,364.1577797856393,708.0845718054097,discount_offer,20,101.15493882934426
105775,8.0,9797.63,1224.70375,2024-06-21,2025-05-02,2.0,5.0,4.0,4.0,61.0,315.0,0.7619047619047619,0.25,0.5,Sports & Outdoors,4.5,5.0,12.0,4.333333333333333,2024-03-09,Central,Paid Ads,30,Toys & Games,480,7450.281145833333,0,1,0.5914299926173546,1,0,0.0,220.31598615387122,793.1375501539363,1542.2119030770984,discount_offer,20,220.31598615387122
100725,5.0,2487.86,497.572,2024-11-05,2025-04-20,0.0,5.0,3.0,2.0,73.0,166.0,0.9036144578313252,0.0,0.6,Books,5.0,1.0,15.0,7.0,2024-10-22,South,Referral,26,Books,253,3589.205138339921,0,1,0.5914208238030896,1,0,0.0,106.13653298576392,382.09151874875005,742.9557309003474,discount_offer,20,106.13653298576392
100709,3.0,2833.49,944.4966666666666,2024-08-03,2025-04-03,2.0,0.0,0.0,1.0,90.0,243.0,0.3703703703703704,0.6666666666666666,0.0,Fashion,4.65,2.0,14.0,5.333333333333333,2024-06-15,South,Organic Search,21,Fashion,382,2707.39227748691,1,0,0.591415210354755,1,0,0.0,80.05964866513801,288.2147351944968,560.417540655966,discount_offer,20,80.05964866513801
104899,12.0,12959.21,1079.934166666667,2024-05-24,2025-06-03,0.0,5.833333333333333,7.0,3.0,29.0,375.0,0.96,0.0,0.5833333333333334,Grocery,3.65,6.0,9.0,5.333333333333333,2024-04-03,East,Email,49,Grocery,455,10395.849780219782,1,0,0.5913675254369681,1,0,0.0,307.3883979671511,1106.5982326817439,2151.7187857700574,discount_offer,250,1106.5982326817439
101174,2.0,2418.4700000000003,1209.235,2025-05-24,2025-07-02,0.0,10.0,1.0,1.0,0.0,39.0,1.5384615384615383,0.0,0.5,Grocery,4.0,1.0,13.0,4.666666666666667,2024-10-11,South,Organic Search,37,Grocery,264,3343.7179924242428,0,1,0.5911986416930018,1,0,0.0,98.84007676628318,355.8242763586194,691.8805373639822,discount_offer,20,98.84007676628318
104328,4.0,3896.44,974.11,2025-04-22,2025-06-30,0.0,0.0,0.0,3.0,2.0,69.0,1.7391304347826089,0.0,0.0,Beauty & Personal Care,4.7,2.0,8.0,4.0,2024-11-13,South,Organic Search,42,Beauty & Personal Care,231,6156.712554112553,0,1,0.5909432208501211,1,0,0.0,181.9133773287824,654.8881583836165,1273.3936413014765,discount_offer,20,181.9133773287824
104735,11.0,23499.56,2136.3236363636365,2023-10-17,2025-04-26,0.0,7.272727272727272,5.0,5.0,67.0,557.0,0.59245960502693,0.0,0.4545454545454545,Electronics,4.05,8.0,15.0,3.6666666666666665,2023-10-14,North,Social Media,32,Electronics,627,13679.967145135566,0,1,0.5908736036310331,1,0,0.0,404.15657423001943,1454.9636672280699,2829.096019610136,discount_offer,250,1454.9636672280699
100885,17.0,7407.54,435.73764705882354,2024-04-12,2025-05-29,1.0,7.9411764705882355,9.0,5.0,34.0,412.0,1.237864077669903,0.0588235294117647,0.5294117647058824,Books,4.016666666666667,6.0,7.0,5.0,2024-04-11,West,Direct,52,Books,447,6048.662416107383,0,1,0.5907783337980808,1,0,0.0,178.67093519474966,643.2153667010988,1250.6965463632475,discount_offer,20,178.67093519474966
105963,1.0,403.77,403.77,2025-04-15,2025-04-15,0.0,25.0,1.0,1.0,78.0,1.0,30.0,0.0,1.0,Books,4.5,1.0,7.0,6.666666666666667,2025-02-23,Central,Email,22,Books,129,1142.45,1,0,0.590758464490399,1,0,0.0,33.74560038785282,121.48416139627015,236.21920271496975,discount_offer,0,0.0
102066,6.0,7776.02,1296.003333333333,2024-05-22,2025-04-21,1.0,10.0,4.0,2.0,72.0,334.0,0.5389221556886228,0.1666666666666666,0.6666666666666666,Fashion,3.8333333333333335,3.0,9.0,5.666666666666667,2024-03-06,West,Organic Search,40,Fashion,483,5876.288405797101,1,0,0.5905027717796417,1,0,0.0,173.49822956998804,624.5936264519568,1214.487606989916,discount_offer,20,173.49822956998804
103709,10.0,10153.26,1015.326,2024-09-10,2025-03-31,1.0,3.0,3.0,5.0,93.0,202.0,1.4851485148514851,0.1,0.3,Beauty & Personal Care,4.16,5.0,5.0,4.0,2024-02-21,East,Social Media,20,Beauty & Personal Care,497,7456.619517102616,1,0,0.590483556768906,1,0,0.0,220.15056069655972,792.542018507615,1541.053924875918,discount_offer,20,220.15056069655972
100219,13.0,12125.11,932.7007692307692,2023-10-12,2025-04-04,1.0,2.3076923076923075,2.0,3.0,89.0,540.0,0.7222222222222222,0.0769230769230769,0.1538461538461538,Toys & Games,3.99,10.0,9.0,4.0,2023-05-29,South,Direct,51,Toys & Games,765,5785.183202614379,1,0,0.5904599893735026,1,0,0.0,170.79596061697262,614.8654582211014,1195.5717243188083,discount_offer,20,170.79596061697262
101974,4.0,3967.14,991.785,2024-10-25,2025-05-03,0.0,3.75,1.0,3.0,60.0,190.0,0.6315789473684211,0.0,0.25,Fashion,4.5,3.0,13.0,3.0,2024-10-11,West,Paid Ads,42,Fashion,264,5484.871590909092,0,1,0.5902914483174166,1,0,0.0,161.88363976163907,582.7811031419006,1133.1854783314734,discount_offer,20,161.88363976163907
101209,11.0,4869.09,442.6445454545455,2024-11-11,2025-04-11,0.0,7.727272727272727,6.0,2.0,82.0,151.0,2.185430463576159,0.0,0.5454545454545454,Books,3.8857142857142857,7.0,8.0,4.666666666666667,2024-10-17,West,Organic Search,38,Books,258,6888.441279069767,1,0,0.5902591827879814,1,0,0.0,203.2982860033359,731.8738296120092,1423.0880020233512,discount_offer,20,203.2982860033359
103185,4.0,2221.8,555.45,2024-09-12,2025-01-13,0.0,6.25,2.0,2.0,170.0,123.0,0.9756097560975612,0.0,0.5,Grocery,2.75,2.0,17.0,9.333333333333334,2024-09-12,East,Referral,31,Grocery,293,2767.7713310580207,0,1,0.5901230419935612,1,1,0.0,81.66628187132638,293.99861473677487,571.6639730992845,discount_offer,20,81.66628187132638
101581,1.0,537.05,537.05,2025-07-02,2025-07-02,0.0,5.0,1.0,1.0,0.0,1.0,30.0,0.0,1.0,Beauty & Personal Care,4.8,1.0,8.0,4.0,2025-05-05,North,Direct,28,Beauty & Personal Care,58,3379.711206896551,1,0,0.5898278313964436,1,1,0.0,99.6723865955025,358.82059174380896,697.7067061685174,discount_offer,20,99.6723865955025
105495,12.0,4256.4,354.7,2024-01-28,2025-06-12,0.0,8.333333333333334,7.0,3.0,20.0,501.0,0.718562874251497,0.0,0.5833333333333334,Books,3.8777777777777778,9.0,4.0,7.333333333333333,2024-01-24,East,Referral,40,Books,525,2959.2114285714283,0,1,0.5897784609119379,1,1,0.0,87.2639580927937,314.1502491340573,610.8477066495558,discount_offer,20,87.2639580927937
101523,19.0,13757.66,724.0873684210526,2023-09-09,2025-06-28,2.0,7.631578947368421,11.0,5.0,4.0,658.0,0.8662613981762918,0.1052631578947368,0.5789473684210527,Beauty & Personal Care,4.025,12.0,9.0,4.0,2023-08-16,East,Organic Search,35,Beauty & Personal Care,686,7320.037755102041,0,1,0.5897655391464105,1,0,0.0,215.8553006604918,777.0790823777704,1510.9871046234425,discount_offer,20,215.8553006604918
104915,11.0,10679.61,970.8736363636364,2024-02-29,2025-04-11,1.0,0.9090909090909092,1.0,3.0,82.0,407.0,0.8108108108108109,0.0909090909090909,0.0909090909090909,Fashion,3.7,6.0,16.0,2.6666666666666665,2024-02-12,North,Organic Search,42,Fashion,506,7703.671245059289,1,0,0.5897183977298708,1,1,0.0,227.14983316370214,817.7393993893276,1590.0488321459147,discount_offer,20,227.14983316370214
100592,9.0,12978.04,1442.0044444444443,2023-11-07,2025-03-24,0.0,4.444444444444445,2.0,3.0,100.0,503.0,0.5367793240556661,0.0,0.2222222222222222,Fashion,4.733333333333333,3.0,6.0,6.333333333333333,2023-10-19,South,Email,18,Fashion,622,7615.730868167202,1,0,0.5895969636703421,1,0,0.0,224.51058980009407,808.2381232803385,1571.574128600658,discount_offer,20,224.51058980009407
101657,18.0,18662.92,1036.8288888888887,2023-09-22,2025-03-14,0.0,8.055555555555555,10.0,6.0,110.0,539.0,1.0018552875695734,0.0,0.5555555555555556,Beauty & Personal Care,3.9066666666666654,15.0,5.0,4.666666666666667,2023-08-19,South,Email,46,Beauty & Personal Care,683,9973.59560761347,1,0,0.5894838055486133,1,0,0.0,293.9636546889462,1058.269156880206,2057.745582822623,discount_offer,250,1058.269156880206
102368,8.0,6420.66,802.5825,2024-04-27,2025-04-16,1.0,6.875,5.0,4.0,77.0,354.0,0.6779661016949152,0.125,0.625,Home & Kitchen,4.08,5.0,5.0,5.333333333333333,2024-04-26,Central,Referral,18,Home & Kitchen,432,5424.863194444444,1,0,0.5893959211191716,1,0,0.0,159.86961197175376,575.5306030983135,1119.0872838022763,discount_offer,20,159.86961197175376
100985,2.0,1474.04,737.02,2025-03-08,2025-06-03,0.0,10.0,2.0,1.0,29.0,87.0,0.6896551724137931,0.0,1.0,Toys & Games,4.4,2.0,10.0,4.333333333333333,2025-01-20,West,Paid Ads,35,Toys & Games,163,3300.764417177914,0,1,0.5891678806353564,1,0,0.0,97.23521880726545,350.0467877061556,680.646531650858,discount_offer,20,97.23521880726545
100461,21.0,18208.83,867.0871428571428,2023-01-04,2025-05-18,1.0,10.714285714285714,15.0,4.0,45.0,865.0,0.7283236994219654,0.0476190476190476,0.7142857142857143,Books,3.975,12.0,13.0,6.333333333333333,2023-01-01,East,Organic Search,43,Books,913,7279.543209200437,0,1,0.5891159859103893,1,0,0.0,214.4247637332697,771.9291494397709,1500.973346132888,discount_offer,20,214.4247637332697
103718,12.0,12149.88,1012.49,2024-12-23,2025-06-16,0.0,4.166666666666667,3.0,4.0,16.0,175.0,2.0571428571428574,0.0,0.25,Home & Kitchen,3.628571428571429,7.0,12.0,5.333333333333333,2024-12-21,East,Organic Search,23,Home & Kitchen,193,22977.75233160621,0,1,0.5886561379386747,1,0,0.0,676.2997473017344,2434.679090286244,4734.098231112141,discount_offer,250,2434.679090286244
104939,12.0,8198.449999999999,683.2041666666665,2024-08-24,2025-06-08,2.0,5.833333333333333,4.0,3.0,24.0,288.0,1.25,0.1666666666666666,0.3333333333333333,Beauty & Personal Care,3.425,4.0,13.0,4.0,2024-08-16,Central,Paid Ads,35,Beauty & Personal Care,320,9351.35703125,1,0,0.5884033564805329,1,1,0.0,275.1184932417666,990.4265756703595,1925.8294526923657,discount_offer,250,990.4265756703595
102625,14.0,16622.87,1187.347857142857,2023-09-10,2025-05-01,1.0,7.857142857142857,11.0,4.0,62.0,599.0,0.7011686143572622,0.0714285714285714,0.7857142857142857,Sports & Outdoors,3.75,6.0,12.0,3.333333333333333,2023-06-26,West,Direct,34,Sports & Outdoors,737,8232.49328358209,0,1,0.588205837443122,1,1,0.0,242.120030305714,871.6321091005703,1694.8402121399981,discount_offer,20,242.120030305714
102790,7.0,4777.01,682.4300000000001,2024-08-03,2025-06-14,0.0,1.4285714285714286,1.0,2.0,18.0,315.0,0.6666666666666666,0.0,0.1428571428571428,Beauty & Personal Care,4.05,2.0,5.0,5.333333333333333,2024-03-12,East,Email,35,Beauty & Personal Care,477,3655.3640461215937,1,0,0.5878476607609613,1,1,0.0,107.43986018711507,386.78349667361425,752.0790213098055,discount_offer,20,107.43986018711507
103399,2.0,1975.63,987.815,2025-01-07,2025-04-07,0.0,0.0,0.0,2.0,86.0,90.0,0.6666666666666666,0.0,0.0,Grocery,3.85,2.0,17.0,7.0,2024-10-23,East,Social Media,39,Grocery,252,2861.5275793650794,0,1,0.5875004705934446,1,0,0.0,84.05743997465522,302.60678390875876,588.4020798225865,discount_offer,20,84.05743997465522
100506,12.0,15305.48,1275.4566666666667,2023-10-15,2025-04-05,1.0,6.666666666666667,4.0,3.0,88.0,538.0,0.6691449814126395,0.0833333333333333,0.3333333333333333,Sports & Outdoors,4.090909090909091,11.0,11.0,3.6666666666666665,2023-08-23,East,Direct,26,Sports & Outdoors,679,8227.540795287186,1,0,0.5874292463683954,1,0,0.0,241.65490444203905,869.9576559913405,1691.5843310942732,discount_offer,20,241.65490444203905
105392,9.0,17922.54,1991.3933333333327,2024-04-16,2025-06-27,0.0,6.666666666666667,5.0,3.0,5.0,437.0,0.6178489702517163,0.0,0.5555555555555556,Fashion,3.06,5.0,13.0,4.0,2024-03-29,East,Email,29,Fashion,460,14221.145869565218,1,0,0.5874267289366154,1,0,0.0,417.6940599944578,1503.6986159800479,2923.858419961204,discount_offer,250,1503.6986159800479
102399,6.0,20007.12,3334.52,2024-03-24,2025-04-09,1.0,0.0,0.0,3.0,84.0,381.0,0.4724409448818898,0.1666666666666666,0.0,Electronics,3.466666666666667,3.0,17.0,7.0,2023-11-12,East,Paid Ads,32,Electronics,598,12211.703678929764,0,1,0.587370303006568,1,1,0.0,358.6396045059698,1291.1025762214913,2510.4772315417886,discount_offer,250,1291.1025762214913
102345,6.0,5182.38,863.73,2024-08-25,2025-04-27,2.0,5.833333333333333,3.0,2.0,66.0,245.0,0.7346938775510204,0.3333333333333333,0.5,Fashion,4.35,4.0,8.0,7.0,2024-01-17,East,Organic Search,46,Fashion,532,3555.580263157895,1,0,0.5872661351900038,1,0,0.0,104.40359397512968,375.85293831046687,730.8251578259078,discount_offer,20,104.40359397512968
100382,3.0,2646.36,882.12,2025-05-12,2025-06-26,0.0,3.333333333333333,1.0,1.0,6.0,45.0,2.0,0.0,0.3333333333333333,Fashion,3.6,2.0,11.0,4.333333333333333,2025-02-21,East,Social Media,37,Fashion,131,7373.445801526717,1,0,0.5872147451517697,1,1,0.0,216.48980486169492,779.3632975021015,1515.428634031864,discount_offer,20,216.48980486169492
104833,1.0,425.89,425.89,2025-06-08,2025-06-08,0.0,5.0,1.0,1.0,24.0,1.0,30.0,0.0,1.0,Toys & Games,4.9,1.0,7.0,6.5,2025-05-22,South,Paid Ads,51,Fashion,41,3791.459756097561,0,1,0.5871886190139914,1,0,0.0,111.31510091150258,400.7343632814093,779.205706380518,discount_offer,20,111.31510091150258
104091,9.0,27029.11,3003.2344444444443,2024-09-03,2025-04-28,1.0,7.777777777777778,4.0,4.0,65.0,237.0,1.1392405063291138,0.1111111111111111,0.4444444444444444,Electronics,3.4333333333333336,6.0,14.0,4.0,2024-08-16,Central,Direct,46,Electronics,320,30830.07859375,0,1,0.5871411623516898,1,0,0.0,905.0804090464162,3258.2894725670985,6335.562863324913,discount_offer,900,6335.562863324913
104282,9.0,7568.62,840.9577777777778,2024-07-10,2025-03-27,1.0,3.333333333333333,2.0,1.0,97.0,260.0,1.0384615384615383,0.1111111111111111,0.2222222222222222,Toys & Games,3.525,4.0,17.0,3.6666666666666665,2024-06-05,East,Referral,32,Toys & Games,392,7047.311989795919,1,0,0.5871237112899343,1,1,0.0,206.88219850335162,744.7759146120657,1448.175389523461,discount_offer,20,206.88219850335162
104900,2.0,1165.31,582.655,2025-02-25,2025-06-06,0.0,2.5,1.0,2.0,26.0,101.0,0.594059405940594,0.0,0.5,Beauty & Personal Care,4.037037037037037,0.0,14.0,5.0,2024-11-15,South,Paid Ads,31,Beauty & Personal Care,229,1857.3718340611351,0,1,0.5866780118076202,1,0,0.0,54.483960739723,196.14225866300276,381.3877251780609,discount_offer,0,0.0
102237,22.0,16319.3,741.7863636363636,2023-08-05,2025-06-10,1.0,7.045454545454546,12.0,5.0,22.0,675.0,0.9777777777777776,0.0454545454545454,0.5454545454545454,Beauty & Personal Care,3.627272727272727,11.0,7.0,7.0,2023-08-03,East,Direct,43,Beauty & Personal Care,699,8521.522889842632,1,0,0.5864989776510708,1,0,0.0,249.89322314614515,899.6156033261224,1749.2525620230158,discount_offer,250,899.6156033261224
100256,2.0,2698.78,1349.39,2025-03-21,2025-06-20,0.0,0.0,0.0,2.0,12.0,91.0,0.6593406593406593,0.0,0.0,Fashion,3.5,1.0,10.0,3.333333333333333,2024-12-03,Central,Organic Search,37,Fashion,211,4668.505687203791,1,0,0.5861348374197759,1,0,0.0,136.81869109812467,492.54728795324877,957.7308376868726,discount_offer,20,136.81869109812467
101973,11.0,6983.1900000000005,634.8354545454546,2024-04-16,2025-07-02,0.0,5.454545454545454,7.0,4.0,0.0,442.0,0.746606334841629,0.0,0.6363636363636364,Beauty & Personal Care,3.34,5.0,18.0,6.333333333333333,2024-02-26,North,Paid Ads,40,Beauty & Personal Care,492,5180.618597560976,0,1,0.5861256733310529,1,0,0.0,151.82467818834013,546.5688414780243,1062.7727473183807,discount_offer,20,151.82467818834013
100633,10.0,11606.52,1160.652,2024-09-19,2025-04-11,0.0,5.0,4.0,3.0,82.0,204.0,1.4705882352941178,0.0,0.4,Toys & Games,4.46,5.0,11.0,7.0,2024-08-01,West,Organic Search,33,Toys & Games,335,12645.909850746268,0,1,0.5858005310629839,1,0,0.0,370.39903531708916,1333.436527141521,2592.793247219624,discount_offer,250,1333.436527141521
100264,26.0,24954.14,959.7746153846152,2023-03-10,2025-06-20,3.0,4.230769230769231,6.0,6.0,12.0,833.0,0.936374549819928,0.1153846153846153,0.2307692307692307,Fashion,3.95,10.0,11.0,7.333333333333333,2023-01-01,Central,Paid Ads,41,Fashion,913,9976.189594742606,0,1,0.5855880599067647,1,0,0.0,292.0968755023688,1051.5487518085276,2044.6781285165812,discount_offer,250,1051.5487518085276
101329,3.0,4844.68,1614.8933333333334,2025-01-29,2025-06-17,0.0,3.333333333333333,2.0,2.0,15.0,139.0,0.6474820143884892,0.0,0.6666666666666666,Beauty & Personal Care,4.5,2.0,7.0,2.0,2025-01-03,East,Direct,58,Beauty & Personal Care,180,9823.934444444443,0,1,0.5851515905542231,1,0,0.0,287.4245432833542,1034.728355820075,2011.9718029834792,discount_offer,250,1034.728355820075
103232,16.0,37789.15,2361.821875,2023-04-18,2025-05-15,2.0,7.5,8.0,4.0,48.0,758.0,0.633245382585752,0.125,0.5,Electronics,3.89,10.0,10.0,6.666666666666667,2023-04-16,South,Organic Search,28,Electronics,808,17070.59375,1,0,0.5850883430791171,1,0,0.0,499.39027062821157,1797.8049742615615,3495.731894397481,discount_offer,250,1797.8049742615615
100081,12.0,14584.61,1215.3841666666667,2024-01-02,2025-05-14,1.0,4.583333333333333,4.0,5.0,49.0,498.0,0.7228915662650601,0.0833333333333333,0.3333333333333333,Toys & Games,3.772727272727273,11.0,8.0,4.333333333333333,2023-07-13,South,Direct,18,Toys & Games,720,7393.5870138888895,1,0,0.5849819722011381,1,0,0.0,216.25575565127232,778.5207203445804,1513.790289558906,discount_offer,20,216.25575565127232
105078,1.0,291.83,291.83,2025-05-20,2025-05-20,0.0,10.0,1.0,1.0,43.0,1.0,30.0,0.0,1.0,Grocery,4.037037037037037,0.0,11.0,6.0,2025-04-20,South,Social Media,33,Fashion,73,1459.15,0,1,0.5847405635964159,1,1,0.0,42.661209668585514,153.58035480690785,298.6284676800986,discount_offer,0,0.0
102550,5.0,7761.93,1552.386,2024-11-24,2025-06-05,0.0,4.0,2.0,3.0,27.0,193.0,0.7772020725388601,0.0,0.4,Home & Kitchen,3.825,4.0,4.0,5.333333333333333,2024-10-03,South,Referral,40,Home & Kitchen,272,10415.82518382353,0,1,0.5846027280020558,1,0,0.0,304.4559908427875,1096.041567034035,2131.1919358995124,discount_offer,250,1096.041567034035
100179,16.0,12023.22,751.45125,2024-04-28,2025-03-25,2.0,5.3125,7.0,5.0,99.0,331.0,1.4501510574018126,0.125,0.4375,Beauty & Personal Care,4.2,5.0,14.0,4.333333333333333,2024-04-02,West,Social Media,30,Beauty & Personal Care,456,9623.849342105264,0,1,0.584509680497233,1,0,0.0,281.26165520537273,1012.5419587393416,1968.8315864376086,discount_offer,250,1012.5419587393416
104310,19.0,22650.49,1192.1310526315788,2023-03-12,2025-05-28,0.0,1.5789473684210529,2.0,8.0,35.0,808.0,0.7054455445544554,0.0,0.1052631578947368,Home & Kitchen,3.6875,8.0,10.0,5.333333333333333,2023-02-11,North,Paid Ads,48,Home & Kitchen,872,9480.99638761468,1,0,0.5845070955805024,1,0,0.0,277.0854830866946,997.5077391121005,1939.598381606862,discount_offer,250,997.5077391121005
101382,3.0,13210.89,4403.63,2024-11-07,2025-04-15,0.0,0.0,0.0,2.0,78.0,159.0,0.5660377358490566,0.0,0.0,Electronics,4.5,1.0,8.0,4.666666666666667,2024-11-05,West,Email,28,Electronics,239,20175.6269874477,0,1,0.5845003914250204,1,1,0.0,589.6330935704194,2122.6791368535096,4127.431654992934,discount_offer,250,2122.6791368535096
104284,4.0,2612.69,653.1725,2024-09-08,2025-06-02,0.0,5.0,2.0,2.0,30.0,267.0,0.449438202247191,0.0,0.5,Toys & Games,4.05,2.0,3.0,5.666666666666667,2024-08-23,North,Paid Ads,25,Toys & Games,313,3046.747124600639,1,0,0.5844811294345091,1,0,0.0,89.03831002439624,320.53791608782643,623.2681701707736,discount_offer,20,89.03831002439624
100105,9.0,10145.75,1127.3055555555557,2024-07-09,2025-03-16,1.0,3.888888888888889,4.0,4.0,108.0,250.0,1.0799999999999998,0.1111111111111111,0.4444444444444444,Fashion,4.5,4.0,15.0,4.0,2024-06-14,East,Email,27,Fashion,383,9668.926240208875,0,1,0.5840625228501207,1,0,0.0,282.3628726554064,1016.506341559463,1976.5401085878448,discount_offer,250,1016.506341559463
101841,16.0,18857.05,1178.565625,2023-10-10,2025-04-16,1.0,3.75,5.0,5.0,77.0,554.0,0.8664259927797835,0.0625,0.3125,Sports & Outdoors,4.01,10.0,13.0,7.333333333333333,2023-10-03,Central,Paid Ads,48,Sports & Outdoors,638,10788.12421630094,1,0,0.5837984486140377,1,1,0.0,314.904509046601,1133.6562325677635,2204.331563326207,discount_offer,250,1133.6562325677635
100989,13.0,15318.03,1178.31,2024-04-08,2025-05-23,0.0,9.23076923076923,12.0,6.0,40.0,410.0,0.951219512195122,0.0,0.9230769230769232,Grocery,3.5625,8.0,9.0,4.0,2024-01-31,Central,Paid Ads,26,Grocery,518,10793.592567567566,1,0,0.5830503132141517,1,0,0.0,314.66037636131045,1132.7773549007177,2202.622634529173,discount_offer,250,1132.7773549007177
102984,3.0,1769.94,589.98,2025-04-02,2025-06-20,0.0,1.6666666666666667,1.0,2.0,12.0,79.0,1.139240506329114,0.0,0.3333333333333333,Beauty & Personal Care,4.037037037037037,0.0,10.0,2.6666666666666665,2024-04-22,South,Referral,35,Beauty & Personal Care,436,1481.7158256880737,1,0,0.5824598979459239,1,0,0.0,43.15200243075679,155.34720875072443,302.0640170152975,discount_offer,0,0.0
105819,12.0,6783.36,565.28,2023-10-04,2025-04-27,1.0,7.083333333333333,5.0,5.0,66.0,571.0,0.6304728546409807,0.0833333333333333,0.4166666666666667,Beauty & Personal Care,4.7,3.0,9.0,3.6666666666666665,2023-09-25,South,Organic Search,32,Beauty & Personal Care,646,3832.703405572755,1,0,0.582288091307145,1,0,0.0,111.5868775288677,401.7127591039237,781.1081427020738,discount_offer,20,111.5868775288677
103231,3.0,1250.43,416.81,2025-02-14,2025-06-12,0.0,10.0,3.0,1.0,20.0,118.0,0.7627118644067797,0.0,1.0,Grocery,4.037037037037037,0.0,7.0,6.333333333333333,2025-01-20,North,Organic Search,49,Grocery,163,2800.04263803681,1,0,0.5822593360197766,1,1,0.0,81.51754836251884,293.46317410506776,570.6228385376318,discount_offer,20,81.51754836251884
103006,9.0,17435.25,1937.25,2024-11-28,2025-06-29,1.0,3.333333333333333,3.0,4.0,3.0,213.0,1.267605633802817,0.1111111111111111,0.3333333333333333,Fashion,3.5500000000000003,6.0,11.0,5.666666666666667,2024-09-26,North,Social Media,59,Fashion,279,22809.5564516129,1,0,0.5821944130598944,1,1,0.0,663.979816525165,2390.327339490594,4647.858715676155,discount_offer,250,2390.327339490594
100692,12.0,11353.06,946.0883333333333,2024-05-28,2025-03-21,2.0,6.666666666666667,8.0,4.0,103.0,297.0,1.2121212121212122,0.1666666666666666,0.6666666666666666,Fashion,3.8,7.0,6.0,5.333333333333333,2024-05-23,East,Email,26,Fashion,405,10231.77012345679,1,0,0.5821800358554021,1,0,0.0,297.83661486691534,1072.211813520895,2084.856304068407,discount_offer,250,1072.211813520895
101696,8.0,35329.54,4416.1925,2024-05-24,2025-02-17,1.0,0.0,0.0,3.0,135.0,269.0,0.8921933085501859,0.125,0.0,Electronics,4.76,5.0,13.0,4.333333333333333,2024-05-15,South,Paid Ads,31,Electronics,413,31223.44334140436,0,1,0.582173906145319,1,0,0.0,908.8736986686214,3271.9453152070373,6362.11589068035,discount_offer,900,6362.11589068035
105838,5.0,14431.33,2886.266,2024-05-23,2025-05-22,1.0,9.0,2.0,3.0,41.0,364.0,0.4120879120879121,0.2,0.4,Electronics,3.7,4.0,16.0,3.0,2024-03-11,South,Paid Ads,32,Electronics,478,11019.739435146445,1,0,0.5820738269803966,1,1,0.0,320.71509526712424,1154.574342961647,2245.0056668698694,discount_offer,250,1154.574342961647
100297,1.0,465.55,465.55,2025-04-29,2025-04-29,0.0,0.0,0.0,1.0,64.0,1.0,30.0,0.0,0.0,Books,4.037037037037037,0.0,13.0,2.333333333333333,2025-04-15,North,Organic Search,49,Books,78,2178.535256410257,1,0,0.5818433503292033,1,1,0.0,63.378312620001694,228.1619254320061,443.6481883400118,discount_offer,20,63.378312620001694
104175,24.0,23606.55,983.60625,2023-02-27,2025-05-04,1.0,4.166666666666667,5.0,6.0,59.0,797.0,0.903387703889586,0.0416666666666666,0.2083333333333333,Sports & Outdoors,4.0125,8.0,9.0,5.333333333333333,2023-01-24,West,Social Media,36,Sports & Outdoors,890,9681.337921348317,1,0,0.581644391377639,1,0,0.0,281.55479514919494,1013.5972625371018,1970.8835660443644,discount_offer,250,1013.5972625371018
102183,5.0,2079.4,415.88,2024-07-22,2025-06-29,0.0,10.0,3.0,3.0,3.0,342.0,0.4385964912280701,0.0,0.6,Books,5.0,1.0,11.0,5.0,2024-06-02,Central,Direct,50,Beauty & Personal Care,395,1921.4708860759488,1,0,0.5816237833623488,1,1,0.0,55.8786583190049,201.16316994841765,391.15060823303423,discount_offer,0,0.0
101339,14.0,46857.04,3346.931428571429,2023-01-23,2025-04-28,1.0,7.142857142857143,6.0,4.0,65.0,826.0,0.5084745762711864,0.0714285714285714,0.4285714285714285,Electronics,3.857142857142857,7.0,7.0,3.333333333333333,2023-01-09,South,Organic Search,33,Electronics,905,18898.14320441989,1,0,0.5815897287078556,1,0,0.0,549.5482989670385,1978.3738762813382,3846.8380927692688,discount_offer,250,1978.3738762813382
104501,3.0,2319.88,773.2933333333334,2024-09-10,2025-06-16,0.0,13.333333333333334,3.0,2.0,16.0,279.0,0.3225806451612903,0.0,1.0,Home & Kitchen,3.8,1.0,11.0,3.6666666666666665,2024-08-02,East,Direct,34,Home & Kitchen,334,2535.1982035928145,1,0,0.5811471291826134,1,0,0.0,73.66615789634415,265.1981684268389,515.6631052744088,discount_offer,20,73.66615789634415
102647,7.0,5016.45,716.6357142857142,2024-07-06,2025-06-25,0.0,8.571428571428571,5.0,2.0,7.0,354.0,0.5932203389830508,0.0,0.7142857142857143,Fashion,2.95,2.0,16.0,5.0,2024-07-03,North,Direct,47,Fashion,364,5030.231456043955,0,1,0.5809023513384785,1,0,0.0,146.10366402963558,525.9731905066881,1022.7256482074491,discount_offer,20,146.10366402963558
101766,10.0,13959.57,1395.957,2023-09-23,2025-07-02,0.0,2.0,3.0,4.0,0.0,648.0,0.4629629629629629,0.0,0.3,Grocery,3.72,5.0,12.0,7.666666666666667,2023-09-10,West,Direct,29,Grocery,661,7708.385854765507,1,0,0.5808900367720305,1,1,0.0,223.8862271313868,805.9904176729924,1567.2035899197074,discount_offer,20,223.8862271313868
100543,5.0,17378.54,3475.708,2024-07-21,2025-03-21,1.0,7.0,4.0,2.0,103.0,243.0,0.617283950617284,0.2,0.8,Electronics,4.2,3.0,11.0,4.0,2024-05-17,South,Organic Search,32,Electronics,411,15433.496593673968,1,0,0.5808469320785854,1,0,0.0,448.22495738404115,1613.609846582548,3137.574701688288,discount_offer,250,1613.609846582548
101645,2.0,4799.84,2399.92,2025-01-28,2025-04-26,0.0,0.0,0.0,2.0,67.0,88.0,0.6818181818181819,0.0,0.0,Toys & Games,4.2,2.0,8.0,4.0,2024-12-29,Central,Organic Search,35,Toys & Games,185,9469.954594594596,1,0,0.5807238935537556,1,1,0.0,274.97144519751254,989.8972027110452,1924.800116382588,discount_offer,250,989.8972027110452
104659,6.0,5095.49,849.2483333333333,2024-09-30,2025-06-29,0.0,4.166666666666667,2.0,3.0,3.0,272.0,0.6617647058823529,0.0,0.3333333333333333,Books,3.8,4.0,11.0,2.6666666666666665,2024-05-18,South,Paid Ads,30,Books,410,4536.228902439024,0,1,0.580643653416993,1,0,0.0,131.69662613239757,474.10785407663116,921.8763829267828,discount_offer,20,131.69662613239757
105882,10.0,9561.61,956.161,2024-08-09,2025-04-06,1.0,2.0,2.0,2.0,87.0,240.0,1.25,0.1,0.2,Fashion,4.3,6.0,12.0,7.333333333333333,2024-07-27,West,Direct,21,Fashion,340,10264.669558823529,0,1,0.5806124097554402,1,0,0.0,297.989726394592,1072.7630150205312,2085.9280847621435,discount_offer,250,1072.7630150205312
102099,14.0,22297.06,1592.6471428571429,2023-01-22,2025-05-17,0.0,2.857142857142857,3.0,4.0,46.0,846.0,0.4964539007092198,0.0,0.2142857142857142,Home & Kitchen,3.95,6.0,7.0,4.333333333333333,2023-01-22,North,Referral,22,Home & Kitchen,892,9123.796973094171,1,0,0.5802792950219637,1,0,0.0,264.7175237735306,952.9830855847101,1853.0226664147144,discount_offer,250,952.9830855847101
105875,13.0,36478.06,2806.004615384615,2024-03-11,2025-05-14,1.0,10.0,7.0,4.0,49.0,429.0,0.9090909090909092,0.0769230769230769,0.5384615384615384,Electronics,4.2875,8.0,12.0,5.333333333333333,2024-01-16,Central,Paid Ads,61,Electronics,533,24980.284990619133,0,1,0.579864505892728,1,0,0.0,724.2590306572447,2607.3325103660804,5069.813214600712,discount_offer,250,2607.3325103660804
101308,5.0,14579.77,2915.954,2024-09-16,2025-05-13,0.0,8.0,3.0,4.0,50.0,239.0,0.6276150627615062,0.0,0.6,Home & Kitchen,4.4,3.0,12.0,3.6666666666666665,2024-07-23,Central,Organic Search,49,Electronics,344,15469.814098837209,0,1,0.5791818485567506,1,0,0.0,447.9917763296909,1612.770394786887,3135.942434307836,discount_offer,250,1612.770394786887
102053,5.0,4677.13,935.426,2024-11-27,2025-06-08,0.0,6.0,3.0,3.0,24.0,193.0,0.7772020725388601,0.0,0.6,Fashion,4.0,2.0,10.0,2.333333333333333,2024-08-10,North,Referral,47,Fashion,326,5236.663957055215,0,1,0.5785227627957186,1,0,0.0,151.47646501341717,545.3152740483017,1060.33525509392,discount_offer,20,151.47646501341717
103550,8.0,5709.55,713.69375,2024-11-02,2025-05-30,0.0,9.375,4.0,5.0,33.0,209.0,1.1483253588516746,0.0,0.5,Books,3.628571428571429,7.0,15.0,9.0,2024-10-29,South,Organic Search,43,Books,246,8471.486788617887,0,1,0.5781906554589652,1,0,0.0,244.90672495114705,881.6642098241292,1714.347074658029,discount_offer,250,881.6642098241292
102449,7.0,10546.48,1506.64,2024-10-07,2025-03-17,0.0,11.428571428571429,3.0,3.0,107.0,161.0,1.3043478260869563,0.0,0.4285714285714285,Grocery,3.75,4.0,14.0,6.0,2024-10-06,South,Organic Search,34,Grocery,269,14310.279553903343,0,1,0.5780401235573138,1,0,0.0,413.59578807389954,1488.9448370660382,2895.1705165172966,discount_offer,250,1488.9448370660382
105326,1.0,614.24,614.24,2025-06-16,2025-06-16,0.0,30.0,1.0,1.0,16.0,1.0,30.0,0.0,1.0,Grocery,2.8,1.0,12.0,3.6666666666666665,2025-01-29,Central,Email,24,Grocery,154,1455.8285714285714,1,0,0.5779234776580552,1,1,0.0,42.06787554369792,151.4443519573125,294.4751288058854,discount_offer,0,0.0
102022,10.0,10518.72,1051.8719999999998,2024-11-18,2025-05-17,0.0,2.5,2.0,3.0,46.0,180.0,1.6666666666666667,0.0,0.2,Fashion,3.7,7.0,17.0,3.333333333333333,2024-10-22,North,Social Media,32,Beauty & Personal Care,253,15175.228458498024,0,1,0.5778579047294832,1,0,0.0,438.4562860409447,1578.4426297474006,3069.1940022866124,discount_offer,250,1578.4426297474006
100833,14.0,46994.07,3356.719285714286,2023-07-15,2025-06-16,1.0,4.642857142857143,5.0,4.0,16.0,702.0,0.5982905982905983,0.0714285714285714,0.3571428571428571,Electronics,4.016666666666667,6.0,13.0,2.333333333333333,2023-04-27,North,Organic Search,51,Electronics,797,21521.751003764115,0,1,0.5774956910048266,1,0,0.0,621.4359233776289,2237.169324159464,4350.051463643402,discount_offer,250,2237.169324159464
103269,19.0,57043.07,3002.266842105263,2023-02-26,2025-06-18,2.0,4.2105263157894735,6.0,7.0,14.0,843.0,0.6761565836298932,0.1052631578947368,0.3157894736842105,Electronics,3.792307692307692,13.0,14.0,6.666666666666667,2023-01-18,North,Paid Ads,46,Electronics,896,23237.411328125,0,1,0.5773114887188131,1,0,0.0,670.7612263905628,2414.7404150060256,4695.328584733939,discount_offer,250,2414.7404150060256
100331,16.0,15779.43,986.214375,2024-01-25,2025-06-02,0.0,7.5,8.0,6.0,30.0,494.0,0.97165991902834,0.0,0.5,Fashion,3.8818181818181823,11.0,7.0,4.333333333333333,2023-11-09,Central,Organic Search,50,Fashion,601,9583.181281198003,0,1,0.5771952015187524,1,0,0.0,276.56831253959086,995.6459251425271,1935.9781877771359,discount_offer,250,995.6459251425271
105521,4.0,16201.08,4050.27,2024-08-01,2025-04-23,0.0,1.25,1.0,2.0,70.0,265.0,0.4528301886792452,0.0,0.25,Electronics,4.4,2.0,10.0,3.333333333333333,2024-03-29,Central,Referral,39,Electronics,460,12855.204782608696,1,0,0.5771664108980229,1,0,0.0,370.979620286868,1335.5266330327247,2596.857342008076,discount_offer,250,1335.5266330327247
105497,18.0,19189.77,1066.0983333333334,2023-04-17,2025-01-29,0.0,4.166666666666667,7.0,5.0,154.0,653.0,0.8269525267993875,0.0,0.3888888888888889,Beauty & Personal Care,4.142857142857143,7.0,17.0,2.6666666666666665,2023-03-16,West,Referral,41,Beauty & Personal Care,839,8348.350476758045,0,1,0.5766126775488324,1,0,0.0,240.6882360759764,866.477649873515,1684.8176525318347,discount_offer,20,240.6882360759764
102801,24.0,65936.3,2747.3458333333333,2023-03-14,2025-06-29,6.0,3.333333333333333,8.0,7.0,3.0,838.0,0.8591885441527446,0.25,0.3333333333333333,Electronics,4.064285714285714,14.0,14.0,6.0,2023-01-01,East,Direct,21,Electronics,913,26360.076122672508,0,1,0.576357636323539,1,0,0.0,759.6415583686043,2734.7096101269753,5317.49090858023,discount_offer,900,5317.49090858023
101284,13.0,12035.74,925.8261538461538,2023-09-15,2025-05-12,0.0,3.076923076923077,3.0,5.0,51.0,605.0,0.6446280991735537,0.0,0.2307692307692307,Grocery,3.711111111111111,9.0,14.0,4.333333333333333,2023-09-12,West,Paid Ads,33,Grocery,659,6666.22928679818,1,0,0.5763285114197563,1,1,0.0,192.09690008215892,691.548840295772,1344.6783005751124,discount_offer,20,192.09690008215892
101283,20.0,13590.78,679.539,2023-02-26,2025-04-04,2.0,10.25,13.0,6.0,89.0,768.0,0.78125,0.1,0.65,Beauty & Personal Care,4.2125,8.0,11.0,7.0,2023-01-01,Central,Paid Ads,23,Beauty & Personal Care,913,5433.334830230012,1,0,0.5760657644711281,1,0,0.0,156.49790913020294,563.3924728687306,1095.4853639114206,discount_offer,20,156.49790913020294
105980,16.0,9776.45,611.028125,2023-09-25,2025-04-15,0.0,6.5625,8.0,2.0,78.0,568.0,0.8450704225352113,0.0,0.5,Grocery,3.6571428571428575,7.0,25.0,7.0,2023-08-24,North,Social Media,38,Grocery,678,5263.133112094396,0,1,0.5758459647451125,1,0,0.0,151.5376982257972,545.5357136128698,1060.7638875805803,discount_offer,20,151.5376982257972
103431,7.0,15598.25,2228.3214285714284,2024-11-02,2025-05-18,1.0,9.285714285714286,4.0,3.0,45.0,197.0,1.065989847715736,0.1428571428571428,0.5714285714285714,Electronics,3.5500000000000003,4.0,17.0,5.0,2024-10-16,East,Direct,27,Electronics,259,21982.08976833977,0,1,0.5758314761098151,1,0,0.0,632.8989599640778,2278.43625587068,4430.292719748543,discount_offer,250,2278.43625587068
104627,3.0,1941.12,647.04,2025-02-27,2025-05-27,0.0,8.333333333333334,1.0,2.0,36.0,89.0,1.0112359550561798,0.0,0.3333333333333333,Toys & Games,3.8,1.0,14.0,5.666666666666667,2024-12-06,East,Referral,41,Toys & Games,208,3406.2923076923075,0,1,0.5757905906250227,1,0,0.0,98.06555298438127,353.0359907437725,686.4588708906689,discount_offer,20,98.06555298438127
105033,8.0,14456.7,1807.0875,2024-07-16,2025-06-25,0.0,2.5,2.0,1.0,7.0,344.0,0.6976744186046512,0.0,0.25,Home & Kitchen,3.85,4.0,6.0,4.666666666666667,2024-07-16,East,Social Media,34,Home & Kitchen,351,15033.320512820515,1,0,0.575703942115571,1,1,0.0,432.7370941158824,1557.8535388171765,3029.1596588111765,discount_offer,250,1557.8535388171765
101037,5.0,2274.66,454.932,2024-10-22,2025-06-25,0.0,16.0,5.0,2.0,7.0,246.0,0.6097560975609757,0.0,1.0,Books,3.4,3.0,10.0,7.666666666666667,2024-04-16,South,Organic Search,53,Books,442,1878.395701357466,1,0,0.5756974287020866,1,0,0.0,54.06937876782729,194.64976356417822,378.485651374791,discount_offer,0,0.0
100746,1.0,401.77,401.77,2025-05-15,2025-05-15,0.0,20.0,1.0,1.0,48.0,1.0,30.0,0.0,1.0,Grocery,4.037037037037037,0.0,16.0,6.666666666666667,2025-04-03,South,Paid Ads,29,Electronics,90,1629.4005555555552,0,1,0.5755134472850976,1,0,0.0,46.887096536801536,168.79354753248552,328.20967575761074,discount_offer,0,0.0
100947,5.0,4023.71,804.742,2024-07-25,2025-04-08,0.0,2.0,2.0,2.0,85.0,257.0,0.5836575875486382,0.0,0.4,Fashion,4.1,4.0,19.0,4.666666666666667,2024-05-04,South,Direct,18,Fashion,424,3463.806957547169,0,1,0.5755089082199218,1,0,0.0,99.67258802112703,358.82131687605727,697.7081161478891,discount_offer,20,99.67258802112703
103992,7.0,7247.24,1035.32,2024-04-22,2025-05-16,0.0,5.0,4.0,3.0,47.0,389.0,0.5398457583547558,0.0,0.5714285714285714,Toys & Games,3.4200000000000004,5.0,14.0,6.0,2024-04-13,Central,Email,36,Toys & Games,445,5944.365393258427,1,0,0.5752900417051978,1,0,0.0,170.98671074992876,615.5521586997435,1196.906975249501,discount_offer,20,170.98671074992876
104107,6.0,8467.529999999999,1411.255,2024-06-30,2025-03-09,0.0,13.333333333333334,5.0,4.0,115.0,252.0,0.7142857142857143,0.0,0.8333333333333334,Beauty & Personal Care,3.4250000000000003,4.0,14.0,4.0,2024-06-12,South,Organic Search,40,Electronics,385,8027.65831168831,1,0,0.5752247301757304,1,0,0.0,230.88537931419341,831.1873655310962,1616.1976551993534,discount_offer,20,230.88537931419341
104426,8.0,10529.45,1316.18125,2024-05-07,2025-06-23,0.0,3.125,3.0,3.0,9.0,412.0,0.5825242718446603,0.0,0.375,Home & Kitchen,4.32,5.0,11.0,4.0,2024-04-18,North,Organic Search,37,Home & Kitchen,440,8734.657386363637,0,1,0.5750473882208202,1,0,0.0,251.1420958516053,904.111545065779,1757.9946709612368,discount_offer,250,904.111545065779
100852,4.0,5123.09,1280.7725,2024-10-20,2025-05-04,0.0,16.25,4.0,2.0,59.0,196.0,0.6122448979591837,0.0,1.0,Fashion,4.037037037037037,0.0,6.0,5.333333333333333,2024-07-31,East,Organic Search,22,Fashion,336,5565.261458333333,1,0,0.5749614157432654,1,0,0.0,159.99053035323817,575.9659092716574,1119.9337124726671,discount_offer,20,159.99053035323817
104682,3.0,8029.33,2676.443333333333,2024-08-03,2025-04-11,1.0,16.666666666666668,2.0,1.0,82.0,251.0,0.3585657370517928,0.3333333333333333,0.6666666666666666,Electronics,4.0,1.0,8.0,6.0,2024-06-27,Central,Paid Ads,34,Electronics,370,7920.825540540541,1,0,0.5745856664768019,1,0,0.0,227.55964111289805,819.2147080064329,1592.9174877902863,discount_offer,20,227.55964111289805
102881,7.0,44946.46,6420.922857142857,2024-10-13,2025-05-03,0.0,6.428571428571429,3.0,2.0,60.0,202.0,1.0396039603960396,0.0,0.4285714285714285,Electronics,4.666666666666667,3.0,9.0,3.333333333333333,2024-09-19,South,Paid Ads,25,Electronics,286,57361.740909090906,0,1,0.5745274171616501,1,0,0.0,1647.7946424197883,5932.060712711237,11534.562496938515,discount_offer,900,11534.562496938515
104042,9.0,18325.45,2036.1611111111108,2023-11-22,2025-06-07,0.0,1.1111111111111112,2.0,4.0,25.0,563.0,0.4795737122557726,0.0,0.2222222222222222,Home & Kitchen,4.475,4.0,12.0,4.333333333333333,2023-09-29,North,Paid Ads,37,Home & Kitchen,642,10418.67484423676,0,1,0.5744640137762242,1,0,0.0,299.2576884624814,1077.327678464933,2094.8038192373697,discount_offer,250,1077.327678464933
102144,1.0,2547.91,2547.91,2025-06-06,2025-06-06,0.0,20.0,1.0,1.0,26.0,1.0,30.0,0.0,1.0,Electronics,4.5,1.0,3.0,3.0,2025-02-26,South,Direct,28,Electronics,126,7380.850396825397,0,1,0.5744569963024504,1,0,0.0,211.99905745590334,763.196606841252,1483.9934021913234,discount_offer,20,211.99905745590334
101907,7.0,7051.47,1007.3528571428571,2024-08-23,2025-02-20,2.0,2.142857142857143,1.0,2.0,132.0,181.0,1.160220994475138,0.2857142857142857,0.1428571428571428,Fashion,4.133333333333333,6.0,11.0,5.666666666666667,2024-05-26,East,Referral,34,Fashion,402,6402.454104477612,1,0,0.5741496133726351,1,0,0.0,183.7983274360931,661.6739787699352,1286.5882920526517,discount_offer,20,183.7983274360931
102977,16.0,53404.29,3337.768125,2023-01-15,2025-06-21,1.0,8.125,10.0,3.0,11.0,888.0,0.5405405405405405,0.0625,0.625,Electronics,4.38,10.0,7.0,2.333333333333333,2023-01-01,North,Organic Search,44,Electronics,913,21350.01736035049,1,0,0.5741253246784257,1,0,0.0,612.8792824450626,2206.3654168022254,4290.154977115438,discount_offer,250,2206.3654168022254
102739,3.0,1372.76,457.5866666666666,2025-01-17,2025-03-02,0.0,0.0,0.0,1.0,122.0,44.0,2.0454545454545454,0.0,0.0,Grocery,2.9,1.0,16.0,5.0,2024-12-13,East,Organic Search,28,Grocery,201,2492.8228855721395,0,1,0.5740885015707817,1,0,0.0,71.5550477529731,257.5981719107031,500.88533427081165,discount_offer,20,71.5550477529731
104102,4.0,6629.33,1657.3325,2024-09-25,2025-04-19,2.0,6.25,2.0,1.0,74.0,206.0,0.5825242718446603,0.5,0.5,Sports & Outdoors,4.1,2.0,8.0,4.666666666666667,2024-08-28,West,Paid Ads,27,Sports & Outdoors,308,7856.186525974026,0,1,0.5739254859614163,1,1,0.0,225.44328348615872,811.5958205501713,1578.102984403111,discount_offer,20,225.44328348615872
105659,8.0,10947.57,1368.44625,2024-11-03,2025-06-15,0.0,1.875,1.0,3.0,17.0,224.0,1.0714285714285714,0.0,0.125,Toys & Games,2.95,4.0,15.0,5.666666666666667,2024-10-31,North,Paid Ads,35,Toys & Games,244,16376.487909836069,0,1,0.5738327207531168,1,0,0.0,469.86823068408773,1691.5256304627155,3289.0776147886136,discount_offer,250,1691.5256304627155
105049,9.0,8056.88,895.2088888888889,2024-11-16,2025-05-25,0.0,5.555555555555555,3.0,4.0,38.0,190.0,1.4210526315789471,0.0,0.3333333333333333,Books,3.625,4.0,17.0,4.333333333333333,2024-10-08,West,Social Media,33,Books,267,11014.086891385768,0,1,0.5737334858113169,1,0,0.0,315.9575232611744,1137.447083740228,2211.702662828221,discount_offer,250,1137.447083740228
102221,2.0,2047.06,1023.53,2025-02-28,2025-05-15,0.0,0.0,0.0,1.0,48.0,76.0,0.7894736842105263,0.0,0.0,Toys & Games,3.2,2.0,11.0,4.666666666666667,2025-01-16,West,Social Media,36,Toys & Games,167,4474.113173652694,1,0,0.5736763964041666,1,0,0.0,128.33465612827433,462.0047620617876,898.3425928979202,discount_offer,20,128.33465612827433
103798,4.0,7285.410000000001,1821.3525,2024-08-02,2025-06-27,1.0,6.25,2.0,3.0,5.0,329.0,0.364741641337386,0.25,0.5,Home & Kitchen,4.037037037037037,0.0,8.0,4.0,2024-07-09,Central,Direct,40,Electronics,358,7427.86215083799,1,0,0.5731221645253939,1,0,0.0,212.85362168422586,766.2730380632129,1489.9753517895806,discount_offer,20,212.85362168422586
105063,3.0,6704.07,2234.69,2025-02-06,2025-05-22,0.0,1.6666666666666667,1.0,2.0,41.0,105.0,0.8571428571428571,0.0,0.3333333333333333,Grocery,3.8333333333333335,3.0,7.0,3.333333333333333,2024-12-10,Central,Social Media,43,Grocery,204,11995.027205882352,1,0,0.5730013017575131,1,1,0.0,343.65831017936864,1237.169916645727,2405.60817125558,discount_offer,250,1237.169916645727
100844,26.0,29298.21,1126.8542307692308,2023-02-20,2025-06-26,1.0,8.076923076923077,15.0,5.0,6.0,857.0,0.910151691948658,0.0384615384615384,0.5769230769230769,Grocery,4.082352941176471,17.0,10.0,5.333333333333333,2023-01-01,West,Social Media,25,Grocery,913,11712.865991237675,0,1,0.5729082973890525,1,0,0.0,335.51990562930564,1207.8716602655002,2348.6393394051393,discount_offer,250,1207.8716602655002
100660,18.0,21700.02,1205.5566666666666,2023-01-21,2025-05-10,3.0,5.833333333333333,8.0,3.0,53.0,840.0,0.6428571428571429,0.1666666666666666,0.4444444444444444,Fashion,4.328571428571428,7.0,12.0,6.0,2023-01-06,North,Referral,40,Fashion,908,8723.025660792951,1,0,0.5727996301445732,1,1,0.0,249.82729361219123,899.3782570038884,1748.7910552853384,discount_offer,250,899.3782570038884
102567,6.0,4027.76,671.2933333333334,2025-01-26,2025-06-01,0.0,0.8333333333333334,1.0,5.0,31.0,126.0,1.4285714285714286,0.0,0.1666666666666666,Books,3.35,2.0,15.0,5.666666666666667,2024-12-24,North,Direct,45,Grocery,190,7737.538947368422,0,1,0.572580792337913,1,0,0.0,221.51830906148365,797.4659126213411,1550.6281634303853,discount_offer,20,221.51830906148365
100587,1.0,708.37,708.37,2025-03-12,2025-03-12,0.0,10.0,1.0,1.0,112.0,1.0,30.0,0.0,1.0,Sports & Outdoors,4.037037037037037,0.0,10.0,4.666666666666667,2025-03-07,North,Organic Search,45,Toys & Games,117,2209.8722222222223,1,0,0.5725512404841291,1,0,0.0,63.26325410723762,227.7477147860554,442.8427787506633,discount_offer,20,63.26325410723762
100552,9.0,11418.91,1268.7677777777778,2024-02-11,2025-05-29,1.0,7.222222222222222,5.0,5.0,34.0,473.0,0.5708245243128964,0.1111111111111111,0.5555555555555556,Home & Kitchen,3.9,3.0,12.0,6.0,2023-12-08,Central,Paid Ads,38,Home & Kitchen,572,7286.542220279721,0,1,0.5724458421749135,1,1,0.0,208.55753989155443,750.8071436095959,1459.902779240881,discount_offer,20,208.55753989155443
104011,16.0,17357.2,1084.825,2023-12-21,2025-06-27,0.0,1.875,3.0,5.0,5.0,554.0,0.8664259927797835,0.0,0.1875,Grocery,4.046153846153846,13.0,11.0,3.333333333333333,2023-09-14,Central,Direct,39,Grocery,657,9642.888888888889,0,1,0.5724276693797798,1,0,0.0,275.99282063774206,993.5741542958714,1931.9497444641943,discount_offer,250,993.5741542958714
105256,4.0,1364.52,341.13,2024-12-19,2025-06-19,0.0,17.5,4.0,2.0,13.0,182.0,0.6593406593406593,0.0,1.0,Grocery,4.037037037037037,0.0,11.0,3.6666666666666665,2024-10-03,West,Organic Search,60,Grocery,272,1831.0654411764704,0,1,0.572366010861986,1,1,0.0,52.40198110967094,188.6471319948154,366.8138677676966,discount_offer,0,0.0
102673,29.0,19916.14,686.7634482758621,2023-01-09,2025-05-10,1.0,5.517241379310345,13.0,6.0,53.0,852.0,1.0211267605633805,0.0344827586206896,0.4482758620689655,Grocery,3.94,15.0,11.0,6.333333333333333,2023-01-01,South,Organic Search,31,Grocery,913,7962.093209200439,0,1,0.5722491899475167,1,0,0.0,227.81506946257875,820.1342500652835,1594.705486238051,discount_offer,20,227.81506946257875
102257,8.0,15268.05,1908.50625,2024-05-09,2025-03-31,1.0,0.625,1.0,3.0,93.0,326.0,0.7361963190184049,0.125,0.125,Home & Kitchen,4.0,3.0,12.0,3.333333333333333,2024-03-18,Central,Paid Ads,45,Home & Kitchen,471,11831.928343949045,1,0,0.5719223982983557,1,0,0.0,338.3472417482815,1218.0500702938132,2368.43069223797,discount_offer,250,1218.0500702938132
102544,8.0,14176.05,1772.00625,2024-10-06,2025-06-19,0.0,5.0,3.0,2.0,13.0,256.0,0.9375,0.0,0.375,Home & Kitchen,3.95,4.0,9.0,3.6666666666666665,2024-08-23,East,Social Media,29,Home & Kitchen,313,16531.176517571883,0,1,0.5717982958764471,1,0,0.0,472.6249280790172,1701.4497410844615,3308.3744965531196,discount_offer,250,1701.4497410844615
101775,1.0,418.39,418.39,2025-06-19,2025-06-19,0.0,0.0,0.0,1.0,13.0,1.0,30.0,0.0,0.0,Grocery,4.037037037037037,0.0,10.0,6.666666666666667,2025-05-02,South,Direct,35,Toys & Games,61,2503.481147540984,0,1,0.571778680495525,1,1,0.0,71.57185735932033,257.65868649355315,501.00300151524226,discount_offer,20,71.57185735932033
102458,12.0,10561.26,880.105,2023-09-28,2025-05-24,2.0,9.583333333333334,9.0,3.0,39.0,604.0,0.5960264900662252,0.1666666666666666,0.75,Beauty & Personal Care,4.125,8.0,14.0,4.666666666666667,2023-09-18,East,Social Media,34,Beauty & Personal Care,653,5903.307656967841,0,1,0.5717317851536282,1,0,0.0,168.7554312514653,607.519552505275,1181.2880187602568,discount_offer,20,168.7554312514653
102385,16.0,22676.28,1417.2675,2023-12-14,2025-04-21,1.0,6.875,7.0,3.0,72.0,494.0,0.97165991902834,0.0625,0.4375,Home & Kitchen,4.172727272727273,11.0,13.0,4.333333333333333,2023-11-12,South,Organic Search,36,Home & Kitchen,598,13840.873244147157,0,1,0.5715048927586605,1,0,0.0,395.5063389541267,1423.822820234856,2768.5443726788862,discount_offer,250,1423.822820234856
101652,10.0,5519.65,551.9649999999999,2024-07-11,2025-03-17,0.0,7.5,5.0,5.0,107.0,249.0,1.2048192771084336,0.0,0.5,Grocery,4.314285714285714,7.0,9.0,3.6666666666666665,2024-07-06,West,Paid Ads,25,Grocery,361,5580.809556786703,1,0,0.57109804550483,1,0,0.0,159.35947151077815,573.6940974388012,1115.5163005754468,discount_offer,20,159.35947151077815
101340,7.0,3896.94,556.7057142857143,2024-10-12,2025-07-02,2.0,2.142857142857143,2.0,2.0,0.0,263.0,0.7984790874524714,0.2857142857142857,0.2857142857142857,Beauty & Personal Care,4.1,2.0,14.0,4.666666666666667,2024-08-20,North,Organic Search,47,Beauty & Personal Care,316,4501.212341772152,0,1,0.5710294268711749,1,0,0.0,128.51623518738057,462.6584466745699,899.6136463116637,discount_offer,20,128.51623518738057
101827,2.0,2116.48,1058.24,2025-02-03,2025-06-04,1.0,0.0,0.0,1.0,28.0,121.0,0.4958677685950413,0.5,0.0,Fashion,4.037037037037037,0.0,10.0,3.333333333333333,2024-11-05,South,Social Media,29,Fashion,239,3232.281171548117,1,0,0.5709779925997601,1,0,0.0,92.27807074242725,332.20105467273805,645.9464951969906,discount_offer,20,92.27807074242725
101929,3.0,2272.33,757.4433333333333,2025-03-27,2025-05-06,1.0,8.333333333333334,3.0,3.0,57.0,40.0,2.25,0.3333333333333333,1.0,Beauty & Personal Care,3.8,2.0,5.0,4.333333333333333,2025-01-11,North,Social Media,33,Fashion,172,4822.095639534884,1,0,0.5709503870162022,1,1,0.0,137.65886858107916,495.57192689188486,963.6120800675538,discount_offer,20,137.65886858107916
104753,5.0,7266.76,1453.352,2024-12-17,2025-07-01,1.0,7.0,3.0,3.0,1.0,196.0,0.7653061224489796,0.2,0.6,Electronics,4.033333333333333,3.0,8.0,4.333333333333333,2024-11-12,West,Direct,35,Electronics,232,11432.618103448276,0,1,0.5707966690445322,1,0,0.0,326.28501659532463,1174.6260597431688,2283.9951161672725,discount_offer,250,1174.6260597431688
105443,13.0,8278.42,636.8015384615385,2024-06-06,2025-06-20,1.0,4.230769230769231,6.0,3.0,12.0,379.0,1.029023746701847,0.0769230769230769,0.4615384615384615,Beauty & Personal Care,3.6333333333333337,9.0,11.0,7.0,2024-05-31,West,Organic Search,34,Beauty & Personal Care,397,7611.141813602015,1,0,0.5707773232786973,1,0,0.0,217.2133575731164,781.968087263219,1520.4935030118147,discount_offer,20,217.2133575731164
101084,7.0,8450.14,1207.162857142857,2023-09-08,2025-06-11,1.0,11.428571428571429,5.0,4.0,21.0,642.0,0.3271028037383178,0.1428571428571428,0.7142857142857143,Fashion,3.85,2.0,12.0,3.333333333333333,2023-09-06,East,Direct,37,Fashion,665,4638.046766917293,1,0,0.5704690703458883,1,0,0.0,132.29311136720307,476.25520092193096,926.0517795704213,discount_offer,20,132.29311136720307
105604,24.0,60808.0,2533.6666666666665,2023-01-19,2025-01-19,2.0,5.625,11.0,6.0,164.0,731.0,0.9849521203830368,0.0833333333333333,0.4583333333333333,Electronics,3.72,15.0,13.0,4.0,2023-01-01,North,Paid Ads,43,Electronics,913,24309.87951807229,1,0,0.5704584250003318,1,0,0.0,693.3887790913673,2496.1996047289217,4853.7214536395695,discount_offer,250,2496.1996047289217
103816,20.0,16831.59,841.5795,2023-01-17,2025-03-08,2.0,8.5,12.0,5.0,116.0,781.0,0.7682458386683738,0.1,0.6,Fashion,3.9538461538461536,13.0,14.0,4.666666666666667,2023-01-01,Central,Paid Ads,19,Fashion,913,6728.948904709749,1,0,0.5702718390988686,1,0,0.0,191.8665033545573,690.7194120764061,1343.065523481901,discount_offer,20,191.8665033545573
104417,4.0,3185.34,796.335,2024-12-28,2025-07-02,0.0,8.75,2.0,2.0,0.0,186.0,0.6451612903225806,0.0,0.5,Sports & Outdoors,3.2,2.0,10.0,5.666666666666667,2024-12-01,East,Organic Search,22,Sports & Outdoors,213,5458.446478873239,1,0,0.5701153582287662,1,0,0.0,155.59720848376824,560.1499505415657,1089.1804593863774,discount_offer,20,155.59720848376824
101515,1.0,1022.14,1022.14,2025-03-24,2025-03-24,0.0,0.0,0.0,1.0,100.0,1.0,30.0,0.0,0.0,Fashion,2.6,1.0,14.0,8.333333333333334,2024-11-12,North,Paid Ads,52,Fashion,232,1608.1081896551725,1,0,0.570057765003579,1,0,0.0,45.83572802393896,165.00862088618024,320.85009616757264,discount_offer,0,0.0
105656,15.0,13946.37,929.758,2024-01-16,2025-03-22,0.0,4.0,5.0,5.0,102.0,431.0,1.0440835266821344,0.0,0.3333333333333333,Grocery,4.1875,8.0,9.0,7.333333333333333,2024-01-07,East,Organic Search,41,Grocery,542,9391.928136531364,1,0,0.5698765175584772,1,0,0.0,267.6119649802986,963.4030739290749,1873.28375486209,discount_offer,250,963.4030739290749
105901,7.0,13125.81,1875.115714285714,2024-04-02,2025-06-06,0.0,12.142857142857142,4.0,3.0,26.0,430.0,0.4883720930232558,0.0,0.5714285714285714,Fashion,3.98,5.0,14.0,4.666666666666667,2024-01-02,Central,Organic Search,23,Fashion,547,8758.538665447897,0,1,0.5698140948170822,1,0,0.0,249.53693907863047,898.3329806830696,1746.758573550413,discount_offer,250,898.3329806830696
102899,14.0,6656.88,475.49142857142857,2024-05-20,2025-06-24,1.0,4.642857142857143,6.0,1.0,8.0,400.0,1.05,0.0714285714285714,0.4285714285714285,Grocery,3.875,4.0,9.0,5.0,2024-03-18,North,Social Media,32,Grocery,471,5158.728662420383,0,1,0.5696040469343767,1,0,0.0,146.92163615755072,528.9178901671826,1028.451453102855,discount_offer,20,146.92163615755072
101665,17.0,16072.03,945.4135294117648,2023-03-01,2025-04-27,0.0,2.0588235294117645,3.0,6.0,66.0,788.0,0.6472081218274112,0.0,0.1764705882352941,Fashion,3.954545454545455,11.0,14.0,3.6666666666666665,2023-01-01,West,Organic Search,18,Fashion,913,6425.291292442497,0,1,0.5695493188035243,1,0,0.0,182.97601393624205,658.7136501704713,1280.8320975536942,discount_offer,20,182.97601393624205
103577,20.0,53887.0,2694.35,2023-10-02,2025-06-06,2.0,3.0,5.0,6.0,26.0,613.0,0.9787928221859706,0.1,0.25,Electronics,4.26,10.0,11.0,6.666666666666667,2023-09-13,Central,Email,36,Electronics,658,29891.72492401216,0,1,0.5695354172131254,1,0,0.0,851.2198012908623,3064.391284647104,5958.538609036035,discount_offer,900,5958.538609036035
102189,6.0,6390.61,1065.1016666666667,2024-08-11,2025-04-13,0.0,0.8333333333333334,1.0,3.0,80.0,245.0,0.7346938775510204,0.0,0.1666666666666666,Fashion,3.05,2.0,17.0,5.0,2024-07-13,West,Organic Search,18,Fashion,354,6589.188276836158,0,1,0.569191687639043,1,1,0.0,187.52555977318855,675.0920151834787,1312.6789184123197,discount_offer,20,187.52555977318855
103158,3.0,15718.83,5239.61,2024-11-21,2025-06-19,0.0,5.0,2.0,2.0,13.0,210.0,0.4285714285714285,0.0,0.6666666666666666,Electronics,4.8,1.0,13.0,6.666666666666667,2024-09-09,East,Email,35,Electronics,296,19383.01672297297,0,1,0.569104238728061,1,0,0.0,551.5478488190405,1985.5722557485453,3860.834941733283,discount_offer,250,1985.5722557485453
105121,6.0,2892.77,482.1283333333333,2024-10-30,2025-05-04,1.0,8.333333333333334,3.0,1.0,59.0,186.0,0.9677419354838708,0.1666666666666666,0.5,Grocery,4.333333333333333,3.0,9.0,4.666666666666667,2024-09-14,South,Social Media,43,Grocery,291,3628.3884879725088,1,0,0.568914883886119,1,0,0.0,103.21221076643054,371.5639587591499,722.4854753650137,discount_offer,20,103.21221076643054
105067,5.0,2644.02,528.804,2025-04-06,2025-06-17,0.0,2.0,2.0,2.0,15.0,72.0,2.083333333333333,0.0,0.4,Books,3.1,2.0,12.0,8.333333333333334,2025-01-27,Central,Email,37,Books,156,6186.328846153847,0,1,0.5688188219948015,1,1,0.0,175.94501433708453,633.4020516135043,1231.6151003595917,discount_offer,20,175.94501433708453
101038,6.0,10239.85,1706.6416666666669,2024-10-05,2025-06-22,1.0,4.166666666666667,2.0,4.0,10.0,260.0,0.6923076923076924,0.1666666666666666,0.3333333333333333,Home & Kitchen,4.4,2.0,14.0,4.666666666666667,2024-05-09,Central,Organic Search,18,Home & Kitchen,419,8920.155727923628,0,1,0.5688182612415552,1,0,0.0,253.69737355807086,913.310544809055,1775.881614906496,discount_offer,250,913.310544809055
105734,10.0,6565.25,656.525,2024-06-22,2025-02-01,1.0,6.0,5.0,4.0,151.0,224.0,1.3392857142857142,0.1,0.5,Beauty & Personal Care,4.3,2.0,13.0,5.0,2024-05-22,East,Direct,18,Beauty & Personal Care,406,5902.256773399015,1,0,0.5684945715980629,1,0,0.0,167.77004679276195,603.9721684539429,1174.3903275493333,discount_offer,20,167.77004679276195
100359,7.0,10893.9,1556.2714285714285,2024-07-19,2025-05-27,0.0,2.142857142857143,1.0,3.0,36.0,312.0,0.673076923076923,0.0,0.1428571428571428,Beauty & Personal Care,3.9,3.0,13.0,5.333333333333333,2024-06-29,South,Organic Search,44,Beauty & Personal Care,368,10805.091032608696,0,1,0.5684049593325368,1,0,0.0,307.0833664487152,1105.5001192153745,2149.583565141006,discount_offer,250,1105.5001192153745
105453,3.0,10621.0,3540.333333333333,2024-12-06,2025-02-04,1.0,1.6666666666666667,1.0,1.0,148.0,60.0,1.5,0.3333333333333333,0.3333333333333333,Electronics,3.75,2.0,12.0,5.333333333333333,2024-06-15,West,Referral,37,Electronics,382,10148.337696335078,1,0,0.5680107493154429,1,0,0.0,288.2182449600722,1037.58568185626,2017.5277147205054,discount_offer,250,1037.58568185626
101577,1.0,2118.01,2118.01,2025-06-10,2025-06-10,0.0,0.0,0.0,1.0,22.0,1.0,30.0,0.0,0.0,Beauty & Personal Care,2.3,1.0,9.0,4.0,2025-05-24,North,Social Media,41,Home & Kitchen,39,19822.401282051283,0,1,0.5676682617878989,1,0,0.0,562.6274040122136,2025.4586544439687,3938.391828085494,discount_offer,250,2025.4586544439687
102137,9.0,6148.54,683.1711111111111,2024-07-12,2025-05-07,1.0,4.444444444444445,3.0,4.0,56.0,299.0,0.903010033444816,0.1111111111111111,0.3333333333333333,Books,3.54,5.0,19.0,5.666666666666667,2024-06-21,South,Social Media,40,Books,376,5968.662499999999,0,1,0.5667401287052531,1,0,0.0,169.1340276724109,608.8824996206793,1183.9381937068763,discount_offer,20,169.1340276724109
102074,12.0,7859.43,654.9525,2024-06-17,2025-04-06,0.0,7.916666666666667,7.0,1.0,87.0,293.0,1.228668941979522,0.0,0.5833333333333334,Toys & Games,4.04,5.0,15.0,4.666666666666667,2024-05-28,North,Organic Search,27,Toys & Games,400,7171.729875,0,1,0.5666796226461125,1,0,0.0,203.20365896424258,731.5331722712732,1422.4256127496978,discount_offer,20,203.20365896424258
102755,6.0,13330.7,2221.7833333333333,2024-09-13,2025-05-30,1.0,4.166666666666667,2.0,2.0,33.0,259.0,0.694980694980695,0.1666666666666666,0.3333333333333333,Electronics,3.875,4.0,14.0,4.666666666666667,2024-09-04,Central,Referral,48,Electronics,301,16165.13455149502,0,1,0.566447655499036,1,0,0.0,457.83512837604076,1648.2064621537465,3204.845898632285,discount_offer,250,1648.2064621537465
104003,12.0,14810.1,1234.175,2024-06-01,2025-06-28,0.0,5.416666666666667,4.0,2.0,4.0,392.0,0.9183673469387756,0.0,0.3333333333333333,Fashion,4.083333333333333,6.0,10.0,3.6666666666666665,2024-05-15,North,Email,32,Fashion,413,13088.829297820825,0,1,0.5663337427258784,1,0,0.0,370.63228420675,1334.2762231442998,2594.4259894472493,discount_offer,250,1334.2762231442998
100681,16.0,50326.94,3145.43375,2023-07-09,2025-04-21,2.0,9.375,10.0,3.0,72.0,652.0,0.7361963190184049,0.125,0.625,Electronics,3.8857142857142857,7.0,16.0,7.0,2023-06-04,West,Social Media,46,Electronics,759,24202.01989459816,0,1,0.5661623857242137,1,0,0.0,685.1136661435289,2466.4091981167044,4795.795663004703,discount_offer,250,2466.4091981167044
104968,16.0,32255.44,2015.965,2023-01-11,2024-06-23,1.0,1.25,2.0,4.0,374.0,529.0,0.9073724007561436,0.0625,0.125,Electronics,3.822222222222222,9.0,13.0,4.0,2023-01-01,East,Email,34,Electronics,913,12895.11018619934,1,0,0.5661527854955386,1,0,0.0,365.0301275594325,1314.1084592139568,2555.210892916027,discount_offer,250,1314.1084592139568
100634,15.0,16570.52,1104.7013333333334,2023-10-09,2025-06-22,0.0,8.333333333333334,9.0,5.0,10.0,622.0,0.7234726688102894,0.0,0.6,Fashion,4.2125,8.0,10.0,4.333333333333333,2023-10-06,Central,Direct,28,Fashion,635,9524.787086614171,1,0,0.5658770593372232,1,1,0.0,269.49292536931927,970.1745313295493,1886.4504775852345,discount_offer,250,970.1745313295493
100393,9.0,30058.25,3339.805555555556,2024-09-03,2025-02-13,1.0,2.7777777777777777,2.0,3.0,139.0,163.0,1.656441717791411,0.1111111111111111,0.2222222222222222,Electronics,4.566666666666666,3.0,12.0,5.333333333333333,2024-06-04,East,Organic Search,51,Electronics,393,27916.695292620865,1,0,0.5657573075519814,1,0,0.0,789.7037182251128,2842.933385610406,5527.926027575788,discount_offer,900,5527.926027575788
100965,3.0,3197.2,1065.7333333333331,2025-03-09,2025-06-20,0.0,0.0,0.0,2.0,12.0,103.0,0.8737864077669903,0.0,0.0,Beauty & Personal Care,4.3,3.0,5.0,4.333333333333333,2025-02-18,Central,Organic Search,18,Beauty & Personal Care,134,8708.791044776119,0,1,0.5654999595068713,1,0,0.0,246.24104915873494,886.4677769714457,1723.6873441111443,discount_offer,250,886.4677769714457
104773,13.0,12778.01,982.9238461538462,2023-03-01,2025-03-26,1.0,2.6923076923076925,2.0,6.0,98.0,756.0,0.5158730158730159,0.0769230769230769,0.1538461538461538,Toys & Games,4.025,8.0,11.0,3.6666666666666665,2023-01-01,East,Paid Ads,18,Toys & Games,913,5108.404874041621,1,0,0.565320100546101,1,0,0.0,144.3941978511701,519.8191122642123,1010.7593849581906,discount_offer,20,144.3941978511701
102610,6.0,6770.68,1128.4466666666667,2025-01-11,2025-06-06,3.0,3.333333333333333,1.0,2.0,26.0,146.0,1.2328767123287672,0.5,0.1666666666666666,Beauty & Personal Care,3.12,5.0,10.0,4.0,2025-01-05,Central,Social Media,35,Beauty & Personal Care,178,13883.69775280899,1,0,0.5652065412521243,1,0,0.0,392.35783933275303,1412.488221597911,2746.504875329271,discount_offer,250,1412.488221597911
103979,3.0,11769.35,3923.116666666667,2025-01-27,2025-06-11,1.0,6.666666666666667,2.0,1.0,21.0,135.0,0.6666666666666666,0.3333333333333333,0.6666666666666666,Electronics,4.449999999999999,2.0,6.0,3.0,2025-01-26,North,Email,35,Electronics,157,27361.86464968153,1,0,0.5648325674372962,1,1,0.0,772.7436129975706,2781.877006791254,5409.2052909829945,discount_offer,900,5409.2052909829945
100603,1.0,1246.45,1246.45,2025-04-24,2025-04-24,0.0,10.0,1.0,1.0,69.0,1.0,30.0,0.0,1.0,Fashion,4.037037037037037,0.0,13.0,4.666666666666667,2024-12-30,Central,Email,24,Fashion,184,2472.577445652174,0,1,0.564798758699241,1,1,0.0,69.8254336046044,251.37156097657584,488.77803523223076,discount_offer,20,69.8254336046044
103335,2.0,3175.11,1587.555,2025-04-14,2025-05-07,0.0,0.0,0.0,1.0,56.0,23.0,2.608695652173913,0.0,0.0,Fashion,3.9,1.0,9.0,2.6666666666666665,2025-01-24,East,Referral,38,Fashion,159,7288.774528301887,1,0,0.5646201458745148,1,0,0.0,205.76944687081297,740.7700087349266,1440.3861280956908,discount_offer,20,205.76944687081297
104186,8.0,13900.84,1737.605,2024-05-15,2025-06-16,0.0,1.25,1.0,1.0,16.0,397.0,0.6045340050377834,0.0,0.125,Home & Kitchen,4.257142857142857,7.0,12.0,3.333333333333333,2024-04-02,West,Social Media,47,Home & Kitchen,456,11126.768859649124,0,1,0.5645738574456507,1,0,0.0,314.0941407999125,1130.738906879685,2198.6589855993875,discount_offer,250,1130.738906879685
104191,7.0,8881.119999999999,1268.7314285714283,2025-01-10,2025-04-01,1.0,12.142857142857142,6.0,1.0,92.0,81.0,2.592592592592593,0.1428571428571428,0.8571428571428571,Home & Kitchen,3.533333333333333,6.0,19.0,7.333333333333333,2025-01-06,North,Social Media,30,Home & Kitchen,177,18314.17401129944,0,1,0.564481820680931,1,0,0.0,516.9009145082849,1860.8432922298257,3618.3064015579944,discount_offer,250,1860.8432922298257
105922,4.0,19622.84,4905.71,2024-11-14,2025-02-21,0.0,1.25,1.0,2.0,131.0,99.0,1.2121212121212122,0.0,0.25,Electronics,4.037037037037037,0.0,10.0,5.333333333333333,2024-10-26,West,Email,25,Electronics,249,28764.40401606425,1,0,0.564267692104427,1,0,0.0,811.5411934451943,2921.548296402699,5680.788354116359,discount_offer,900,5680.788354116359
100226,24.0,34138.62,1422.4425,2023-03-21,2025-05-27,2.0,2.9166666666666665,6.0,7.0,36.0,798.0,0.9022556390977444,0.0833333333333333,0.25,Home & Kitchen,3.746153846153846,13.0,15.0,4.0,2023-02-18,North,Organic Search,23,Home & Kitchen,865,14405.3136416185,0,1,0.5640245110126638,1,0,0.0,406.24749913489654,1462.4909968856275,2843.7324939442756,discount_offer,250,1462.4909968856275
105569,20.0,20674.65,1033.7324999999998,2023-01-10,2025-06-09,3.0,5.0,9.0,7.0,23.0,881.0,0.681044267877412,0.15,0.45,Books,4.011111111111111,9.0,10.0,5.0,2023-01-01,Central,Paid Ads,43,Books,913,8265.33105147864,1,0,0.5639393554281049,1,1,0.0,233.0572732785383,839.0061838027377,1631.4009129497676,discount_offer,20,233.0572732785383
100572,6.0,10162.33,1693.7216666666666,2024-12-15,2025-05-03,0.0,5.833333333333333,2.0,2.0,60.0,139.0,1.2949640287769784,0.0,0.3333333333333333,Beauty & Personal Care,3.76,5.0,8.0,3.0,2024-11-29,West,Organic Search,33,Beauty & Personal Care,215,17252.327674418604,0,1,0.5637790115809713,1,1,0.0,486.3250121877379,1750.7700438758563,3404.275085314165,discount_offer,250,1750.7700438758563
103388,32.0,36394.96,1137.3425,2023-03-12,2025-06-02,2.0,9.53125,20.0,5.0,30.0,813.0,1.1808118081180812,0.0625,0.625,Fashion,4.288888888888889,18.0,8.0,5.333333333333333,2023-03-03,South,Direct,59,Fashion,852,15591.737558685443,0,1,0.5635654381317324,1,0,0.0,439.34822042477754,1581.653593529199,3075.4375429734423,discount_offer,250,1581.653593529199
102045,16.0,54661.06,3416.31625,2023-08-30,2025-05-10,2.0,1.25,2.0,5.0,53.0,619.0,0.7754442649434572,0.125,0.125,Electronics,3.5142857142857147,7.0,17.0,6.0,2023-08-27,Central,Social Media,31,Electronics,675,29557.46207407408,0,1,0.5635595188864384,1,0,0.0,832.8694552984668,2998.3300390744807,5830.086187089269,discount_offer,900,5830.086187089269
103479,4.0,1889.88,472.47,2025-01-08,2025-05-12,0.0,3.75,2.0,3.0,51.0,124.0,0.9677419354838708,0.0,0.5,Beauty & Personal Care,4.037037037037037,0.0,11.0,3.0,2024-11-25,West,Organic Search,30,Beauty & Personal Care,219,3149.8,1,0,0.5635274903930841,1,0,0.0,88.74994446200684,319.49980006322454,621.2496112340477,discount_offer,20,88.74994446200684
102991,1.0,1329.22,1329.22,2025-05-09,2025-05-09,0.0,0.0,0.0,1.0,54.0,1.0,30.0,0.0,0.0,Home & Kitchen,5.0,1.0,9.0,3.6666666666666665,2025-03-08,South,Organic Search,18,Home & Kitchen,116,4182.459482758621,1,0,0.5634715480549791,1,1,0.0,117.83484597136136,424.2054454969009,824.8439217995295,discount_offer,20,117.83484597136136
103017,8.0,39172.31,4896.53875,2024-10-01,2025-02-10,3.0,1.875,2.0,2.0,142.0,132.0,1.818181818181818,0.375,0.25,Electronics,4.0,4.0,14.0,4.666666666666667,2024-09-06,North,Organic Search,41,Electronics,299,47819.0406354515,0,1,0.5633845417220096,1,0,0.0,1347.0254146994998,4849.2914929182,9429.1779028965,discount_offer,900,9429.1779028965
101383,3.0,9865.69,3288.563333333333,2024-08-16,2024-11-08,1.0,0.0,0.0,2.0,236.0,84.0,1.0714285714285714,0.3333333333333333,0.0,Electronics,5.0,1.0,12.0,6.0,2024-07-30,Central,Referral,48,Electronics,337,10685.3912462908,0,1,0.5630396838059384,1,1,0.0,300.8149654327157,1082.9338755577764,2105.7047580290096,discount_offer,250,1082.9338755577764
103695,5.0,2712.6800000000003,542.5360000000001,2024-10-10,2025-05-29,1.0,5.0,3.0,2.0,34.0,231.0,0.6493506493506493,0.2,0.6,Books,3.7,2.0,17.0,6.0,2024-10-04,Central,Social Media,36,Books,271,3653.609594095941,0,1,0.562924117620685,1,0,0.0,102.83524784434633,370.2068922396467,719.8467349104242,discount_offer,20,102.83524784434633
100185,6.0,5529.67,921.6116666666668,2025-03-06,2025-04-29,0.0,1.6666666666666667,1.0,2.0,64.0,54.0,3.333333333333333,0.0,0.1666666666666666,Books,3.4,3.0,13.0,4.666666666666667,2025-02-01,East,Organic Search,26,Books,151,13366.420860927154,1,0,0.562903737043165,1,1,0.0,376.2004126753807,1354.3214856313703,2633.4028887276645,discount_offer,250,1354.3214856313703
104281,4.0,5560.52,1390.13,2025-01-08,2025-06-19,0.0,10.0,3.0,3.0,13.0,162.0,0.7407407407407407,0.0,0.75,Home & Kitchen,4.066666666666666,3.0,13.0,3.0,2024-08-06,South,Paid Ads,50,Home & Kitchen,330,6150.2721212121205,0,1,0.562639568652586,1,0,0.0,173.01932266874064,622.8695616074663,1211.1352586811845,discount_offer,20,173.01932266874064
103295,10.0,27713.52,2771.352,2024-09-03,2025-05-19,1.0,4.5,2.0,4.0,44.0,258.0,1.162790697674419,0.1,0.2,Electronics,4.0,4.0,10.0,6.333333333333333,2024-08-09,North,Email,26,Electronics,327,30934.05137614679,0,1,0.5624288419399999,1,0,0.0,869.910134599935,3131.6764845597654,6089.370942199544,discount_offer,900,6089.370942199544
104928,8.0,16186.54,2023.3175,2024-08-16,2025-04-28,1.0,5.625,4.0,4.0,65.0,255.0,0.9411764705882352,0.125,0.5,Fashion,4.0200000000000005,5.0,10.0,5.333333333333333,2024-06-24,East,Paid Ads,44,Fashion,373,15839.37560321716,0,1,0.5622768398977019,1,1,0.0,445.3057030064851,1603.1005308233462,3117.139921045395,discount_offer,250,1603.1005308233462
105234,9.0,8530.12,947.7911111111111,2024-09-04,2025-03-30,0.0,4.444444444444445,2.0,2.0,94.0,207.0,1.3043478260869563,0.0,0.2222222222222222,Fashion,3.966666666666667,3.0,12.0,6.0,2024-08-31,Central,Paid Ads,37,Fashion,305,10208.176393442624,0,1,0.5622623469047828,1,0,0.0,286.9836608297526,1033.1411789871092,2008.8856258082678,discount_offer,250,1033.1411789871092
102102,8.0,28054.79,3506.84875,2024-07-08,2025-05-28,2.0,5.0,4.0,3.0,35.0,324.0,0.7407407407407407,0.25,0.5,Electronics,3.775,4.0,18.0,4.0,2024-04-13,East,Organic Search,41,Electronics,445,23011.23224719101,0,1,0.5620122949323942,1,0,0.0,646.6297722233068,2327.867180003904,4526.4084055631465,discount_offer,250,2327.867180003904
102627,1.0,1783.09,1783.09,2025-05-12,2025-05-12,1.0,20.0,1.0,1.0,51.0,1.0,30.0,1.0,1.0,Fashion,5.0,1.0,10.0,5.666666666666667,2024-12-27,Central,Referral,30,Fashion,187,3480.362834224599,0,1,0.5617236370256415,1,1,0.0,97.75010347047558,351.90037249371204,684.2507242933291,discount_offer,20,97.75010347047558
104810,1.0,311.41,311.41,2025-07-02,2025-07-02,0.0,5.0,1.0,1.0,0.0,1.0,30.0,0.0,1.0,Beauty & Personal Care,2.8,1.0,2.0,2.0,2025-06-17,North,Organic Search,41,Home & Kitchen,15,7577.643333333334,0,1,0.5617031485328201,1,0,0.0,212.8193059396034,766.1495013825722,1489.7351415772237,discount_offer,20,212.8193059396034
103647,12.0,7942.98,661.915,2023-06-23,2025-05-28,0.0,7.083333333333333,5.0,2.0,35.0,705.0,0.5106382978723404,0.0,0.4166666666666667,Grocery,4.057142857142857,7.0,13.0,5.0,2023-01-31,East,Social Media,57,Grocery,883,3283.3382785956965,1,0,0.5614713520116081,1,1,0.0,92.1750191197296,331.8300688310265,645.2251338381071,discount_offer,20,92.1750191197296
103538,18.0,14819.75,823.3194444444445,2023-12-21,2025-01-25,1.0,8.61111111111111,10.0,4.0,158.0,401.0,1.346633416458853,0.0555555555555555,0.5555555555555556,Beauty & Personal Care,4.185714285714286,7.0,16.0,6.333333333333333,2023-11-20,Central,Paid Ads,35,Beauty & Personal Care,590,9168.150423728814,0,1,0.5612060910922411,1,0,0.0,257.26109309232606,926.1399351323738,1800.8276516462822,discount_offer,250,926.1399351323738
105942,6.0,4249.219999999999,708.2033333333333,2024-08-04,2025-04-22,0.0,10.0,3.0,3.0,71.0,261.0,0.6896551724137931,0.0,0.5,Fashion,3.96,5.0,13.0,3.6666666666666665,2024-04-28,South,Paid Ads,31,Fashion,430,3606.896046511627,1,0,0.5610182362778507,1,0,0.0,101.17672292257528,364.23620252127097,708.2370604580269,discount_offer,20,101.17672292257528
100347,12.0,16782.87,1398.5725,2024-03-29,2025-05-09,0.0,2.5,3.0,2.0,54.0,406.0,0.8866995073891626,0.0,0.25,Home & Kitchen,3.842857142857144,7.0,10.0,4.0,2023-08-06,North,Referral,24,Home & Kitchen,696,8801.361422413793,1,0,0.5609172951511145,1,0,0.0,246.84179213538556,888.6304516873879,1727.8925449476985,discount_offer,250,888.6304516873879
104085,6.0,9077.18,1512.8633333333337,2025-02-19,2025-06-02,1.0,0.0,0.0,4.0,30.0,103.0,1.7475728155339807,0.1666666666666666,0.0,Electronics,3.3666666666666667,3.0,13.0,6.0,2025-02-17,West,Paid Ads,37,Electronics,135,24542.005185185182,0,1,0.5606759522653489,1,0,0.0,688.0056063852418,2476.82018298687,4816.039244696691,discount_offer,250,2476.82018298687
100829,8.0,17582.260000000002,2197.7825000000003,2024-04-02,2025-01-08,2.0,10.0,5.0,4.0,175.0,281.0,0.8540925266903914,0.25,0.625,Electronics,4.166666666666667,3.0,14.0,5.0,2024-03-14,South,Social Media,39,Electronics,475,13510.578736842106,1,0,0.560649513414847,1,0,0.0,378.73496973817527,1363.4458910574308,2651.144788167227,discount_offer,250,1363.4458910574308
104123,6.0,15969.52,2661.5866666666666,2024-08-27,2025-06-19,2.0,1.6666666666666667,1.0,3.0,13.0,296.0,0.6081081081081081,0.3333333333333333,0.1666666666666666,Electronics,4.2,4.0,15.0,5.666666666666667,2024-07-18,East,Email,18,Electronics,349,16701.646991404014,0,1,0.5605982101490377,1,0,0.0,468.1456704961075,1685.324413785987,3277.0196934727524,discount_offer,250,1685.324413785987
105238,2.0,1184.59,592.2950000000001,2025-06-19,2025-06-22,0.0,5.0,1.0,2.0,10.0,3.0,20.0,0.0,0.5,Grocery,4.3,1.0,7.0,4.333333333333333,2025-04-30,Central,Social Media,34,Grocery,63,6863.100793650795,0,1,0.5605639916947593,1,0,0.0,192.36035881461805,692.4972917326248,1346.522511702326,discount_offer,20,192.36035881461805
101648,19.0,10925.69,575.0363157894737,2023-08-14,2025-01-17,1.0,9.473684210526317,11.0,5.0,166.0,522.0,1.091954022988506,0.0526315789473684,0.5789473684210527,Beauty & Personal Care,4.283333333333333,12.0,16.0,4.333333333333333,2023-08-12,North,Organic Search,26,Beauty & Personal Care,690,5779.531666666667,0,1,0.5603415826008575,1,1,0.0,161.9255960395886,582.932145742519,1133.47917227712,discount_offer,20,161.9255960395886
104584,2.0,882.02,441.01,2025-05-02,2025-06-30,0.0,5.0,1.0,2.0,2.0,59.0,1.0169491525423728,0.0,0.5,Books,2.2,1.0,14.0,5.333333333333333,2025-01-21,Central,Referral,50,Books,162,1987.2672839506167,1,0,0.5603177780536034,1,1,0.0,55.67505944709144,200.4302140095292,389.7254161296401,discount_offer,0,0.0
102258,5.0,4050.78,810.156,2025-03-26,2025-05-20,1.0,9.0,3.0,3.0,43.0,55.0,2.7272727272727275,0.2,0.6,Fashion,3.5,2.0,12.0,5.0,2025-03-01,North,Referral,55,Fashion,123,12020.607317073169,1,0,0.5602755309462367,1,1,0.0,336.74260734346944,1212.2733864364898,2357.1982514042857,discount_offer,250,1212.2733864364898
105158,17.0,27928.8,1642.870588235294,2023-08-10,2025-03-25,0.0,3.823529411764706,6.0,3.0,99.0,593.0,0.8600337268128162,0.0,0.3529411764705882,Home & Kitchen,3.9125,8.0,12.0,4.333333333333333,2023-06-07,North,Paid Ads,22,Home & Kitchen,756,13484.142857142857,1,0,0.5600502968521429,1,0,0.0,377.589910496978,1359.3236777891207,2643.1293734788455,discount_offer,250,1359.3236777891207
100971,4.0,3000.1,750.025,2024-12-12,2025-05-20,0.0,11.25,3.0,2.0,43.0,159.0,0.7547169811320755,0.0,0.75,Toys & Games,2.9,2.0,13.0,4.0,2024-12-10,Central,Organic Search,44,Toys & Games,204,5367.825980392156,1,0,0.5598084974745714,1,0,0.0,150.2477298394151,540.8918274218943,1051.7341088759053,discount_offer,20,150.2477298394151
105944,5.0,14603.94,2920.788,2025-03-08,2025-06-21,1.0,7.0,2.0,2.0,11.0,105.0,1.4285714285714286,0.2,0.4,Electronics,3.25,4.0,9.0,5.0,2024-12-12,Central,Paid Ads,46,Electronics,202,26388.307425742576,1,0,0.5596261186026432,1,0,0.0,738.3793030580814,2658.1654910090924,5168.6551214065685,discount_offer,250,2658.1654910090924
101453,9.0,10679.88,1186.6533333333332,2023-11-09,2025-07-02,1.0,7.222222222222222,4.0,3.0,0.0,601.0,0.4492512479201331,0.1111111111111111,0.4444444444444444,Home & Kitchen,4.575,4.0,11.0,4.0,2023-06-28,West,Direct,38,Home & Kitchen,735,5303.61387755102,0,1,0.5595403859840605,1,1,0.0,148.37930780776588,534.1655081079572,1038.655154654361,discount_offer,20,148.37930780776588
104010,20.0,63661.3,3183.065,2023-03-20,2025-07-02,5.0,8.0,13.0,4.0,0.0,835.0,0.718562874251497,0.25,0.65,Electronics,3.966666666666667,12.0,14.0,4.333333333333333,2023-01-01,South,Direct,25,Electronics,913,25450.574479737126,0,1,0.5594334315709254,1,1,0.0,711.895110832538,2562.8223989971366,4983.2657758277655,discount_offer,250,2562.8223989971366
105926,4.0,2410.8,602.7,2024-09-03,2025-01-07,0.0,3.75,1.0,3.0,176.0,126.0,0.9523809523809524,0.0,0.25,Beauty & Personal Care,2.9,1.0,16.0,6.0,2024-08-17,Central,Organic Search,28,Beauty & Personal Care,319,2758.4388714733545,1,0,0.5593098670411045,1,0,0.0,77.14110392223881,277.70797412005976,539.9877274556717,discount_offer,20,77.14110392223881
102613,7.0,7781.32,1111.6171428571429,2024-09-17,2025-06-26,1.0,6.428571428571429,4.0,4.0,6.0,282.0,0.7446808510638298,0.1428571428571428,0.5714285714285714,Home & Kitchen,3.54,5.0,16.0,3.333333333333333,2024-09-05,East,Email,56,Home & Kitchen,300,9467.272666666668,0,1,0.559073837659925,1,0,0.0,264.6452230963123,952.7228031467242,1852.516561674186,discount_offer,250,952.7228031467242
104069,24.0,26977.41,1124.05875,2023-11-07,2025-05-26,2.0,3.9583333333333335,7.0,7.0,37.0,566.0,1.2720848056537102,0.0833333333333333,0.2916666666666667,Books,3.91,10.0,10.0,4.333333333333333,2023-11-03,East,Email,18,Books,607,16222.001070840195,0,1,0.5589894010842698,1,1,0.0,453.3963331488672,1632.2267993359217,3173.77433204207,discount_offer,250,1632.2267993359217
103564,10.0,22125.09,2212.509,2024-05-30,2025-06-27,3.0,10.5,6.0,3.0,5.0,393.0,0.7633587786259542,0.3,0.6,Electronics,4.05,4.0,15.0,7.666666666666667,2024-04-07,Central,Organic Search,27,Electronics,451,17906.114966740577,0,1,0.558641358471,1,0,0.0,500.15481949789313,1800.557350192415,3501.0837364852514,discount_offer,250,1800.557350192415
100281,1.0,396.93,396.93,2025-04-27,2025-04-27,0.0,20.0,1.0,1.0,66.0,1.0,30.0,0.0,1.0,Grocery,2.7,1.0,14.0,3.333333333333333,2025-04-18,South,Paid Ads,27,Electronics,75,1931.726,1,0,0.5585420945543775,1,1,0.0,53.947514307257485,194.21105150612692,377.6326001508023,discount_offer,0,0.0
100819,6.0,3100.94,516.8233333333334,2024-11-14,2025-06-22,0.0,0.0,0.0,3.0,10.0,220.0,0.8181818181818182,0.0,0.0,Beauty & Personal Care,2.766666666666667,3.0,14.0,5.666666666666667,2024-08-20,North,Referral,49,Beauty & Personal Care,316,3581.7819620253167,1,0,0.558334106669945,1,0,0.0,99.9915516026964,359.969585769707,699.9408612188747,discount_offer,20,99.9915516026964
102284,16.0,22521.09,1407.568125,2023-01-02,2025-04-19,1.0,3.125,4.0,5.0,74.0,838.0,0.5727923627684964,0.0625,0.25,Sports & Outdoors,3.914285714285714,7.0,12.0,2.6666666666666665,2023-01-01,Central,Direct,42,Sports & Outdoors,913,9003.502573932092,1,0,0.5582067172445526,1,0,0.0,251.29078077487566,904.6468107895523,1759.0354654241296,discount_offer,250,904.6468107895523
100472,10.0,27343.48,2734.348,2024-05-02,2025-06-29,2.0,5.0,5.0,4.0,3.0,423.0,0.7092198581560284,0.2,0.5,Electronics,3.9,7.0,14.0,5.333333333333333,2024-04-10,Central,Organic Search,48,Electronics,448,22277.612053571425,0,1,0.5581764954448416,1,0,0.0,621.741971147113,2238.2710961296066,4352.193798029791,discount_offer,250,2238.2710961296066
103609,4.0,6320.65,1580.1625,2024-10-28,2025-06-26,0.0,0.0,0.0,2.0,6.0,241.0,0.4979253112033195,0.0,0.0,Toys & Games,4.4,2.0,8.0,5.666666666666667,2024-07-27,West,Email,67,Toys & Games,340,6785.403676470588,1,0,0.5581371107107133,1,0,0.0,189.3592801495573,681.6934085384062,1325.5149610469007,discount_offer,20,189.3592801495573
103762,2.0,1403.3000000000002,701.6500000000001,2025-02-15,2025-03-20,0.0,0.0,0.0,2.0,104.0,33.0,1.818181818181818,0.0,0.0,Beauty & Personal Care,4.3,2.0,14.0,2.6666666666666665,2024-10-10,South,Paid Ads,41,Grocery,265,1932.847169811321,0,1,0.5579013372070526,1,1,0.0,53.91690103273016,194.10084371782852,377.418307229111,discount_offer,0,0.0
103640,6.0,5464.59,910.765,2024-06-30,2025-05-06,3.0,6.666666666666667,3.0,3.0,57.0,310.0,0.5806451612903225,0.5,0.5,Fashion,4.333333333333333,3.0,14.0,4.333333333333333,2024-06-29,West,Paid Ads,46,Fashion,368,5420.041711956522,0,1,0.5577048884948992,1,0,0.0,151.13918793022074,544.1010765487946,1057.974315511545,discount_offer,20,151.13918793022074
103391,16.0,14294.18,893.38625,2024-07-09,2025-04-11,4.0,2.8125,5.0,3.0,82.0,276.0,1.7391304347826089,0.25,0.3125,Toys & Games,3.822222222222222,9.0,15.0,7.333333333333333,2024-06-07,Central,Organic Search,27,Toys & Games,390,13377.88641025641,0,1,0.5576413347527334,1,0,0.0,373.00312169929185,1342.8112381174506,2611.021851895043,discount_offer,250,1342.8112381174506
101405,4.0,4672.55,1168.1375,2024-08-08,2025-07-01,0.0,1.25,1.0,3.0,1.0,327.0,0.3669724770642201,0.0,0.25,Grocery,3.9,4.0,11.0,4.333333333333333,2024-07-29,East,Paid Ads,37,Grocery,338,5045.801035502958,1,0,0.5574364087665236,1,0,0.0,140.63566042905876,506.2883775446115,984.4496230034111,discount_offer,20,140.63566042905876
101178,4.0,1838.5,459.625,2025-06-19,2025-07-02,0.0,1.25,1.0,1.0,0.0,13.0,9.23076923076923,0.0,0.25,Beauty & Personal Care,2.575,4.0,12.0,5.5,2025-05-28,East,Organic Search,34,Beauty & Personal Care,35,19172.92857142857,0,1,0.557398939809736,1,0,0.0,534.348502938104,1923.6546105771745,3740.439520566728,discount_offer,250,1923.6546105771745
100478,9.0,27263.62,3029.291111111111,2024-01-16,2025-06-30,0.0,6.666666666666667,4.0,2.0,2.0,531.0,0.5084745762711864,0.0,0.4444444444444444,Electronics,4.025,8.0,11.0,5.666666666666667,2023-12-26,West,Referral,32,Electronics,554,17962.493321299637,0,1,0.5573449112825305,1,1,0.0,500.56521232863963,1802.0347643831026,3503.956486300477,discount_offer,250,1802.0347643831026
104873,9.0,6458.85,717.6500000000001,2024-12-31,2025-06-29,0.0,2.7777777777777777,3.0,5.0,3.0,180.0,1.5,0.0,0.3333333333333333,Beauty & Personal Care,3.675,4.0,13.0,4.333333333333333,2024-06-28,Central,Organic Search,40,Beauty & Personal Care,369,6388.835365853659,0,1,0.5572899542724792,1,1,0.0,178.02168844454917,640.878078400377,1246.1518191118441,discount_offer,20,178.02168844454917
102969,1.0,283.38,283.38,2025-05-25,2025-05-25,0.0,10.0,1.0,1.0,38.0,1.0,30.0,0.0,1.0,Books,3.6,1.0,14.0,7.0,2025-05-17,East,Paid Ads,41,Grocery,46,2248.558695652174,0,1,0.5572141125327613,1,0,0.0,62.64643190378247,225.52715485361688,438.52502332647725,discount_offer,20,62.64643190378247
100221,3.0,1824.38,608.1266666666667,2024-12-31,2025-03-08,0.0,3.333333333333333,2.0,1.0,116.0,67.0,1.343283582089552,0.0,0.6666666666666666,Grocery,2.9,1.0,15.0,7.0,2024-12-26,North,Social Media,54,Grocery,188,3542.014361702128,1,0,0.5569787904365827,1,1,0.0,98.6413437444928,355.1088374801741,690.4894062114495,discount_offer,20,98.6413437444928
103433,10.0,14030.95,1403.095,2025-02-10,2025-07-02,3.0,7.5,6.0,3.0,0.0,142.0,2.112676056338028,0.3,0.6,Fashion,3.4200000000000004,5.0,14.0,3.0,2025-02-06,East,Social Media,31,Fashion,146,35077.375,0,1,0.55661115666484,1,0,0.0,976.2229135758171,3514.4024888729414,6833.560395030719,discount_offer,900,6833.560395030719
101168,5.0,13720.15,2744.03,2024-11-10,2025-02-26,0.0,3.0,2.0,4.0,126.0,108.0,1.3888888888888888,0.0,0.4,Electronics,3.866666666666666,3.0,5.0,6.333333333333333,2024-10-10,North,Social Media,29,Electronics,265,18897.56509433962,1,0,0.5564027992101245,1,0,0.0,525.7329058373052,1892.6384610142989,3680.130340861137,discount_offer,250,1892.6384610142989
105204,11.0,10730.65,975.5136363636364,2024-05-25,2025-06-29,0.0,4.545454545454546,3.0,4.0,3.0,400.0,0.825,0.0,0.2727272727272727,Toys & Games,3.35,4.0,18.0,6.333333333333333,2024-05-16,West,Email,26,Toys & Games,412,9506.52245145631,0,1,0.5562240113826197,1,0,0.0,264.3878026123983,951.7960894046336,1850.7146182867873,discount_offer,250,951.7960894046336
103210,16.0,11928.21,745.5131250000001,2023-03-08,2025-05-02,1.0,4.6875,6.0,5.0,61.0,786.0,0.6106870229007634,0.0625,0.375,Grocery,4.0,7.0,12.0,4.333333333333333,2023-01-01,West,Organic Search,58,Grocery,913,4768.671029572837,1,0,0.5561885308693926,1,0,0.0,132.6140067068775,477.41042414475896,928.2980469481425,discount_offer,20,132.6140067068775
105384,15.0,11447.74,763.1826666666667,2023-02-09,2025-05-24,1.0,6.333333333333333,11.0,6.0,39.0,835.0,0.5389221556886228,0.0666666666666666,0.7333333333333333,Grocery,3.86,10.0,13.0,3.6666666666666665,2023-01-01,Central,Direct,38,Grocery,913,4576.588280394304,0,1,0.5561710017627274,1,0,0.0,127.26828442812291,458.1658239412424,890.8779909968603,discount_offer,20,127.26828442812291
102276,1.0,1136.41,1136.41,2025-02-24,2025-02-24,0.0,15.0,1.0,1.0,128.0,1.0,30.0,0.0,1.0,Sports & Outdoors,4.037037037037037,0.0,10.0,6.0,2025-02-16,West,Direct,49,Fashion,136,3049.923897058824,1,0,0.5561636158985518,1,0,0.0,84.8128351401819,305.32620650465486,593.6898459812733,discount_offer,20,84.8128351401819
104197,26.0,17200.42,661.5546153846153,2023-09-24,2025-05-25,1.0,4.230769230769231,7.0,6.0,38.0,609.0,1.2807881773399017,0.0384615384615384,0.2692307692307692,Books,3.9333333333333336,12.0,14.0,3.333333333333333,2023-09-14,South,Organic Search,18,Books,657,9555.788888888888,0,1,0.5560756877322627,1,0,0.0,265.68709391066017,956.4735380783765,1859.8096573746209,discount_offer,250,956.4735380783765
102088,7.0,2612.29,373.1842857142857,2024-11-18,2025-04-10,0.0,5.714285714285714,4.0,1.0,83.0,143.0,1.4685314685314683,0.0,0.5714285714285714,Books,4.1000000000000005,3.0,15.0,4.666666666666667,2024-10-08,North,Paid Ads,40,Books,267,3571.108052434457,0,1,0.5560224564493504,1,1,0.0,99.28081357803313,357.41092888091924,694.9656950462319,discount_offer,20,99.28081357803313
100731,5.0,15168.14,3033.628,2024-08-03,2025-06-06,0.0,7.0,3.0,1.0,26.0,307.0,0.488599348534202,0.0,0.6,Electronics,4.0,3.0,11.0,4.333333333333333,2024-06-11,North,Referral,28,Electronics,386,14342.930310880827,1,0,0.5560057435595513,1,0,0.0,398.7375816162061,1435.455293818342,2791.1630713134423,discount_offer,250,1435.455293818342
104817,3.0,4232.2,1410.7333333333331,2024-07-26,2025-06-01,1.0,0.0,0.0,1.0,31.0,310.0,0.2903225806451612,0.3333333333333333,0.0,Fashion,3.8,1.0,15.0,5.666666666666667,2024-07-05,Central,Social Media,35,Fashion,362,4267.273480662983,0,1,0.5557128483911536,1,1,0.0,118.56893504016296,426.8481661445866,829.9825452811406,discount_offer,20,118.56893504016296
100476,9.0,8886.85,987.4277777777778,2024-02-21,2025-04-21,0.0,6.666666666666667,6.0,3.0,72.0,425.0,0.6352941176470589,0.0,0.6666666666666666,Home & Kitchen,3.725,4.0,18.0,6.0,2024-02-04,West,Social Media,54,Home & Kitchen,514,6310.700875486382,1,0,0.5554338852298438,1,1,0.0,175.2588552897389,630.93187904306,1226.8119870281723,discount_offer,20,175.2588552897389
101583,1.0,178.14,178.14,2025-06-13,2025-06-13,0.0,5.0,1.0,1.0,19.0,1.0,30.0,0.0,1.0,Books,2.9,1.0,10.0,5.333333333333333,2025-04-08,East,Direct,26,Books,85,764.9541176470589,1,0,0.5554071043699244,1,1,0.0,21.24304757291017,76.47497126247661,148.7013330103712,discount_offer,0,0.0
104598,1.0,204.82,204.82,2025-06-17,2025-06-17,0.0,10.0,1.0,1.0,15.0,1.0,30.0,0.0,1.0,Books,4.037037037037037,0.0,14.0,3.0,2025-04-21,Central,Direct,18,Books,72,1038.323611111111,1,0,0.5552347765758778,1,1,0.0,28.825668911436818,103.77240808117254,201.77968238005772,discount_offer,0,0.0
103680,7.0,12039.77,1719.967142857143,2024-07-10,2025-05-25,1.0,5.714285714285714,3.0,3.0,38.0,319.0,0.658307210031348,0.1428571428571428,0.4285714285714285,Toys & Games,3.533333333333333,3.0,16.0,6.0,2024-06-19,South,Organic Search,40,Toys & Games,378,11625.703835978837,1,0,0.5546252234096091,1,1,0.0,322.3954293661856,1160.623545718268,2256.7680055632986,discount_offer,250,1160.623545718268
101043,3.0,8015.26,2671.7533333333336,2024-09-19,2025-02-06,0.0,1.6666666666666667,1.0,2.0,146.0,140.0,0.6428571428571428,0.0,0.3333333333333333,Electronics,4.433333333333333,3.0,11.0,3.0,2024-09-19,West,Direct,44,Electronics,286,10229.265384615384,1,0,0.5546225250113612,1,0,0.0,283.66904983133486,1021.2085793928055,1985.6833488193442,discount_offer,250,1021.2085793928055
105184,5.0,6827.15,1365.4299999999998,2025-01-31,2025-06-21,0.0,2.0,1.0,1.0,11.0,141.0,1.0638297872340423,0.0,0.2,Fashion,3.2,2.0,7.0,4.333333333333333,2025-01-25,North,Paid Ads,36,Fashion,158,15771.58069620253,1,0,0.5545051769758026,1,0,0.0,437.2711572567968,1574.1761661244684,3060.8981007975776,discount_offer,250,1574.1761661244684
102321,2.0,2569.93,1284.965,2025-01-15,2025-05-24,0.0,10.0,1.0,2.0,39.0,129.0,0.4651162790697674,0.0,0.5,Electronics,4.6,1.0,9.0,4.0,2025-01-04,North,Referral,40,Fashion,179,5240.360055865922,1,0,0.5543160509550482,1,0,0.0,145.24078458750867,522.8668245150312,1016.6854921125607,discount_offer,20,145.24078458750867
100967,11.0,19901.87,1809.260909090909,2024-03-28,2025-05-11,2.0,7.272727272727272,5.0,3.0,52.0,409.0,0.8068459657701712,0.1818181818181818,0.4545454545454545,Home & Kitchen,4.0,7.0,11.0,7.0,2024-03-28,East,Organic Search,38,Home & Kitchen,461,15757.445878524944,1,0,0.5540793377254414,1,1,0.0,436.54375883087937,1571.5575317911655,3055.8063118161554,discount_offer,250,1571.5575317911655
103370,12.0,18807.25,1567.2708333333333,2024-01-10,2025-05-18,1.0,7.083333333333333,6.0,3.0,45.0,494.0,0.7287449392712552,0.0833333333333333,0.5,Sports & Outdoors,4.133333333333334,6.0,8.0,6.0,2023-12-09,West,Organic Search,35,Sports & Outdoors,571,12022.14754816112,1,0,0.5540166241176178,1,0,0.0,333.023479963806,1198.8845278697015,2331.1643597466414,discount_offer,250,1198.8845278697015
105126,12.0,17798.25,1483.1875,2024-01-20,2025-05-15,1.0,1.6666666666666667,2.0,4.0,48.0,481.0,0.7484407484407484,0.0833333333333333,0.1666666666666666,Sports & Outdoors,3.8142857142857145,7.0,13.0,4.333333333333333,2023-07-17,Central,Paid Ads,18,Sports & Outdoors,716,9073.130237430169,1,0,0.5535187658418408,1,1,0.0,251.10739256723176,903.9866132420342,1757.7517479706219,discount_offer,250,903.9866132420342
103013,4.0,10751.19,2687.7975,2025-02-17,2025-06-30,0.0,2.5,1.0,2.0,2.0,133.0,0.9022556390977444,0.0,0.25,Electronics,4.133333333333333,3.0,11.0,6.0,2025-01-12,East,Referral,32,Electronics,171,22948.44649122807,0,1,0.5534509194412692,1,0,0.0,635.0419405159473,2286.15098585741,4445.29358361163,discount_offer,250,2286.15098585741
103328,13.0,9394.26,722.6353846153846,2023-10-03,2025-06-17,4.0,6.538461538461538,7.0,3.0,15.0,623.0,0.6260032102728732,0.3076923076923077,0.5384615384615384,Fashion,4.566666666666666,9.0,6.0,2.6666666666666665,2023-07-23,North,Organic Search,26,Fashion,710,4829.443521126761,1,0,0.5533875204678268,1,0,0.0,133.62768876978745,481.0596795712348,935.3938213885122,discount_offer,20,133.62768876978745
105461,10.0,16509.06,1650.9060000000002,2023-12-05,2025-03-23,0.0,2.0,2.0,5.0,101.0,474.0,0.6329113924050632,0.0,0.2,Toys & Games,4.3,6.0,11.0,2.333333333333333,2023-12-05,West,Referral,48,Toys & Games,575,10479.664173913045,1,0,0.5533341398374868,1,0,0.0,289.9377980728951,1043.7760730624223,2029.5645865102654,discount_offer,250,1043.7760730624223
101300,5.0,3188.53,637.7059999999999,2025-01-12,2025-05-08,1.0,8.0,4.0,1.0,55.0,116.0,1.293103448275862,0.2,0.8,Toys & Games,4.2,3.0,10.0,3.6666666666666665,2024-08-13,South,Organic Search,49,Toys & Games,323,3603.137616099071,0,1,0.5533020437606407,1,1,0.0,99.68117034692294,358.85221324892257,697.7681924284606,discount_offer,20,99.68117034692294
104021,4.0,1834.39,458.5975,2025-01-05,2025-04-15,2.0,11.25,3.0,2.0,78.0,100.0,1.2,0.5,0.75,Beauty & Personal Care,4.1000000000000005,3.0,16.0,5.333333333333333,2024-12-22,Central,Referral,22,Beauty & Personal Care,192,3487.2518229166667,0,1,0.5532799282614254,1,0,0.0,96.47132192064291,347.29675891431447,675.2992534445003,discount_offer,20,96.47132192064291
102666,3.0,5467.84,1822.6133333333328,2024-09-03,2025-02-13,1.0,5.0,2.0,2.0,139.0,163.0,0.5521472392638036,0.3333333333333333,0.6666666666666666,Home & Kitchen,3.9,2.0,12.0,4.666666666666667,2024-08-27,Central,Referral,25,Home & Kitchen,309,6458.775404530745,1,0,0.5532695773996241,1,0,0.0,178.6721969291906,643.219908945086,1250.705378504334,discount_offer,20,178.6721969291906
101100,9.0,16676.5,1852.9444444444443,2024-06-22,2025-05-11,1.0,5.0,3.0,2.0,52.0,323.0,0.8359133126934983,0.1111111111111111,0.3333333333333333,Fashion,3.82,5.0,11.0,6.666666666666667,2024-05-26,West,Direct,32,Fashion,402,15141.598258706468,1,0,0.5532644658959213,1,0,0.0,418.8654136706923,1507.915489214492,2932.057895694846,discount_offer,250,1507.915489214492
103641,9.0,5789.34,643.26,2024-08-27,2025-04-16,0.0,7.222222222222222,5.0,3.0,77.0,232.0,1.1637931034482758,0.0,0.5555555555555556,Toys & Games,3.3,4.0,16.0,4.666666666666667,2024-08-18,Central,Referral,39,Toys & Games,318,6644.99716981132,0,1,0.553259250725176,1,1,0.0,183.82030776203632,661.7531079433306,1286.742154334254,discount_offer,20,183.82030776203632
100212,10.0,15284.32,1528.432,2024-07-08,2025-06-03,0.0,7.0,3.0,3.0,29.0,330.0,0.9090909090909092,0.0,0.3,Home & Kitchen,3.9625,8.0,9.0,3.6666666666666665,2024-05-24,Central,Organic Search,36,Home & Kitchen,404,13808.853465346536,1,0,0.5532348390120392,1,0,0.0,381.97694119209154,1375.1169882915294,2673.8385883446404,discount_offer,250,1375.1169882915294
105905,9.0,12236.51,1359.6122222222225,2024-09-13,2025-04-25,1.0,3.333333333333333,4.0,4.0,68.0,224.0,1.2053571428571428,0.1111111111111111,0.4444444444444444,Sports & Outdoors,4.25,6.0,12.0,5.333333333333333,2024-08-26,South,Organic Search,32,Sports & Outdoors,310,14407.50370967742,0,1,0.5531950696840444,1,0,0.0,398.50800093240645,1434.6288033566632,2789.5560065268446,discount_offer,250,1434.6288033566632
101349,12.0,32306.82,2692.235,2024-05-09,2025-05-07,3.0,3.75,4.0,5.0,56.0,363.0,0.9917355371900828,0.25,0.3333333333333333,Electronics,3.2285714285714286,7.0,12.0,7.666666666666667,2024-04-22,South,Paid Ads,18,Electronics,436,27045.84701834862,1,0,0.5530735008389104,1,0,0.0,747.9170646795839,2692.5014328465018,5235.419452757087,discount_offer,250,2692.5014328465018
101877,2.0,1594.5700000000002,797.2850000000001,2025-03-15,2025-03-30,0.0,15.0,1.0,2.0,94.0,15.0,4.0,0.0,0.5,Grocery,3.35,2.0,13.0,4.666666666666667,2025-02-25,South,Social Media,49,Toys & Games,127,4582.819291338583,1,0,0.5528246304451093,1,0,0.0,126.6747690565485,456.02916860357453,886.7233833958394,discount_offer,20,126.6747690565485
103569,4.0,8519.08,2129.77,2024-11-28,2025-06-07,0.0,15.0,3.0,2.0,25.0,191.0,0.6282722513089005,0.0,0.75,Electronics,3.9333333333333336,3.0,10.0,4.333333333333333,2024-07-21,North,Direct,53,Electronics,346,8986.890751445086,1,0,0.552694500851714,1,0,0.0,248.35025490394133,894.0609176541888,1738.4517843275894,discount_offer,250,894.0609176541888
105570,1.0,779.86,779.86,2025-05-25,2025-05-25,0.0,0.0,0.0,1.0,38.0,1.0,30.0,0.0,0.0,Grocery,2.5,1.0,12.0,5.0,2025-03-16,West,Social Media,40,Grocery,108,2635.6379629629632,1,0,0.552464393203524,1,0,0.0,72.80480639562528,262.097303024251,509.63364476937693,discount_offer,20,72.80480639562528
103933,9.0,7090.4,787.8222222222222,2024-07-23,2025-03-02,0.0,7.222222222222222,3.0,4.0,122.0,222.0,1.2162162162162162,0.0,0.3333333333333333,Fashion,4.2,4.0,18.0,4.0,2024-05-14,South,Organic Search,25,Fashion,414,6251.198067632849,0,1,0.5522801319250541,1,0,0.0,172.62062467409567,621.4342488267444,1208.3443727186695,discount_offer,20,172.62062467409567
100130,7.0,6124.87,874.9814285714285,2024-08-29,2025-04-04,1.0,1.4285714285714286,1.0,3.0,89.0,218.0,0.963302752293578,0.1428571428571428,0.1428571428571428,Sports & Outdoors,4.0,2.0,12.0,5.666666666666667,2024-08-07,Central,Social Media,41,Sports & Outdoors,329,6795.0685410334345,0,1,0.552254881512915,1,1,0.0,187.6304886000278,675.4697589601,1313.4134202001944,discount_offer,20,187.6304886000278
103129,11.0,7869.42,715.4018181818182,2023-12-16,2025-06-13,0.0,4.090909090909091,3.0,4.0,19.0,545.0,0.6055045871559632,0.0,0.2727272727272727,Grocery,4.26,5.0,5.0,4.0,2023-11-19,East,Direct,18,Grocery,591,4860.132487309645,1,0,0.5520204380644036,1,1,0.0,134.14462323478548,482.9206436452277,939.0123626434982,discount_offer,20,134.14462323478548
103833,3.0,12829.05,4276.349999999999,2025-01-09,2025-06-21,0.0,15.0,3.0,1.0,11.0,163.0,0.5521472392638036,0.0,1.0,Electronics,4.6,1.0,9.0,6.333333333333333,2024-10-26,Central,Direct,37,Electronics,249,18805.635542168675,0,1,0.5519135550239195,1,0,0.0,518.9542583281244,1868.2353299812476,3632.67980829687,discount_offer,250,1868.2353299812476
101260,9.0,12040.6,1337.8444444444444,2024-11-19,2025-06-23,1.0,3.333333333333333,1.0,3.0,9.0,216.0,1.25,0.1111111111111111,0.1111111111111111,Fashion,3.733333333333333,3.0,13.0,5.666666666666667,2024-11-15,West,Direct,23,Fashion,229,19191.349344978167,0,1,0.5517765621895545,1,0,0.0,529.4668382675407,1906.0806177631462,3706.267867872784,discount_offer,250,1906.0806177631462
104831,6.0,7194.8,1199.1333333333334,2024-07-04,2025-06-27,1.0,5.0,2.0,4.0,5.0,358.0,0.5027932960893855,0.1666666666666666,0.3333333333333333,Fashion,3.2,3.0,15.0,5.666666666666667,2024-05-25,East,Referral,42,Fashion,403,6516.382133995037,0,1,0.5517128059722711,1,1,0.0,179.7585735966989,647.130864948116,1258.3100151768922,discount_offer,20,179.7585735966989
103785,7.0,6564.25,937.75,2024-07-15,2025-06-18,1.0,4.285714285714286,2.0,4.0,14.0,338.0,0.621301775147929,0.1428571428571428,0.2857142857142857,Home & Kitchen,4.2,3.0,14.0,2.6666666666666665,2024-06-30,East,Organic Search,35,Home & Kitchen,367,6528.477520435968,0,1,0.5516502669978458,1,0,0.0,180.0718183618968,648.2585461028284,1260.5027285332774,discount_offer,20,180.0718183618968
102092,22.0,17329.37,787.6986363636363,2023-01-05,2025-05-06,0.0,8.863636363636363,10.0,5.0,57.0,852.0,0.7746478873239437,0.0,0.4545454545454545,Toys & Games,3.946153846153846,13.0,11.0,3.0,2023-01-01,North,Paid Ads,33,Toys & Games,913,6927.951861993428,1,0,0.5515212386413482,1,0,0.0,191.0456296087125,687.764266591365,1337.3194072609874,discount_offer,20,191.0456296087125
102051,14.0,9997.26,714.09,2023-02-26,2025-03-25,0.0,11.785714285714286,12.0,5.0,99.0,758.0,0.554089709762533,0.0,0.8571428571428571,Grocery,4.49,10.0,15.0,5.333333333333333,2023-01-01,South,Direct,41,Grocery,913,3996.714019715225,0,1,0.5514277789020252,1,1,0.0,110.19495673990758,396.7018442636673,771.3646971793529,discount_offer,20,110.19495673990758
101501,7.0,6895.66,985.0942857142855,2024-05-17,2025-06-20,0.0,2.142857142857143,1.0,3.0,12.0,399.0,0.5263157894736842,0.0,0.1428571428571428,Beauty & Personal Care,4.180000000000001,5.0,11.0,4.333333333333333,2024-03-18,South,Organic Search,26,Beauty & Personal Care,471,5343.770488322718,0,1,0.5513479801836304,1,0,0.0,147.31385326508115,530.3298717542921,1031.196972855568,discount_offer,20,147.31385326508115
101041,11.0,8872.25,806.5681818181819,2024-04-07,2025-05-16,1.0,2.727272727272727,4.0,5.0,47.0,404.0,0.8168316831683168,0.0909090909090909,0.3636363636363636,Toys & Games,4.25,4.0,14.0,7.333333333333333,2024-03-24,North,Social Media,41,Toys & Games,465,6964.239247311829,0,1,0.5512186187485768,1,0,0.0,191.94091692689273,690.9873009368138,1343.5864184882491,discount_offer,20,191.94091692689273
104296,5.0,19149.480000000003,3829.8960000000006,2024-08-10,2025-06-13,0.0,9.0,3.0,2.0,19.0,307.0,0.488599348534202,0.0,0.6,Electronics,3.5,2.0,11.0,7.0,2024-08-06,Central,Direct,39,Electronics,330,21180.48545454546,1,0,0.5506179959698945,1,0,0.0,583.1178227325661,2099.2241618372373,4081.8247591279614,discount_offer,250,2099.2241618372373
104554,16.0,12723.56,795.2225,2024-01-23,2025-06-12,4.0,4.375,7.0,5.0,20.0,506.0,0.9486166007905138,0.25,0.4375,Fashion,4.209090909090909,11.0,10.0,4.333333333333333,2023-12-30,Central,Paid Ads,45,Fashion,550,8443.817090909091,1,0,0.5505761984833147,1,1,0.0,232.44823573005846,836.8136486282104,1627.1376501104091,discount_offer,20,232.44823573005846
103658,6.0,7562.139999999999,1260.3566666666666,2024-07-29,2025-04-19,1.0,5.0,3.0,3.0,74.0,264.0,0.6818181818181818,0.1666666666666666,0.5,Fashion,3.925,4.0,14.0,4.666666666666667,2024-07-28,South,Social Media,18,Fashion,339,8142.127138643067,0,1,0.5504848164662786,1,1,0.0,224.10586817805174,806.7811254409862,1568.741077246362,discount_offer,20,224.10586817805174
101933,15.0,20295.32,1353.0213333333334,2023-10-28,2025-06-29,0.0,8.666666666666666,9.0,4.0,3.0,610.0,0.7377049180327869,0.0,0.6,Home & Kitchen,3.64,10.0,17.0,4.0,2023-10-06,Central,Social Media,30,Home & Kitchen,635,11665.813858267717,0,1,0.550326042568337,1,0,0.0,321.0000586979667,1155.6002113126801,2247.000410885767,discount_offer,250,1155.6002113126801
101594,17.0,5812.21,341.8947058823529,2024-01-19,2025-06-13,0.0,7.0588235294117645,8.0,4.0,19.0,511.0,0.9980430528375732,0.0,0.4705882352941176,Books,4.177777777777778,9.0,14.0,3.333333333333333,2023-12-31,South,Email,31,Books,549,3864.2197632058287,0,1,0.5496834457335423,1,0,0.0,106.20488172553165,382.33757421191393,743.4341720787215,discount_offer,20,106.20488172553165
100781,8.0,7687.82,960.9775,2024-07-12,2025-05-12,1.0,7.5,4.0,5.0,51.0,304.0,0.7894736842105263,0.125,0.5,Home & Kitchen,4.166666666666667,3.0,14.0,4.666666666666667,2024-06-28,South,Organic Search,37,Home & Kitchen,369,7604.483197831978,0,1,0.5496303416574895,1,0,0.0,208.98273490765143,752.337845667545,1462.8791443535597,discount_offer,20,208.98273490765143
100868,2.0,1319.28,659.64,2025-03-09,2025-03-13,0.0,0.0,0.0,1.0,111.0,4.0,15.0,0.0,0.0,Beauty & Personal Care,4.037037037037037,0.0,11.0,3.6666666666666665,2025-01-22,West,Paid Ads,24,Beauty & Personal Care,161,2990.9142857142856,1,0,0.5494442456424017,1,0,0.0,82.16703217476842,295.8013158291663,575.1692252233788,discount_offer,20,82.16703217476842
104249,8.0,10693.79,1336.72375,2024-09-05,2025-06-14,0.0,6.25,4.0,2.0,18.0,282.0,0.851063829787234,0.0,0.5,Sports & Outdoors,4.0,2.0,15.0,2.6666666666666665,2024-05-22,West,Direct,50,Sports & Outdoors,406,9613.875246305415,0,1,0.5492287287337974,1,0,0.0,264.01082398668234,950.4389663520564,1848.075767906776,discount_offer,250,950.4389663520564
104270,3.0,3138.29,1046.0966666666666,2025-02-13,2025-06-03,0.0,6.666666666666667,2.0,2.0,29.0,110.0,0.8181818181818182,0.0,0.6666666666666666,Home & Kitchen,3.35,2.0,3.0,7.0,2025-01-17,East,Direct,36,Toys & Games,166,6900.456927710843,1,0,0.5490248470080037,1,0,0.0,189.42611545108824,681.9340156239176,1325.9828081576177,discount_offer,20,189.42611545108824
101860,22.0,14188.61,644.9368181818182,2023-01-13,2025-04-28,0.0,10.227272727272728,14.0,5.0,65.0,836.0,0.7894736842105263,0.0,0.6363636363636364,Grocery,4.075,12.0,16.0,6.333333333333333,2023-01-01,North,Email,49,Grocery,913,5672.33587075575,0,1,0.5488057908863091,1,0,0.0,155.65053868614453,560.3419392701202,1089.5537708030115,discount_offer,20,155.65053868614453
103596,11.0,6155.59,559.5990909090909,2024-06-26,2025-05-04,1.0,7.727272727272727,5.0,3.0,59.0,312.0,1.0576923076923077,0.0909090909090909,0.4545454545454545,Beauty & Personal Care,3.971428571428572,7.0,8.0,5.666666666666667,2024-05-16,West,Organic Search,42,Beauty & Personal Care,412,5453.3746359223305,1,0,0.5486762136304076,1,1,0.0,149.60684733729838,538.584650414274,1047.2479313610884,discount_offer,20,149.60684733729838
104386,1.0,640.9,640.9,2025-07-02,2025-07-02,0.0,5.0,1.0,1.0,0.0,1.0,30.0,0.0,1.0,Toys & Games,4.037037037037037,0.0,13.0,6.0,2025-04-01,Central,Organic Search,29,Toys & Games,92,2542.701086956522,0,1,0.5485227485719973,1,0,0.0,69.73646945071984,251.0512900225914,488.1552861550388,discount_offer,20,69.73646945071984
102216,6.0,7613.58,1268.93,2024-09-18,2025-05-29,2.0,5.0,3.0,1.0,34.0,253.0,0.7114624505928854,0.3333333333333333,0.5,Fashion,4.133333333333334,3.0,10.0,5.666666666666667,2024-07-12,North,Email,37,Fashion,355,7828.04704225352,0,1,0.5484487859291752,1,1,0.0,214.66414482602073,772.7909213736745,1502.6490137821447,discount_offer,20,214.66414482602073
102415,5.0,4480.83,896.1659999999999,2024-10-02,2025-06-12,0.0,3.0,1.0,3.0,20.0,253.0,0.5928853754940712,0.0,0.2,Fashion,4.037037037037037,0.0,9.0,5.0,2024-10-01,West,Referral,43,Fashion,274,5968.988868613139,0,1,0.5483084753146343,1,1,0.0,163.64235928596474,589.1124934294729,1145.4965150017529,discount_offer,20,163.64235928596474
101445,17.0,16039.61,943.5064705882352,2023-01-14,2025-04-25,1.0,2.3529411764705883,2.0,6.0,68.0,832.0,0.6129807692307692,0.0588235294117647,0.1176470588235294,Home & Kitchen,3.875,8.0,14.0,4.333333333333333,2023-01-01,Central,Organic Search,39,Home & Kitchen,913,6412.330394304491,1,0,0.5482935862241802,1,1,0.0,175.79198139737608,632.8511330305538,1230.5438697816323,discount_offer,20,175.79198139737608
102107,4.0,2825.6400000000003,706.4100000000001,2024-12-20,2025-06-09,1.0,3.75,1.0,3.0,23.0,171.0,0.7017543859649122,0.25,0.25,Grocery,3.075,4.0,16.0,3.6666666666666665,2024-04-06,Central,Social Media,37,Grocery,452,2281.766814159292,1,0,0.5482094811321877,1,0,0.0,62.54431006274553,225.1595162258839,437.8101704392186,discount_offer,20,62.54431006274553
104291,13.0,44790.41,3445.416153846154,2024-05-09,2025-01-09,1.0,3.076923076923077,3.0,4.0,174.0,245.0,1.5918367346938778,0.0769230769230769,0.2307692307692307,Electronics,3.83,10.0,6.0,3.333333333333333,2024-04-08,East,Paid Ads,21,Electronics,450,36329.99922222223,1,0,0.5479652226984122,1,0,0.0,995.3788057219073,3583.363700598866,6967.651640053351,discount_offer,900,6967.651640053351
104400,3.0,2012.52,670.84,2024-12-14,2025-04-25,1.0,5.0,1.0,1.0,68.0,132.0,0.6818181818181818,0.3333333333333333,0.3333333333333333,Beauty & Personal Care,5.0,2.0,17.0,3.0,2024-11-25,East,Organic Search,19,Beauty & Personal Care,219,3354.2000000000003,0,1,0.5479457807182739,1,0,0.0,91.89598688426173,330.8255527833422,643.2719081898321,discount_offer,20,91.89598688426173
105509,5.0,4332.71,866.542,2024-05-05,2025-07-02,0.0,6.0,2.0,3.0,0.0,423.0,0.3546099290780142,0.0,0.4,Sports & Outdoors,4.4,2.0,5.0,6.0,2024-04-03,South,Organic Search,33,Sports & Outdoors,455,3475.6904395604392,1,0,0.547580370961692,1,0,0.0,95.16099301212559,342.5795748436521,666.126951084879,discount_offer,20,95.16099301212559
102810,11.0,14694.33,1335.8481818181815,2024-02-13,2025-05-02,1.0,4.090909090909091,3.0,4.0,61.0,444.0,0.7432432432432432,0.0909090909090909,0.2727272727272727,Fashion,4.466666666666667,3.0,11.0,5.333333333333333,2024-02-11,Central,Referral,36,Fashion,507,10578.758284023668,1,0,0.5475537040454889,1,0,0.0,289.621914130953,1042.6388908714305,2027.3533989166706,discount_offer,250,1042.6388908714305
104586,6.0,6712.7300000000005,1118.7883333333334,2024-11-10,2025-05-21,0.0,3.333333333333333,1.0,2.0,42.0,192.0,0.9375,0.0,0.1666666666666666,Toys & Games,4.3,3.0,12.0,4.666666666666667,2024-10-28,South,Paid Ads,59,Toys & Games,247,9919.621255060729,0,1,0.547463434613667,1,0,0.0,271.53149611811403,977.5133860252104,1900.7204728267982,discount_offer,250,977.5133860252104
101668,7.0,9720.96,1388.7085714285713,2024-05-02,2025-06-12,0.0,7.142857142857143,3.0,2.0,20.0,406.0,0.5172413793103449,0.0,0.4285714285714285,Home & Kitchen,4.025,4.0,8.0,7.666666666666667,2024-04-09,South,Organic Search,27,Home & Kitchen,449,7902.339420935412,0,1,0.5473427076031209,1,1,0.0,216.26439275268336,778.5518139096599,1513.8507492687831,discount_offer,20,216.26439275268336
104569,8.0,5845.3,730.6625,2024-09-28,2025-05-16,0.0,9.375,4.0,4.0,47.0,230.0,1.0434782608695652,0.0,0.5,Beauty & Personal Care,3.483333333333334,6.0,18.0,5.666666666666667,2024-09-24,West,Social Media,40,Beauty & Personal Care,281,7592.649466192171,0,1,0.547214902146115,1,0,0.0,207.74054673360507,747.8659682409782,1454.183827135235,discount_offer,20,207.74054673360507
103511,17.0,13435.88,790.3458823529412,2023-03-24,2025-06-23,3.0,9.411764705882351,9.0,4.0,9.0,822.0,0.6204379562043796,0.1764705882352941,0.5294117647058824,Beauty & Personal Care,4.18,5.0,14.0,4.666666666666667,2023-01-01,East,Organic Search,36,Beauty & Personal Care,913,5371.408762322016,0,1,0.5472124359880313,1,0,0.0,146.96508367588433,529.0743012331835,1028.7555857311902,discount_offer,20,146.96508367588433
104009,3.0,8938.95,2979.65,2025-03-25,2025-06-17,0.0,1.6666666666666667,1.0,2.0,15.0,84.0,1.0714285714285714,0.0,0.3333333333333333,Electronics,3.7,2.0,12.0,4.333333333333333,2025-03-23,North,Organic Search,30,Electronics,101,32304.126237623765,0,1,0.5471643971094448,1,0,0.0,883.7833878478401,3181.6201962522246,6186.483714934881,discount_offer,900,6186.483714934881
104095,10.0,12711.15,1271.115,2024-01-31,2025-05-02,0.0,1.0,1.0,1.0,61.0,457.0,0.6564551422319476,0.0,0.1,Sports & Outdoors,3.628571428571429,7.0,14.0,3.6666666666666665,2024-01-28,Central,Referral,35,Sports & Outdoors,521,8905.124280230326,1,0,0.547123565494973,1,0,0.0,243.61016736877355,876.9966025275847,1705.2711715814148,discount_offer,20,243.61016736877355
101593,3.0,2476.06,825.3533333333334,2025-03-25,2025-04-12,0.0,15.0,2.0,2.0,81.0,18.0,5.0,0.0,0.6666666666666666,Sports & Outdoors,3.3000000000000003,2.0,10.0,2.6666666666666665,2025-03-12,West,Direct,41,Sports & Outdoors,112,8069.302678571429,1,0,0.5469775678474907,1,0,0.0,220.68637766751215,794.4709596030436,1544.804643672585,discount_offer,20,220.68637766751215
103872,6.0,16512.78,2752.13,2024-10-22,2025-03-04,0.0,9.166666666666666,5.0,2.0,120.0,133.0,1.3533834586466165,0.0,0.8333333333333334,Electronics,3.75,4.0,12.0,6.333333333333333,2024-10-11,South,Organic Search,18,Electronics,264,22830.16931818182,1,0,0.5469735457712087,1,0,0.0,624.3749331261484,2247.749759254134,4370.624531883039,discount_offer,250,2247.749759254134
100980,7.0,5584.93,797.8471428571429,2024-05-23,2025-05-30,0.0,5.0,2.0,2.0,33.0,372.0,0.564516129032258,0.0,0.2857142857142857,Fashion,3.866666666666666,3.0,11.0,2.6666666666666665,2024-04-08,East,Direct,28,Fashion,450,4529.998777777778,1,0,0.5468911727902334,1,0,0.0,123.87081721586064,445.9349419770982,867.0957205110243,discount_offer,20,123.87081721586064
105429,15.0,21248.39,1416.5593333333334,2023-11-03,2025-05-05,1.0,8.0,8.0,4.0,58.0,549.0,0.819672131147541,0.0666666666666666,0.5333333333333333,Home & Kitchen,3.716666666666667,6.0,20.0,4.333333333333333,2023-09-02,Central,Organic Search,29,Home & Kitchen,669,11592.918310911808,0,1,0.5467689212200341,1,0,0.0,316.9323719324615,1140.956538956861,2218.52660352723,discount_offer,250,1140.956538956861
104744,23.0,33501.87,1456.603043478261,2023-11-24,2025-01-05,3.0,4.130434782608695,7.0,5.0,178.0,408.0,1.6911764705882353,0.1304347826086956,0.3043478260869565,Home & Kitchen,3.5,11.0,15.0,4.666666666666667,2023-11-08,North,Direct,19,Home & Kitchen,602,20312.595598006646,1,0,0.5461356798506292,1,0,0.0,554.6716603224129,1996.8179771606863,3882.7016222568896,discount_offer,250,1996.8179771606863
100922,15.0,12059.07,803.938,2023-05-30,2025-06-22,2.0,5.0,8.0,5.0,10.0,754.0,0.596816976127321,0.1333333333333333,0.5333333333333333,Home & Kitchen,3.85,8.0,13.0,3.333333333333333,2023-03-29,West,Organic Search,23,Home & Kitchen,826,5328.7657990314765,0,1,0.546135029431061,1,0,0.0,145.51128332426433,523.8406199673516,1018.5789832698501,discount_offer,20,145.51128332426433
103273,5.0,5280.36,1056.072,2024-11-29,2025-06-16,1.0,2.0,2.0,4.0,16.0,199.0,0.7537688442211055,0.2,0.4,Toys & Games,3.775,4.0,9.0,5.333333333333333,2024-11-08,South,Organic Search,41,Toys & Games,236,8166.65847457627,0,1,0.5461127758797172,1,0,0.0,222.9958264606232,802.7849752582434,1560.9707852243623,discount_offer,20,222.9958264606232
100910,7.0,11501.21,1643.0300000000002,2024-03-20,2025-05-24,0.0,8.571428571428571,5.0,3.0,39.0,430.0,0.4883720930232558,0.0,0.7142857142857143,Home & Kitchen,4.233333333333333,3.0,13.0,5.0,2024-01-22,East,Organic Search,30,Home & Kitchen,527,7965.733681214421,0,1,0.5459454323212632,1,1,0.0,217.44279591733277,782.7940653023978,1522.099571421329,discount_offer,20,217.44279591733277
105608,22.0,23269.85,1057.7204545454545,2023-12-19,2025-06-07,2.0,4.545454545454546,9.0,5.0,25.0,536.0,1.2313432835820894,0.0909090909090909,0.4090909090909091,Beauty & Personal Care,3.9,16.0,12.0,3.333333333333333,2023-11-28,Central,Social Media,18,Beauty & Personal Care,582,14593.63445017182,0,1,0.5456055342244079,1,0,0.0,398.118386023086,1433.2261896831094,2786.8287021616015,discount_offer,250,1433.2261896831094
104494,6.0,6990.87,1165.145,2024-06-08,2025-06-21,1.0,2.5,1.0,2.0,11.0,378.0,0.4761904761904762,0.1666666666666666,0.1666666666666666,Fashion,4.9,4.0,11.0,4.666666666666667,2024-05-22,Central,Direct,27,Fashion,406,6284.895443349754,1,0,0.5455577286420491,1,1,0.0,171.4386641413328,617.179190908798,1200.0706489893296,discount_offer,20,171.4386641413328
104122,15.0,21888.95,1459.263333333333,2023-11-17,2025-04-13,2.0,6.0,6.0,4.0,80.0,513.0,0.8771929824561403,0.1333333333333333,0.4,Sports & Outdoors,4.125,8.0,18.0,2.6666666666666665,2023-10-31,West,Paid Ads,45,Sports & Outdoors,610,13097.486475409836,0,1,0.5455325409821815,1,0,0.0,357.25525387050425,1286.118913933815,2500.7867770935295,discount_offer,250,1286.118913933815
102912,11.0,12428.72,1129.8836363636365,2024-08-03,2025-06-26,2.0,3.636363636363636,4.0,4.0,6.0,327.0,1.0091743119266054,0.1818181818181818,0.3636363636363636,Grocery,2.955555555555556,9.0,14.0,6.0,2024-06-28,South,Referral,25,Grocery,369,12293.99132791328,1,0,0.5452940593545025,1,1,0.0,335.19202184334415,1206.6912786360388,2346.344152903409,discount_offer,250,1206.6912786360388
103309,3.0,1529.1,509.7,2025-04-19,2025-07-01,0.0,21.666666666666668,3.0,1.0,1.0,73.0,1.2328767123287672,0.0,1.0,Fashion,4.7,1.0,13.0,5.0,2025-03-01,East,Paid Ads,66,Fashion,123,4537.573170731707,0,1,0.5452777071006811,1,0,0.0,123.71187471690766,445.3627489808675,865.9831230183534,discount_offer,20,123.71187471690766
105498,2.0,1026.55,513.275,2025-05-15,2025-05-19,0.0,5.0,1.0,2.0,44.0,4.0,15.0,0.0,0.5,Books,4.6,1.0,14.0,6.0,2024-10-21,South,Social Media,26,Toys & Games,254,1475.160433070866,1,0,0.5452229475303174,1,0,0.0,40.21456596994986,144.77243749181946,281.50196178964893,discount_offer,0,0.0
102986,3.0,3725.77,1241.9233333333334,2025-03-25,2025-07-02,0.0,0.0,0.0,2.0,0.0,99.0,0.9090909090909092,0.0,0.0,Sports & Outdoors,4.233333333333333,3.0,12.0,2.6666666666666665,2025-03-01,Central,Social Media,35,Beauty & Personal Care,123,11056.14674796748,0,1,0.5451837214389958,1,0,0.0,301.38156144162815,1084.9736211898612,2109.6709300913967,discount_offer,250,1084.9736211898612
105802,2.0,6109.39,3054.695,2025-03-27,2025-03-31,0.0,7.5,1.0,2.0,93.0,4.0,15.0,0.0,0.5,Home & Kitchen,3.75,2.0,7.0,3.6666666666666665,2024-09-28,South,Organic Search,19,Sports & Outdoors,277,8050.279241877256,1,0,0.5451114922722736,1,0,0.0,219.41498653741093,789.8939515346793,1535.9049057618765,discount_offer,20,219.41498653741093
102114,10.0,36771.0,3677.1,2023-01-19,2025-03-02,1.0,4.5,3.0,3.0,122.0,773.0,0.3880983182406209,0.1,0.3,Electronics,3.8333333333333335,6.0,13.0,4.333333333333333,2023-01-01,West,Paid Ads,28,Electronics,913,14700.345016429355,1,0,0.545042064400166,1,0,0.0,400.61531975746743,1442.2151511268826,2804.3072383022713,discount_offer,250,1442.2151511268826
105686,3.0,3804.0,1268.0,2025-03-11,2025-05-27,1.0,8.333333333333334,2.0,2.0,36.0,77.0,1.1688311688311688,0.3333333333333333,0.6666666666666666,Home & Kitchen,2.9,1.0,15.0,3.0,2025-03-04,South,Organic Search,52,Home & Kitchen,120,11570.5,0,1,0.5446914947878823,1,0,0.0,315.1176470221596,1134.4235292797746,2205.8235291551173,discount_offer,250,1134.4235292797746
104073,1.0,947.36,947.36,2025-03-18,2025-03-18,0.0,5.0,1.0,1.0,106.0,1.0,30.0,0.0,1.0,Fashion,2.4,1.0,16.0,6.0,2025-03-14,Central,Paid Ads,34,Fashion,110,3143.512727272728,0,1,0.544369564226562,1,0,0.0,85.56163267430533,308.0218776274992,598.9314287201373,discount_offer,20,85.56163267430533
105628,7.0,4409.01,629.8585714285715,2024-12-03,2025-06-23,2.0,0.0,0.0,4.0,9.0,202.0,1.0396039603960396,0.2857142857142857,0.0,Books,4.0200000000000005,5.0,12.0,5.333333333333333,2024-11-21,West,Referral,26,Books,223,7216.541031390135,0,1,0.5443688634084812,1,0,0.0,196.42301194992584,707.122843019733,1374.9610836494808,discount_offer,20,196.42301194992584
100380,3.0,1966.04,655.3466666666667,2025-04-05,2025-06-08,0.0,8.333333333333334,2.0,2.0,24.0,64.0,1.40625,0.0,0.6666666666666666,Grocery,3.866666666666666,3.0,9.0,6.0,2025-03-10,South,Direct,19,Fashion,114,6294.777192982456,0,1,0.5442140444636465,1,0,0.0,171.28530775952512,616.6271079342903,1198.9971543166757,discount_offer,20,171.28530775952512
102300,9.0,34609.98,3845.553333333333,2024-09-23,2025-06-22,1.0,2.2222222222222223,2.0,2.0,10.0,272.0,0.9926470588235294,0.1111111111111111,0.2222222222222222,Electronics,4.3,5.0,10.0,5.666666666666667,2024-07-08,South,Paid Ads,54,Electronics,359,35188.41977715877,0,1,0.5441896617628978,1,0,0.0,957.4587128251449,3446.8513661705215,6702.210989776014,discount_offer,900,6702.210989776014
100518,3.0,10715.59,3571.863333333333,2024-12-03,2025-01-23,0.0,10.0,1.0,2.0,160.0,51.0,1.7647058823529411,0.0,0.3333333333333333,Electronics,3.95,2.0,10.0,6.0,2024-11-25,North,Referral,45,Electronics,219,17859.316666666666,1,0,0.5441646343352756,1,0,0.0,485.92042616972805,1749.3135342110206,3401.4429831880957,discount_offer,250,1749.3135342110206
101509,12.0,4307.92,358.99333333333334,2024-10-24,2025-06-18,1.0,7.916666666666667,8.0,4.0,14.0,237.0,1.5189873417721518,0.0833333333333333,0.6666666666666666,Books,3.1333333333333333,6.0,22.0,6.0,2024-10-16,North,Paid Ads,24,Books,259,6071.00694980695,0,1,0.5440426402957861,1,0,0.0,165.144332511352,594.5195970408671,1156.0103275794638,discount_offer,20,165.144332511352
104299,4.0,2138.47,534.6175,2024-07-02,2025-05-16,0.0,6.25,1.0,1.0,47.0,318.0,0.3773584905660377,0.0,0.25,Grocery,3.0,2.0,18.0,4.333333333333333,2024-06-14,West,Referral,30,Grocery,383,2037.9674934725847,1,0,0.5439899447056683,1,0,0.0,55.43169120430505,199.55408833549814,388.02183843013523,discount_offer,0,0.0
102847,10.0,8766.52,876.652,2024-05-15,2025-05-07,0.0,13.0,9.0,4.0,56.0,357.0,0.8403361344537815,0.0,0.9,Fashion,4.15,4.0,18.0,4.666666666666667,2024-02-04,South,Organic Search,27,Fashion,514,6225.25252918288,0,1,0.5439522233080109,1,0,0.0,169.31199769514225,609.5231917025121,1185.1839838659957,discount_offer,20,169.31199769514225
100919,18.0,10941.97,607.8872222222221,2024-04-14,2025-06-22,0.0,6.111111111111111,8.0,4.0,10.0,434.0,1.2442396313364057,0.0,0.4444444444444444,Beauty & Personal Care,3.12,10.0,17.0,4.666666666666667,2024-04-03,Central,Organic Search,47,Beauty & Personal Care,455,8777.624285714284,0,1,0.5439490020158797,1,0,0.0,238.7289985142317,859.424394651234,1671.1029895996219,discount_offer,20,238.7289985142317
102370,10.0,15497.21,1549.721,2024-06-14,2025-04-27,0.0,5.5,4.0,4.0,66.0,317.0,0.946372239747634,0.0,0.4,Toys & Games,4.128571428571428,7.0,14.0,2.0,2024-04-22,East,Direct,46,Toys & Games,436,12973.581766055046,0,1,0.5439182715201466,1,0,0.0,352.82840848089756,1270.1822705312313,2469.798859366283,discount_offer,250,1270.1822705312313
105997,4.0,8127.07,2031.7675,2024-11-13,2025-06-05,0.0,2.5,1.0,2.0,27.0,204.0,0.5882352941176471,0.0,0.25,Electronics,4.225,4.0,7.0,5.333333333333333,2024-07-13,East,Organic Search,26,Electronics,354,8379.606073446326,1,0,0.5437871459984499,1,0,0.0,227.83610356353276,820.2099728287178,1594.852724944729,discount_offer,20,227.83610356353276
104681,17.0,15065.74,886.22,2023-01-22,2025-06-21,0.0,2.0588235294117645,3.0,6.0,11.0,881.0,0.5788876276958003,0.0,0.1764705882352941,Grocery,3.723076923076923,13.0,12.0,6.0,2023-01-01,Central,Organic Search,42,Grocery,913,6022.995728368018,0,1,0.5437611584065717,1,1,0.0,163.75355671676132,589.5128041803407,1146.274897017329,discount_offer,20,163.75355671676132
101451,11.0,34169.85,3106.35,2024-04-18,2025-05-26,0.0,3.636363636363636,2.0,5.0,37.0,403.0,0.8188585607940446,0.0,0.1818181818181818,Electronics,3.4125,8.0,10.0,4.0,2024-03-16,South,Referral,39,Electronics,473,26367.85465116279,1,0,0.5436862888259288,1,0,0.0,716.7920519796103,2580.4513871265967,5017.544363857271,discount_offer,250,2580.4513871265967
102095,15.0,16806.4,1120.4266666666667,2023-03-04,2025-06-17,0.0,2.6666666666666665,4.0,7.0,15.0,836.0,0.5382775119617225,0.0,0.2666666666666666,Sports & Outdoors,4.0,7.0,8.0,5.666666666666667,2023-01-01,North,Direct,20,Sports & Outdoors,913,6718.878422782039,0,1,0.5436059853499252,1,1,0.0,182.62112627313908,657.4360545833007,1278.3478839119734,discount_offer,20,182.62112627313908
105981,30.0,26074.23,869.141,2023-10-06,2025-03-01,5.0,4.833333333333333,12.0,6.0,123.0,512.0,1.7578125,0.1666666666666666,0.4,Fashion,4.288888888888889,9.0,14.0,5.666666666666667,2023-09-30,East,Email,25,Fashion,641,14847.260452418095,0,1,0.5435245732546258,1,0,0.0,403.4925450700414,1452.5731622521487,2824.4478154902895,discount_offer,250,1452.5731622521487
103744,9.0,10178.2,1130.9111111111113,2024-02-19,2025-04-16,0.0,3.888888888888889,4.0,4.0,77.0,422.0,0.6398104265402844,0.0,0.4444444444444444,Home & Kitchen,4.533333333333333,3.0,13.0,6.666666666666667,2024-01-19,North,Paid Ads,38,Home & Kitchen,530,7009.515094339624,1,0,0.5429865963400151,1,0,0.0,190.30363715347164,685.0930937524978,1332.1254600743011,discount_offer,20,190.30363715347164
102001,14.0,10401.73,742.9807142857143,2023-01-01,2025-05-25,0.0,4.642857142857143,6.0,4.0,38.0,875.0,0.48,0.0,0.4285714285714285,Beauty & Personal Care,4.1,9.0,13.0,5.666666666666667,2023-01-01,North,Social Media,29,Beauty & Personal Care,913,4158.413417305586,0,1,0.5429689626438604,1,0,0.0,112.89447097193624,406.42009549897045,790.2612968035536,discount_offer,20,112.89447097193624
103075,3.0,4637.9,1545.9666666666665,2024-11-17,2025-03-27,0.0,8.333333333333334,1.0,2.0,97.0,130.0,0.6923076923076924,0.0,0.3333333333333333,Sports & Outdoors,4.333333333333333,3.0,16.0,4.666666666666667,2024-09-29,North,Social Media,26,Sports & Outdoors,276,6133.454710144926,0,1,0.5429590736485362,1,0,0.0,166.51074438427702,599.4386797833972,1165.5752106899392,discount_offer,20,166.51074438427702
100473,6.0,5292.68,882.1133333333333,2024-03-20,2025-06-11,1.0,4.166666666666667,3.0,4.0,21.0,448.0,0.4017857142857143,0.1666666666666666,0.5,Beauty & Personal Care,4.0200000000000005,5.0,5.0,7.666666666666667,2023-12-21,South,Email,47,Beauty & Personal Care,559,3455.864400715564,1,0,0.5428348412486416,1,0,0.0,93.79818016696326,337.6734486010677,656.5872611687427,discount_offer,20,93.79818016696326
101469,10.0,21643.82,2164.382,2024-06-26,2025-07-02,3.0,9.0,8.0,5.0,0.0,371.0,0.8086253369272237,0.3,0.8,Electronics,3.333333333333333,3.0,13.0,6.666666666666667,2024-06-15,West,Referral,33,Electronics,382,20680.61335078534,0,1,0.54282343645883,1,1,0.0,561.2960803574829,2020.6658892869386,3929.07256250238,discount_offer,250,2020.6658892869386
103852,8.0,37497.07,4687.13375,2024-02-02,2025-06-28,0.0,0.0,0.0,1.0,4.0,512.0,0.46875,0.0,0.0,Electronics,4.25,4.0,10.0,7.333333333333333,2023-10-24,South,Direct,39,Electronics,617,22182.22131280389,1,0,0.5425863716661651,1,0,0.0,601.788548880507,2166.4387759698247,4212.519842163549,discount_offer,250,2166.4387759698247
104668,20.0,12091.45,604.5725,2023-09-16,2025-05-05,2.0,6.5,10.0,5.0,58.0,597.0,1.0050251256281408,0.1,0.5,Grocery,3.83,10.0,15.0,5.0,2023-06-21,East,Paid Ads,50,Grocery,742,5947.950471698114,0,1,0.5423664496999858,1,0,0.0,161.2984390163131,580.6743804587271,1129.0890731141917,discount_offer,20,161.2984390163131
103366,6.0,12615.32,2102.5533333333333,2024-10-28,2025-05-21,0.0,6.666666666666667,2.0,3.0,42.0,205.0,0.8780487804878049,0.0,0.3333333333333333,Electronics,3.75,2.0,13.0,5.0,2024-09-25,North,Email,23,Electronics,280,16444.970714285715,1,0,0.5420101850205508,1,1,0.0,445.667080975377,1604.401491511357,3119.6695668276384,discount_offer,250,1604.401491511357
101818,1.0,845.48,845.48,2025-06-23,2025-06-23,0.0,0.0,0.0,1.0,9.0,1.0,30.0,0.0,0.0,Beauty & Personal Care,3.4,1.0,9.0,2.0,2025-06-03,Central,Paid Ads,42,Beauty & Personal Care,29,10641.386206896552,0,1,0.5419245979920447,1,0,0.0,288.3414471125252,1038.0292096050907,2018.390129787676,discount_offer,250,1038.0292096050907
100441,5.0,3307.62,661.524,2024-07-25,2025-04-24,0.0,12.0,4.0,4.0,69.0,273.0,0.5494505494505495,0.0,0.8,Sports & Outdoors,4.066666666666667,3.0,12.0,4.0,2024-06-28,Central,Organic Search,43,Books,369,3271.7650406504063,1,0,0.5416020987717984,1,0,0.0,88.59974063522293,318.9590662868025,620.1981844465605,discount_offer,20,88.59974063522293
102455,15.0,14047.5,936.5,2023-02-04,2025-06-10,2.0,0.3333333333333333,1.0,4.0,22.0,857.0,0.5250875145857643,0.1333333333333333,0.0666666666666666,Fashion,4.585714285714286,7.0,12.0,4.666666666666667,2023-01-01,East,Paid Ads,38,Fashion,913,5615.92278203724,1,0,0.541383883889141,1,1,0.0,152.01850436804156,547.2666157249496,1064.1295305762908,discount_offer,20,152.01850436804156
105924,10.0,13014.02,1301.402,2024-06-05,2025-03-06,0.0,2.0,2.0,3.0,118.0,274.0,1.094890510948905,0.0,0.2,Sports & Outdoors,4.55,4.0,15.0,5.333333333333333,2024-06-04,South,Social Media,58,Sports & Outdoors,393,12086.812468193384,0,1,0.5412857045226658,1,0,0.0,327.1209401139698,1177.6353844102914,2289.8465807977886,discount_offer,250,1177.6353844102914
105970,6.0,8650.21,1441.7016666666666,2024-10-07,2025-04-04,1.0,4.166666666666667,1.0,3.0,89.0,179.0,1.005586592178771,0.1666666666666666,0.1666666666666666,Fashion,4.7,2.0,5.0,7.0,2024-08-30,West,Email,31,Fashion,306,10318.060947712418,1,0,0.541216747388164,1,0,0.0,279.2153692736876,1005.1753293852753,1954.5075849158134,discount_offer,250,1005.1753293852753
104903,20.0,22801.45,1140.0725,2023-02-05,2025-06-27,1.0,8.5,13.0,7.0,5.0,873.0,0.6872852233676976,0.05,0.65,Fashion,3.8,7.0,9.0,3.6666666666666665,2023-01-01,East,Email,23,Fashion,913,9115.585158817086,1,0,0.5411785514424013,1,0,0.0,246.65795858992416,887.9686509237268,1726.6057101294687,discount_offer,250,887.9686509237268
103314,24.0,13413.87,558.91125,2023-05-24,2025-06-13,1.0,3.5416666666666665,8.0,5.0,19.0,751.0,0.9587217043941412,0.0416666666666666,0.3333333333333333,Books,4.230769230769231,13.0,12.0,5.333333333333333,2023-03-14,West,Referral,26,Books,841,5821.715279429251,0,1,0.5410096142472424,1,0,0.0,157.48019687906478,566.9287087646333,1102.3613781534534,discount_offer,20,157.48019687906478
103444,14.0,13460.28,961.4485714285714,2024-10-17,2025-06-12,1.0,4.642857142857143,6.0,6.0,20.0,238.0,1.7647058823529411,0.0714285714285714,0.4285714285714285,Grocery,3.2142857142857144,7.0,12.0,4.666666666666667,2024-09-07,South,Organic Search,61,Grocery,298,16486.584563758388,1,0,0.5409835149346849,1,0,0.0,445.9485233284966,1605.4146839825873,3121.6396632994756,discount_offer,250,1605.4146839825873
105572,2.0,9796.47,4898.235000000001,2025-03-02,2025-04-10,1.0,10.0,1.0,2.0,83.0,39.0,1.5384615384615383,0.5,0.5,Electronics,4.9,1.0,13.0,5.666666666666667,2025-02-21,South,Organic Search,25,Sports & Outdoors,131,27295.508015267176,0,1,0.5409758098495686,1,0,0.0,738.3104776907277,2657.9177196866194,5168.173343835093,discount_offer,250,2657.9177196866194
102496,13.0,13455.46,1035.0353846153846,2024-07-14,2025-06-19,0.0,6.923076923076923,4.0,6.0,13.0,340.0,1.1470588235294117,0.0,0.3076923076923077,Books,4.033333333333333,9.0,11.0,2.6666666666666665,2024-06-24,West,Organic Search,18,Books,373,13166.871045576409,0,1,0.5408861288708259,1,0,0.0,356.08889545915935,1281.9200236529737,2492.6222682141156,discount_offer,250,1281.9200236529737
102678,6.0,8026.160000000001,1337.6933333333334,2024-10-06,2025-03-29,0.0,0.8333333333333334,1.0,3.0,95.0,174.0,1.0344827586206895,0.0,0.1666666666666666,Home & Kitchen,3.866666666666666,3.0,12.0,4.333333333333333,2024-09-30,South,Organic Search,25,Home & Kitchen,275,10652.903272727272,1,0,0.5403867353829436,1,0,0.0,287.8343810949683,1036.2037719418856,2014.8406676647778,discount_offer,250,1036.2037719418856
103820,1.0,853.6,853.6,2025-05-08,2025-05-08,0.0,0.0,0.0,1.0,55.0,1.0,30.0,0.0,0.0,Beauty & Personal Care,4.037037037037037,0.0,11.0,4.0,2025-01-16,South,Organic Search,35,Beauty & Personal Care,167,1865.6526946107783,1,0,0.540218975944737,1,0,0.0,50.3930494075587,181.4149778672113,352.7513458529108,discount_offer,0,0.0
100621,1.0,372.0,372.0,2025-05-24,2025-05-24,0.0,0.0,0.0,1.0,39.0,1.0,30.0,0.0,0.0,Beauty & Personal Care,4.1,1.0,19.0,3.0,2025-03-08,West,Organic Search,30,Beauty & Personal Care,116,1170.5172413793102,0,1,0.5396931353349749,1,0,0.0,31.586005998182276,113.70962159345619,221.10204198727592,discount_offer,0,0.0
101468,6.0,3792.73,632.1216666666667,2024-03-25,2025-07-01,1.0,4.166666666666667,1.0,3.0,1.0,463.0,0.3887688984881209,0.1666666666666666,0.1666666666666666,Fashion,3.8,2.0,16.0,5.333333333333333,2024-03-06,East,Social Media,23,Fashion,483,2866.141718426501,1,0,0.5396233674890129,1,1,0.0,77.33185228990273,278.39466824364985,541.3229660293191,discount_offer,20,77.33185228990273
104422,26.0,37408.91,1438.8042307692308,2023-02-26,2025-06-10,1.0,8.653846153846153,17.0,4.0,22.0,835.0,0.934131736526946,0.0384615384615384,0.6538461538461539,Sports & Outdoors,4.1,14.0,12.0,4.0,2023-01-01,North,Organic Search,28,Sports & Outdoors,913,14955.369277108435,0,1,0.5394589074154541,1,0,0.0,403.3903585111783,1452.2052906402419,2823.732509578248,discount_offer,250,1452.2052906402419
100188,17.0,13232.26,778.3682352941177,2023-08-15,2025-05-19,1.0,4.117647058823529,5.0,5.0,44.0,643.0,0.7931570762052877,0.0588235294117647,0.2941176470588235,Grocery,4.054545454545455,11.0,13.0,4.333333333333333,2023-07-12,East,Organic Search,31,Grocery,721,6698.716920943135,1,0,0.539247727421049,1,1,0.0,180.61339381277563,650.2082177259922,1264.293756689429,discount_offer,20,180.61339381277563
104458,11.0,12859.44,1169.04,2024-03-01,2025-05-25,1.0,2.272727272727273,3.0,4.0,38.0,450.0,0.7333333333333333,0.0909090909090909,0.2727272727272727,Fashion,4.616666666666666,6.0,15.0,3.333333333333333,2024-02-28,South,Organic Search,37,Fashion,490,9578.9706122449,0,1,0.5392049230496262,1,0,0.0,258.2514055935072,929.7050601366255,1807.7598391545496,discount_offer,250,929.7050601366255
104713,2.0,1447.84,723.9200000000001,2025-05-11,2025-06-18,0.0,12.5,1.0,2.0,14.0,38.0,1.5789473684210529,0.0,0.5,Fashion,4.65,2.0,12.0,6.0,2025-04-06,North,Organic Search,29,Fashion,87,6074.271264367817,0,1,0.5387362044834378,1,0,0.0,163.62149229841654,589.0373722742995,1145.3504460889155,discount_offer,20,163.62149229841654
101628,14.0,15581.11,1112.936428571429,2023-08-17,2025-02-26,1.0,3.928571428571429,5.0,5.0,126.0,559.0,0.7513416815742398,0.0714285714285714,0.3571428571428571,Fashion,3.725,8.0,17.0,5.333333333333333,2023-08-17,North,Social Media,50,Fashion,685,8302.343284671533,1,0,0.5386600702869014,1,0,0.0,223.60704086335764,804.9853471080874,1565.2492860435032,discount_offer,20,223.60704086335764
100913,3.0,9949.7,3316.566666666667,2025-02-23,2025-06-09,0.0,1.6666666666666667,1.0,1.0,23.0,106.0,0.8490566037735849,0.0,0.3333333333333333,Electronics,4.1,1.0,5.0,5.0,2025-02-17,South,Direct,31,Electronics,135,26901.04074074074,1,0,0.5386411888310986,1,1,0.0,724.5004282693204,2608.2015417695534,5071.502997885243,discount_offer,250,2608.2015417695534
100173,5.0,4470.39,894.0780000000001,2024-04-15,2025-05-28,0.0,7.0,3.0,3.0,35.0,408.0,0.3676470588235294,0.0,0.6,Beauty & Personal Care,3.925,4.0,11.0,6.0,2024-03-06,South,Direct,18,Beauty & Personal Care,483,3378.245031055901,1,0,0.5386372775609324,1,0,0.0,90.98243532308491,327.5367671631056,636.8770472615943,discount_offer,20,90.98243532308491
103975,8.0,9092.31,1136.53875,2024-05-26,2025-04-28,0.0,3.125,2.0,3.0,65.0,337.0,0.712166172106825,0.0,0.25,Books,3.7,5.0,16.0,4.666666666666667,2024-02-23,South,Referral,32,Books,495,6704.430606060605,1,0,0.5384501808847283,1,0,0.0,180.50009362812207,649.8003370612395,1263.5006553968542,discount_offer,20,180.50009362812207
104358,12.0,16453.55,1371.1291666666666,2024-05-30,2025-06-20,0.0,7.5,5.0,4.0,12.0,386.0,0.932642487046632,0.0,0.4166666666666667,Grocery,3.733333333333333,3.0,16.0,3.333333333333333,2024-05-09,South,Organic Search,35,Grocery,419,14333.04474940334,0,1,0.5382359647273449,1,0,0.0,385.7280084087656,1388.620830271556,2700.0960588613593,discount_offer,250,1388.620830271556
101185,8.0,6501.8,812.725,2025-01-01,2025-06-30,0.0,8.125,3.0,3.0,2.0,180.0,1.3333333333333333,0.0,0.375,Fashion,3.34,5.0,14.0,5.0,2024-11-03,Central,Paid Ads,35,Fashion,241,9847.1244813278,0,1,0.5380826941587955,1,1,0.0,264.92836353149477,953.7421087133811,1854.498544720463,discount_offer,250,953.7421087133811
103792,6.0,5957.37,992.895,2024-09-02,2025-04-17,0.0,5.0,4.0,3.0,76.0,227.0,0.7929515418502203,0.0,0.6666666666666666,Sports & Outdoors,4.32,5.0,18.0,3.333333333333333,2024-02-25,East,Organic Search,28,Sports & Outdoors,493,4410.628904665314,0,1,0.5380476918680359,1,1,0.0,118.65643509208078,427.1631663314908,830.5950456445653,discount_offer,20,118.65643509208078
100123,15.0,11659.85,777.3233333333334,2023-01-04,2025-05-02,0.0,9.666666666666666,9.0,1.0,61.0,849.0,0.5300353356890459,0.0,0.6,Beauty & Personal Care,3.942857142857143,7.0,13.0,5.0,2023-01-01,West,Organic Search,35,Beauty & Personal Care,913,4661.385815991238,1,0,0.5379186666993653,1,0,0.0,125.37232215546699,451.3403597596811,877.6062550882688,discount_offer,20,125.37232215546699
102575,3.0,8306.25,2768.75,2025-02-07,2025-05-19,0.0,3.333333333333333,1.0,1.0,44.0,101.0,0.8910891089108911,0.0,0.3333333333333333,Electronics,3.866666666666666,3.0,7.0,4.333333333333333,2024-11-01,South,Organic Search,21,Electronics,243,12476.466049382718,1,0,0.5378955714249906,1,0,0.0,335.55179174986057,1207.986450299498,2348.862542249024,discount_offer,250,1207.986450299498
100804,2.0,1071.49,535.745,2025-03-19,2025-06-16,0.0,7.5,2.0,2.0,16.0,89.0,0.6741573033707865,0.0,1.0,Grocery,4.6,1.0,8.0,4.333333333333333,2025-01-19,West,Organic Search,29,Beauty & Personal Care,164,2384.7185975609755,1,0,0.5377514224507757,1,0,0.0,64.11929089916167,230.829447236982,448.8350362941317,discount_offer,20,64.11929089916167
102721,20.0,12589.71,629.4855,2024-02-20,2025-05-28,0.0,5.5,8.0,3.0,35.0,463.0,1.2958963282937366,0.0,0.4,Beauty & Personal Care,3.607142857142857,14.0,13.0,4.333333333333333,2023-11-22,South,Organic Search,43,Beauty & Personal Care,588,7815.041071428572,1,0,0.5372294811313851,1,0,0.0,209.92352299120182,755.7246827683265,1469.4646609384124,discount_offer,20,209.92352299120182
105472,3.0,4549.85,1516.6166666666668,2025-04-24,2025-05-25,0.0,6.666666666666667,1.0,3.0,38.0,31.0,2.9032258064516125,0.0,0.3333333333333333,Electronics,4.1,2.0,10.0,5.333333333333333,2024-08-19,West,Direct,41,Electronics,317,5238.786277602524,1,0,0.5371657524488554,1,0,0.0,140.7048286363549,506.53738309087765,984.9338004544844,discount_offer,20,140.7048286363549
100892,4.0,11842.43,2960.6075,2024-09-15,2025-03-26,0.0,10.0,3.0,2.0,98.0,192.0,0.625,0.0,0.75,Electronics,3.9,2.0,18.0,7.333333333333333,2024-06-27,West,Email,40,Electronics,370,11682.39716216216,0,1,0.537081898343717,1,0,0.0,313.7202022529653,1129.3927281106749,2196.041415770757,discount_offer,250,1129.3927281106749
102741,4.0,2758.8,689.7,2025-02-20,2025-06-05,0.0,1.25,1.0,2.0,27.0,105.0,1.1428571428571428,0.0,0.25,Beauty & Personal Care,3.7,2.0,18.0,2.333333333333333,2024-11-16,West,Email,26,Beauty & Personal Care,228,4416.500000000001,0,1,0.5367225531700737,1,0,0.0,118.52175780378154,426.6783280936136,829.6523046264708,discount_offer,20,118.52175780378154
104644,14.0,23464.83,1676.0592857142858,2024-07-03,2025-06-22,4.0,2.142857142857143,3.0,5.0,10.0,354.0,1.1864406779661016,0.2857142857142857,0.2142857142857142,Home & Kitchen,3.1375,8.0,9.0,4.0,2024-05-04,Central,Direct,28,Home & Kitchen,424,20199.67676886793,1,0,0.5366864902170666,1,0,0.0,542.0446814301473,1951.36085314853,3794.3127700110304,discount_offer,250,1951.36085314853
100958,25.0,23327.68,933.1072,2023-01-28,2025-06-16,6.0,6.6,10.0,5.0,16.0,870.0,0.8620689655172413,0.24,0.4,Toys & Games,3.96875,16.0,7.0,6.0,2023-01-01,East,Direct,24,Toys & Games,913,9325.961883899234,1,0,0.5365853024433926,1,0,0.0,250.20870390238113,900.751334048572,1751.4609273166677,discount_offer,250,900.751334048572
100357,2.0,1329.25,664.625,2025-03-01,2025-06-23,0.0,7.5,1.0,2.0,9.0,114.0,0.5263157894736842,0.0,0.5,Fashion,3.1,1.0,11.0,7.0,2025-02-19,Central,Social Media,40,Fashion,133,3647.941729323308,1,0,0.5365839028882706,1,0,0.0,97.87134053146441,352.3368259132718,685.0993837202508,discount_offer,20,97.87134053146441
100159,15.0,17818.97,1187.9313333333334,2023-08-03,2025-06-02,2.0,5.333333333333333,5.0,4.0,30.0,669.0,0.6726457399103138,0.1333333333333333,0.3333333333333333,Fashion,4.163636363636363,11.0,16.0,6.333333333333333,2023-07-19,North,Social Media,33,Fashion,714,9109.137324929972,0,1,0.5365526201324969,1,0,0.0,244.37657494189503,879.7556697908221,1710.6360245932651,discount_offer,20,244.37657494189503
101774,16.0,34932.19,2183.261875,2024-04-26,2025-05-31,0.0,2.5,5.0,4.0,32.0,400.0,1.2,0.0,0.3125,Electronics,3.72,10.0,11.0,5.0,2024-04-20,West,Organic Search,32,Electronics,438,29110.158333333336,1,0,0.5364041076849119,1,1,0.0,780.7404252679084,2810.6655309644707,5465.18297687536,discount_offer,900,5465.18297687536
100371,4.0,5438.969999999999,1359.7424999999998,2024-11-12,2025-06-19,0.0,5.0,2.0,2.0,13.0,219.0,0.547945205479452,0.0,0.5,Home & Kitchen,4.2,3.0,14.0,4.0,2024-03-16,North,Direct,46,Home & Kitchen,473,4197.0910147991535,0,1,0.5362934549234157,1,1,0.0,112.54362204773317,405.15703937183935,787.805354334132,discount_offer,20,112.54362204773317
102251,23.0,24915.11,1083.2656521739132,2023-01-22,2025-06-04,1.0,4.565217391304348,7.0,4.0,28.0,864.0,0.798611111111111,0.0434782608695652,0.3043478260869565,Beauty & Personal Care,3.5928571428571425,14.0,12.0,6.0,2023-01-01,South,Referral,30,Beauty & Personal Care,913,9960.586144578314,1,0,0.5362901395848633,1,1,0.0,267.08820669114795,961.5175440881326,1869.6174468380357,discount_offer,250,961.5175440881326
101554,1.0,666.68,666.68,2025-05-17,2025-05-17,0.0,30.0,1.0,1.0,46.0,1.0,30.0,0.0,1.0,Books,4.037037037037037,0.0,16.0,4.0,2025-03-30,North,Paid Ads,34,Electronics,94,2588.704255319149,0,1,0.5362874567236369,1,0,0.0,69.41448106473814,249.8921318330573,485.9013674531669,discount_offer,20,69.41448106473814
104802,24.0,72242.66,3010.1108333333336,2023-02-28,2025-06-01,1.0,3.5416666666666665,7.0,7.0,31.0,824.0,0.8737864077669903,0.0416666666666666,0.2916666666666667,Electronics,4.057142857142857,14.0,13.0,3.6666666666666665,2023-02-26,East,Direct,33,Electronics,857,30768.46079346558,1,0,0.5362341734013772,1,1,0.0,824.9550070208351,2969.8380252750057,5774.685049145844,discount_offer,900,5774.685049145844
103826,1.0,533.71,533.71,2025-05-16,2025-05-16,0.0,0.0,0.0,1.0,47.0,1.0,30.0,0.0,0.0,Beauty & Personal Care,4.037037037037037,0.0,15.0,5.666666666666667,2024-11-11,West,Social Media,31,Beauty & Personal Care,233,836.069313304721,1,0,0.5361635874547961,1,1,0.0,22.413496119116356,80.68858602881888,156.8944728338145,discount_offer,0,0.0
102310,4.0,17091.29,4272.8225,2025-02-26,2025-05-26,1.0,1.25,1.0,1.0,37.0,89.0,1.348314606741573,0.25,0.25,Electronics,4.1,4.0,11.0,5.666666666666667,2024-12-16,South,Paid Ads,38,Electronics,198,31506.67095959596,0,1,0.5361445945424443,1,0,0.0,844.6065663507391,3040.5836388626603,5912.245964455173,discount_offer,900,5912.245964455173
105354,12.0,36443.39,3036.9491666666668,2023-12-19,2025-06-26,0.0,5.833333333333333,6.0,3.0,6.0,555.0,0.6486486486486487,0.0,0.5,Electronics,2.6,4.0,17.0,4.0,2023-12-17,Central,Paid Ads,35,Electronics,563,23626.709325044405,0,1,0.5360487177716518,1,0,0.0,633.253361942679,2279.7121029936447,4432.773533598753,discount_offer,250,2279.7121029936447
103023,1.0,278.33,278.33,2025-05-01,2025-05-01,0.0,10.0,1.0,1.0,62.0,1.0,30.0,0.0,1.0,Beauty & Personal Care,4.037037037037037,0.0,13.0,5.333333333333333,2025-04-03,North,Organic Search,37,Fashion,90,1128.7827777777777,1,0,0.5359629371591321,1,0,0.0,30.249286649621084,108.89743193863589,211.74500654734757,discount_offer,0,0.0
102173,1.0,233.25,233.25,2025-06-20,2025-06-20,0.0,10.0,1.0,1.0,12.0,1.0,30.0,0.0,1.0,Grocery,4.037037037037037,0.0,8.0,3.5,2025-05-26,Central,Referral,36,Grocery,37,2300.97972972973,1,0,0.5358461643467817,1,0,0.0,61.64855812076851,221.93480923476662,431.53990684537956,discount_offer,20,61.64855812076851
105026,9.0,18820.63,2091.181111111111,2024-03-07,2025-03-05,1.0,7.222222222222222,4.0,3.0,119.0,363.0,0.7438016528925621,0.1111111111111111,0.4444444444444444,Electronics,3.775,4.0,16.0,4.333333333333333,2023-08-01,West,Direct,34,Electronics,701,9799.614764621969,1,0,0.5358430872027025,1,0,0.0,262.55279144361106,945.1900491969996,1837.8695401052769,discount_offer,250,945.1900491969996
104548,7.0,5394.6900000000005,770.6700000000001,2024-09-18,2025-06-11,1.0,10.714285714285714,4.0,4.0,21.0,266.0,0.7894736842105263,0.1428571428571428,0.5714285714285714,Grocery,3.725,4.0,9.0,3.333333333333333,2024-08-21,Central,Direct,26,Grocery,315,6250.990000000001,1,0,0.5357214504650762,1,0,0.0,167.43947148213437,602.7820973356837,1172.0763003749405,discount_offer,20,167.43947148213437
105701,6.0,3447.07,574.5116666666667,2025-01-18,2025-04-11,0.0,7.5,3.0,2.0,82.0,83.0,2.1686746987951806,0.0,0.5,Grocery,3.6,4.0,17.0,6.333333333333333,2024-11-09,Central,Referral,18,Grocery,235,5353.959787234042,1,0,0.5357084135552844,1,1,0.0,143.40806519289686,516.2690346944286,1003.8564563502778,discount_offer,20,143.40806519289686
100693,1.0,159.71,159.71,2025-06-09,2025-06-09,0.0,10.0,1.0,1.0,23.0,1.0,30.0,0.0,1.0,Grocery,5.0,1.0,10.0,5.333333333333333,2025-03-23,West,Referral,57,Grocery,101,577.169801980198,1,0,0.5356959785517427,1,0,0.0,15.459377093114886,55.653757535213586,108.2156396518042,discount_offer,0,0.0
101799,3.0,1919.52,639.84,2025-03-26,2025-06-28,1.0,5.0,1.0,2.0,4.0,94.0,0.9574468085106383,0.3333333333333333,0.3333333333333333,Fashion,4.2,1.0,14.0,4.666666666666667,2025-02-22,East,Social Media,48,Fashion,130,5389.421538461539,0,1,0.5356491154074882,1,0,0.0,144.34194398174938,519.6309983342977,1010.3936078722455,discount_offer,20,144.34194398174938
102052,3.0,4504.05,1501.35,2025-04-06,2025-06-14,0.0,0.0,0.0,1.0,18.0,69.0,1.3043478260869563,0.0,0.0,Sports & Outdoors,3.1,1.0,11.0,5.666666666666667,2025-03-09,West,Referral,61,Sports & Outdoors,115,14295.46304347826,0,1,0.5354258345977545,1,1,0.0,382.70801155078516,1377.7488415828266,2678.9560808554957,discount_offer,250,1377.7488415828266
101682,3.0,5505.88,1835.2933333333333,2025-04-14,2025-05-06,0.0,15.0,3.0,2.0,57.0,22.0,4.090909090909091,0.0,1.0,Fashion,3.6,2.0,12.0,5.333333333333333,2025-03-21,East,Referral,40,Fashion,103,19511.128155339808,0,1,0.5354116101724766,1,1,0.0,522.3242270966015,1880.3672175477652,3656.26958967621,discount_offer,250,1880.3672175477652
104700,29.0,88311.88,3045.2372413793105,2023-01-01,2025-04-05,3.0,5.172413793103448,12.0,6.0,88.0,825.0,1.0545454545454545,0.1034482758620689,0.4137931034482758,Electronics,4.007142857142857,14.0,12.0,7.666666666666667,2023-01-01,East,Direct,44,Electronics,913,35305.406571741514,0,1,0.5353993010085387,1,1,0.0,945.1245000166339,3402.4482000598814,6615.871500116436,discount_offer,900,6615.871500116436
102358,4.0,7465.21,1866.3025,2025-03-19,2025-04-22,0.0,7.5,2.0,3.0,71.0,34.0,3.5294117647058822,0.0,0.5,Home & Kitchen,4.8,1.0,11.0,5.333333333333333,2025-01-23,North,Referral,43,Home & Kitchen,160,17030.0103125,0,1,0.5350211425320321,1,0,0.0,455.570778736302,1640.054803450687,3188.995451154113,discount_offer,250,1640.054803450687
101883,1.0,605.92,605.92,2025-04-28,2025-04-28,1.0,20.0,1.0,1.0,65.0,1.0,30.0,1.0,1.0,Fashion,3.0,1.0,15.0,3.0,2025-03-18,East,Organic Search,18,Fashion,106,2086.422641509434,1,0,0.5347435220839492,1,1,0.0,55.78504959382258,200.82617853776128,390.49534715675804,discount_offer,0,0.0
103073,7.0,7720.93,1102.99,2024-08-27,2025-02-22,2.0,6.428571428571429,5.0,3.0,130.0,179.0,1.1731843575418994,0.2857142857142857,0.7142857142857143,Fashion,4.9,2.0,11.0,6.0,2024-07-16,East,Referral,52,Fashion,351,8028.887321937323,1,0,0.5347349956041374,1,0,0.0,214.66635134011347,772.7988648244084,1502.664459380794,discount_offer,20,214.66635134011347
100955,1.0,409.52,409.52,2025-03-27,2025-03-27,0.0,30.0,1.0,1.0,97.0,1.0,30.0,0.0,1.0,Beauty & Personal Care,4.9,1.0,11.0,6.0,2025-03-11,South,Direct,27,Sports & Outdoors,113,1322.7858407079646,1,0,0.5347237605999698,1,0,0.0,35.36625096058778,127.31850345811597,247.5637567241144,discount_offer,0,0.0
104280,4.0,5509.73,1377.4325,2024-12-24,2025-02-13,0.0,12.5,3.0,3.0,139.0,51.0,2.3529411764705883,0.0,0.75,Beauty & Personal Care,3.8333333333333335,3.0,16.0,5.333333333333333,2024-05-22,North,Direct,45,Beauty & Personal Care,406,4953.328694581281,1,0,0.5347014187052753,1,1,0.0,132.42759401530802,476.7393384551088,926.993158107156,discount_offer,20,132.42759401530802
104057,9.0,9857.65,1095.2944444444445,2024-07-10,2025-04-23,0.0,8.333333333333334,4.0,4.0,70.0,287.0,0.940766550522648,0.0,0.4444444444444444,Toys & Games,4.1875,8.0,15.0,5.333333333333333,2024-07-05,West,Organic Search,18,Toys & Games,362,9939.3432320442,0,1,0.5345324072512723,1,0,0.0,265.6450532160614,956.322191577821,1859.5153725124296,discount_offer,250,956.322191577821
103441,16.0,14915.74,932.23375,2023-10-26,2025-03-22,2.0,2.8125,4.0,6.0,102.0,513.0,0.935672514619883,0.125,0.25,Toys & Games,4.0125,8.0,15.0,6.0,2023-10-20,South,Direct,59,Toys & Games,621,8766.900322061192,1,0,0.5341481856661607,1,1,0.0,234.14119504725332,842.9083021701118,1638.988365330773,discount_offer,20,234.14119504725332
100107,7.0,5037.89,719.6985714285714,2024-10-15,2025-03-01,0.0,3.571428571428572,2.0,3.0,123.0,137.0,1.5328467153284673,0.0,0.2857142857142857,Beauty & Personal Care,4.7,2.0,11.0,5.666666666666667,2024-10-03,West,Email,19,Beauty & Personal Care,272,6760.403860294118,1,0,0.5340562306857974,1,0,0.0,180.52179017711956,649.8784446376304,1263.652531239837,discount_offer,20,180.52179017711956
103407,5.0,5437.88,1087.576,2024-11-14,2025-06-01,0.0,11.0,4.0,3.0,31.0,199.0,0.7537688442211055,0.0,0.8,Fashion,4.8,1.0,4.0,2.6666666666666665,2024-10-03,North,Paid Ads,35,Books,272,7297.155147058824,1,0,0.534028654712278,1,0,0.0,194.84449732052994,701.4401903539077,1363.9114812437097,discount_offer,20,194.84449732052994
100907,15.0,14246.26,949.7506666666668,2023-12-11,2025-05-28,0.0,7.0,7.0,4.0,35.0,534.0,0.8426966292134831,0.0,0.4666666666666667,Books,3.866666666666666,6.0,16.0,7.0,2023-09-30,West,Direct,31,Books,641,8112.144929797192,0,1,0.533978401428916,1,0,0.0,216.58550908863953,779.7078327191023,1516.0985636204766,discount_offer,20,216.58550908863953
102394,4.0,8417.710000000001,2104.4275,2025-01-13,2025-03-10,0.0,5.0,2.0,2.0,114.0,56.0,2.142857142857143,0.0,0.5,Electronics,4.2,2.0,14.0,5.333333333333333,2024-12-05,Central,Paid Ads,40,Electronics,209,14700.785406698567,0,1,0.5339720144060395,1,0,0.0,392.4903998482871,1412.9654394538336,2747.43279893801,discount_offer,250,1412.9654394538336
100124,4.0,14751.660000000002,3687.915,2025-04-03,2025-05-31,2.0,7.5,2.0,2.0,32.0,58.0,2.0689655172413794,0.5,0.5,Electronics,4.5,3.0,11.0,5.0,2025-03-25,East,Organic Search,27,Electronics,99,54387.43333333334,0,1,0.5339694127420761,1,0,0.0,1452.061291877441,5227.420650758787,10164.429043142087,discount_offer,900,10164.429043142087
103417,6.0,10260.83,1710.138333333333,2024-10-08,2025-05-01,0.0,5.833333333333333,2.0,2.0,62.0,205.0,0.8780487804878049,0.0,0.3333333333333333,Home & Kitchen,3.8,6.0,11.0,4.666666666666667,2024-09-22,East,Social Media,45,Home & Kitchen,283,13233.932685512367,1,0,0.5339001324663557,1,0,0.0,353.2799206922944,1271.8077144922597,2472.9594448460603,discount_offer,250,1271.8077144922597
100438,15.0,10026.94,668.4626666666667,2024-03-16,2025-04-23,2.0,6.666666666666667,6.0,4.0,70.0,403.0,1.1166253101736971,0.1333333333333333,0.4,Beauty & Personal Care,4.457142857142857,7.0,7.0,3.0,2024-03-16,West,Referral,33,Beauty & Personal Care,473,7737.49069767442,1,0,0.5337105752519915,1,0,0.0,206.4790305631374,743.3245100272945,1445.3532139419615,discount_offer,20,206.4790305631374
105709,1.0,5620.83,5620.83,2025-04-06,2025-04-06,0.0,0.0,0.0,1.0,87.0,1.0,30.0,0.0,0.0,Electronics,4.037037037037037,0.0,11.0,5.333333333333333,2025-03-27,South,Organic Search,59,Electronics,97,21150.54587628866,0,1,0.533695997873982,1,0,0.0,564.3980843512657,2031.833103664556,3950.786590458859,discount_offer,250,2031.833103664556
103364,18.0,25844.85,1435.8249999999998,2023-06-15,2025-05-17,1.0,5.0,5.0,3.0,46.0,702.0,0.7692307692307693,0.0555555555555555,0.2777777777777778,Home & Kitchen,3.433333333333333,9.0,14.0,6.333333333333333,2023-01-01,South,Email,32,Home & Kitchen,913,10332.27847754655,1,0,0.5335020320334765,1,0,0.0,275.614578165342,992.212481395231,1929.3020471573934,discount_offer,250,992.212481395231
103930,6.0,9916.5,1652.75,2024-09-21,2025-03-14,0.0,1.6666666666666667,1.0,3.0,110.0,174.0,1.0344827586206895,0.0,0.1666666666666666,Sports & Outdoors,4.324999999999999,4.0,9.0,6.333333333333333,2024-09-14,West,Paid Ads,49,Sports & Outdoors,291,12438.221649484536,1,0,0.5334378315159516,1,0,0.0,331.7508992307897,1194.3032372308428,2322.2562946155276,discount_offer,250,1194.3032372308428
105304,3.0,4921.110000000001,1640.37,2024-12-21,2025-06-02,1.0,5.0,1.0,3.0,30.0,163.0,0.5521472392638036,0.3333333333333333,0.3333333333333333,Beauty & Personal Care,4.5,1.0,7.0,4.0,2024-10-18,South,Paid Ads,40,Home & Kitchen,257,6989.125097276265,1,0,0.5330914988885777,1,0,0.0,186.292158701339,670.6517713248204,1304.045110909373,discount_offer,20,186.292158701339
103956,2.0,4045.36,2022.68,2025-05-04,2025-05-07,1.0,10.0,1.0,1.0,56.0,3.0,20.0,0.5,0.5,Fashion,3.7,1.0,7.0,4.0,2025-03-24,East,Social Media,40,Fashion,100,14765.564,1,0,0.5328588831904181,1,0,0.0,393.39809713583213,1416.2331496889956,2753.7866799508247,discount_offer,250,1416.2331496889956
104871,4.0,3379.28,844.82,2024-12-07,2025-06-25,1.0,8.75,3.0,3.0,7.0,200.0,0.6,0.25,0.75,Grocery,4.85,2.0,7.0,5.666666666666667,2024-05-14,Central,Paid Ads,49,Fashion,414,2979.3169082125605,1,0,0.5325308476406339,1,0,0.0,79.32890792602538,285.5840685336913,555.3023554821775,discount_offer,20,79.32890792602538
102241,7.0,6715.009999999999,959.2871428571428,2024-09-11,2025-02-13,0.0,5.0,3.0,2.0,139.0,155.0,1.3548387096774193,0.0,0.4285714285714285,Beauty & Personal Care,4.0,4.0,13.0,5.0,2024-08-18,West,Organic Search,54,Beauty & Personal Care,318,7707.480031446541,0,1,0.532463749169505,1,1,0.0,205.19768570965599,738.7116685547614,1436.3837999675918,discount_offer,20,205.19768570965599
100556,5.0,2125.87,425.174,2024-10-04,2025-06-12,0.0,6.0,2.0,2.0,20.0,251.0,0.597609561752988,0.0,0.4,Grocery,4.8,2.0,10.0,2.333333333333333,2024-09-17,East,Referral,33,Grocery,288,2694.2449652777777,1,0,0.5322540282489636,1,0,0.0,71.70113679292932,258.1240924545455,501.90795755050516,discount_offer,20,71.70113679292932
101049,8.0,8039.95,1004.99375,2024-07-12,2025-05-05,1.0,7.5,6.0,3.0,58.0,297.0,0.8080808080808081,0.125,0.75,Sports & Outdoors,4.5,5.0,10.0,4.0,2024-06-03,West,Paid Ads,34,Sports & Outdoors,394,7448.177030456854,1,0,0.5322046921545854,1,0,0.0,198.19773818035722,713.5118574492859,1387.3841672625003,discount_offer,20,198.19773818035722
101263,10.0,6681.68,668.168,2024-09-11,2025-04-29,1.0,10.5,7.0,2.0,64.0,230.0,1.3043478260869563,0.1,0.7,Fashion,4.283333333333333,6.0,11.0,3.333333333333333,2024-07-29,West,Referral,28,Fashion,338,7215.423668639054,0,1,0.5320114644890157,1,1,0.0,191.9344056430685,690.9638603150465,1343.5408395014792,discount_offer,20,191.9344056430685
104647,6.0,4505.01,750.835,2025-02-05,2025-06-29,1.0,10.0,4.0,5.0,3.0,144.0,1.25,0.1666666666666666,0.6666666666666666,Home & Kitchen,2.733333333333333,3.0,15.0,5.0,2024-11-20,Central,Social Media,52,Home & Kitchen,224,7340.752901785715,1,0,0.5319107871263864,1,1,0.0,195.23128270445724,702.832617736046,1366.6189789312004,discount_offer,20,195.23128270445724
102454,20.0,19225.22,961.261,2023-10-01,2025-04-24,2.0,9.25,12.0,4.0,69.0,571.0,1.0507880910683012,0.1,0.6,Fashion,3.8818181818181823,11.0,19.0,7.0,2023-09-26,West,Direct,20,Fashion,645,10879.388062015503,0,1,0.5317354307167917,1,0,0.0,289.2478048545468,1041.2920974763683,2024.7346339818273,discount_offer,250,1041.2920974763683
103644,18.0,62163.68,3453.5377777777776,2023-07-22,2024-10-14,2.0,6.388888888888889,9.0,4.0,261.0,450.0,1.2,0.1111111111111111,0.5,Electronics,3.7,8.0,14.0,7.0,2023-07-17,East,Direct,24,Electronics,716,31689.58547486033,1,0,0.5317293483864475,1,0,0.0,842.5141317592057,3033.0508743331407,5897.59892231444,discount_offer,900,5897.59892231444
100778,13.0,10062.43,774.0330769230769,2024-04-30,2025-03-28,1.0,6.153846153846154,5.0,6.0,96.0,332.0,1.1746987951807228,0.0769230769230769,0.3846153846153846,Grocery,4.085714285714286,7.0,12.0,6.666666666666667,2024-04-28,West,Referral,27,Grocery,430,8541.365,1,0,0.5315731496410291,1,1,0.0,227.01801476418242,817.2648531510566,1589.1261033492767,discount_offer,20,227.01801476418242
102995,4.0,4060.29,1015.0725,2025-03-27,2025-06-19,0.0,0.0,0.0,2.0,13.0,84.0,1.4285714285714286,0.0,0.0,Toys & Games,3.7,3.0,13.0,4.0,2025-02-10,North,Social Media,46,Toys & Games,142,10436.660915492956,0,1,0.5314716477209174,1,0,0.0,277.33946867307696,998.422087223077,1941.3762807115386,discount_offer,250,998.422087223077
105161,16.0,13934.7,870.91875,2024-01-09,2025-05-21,1.0,6.5625,9.0,4.0,42.0,498.0,0.9638554216867468,0.0625,0.5625,Books,4.7,8.0,13.0,6.666666666666667,2024-01-03,North,Direct,55,Books,546,9315.32142857143,0,1,0.5314268425537457,1,0,0.0,247.52059270794817,891.0741337486132,1732.6441489556366,discount_offer,250,891.0741337486132
102246,21.0,68847.47,3278.4509523809525,2023-08-17,2025-04-04,2.0,10.476190476190476,16.0,5.0,89.0,596.0,1.0570469798657718,0.0952380952380952,0.7619047619047619,Electronics,4.111111111111111,9.0,9.0,7.333333333333333,2023-08-08,South,Organic Search,52,Electronics,694,36209.40425072046,1,0,0.5313512631226446,1,0,0.0,961.9956342769386,3463.1842833969786,6733.969439938569,discount_offer,900,6733.969439938569
103839,16.0,12649.89,790.618125,2023-02-19,2025-07-02,0.0,4.0625,5.0,4.0,0.0,864.0,0.5555555555555556,0.0,0.3125,Books,4.116666666666666,6.0,7.0,2.0,2023-02-14,West,Organic Search,27,Books,869,5313.24493670886,1,0,0.5308995262753259,1,0,0.0,141.0399609941754,507.7438595790314,987.2797269592277,discount_offer,20,141.0399609941754
105150,17.0,25691.88,1511.2870588235294,2023-01-23,2025-05-30,3.0,1.4705882352941178,4.0,3.0,33.0,858.0,0.5944055944055944,0.1764705882352941,0.2352941176470588,Fashion,3.883333333333333,12.0,13.0,7.333333333333333,2023-01-01,West,Social Media,43,Fashion,913,10271.123986856515,1,0,0.530414298550457,1,0,0.0,272.39755124066363,980.6311844663888,1906.782858684645,discount_offer,250,980.6311844663888
100319,5.0,7308.57,1461.714,2024-10-27,2025-05-12,0.0,1.0,1.0,3.0,51.0,197.0,0.7614213197969544,0.0,0.2,Beauty & Personal Care,3.9,4.0,15.0,5.666666666666667,2024-10-24,East,Email,18,Beauty & Personal Care,251,10628.000199203188,0,1,0.53018973929904,1,0,0.0,281.7428327442842,1014.2741978794231,1972.199829209989,discount_offer,250,1014.2741978794231
102446,17.0,13568.61,798.1535294117648,2023-03-10,2025-06-04,1.0,7.0588235294117645,7.0,4.0,28.0,817.0,0.624235006119951,0.0588235294117647,0.4117647058823529,Beauty & Personal Care,3.938461538461538,13.0,7.0,5.0,2023-01-03,North,Referral,18,Beauty & Personal Care,911,5436.380515916576,1,0,0.5301218786485947,1,0,0.0,144.0972126073156,518.749965386336,1008.680488251209,discount_offer,20,144.0972126073156
105266,15.0,20636.7,1375.78,2024-01-24,2025-06-14,1.0,8.666666666666666,9.0,7.0,18.0,507.0,0.8875739644970415,0.0666666666666666,0.6,Sports & Outdoors,3.8857142857142857,7.0,7.0,7.333333333333333,2024-01-17,West,Referral,42,Sports & Outdoors,532,14158.638157894738,0,1,0.5299140415024827,1,1,0.0,375.1430584210634,1350.515010315828,2626.0014089474435,discount_offer,250,1350.515010315828
101717,3.0,1976.32,658.7733333333334,2025-05-05,2025-05-28,0.0,13.333333333333334,3.0,2.0,35.0,23.0,3.913043478260869,0.0,1.0,Fashion,3.4000000000000004,2.0,15.0,3.6666666666666665,2025-04-29,North,Paid Ads,26,Fashion,64,11271.2,0,1,0.5298698016725641,1,0,0.0,298.6134254305903,1075.008331550125,2090.2939780141314,discount_offer,250,1075.008331550125
103786,3.0,9832.03,3277.3433333333337,2024-11-28,2025-05-20,0.0,0.0,0.0,1.0,43.0,173.0,0.5202312138728323,0.0,0.0,Electronics,2.8,1.0,14.0,5.333333333333333,2024-10-24,North,Email,28,Electronics,251,14297.573505976095,1,0,0.5294999446310338,1,0,0.0,378.52821898862396,1362.701588359046,2649.697532920367,discount_offer,250,1362.701588359046
104617,18.0,11788.71,654.9283333333333,2023-05-26,2025-06-01,0.0,9.444444444444445,9.0,5.0,31.0,737.0,0.7327001356852103,0.0,0.5,Beauty & Personal Care,3.872727272727273,11.0,6.0,4.0,2023-03-26,East,Organic Search,26,Beauty & Personal Care,829,5190.445295536791,1,0,0.5294639246134043,1,0,0.0,137.40767683330452,494.66763659989624,961.8537378331315,discount_offer,20,137.40767683330452
103087,16.0,54993.88,3437.1175,2023-07-28,2025-05-30,1.0,3.125,5.0,4.0,33.0,672.0,0.7142857142857143,0.0625,0.3125,Electronics,4.26,5.0,9.0,8.333333333333334,2023-07-08,South,Email,65,Electronics,725,27686.57406896552,1,0,0.5293242130371969,1,0,0.0,732.7587015375619,2637.9313255352226,5129.3109107629325,discount_offer,250,2637.9313255352226
105581,1.0,757.74,757.74,2025-03-18,2025-03-18,0.0,10.0,1.0,1.0,106.0,1.0,30.0,0.0,1.0,Books,4.037037037037037,0.0,16.0,5.0,2024-12-01,Central,Social Media,38,Grocery,213,1298.474647887324,1,0,0.528957518184572,1,1,0.0,34.34189635860325,123.63082689097168,240.3932745102227,discount_offer,0,0.0
105039,7.0,12279.04,1754.1485714285714,2024-02-20,2025-01-31,0.0,3.571428571428572,2.0,1.0,152.0,346.0,0.6069364161849711,0.0,0.2857142857142857,Home & Kitchen,4.14,5.0,15.0,4.666666666666667,2024-01-07,Central,Organic Search,35,Home & Kitchen,542,8269.095202952029,1,0,0.5285993404416869,1,0,0.0,218.551913516498,786.7868886593926,1529.8633946154855,discount_offer,20,218.551913516498
105411,17.0,19565.1,1150.8882352941175,2023-03-29,2025-06-06,0.0,7.0588235294117645,9.0,5.0,26.0,800.0,0.6375,0.0,0.5294117647058824,Home & Kitchen,4.185714285714286,7.0,14.0,3.6666666666666665,2023-03-01,East,Organic Search,27,Home & Kitchen,854,8362.132903981266,0,1,0.5281622027551915,1,0,0.0,220.82812671492064,794.9812561737141,1545.796887004444,discount_offer,20,220.82812671492064
103713,4.0,3316.69,829.1725,2025-02-08,2025-06-13,0.0,3.75,1.0,2.0,19.0,125.0,0.96,0.0,0.25,Beauty & Personal Care,3.2,2.0,11.0,3.6666666666666665,2025-01-27,South,Social Media,27,Beauty & Personal Care,156,7760.204166666667,1,0,0.5280974624767408,1,0,0.0,204.90720643590493,737.6659431692577,1434.3504450513342,discount_offer,20,204.90720643590493
105103,1.0,5018.2,5018.2,2025-01-26,2025-01-26,0.0,20.0,1.0,1.0,157.0,1.0,30.0,0.0,1.0,Electronics,3.5,1.0,9.0,6.666666666666667,2025-01-14,East,Email,48,Electronics,169,10838.124260355027,1,0,0.5279919334697901,1,0,0.0,286.1221091705345,1030.039593013924,2002.8547641937412,discount_offer,250,1030.039593013924
104159,5.0,5483.49,1096.698,2025-04-07,2025-06-28,1.0,3.0,2.0,3.0,4.0,82.0,1.829268292682927,0.2,0.4,Home & Kitchen,2.8,1.0,9.0,3.6666666666666665,2025-03-03,North,Organic Search,19,Home & Kitchen,121,16541.106198347108,1,0,0.5279432558001531,1,0,0.0,436.63827304457334,1571.8977829604637,3056.4679113120123,discount_offer,250,1571.8977829604637
105514,12.0,7385.679999999999,615.4733333333332,2023-10-15,2025-06-16,2.0,5.416666666666667,6.0,2.0,16.0,610.0,0.5901639344262295,0.1666666666666666,0.5,Beauty & Personal Care,4.26,5.0,13.0,4.0,2023-07-22,East,Organic Search,53,Beauty & Personal Care,711,3791.523488045007,0,1,0.5278428533330634,1,1,0.0,100.06642882045028,360.23914375362097,700.4650017431518,discount_offer,20,100.06642882045028
100002,9.0,22690.61,2521.178888888889,2024-05-21,2025-06-07,2.0,7.777777777777778,5.0,3.0,25.0,382.0,0.7068062827225131,0.2222222222222222,0.5555555555555556,Electronics,3.0,2.0,15.0,5.666666666666667,2024-05-11,Central,Paid Ads,23,Electronics,417,19861.085491606715,1,0,0.5277097789092838,1,0,0.0,524.0444516837082,1886.5600260613494,3668.3111617859577,discount_offer,250,1886.5600260613494
102823,16.0,53361.66,3335.10375,2023-04-26,2025-06-13,3.0,3.125,4.0,4.0,19.0,779.0,0.6161745827984596,0.1875,0.25,Electronics,4.045454545454546,11.0,18.0,5.0,2023-04-20,South,Paid Ads,34,Electronics,804,24225.13171641791,0,1,0.5276874704643911,1,0,0.0,639.164923855163,2300.9937258785867,4474.1544669861405,discount_offer,250,2300.9937258785867
100813,29.0,77426.79000000001,2669.889310344828,2023-05-12,2025-06-04,1.0,5.0,15.0,5.0,28.0,754.0,1.153846153846154,0.0344827586206896,0.5172413793103449,Electronics,3.76,20.0,13.0,2.6666666666666665,2023-05-05,West,Email,62,Electronics,789,35818.47699619772,0,1,0.5276182965242203,1,0,0.0,944.9241908412907,3401.727087028646,6614.4693358890345,discount_offer,900,6614.4693358890345
104384,6.0,9350.55,1558.425,2024-04-13,2025-03-05,0.0,5.0,5.0,3.0,119.0,326.0,0.5521472392638036,0.0,0.8333333333333334,Sports & Outdoors,4.033333333333333,3.0,19.0,3.6666666666666665,2024-01-19,East,Email,38,Sports & Outdoors,530,6439.529716981131,1,0,0.5274351461258941,1,1,0.0,169.82171486289903,611.3581735064365,1188.7520040402933,discount_offer,20,169.82171486289903
103352,9.0,28223.74,3135.971111111111,2023-11-09,2025-04-20,0.0,6.666666666666667,4.0,3.0,73.0,528.0,0.5113636363636364,0.0,0.4444444444444444,Electronics,3.8,5.0,13.0,4.666666666666667,2023-11-05,Central,Email,18,Electronics,605,17027.54561983471,1,0,0.5272689472483612,1,0,0.0,448.90480265968455,1616.0572895748642,3142.333618617791,discount_offer,250,1616.0572895748642
100340,3.0,2092.19,697.3966666666666,2025-02-23,2025-06-07,0.0,3.333333333333333,1.0,1.0,25.0,104.0,0.8653846153846153,0.0,0.3333333333333333,Grocery,4.037037037037037,0.0,13.0,3.0,2025-01-08,East,Organic Search,42,Grocery,175,4363.710571428572,1,0,0.5272612707825668,1,1,0.0,115.04077906093748,414.14680461937485,805.2854534265622,discount_offer,20,115.04077906093748
105895,8.0,33401.64,4175.205,2024-05-28,2025-02-19,0.0,1.25,1.0,2.0,133.0,267.0,0.898876404494382,0.0,0.125,Electronics,3.7,5.0,15.0,6.0,2024-05-13,South,Email,27,Electronics,415,29377.346024096383,1,0,0.5271068539994946,1,1,0.0,774.2500220808004,2787.300079490881,5419.750154565601,discount_offer,900,5419.750154565601
105936,12.0,12784.69,1065.3908333333331,2024-07-13,2025-06-20,0.0,14.583333333333334,9.0,6.0,12.0,342.0,1.0526315789473684,0.0,0.75,Fashion,3.975,8.0,11.0,3.0,2024-06-03,Central,Organic Search,26,Fashion,394,11843.684898477157,0,1,0.5269673263979544,1,0,0.0,312.06174828251676,1123.4222938170603,2184.432237977617,discount_offer,250,1123.4222938170603
105753,18.0,19800.09,1100.005,2023-01-22,2025-05-22,0.0,3.888888888888889,4.0,4.0,41.0,851.0,0.6345475910693302,0.0,0.2222222222222222,Grocery,3.7818181818181817,11.0,16.0,5.333333333333333,2023-01-01,East,Organic Search,38,Grocery,913,7915.698630887186,0,1,0.5266937208354566,1,0,0.0,208.45743824570508,750.4467776845382,1459.2020677199355,discount_offer,20,208.45743824570508
